2026-10-08T15:07:20.9056538Z Current runner version: '2.337.0'
2026-10-08T15:07:20.9076445Z ##[group]Runner Image Provisioner
2026-10-08T15:07:20.9077278Z Hosted Compute Agent
2026-10-08T15:07:20.9077758Z Version: 20261002.596
2026-10-08T15:07:20.9078261Z Commit: c3d12f3313a95f25162a1503be624f3b0617f8c0
2026-10-08T15:07:20.9079101Z Build Date: 2026-10-02T22:28:27Z
2026-10-08T15:07:20.9079651Z Worker ID: {246354f6-11ad-478c-a7ed-e69ea42074d4}
2026-10-08T15:07:20.9080306Z Region: westus
2026-10-08T15:07:20.9080758Z Cloud: Azure
2026-10-08T15:07:20.9081202Z ##[endgroup]
2026-10-08T15:07:20.9082368Z ##[group]Operating System
2026-10-08T15:07:20.9082873Z Ubuntu
2026-10-08T15:07:20.9083394Z 24.04.5
2026-10-08T15:07:20.9083831Z LTS
2026-10-08T15:07:20.9084252Z ##[endgroup]
2026-10-08T15:07:20.9084764Z ##[group]Runner Image
2026-10-08T15:07:20.9085255Z Image: ubuntu-24.04
2026-10-08T15:07:20.9085724Z Version: 20261004.327.1
2026-10-08T15:07:20.9086806Z Included Software: https://github.com/actions/runner-images/blob/ubuntu24/20261004.327/images/ubuntu/Ubuntu2404-Readme.md
2026-10-08T15:07:20.9088080Z Image Release: https://github.com/actions/runner-images/releases/tag/ubuntu24%2F20261004.327
2026-10-08T15:07:20.9088852Z ##[endgroup]
2026-10-08T15:07:20.9089992Z ##[group]GITHUB_TOKEN Permissions
2026-10-08T15:07:20.9091512Z Contents: read
2026-10-08T15:07:20.9091989Z Metadata: read
2026-10-08T15:07:20.9092570Z ##[endgroup]
2026-10-08T15:07:20.9094260Z Secret source: Actions
2026-10-08T15:07:20.9095096Z Cache mode: write
2026-10-08T15:07:20.9095649Z Prepare workflow directory
2026-10-08T15:07:20.9347039Z Prepare all required actions
2026-10-08T15:07:20.9385099Z Getting action download info
2026-10-08T15:07:21.3067729Z Download action repository 'actions/checkout@11d5960a326750d5838078e36cf38b85af677262' (SHA:11d5960a326750d5838078e36cf38b85af677262)
2026-10-08T15:07:21.4092689Z Download action repository 'actions/setup-node@49933ea5288caeca8642d1e84afbd3f7d6820020' (SHA:49933ea5288caeca8642d1e84afbd3f7d6820020)
2026-10-08T15:07:21.6015671Z Complete job name: node-test
2026-10-08T15:07:21.6604763Z ##[group]Run actions/checkout@11d5960a326750d5838078e36cf38b85af677262
2026-10-08T15:07:21.6605531Z with:
2026-10-08T15:07:21.6605882Z   repository: Jacob-Met/RecallWeave
2026-10-08T15:07:21.6608881Z   token: ***
2026-10-08T15:07:21.6609545Z   ssh-strict: true
2026-10-08T15:07:21.6609909Z   ssh-user: git
2026-10-08T15:07:21.6610269Z   persist-credentials: true
2026-10-08T15:07:21.6610659Z   clean: true
2026-10-08T15:07:21.6611010Z   sparse-checkout-cone-mode: true
2026-10-08T15:07:21.6611422Z   fetch-depth: 1
2026-10-08T15:07:21.6611768Z   fetch-tags: false
2026-10-08T15:07:21.6612122Z   show-progress: true
2026-10-08T15:07:21.6612469Z   lfs: false
2026-10-08T15:07:21.6612793Z   submodules: false
2026-10-08T15:07:21.6613144Z   set-safe-directory: true
2026-10-08T15:07:21.6613535Z   allow-unsafe-pr-checkout: false
2026-10-08T15:07:21.6614132Z ##[endgroup]
2026-10-08T15:07:21.7436917Z Syncing repository: Jacob-Met/RecallWeave
2026-10-08T15:07:21.7439160Z ##[group]Getting Git version info
2026-10-08T15:07:21.7439841Z Working directory is '/home/runner/work/RecallWeave/RecallWeave'
2026-10-08T15:07:21.7440714Z [command]/usr/bin/git version
2026-10-08T15:07:21.7497967Z git version 2.55.0
2026-10-08T15:07:21.7521843Z ##[endgroup]
2026-10-08T15:07:21.7532975Z Temporarily overriding HOME='/home/runner/work/_temp/734edbb2-36b2-4664-9deb-555a96308ee6' before making global git config changes
2026-10-08T15:07:21.7550270Z Adding repository directory to the temporary git global config as a safe directory
2026-10-08T15:07:21.7556033Z [command]/usr/bin/git config --global --add safe.directory /home/runner/work/RecallWeave/RecallWeave
2026-10-08T15:07:21.7577535Z Deleting the contents of '/home/runner/work/RecallWeave/RecallWeave'
2026-10-08T15:07:21.7581777Z ##[group]Initializing the repository
2026-10-08T15:07:21.7585401Z [command]/usr/bin/git init /home/runner/work/RecallWeave/RecallWeave
2026-10-08T15:07:21.7657266Z hint: Using 'master' as the name for the initial branch. This default branch name
2026-10-08T15:07:21.7658773Z hint: will change to "main" in Git 3.0. To configure the initial branch name
2026-10-08T15:07:21.7660086Z hint: to use in all of your new repositories, which will suppress this warning,
2026-10-08T15:07:21.7661227Z hint: call:
2026-10-08T15:07:21.7661715Z hint:
2026-10-08T15:07:21.7662324Z hint: 	git config --global init.defaultBranch <name>
2026-10-08T15:07:21.7663094Z hint:
2026-10-08T15:07:21.7663785Z hint: Names commonly chosen instead of 'master' are 'main', 'trunk' and
2026-10-08T15:07:21.7664802Z hint: 'development'. The just-created branch can be renamed via this command:
2026-10-08T15:07:21.7665378Z hint:
2026-10-08T15:07:21.7665731Z hint: 	git branch -m <name>
2026-10-08T15:07:21.7666112Z hint:
2026-10-08T15:07:21.7666598Z hint: Disable this message with "git config set advice.defaultBranchName false"
2026-10-08T15:07:21.7667580Z Initialized empty Git repository in /home/runner/work/RecallWeave/RecallWeave/.git/
2026-10-08T15:07:21.7680458Z [command]/usr/bin/git remote add origin https://github.com/Jacob-Met/RecallWeave
2026-10-08T15:07:21.7711249Z ##[endgroup]
2026-10-08T15:07:21.7712162Z ##[group]Disabling automatic garbage collection
2026-10-08T15:07:21.7714059Z [command]/usr/bin/git config --local gc.auto 0
2026-10-08T15:07:21.7740696Z ##[endgroup]
2026-10-08T15:07:21.7741548Z ##[group]Setting up auth
2026-10-08T15:07:21.7745108Z [command]/usr/bin/git config --local --name-only --get-regexp core\.sshCommand
2026-10-08T15:07:21.7771398Z [command]/usr/bin/git submodule foreach --recursive sh -c "git config --local --name-only --get-regexp 'core\.sshCommand' && git config --local --unset-all 'core.sshCommand' || :"
2026-10-08T15:07:21.8090175Z [command]/usr/bin/git config --local --name-only --get-regexp http\.https\:\/\/github\.com\/\.extraheader
2026-10-08T15:07:21.8104609Z [command]/usr/bin/git submodule foreach --recursive sh -c "git config --local --name-only --get-regexp 'http\.https\:\/\/github\.com\/\.extraheader' && git config --local --unset-all 'http.https://github.com/.extraheader' || :"
2026-10-08T15:07:21.8302178Z [command]/usr/bin/git config --local --name-only --get-regexp ^includeIf\.gitdir:
2026-10-08T15:07:21.8332391Z [command]/usr/bin/git submodule foreach --recursive git config --local --show-origin --name-only --get-regexp remote.origin.url
2026-10-08T15:07:21.8519796Z [command]/usr/bin/git config --local http.https://github.com/.extraheader AUTHORIZATION: basic ***
2026-10-08T15:07:21.8554161Z ##[endgroup]
2026-10-08T15:07:21.8555086Z ##[group]Fetching the repository
2026-10-08T15:07:21.8562711Z [command]/usr/bin/git -c protocol.version=2 fetch --no-tags --prune --no-recurse-submodules --depth=1 origin +00d1d59c65d0598d6e8b943422edc08dfd906627:refs/remotes/pull/51/merge
2026-10-08T15:07:23.6868236Z From https://github.com/Jacob-Met/RecallWeave
2026-10-08T15:07:23.6869841Z  * [new ref]         00d1d59c65d0598d6e8b943422edc08dfd906627 -> pull/51/merge
2026-10-08T15:07:23.6872892Z ##[endgroup]
2026-10-08T15:07:23.6874166Z ##[group]Determining the checkout info
2026-10-08T15:07:23.6875703Z ##[endgroup]
2026-10-08T15:07:23.6878297Z [command]/usr/bin/git sparse-checkout disable
2026-10-08T15:07:23.6923015Z [command]/usr/bin/git config --local --unset-all extensions.worktreeConfig
2026-10-08T15:07:23.6956353Z ##[group]Checking out the ref
2026-10-08T15:07:23.6958294Z [command]/usr/bin/git checkout --progress --force refs/remotes/pull/51/merge
2026-10-08T15:07:23.8386936Z Note: switching to 'refs/remotes/pull/51/merge'.
2026-10-08T15:07:23.8387541Z 
2026-10-08T15:07:23.8387956Z You are in 'detached HEAD' state. You can look around, make experimental
2026-10-08T15:07:23.8388895Z changes and commit them, and you can discard any commits you make in this
2026-10-08T15:07:23.8390442Z state without impacting any branches by switching back to a branch.
2026-10-08T15:07:23.8391237Z 
2026-10-08T15:07:23.8391835Z If you want to create a new branch to retain commits you create, you may
2026-10-08T15:07:23.8393164Z do so (now or later) by using -c with the switch command. Example:
2026-10-08T15:07:23.8393963Z 
2026-10-08T15:07:23.8394250Z   git switch -c <new-branch-name>
2026-10-08T15:07:23.8394677Z 
2026-10-08T15:07:23.8394962Z Or undo this operation with:
2026-10-08T15:07:23.8395348Z 
2026-10-08T15:07:23.8395594Z   git switch -
2026-10-08T15:07:23.8395923Z 
2026-10-08T15:07:23.8396491Z Turn off this advice by setting config variable advice.detachedHead to false
2026-10-08T15:07:23.8397255Z 
2026-10-08T15:07:23.8398035Z HEAD is now at 00d1d59 Merge ff9befe0662a727b673c83265c2cf866c1343733 into 1082482afe31e557e36b1a694b2eb9917729c2dd
2026-10-08T15:07:23.8404386Z ##[endgroup]
2026-10-08T15:07:23.8443574Z [command]/usr/bin/git log -1 --format=%H
2026-10-08T15:07:23.8466119Z 00d1d59c65d0598d6e8b943422edc08dfd906627
2026-10-08T15:07:23.8771329Z ##[group]Run actions/setup-node@49933ea5288caeca8642d1e84afbd3f7d6820020
2026-10-08T15:07:23.8772500Z with:
2026-10-08T15:07:23.8773183Z   node-version: 20
2026-10-08T15:07:23.8773918Z   always-auth: false
2026-10-08T15:07:23.8774683Z   check-latest: false
2026-10-08T15:07:23.8780789Z   token: ***
2026-10-08T15:07:23.8781491Z ##[endgroup]
2026-10-08T15:07:23.9941993Z Attempting to download 20...
2026-10-08T15:07:24.0024606Z (node:2074) [DEP0040] DeprecationWarning: The `punycode` module is deprecated. Please use a userland alternative instead.
2026-10-08T15:07:24.0026795Z (Use `node --trace-deprecation ...` to show where the warning was created)
2026-10-08T15:07:24.7361844Z Acquiring 20.20.2 - x64 from https://github.com/actions/node-versions/releases/download/20.20.2-23521894959/node-20.20.2-linux-x64.tar.gz
2026-10-08T15:07:25.1531940Z Extracting ...
2026-10-08T15:07:25.1624529Z [command]/usr/bin/tar xz --strip 1 --warning=no-unknown-keyword --overwrite -C /home/runner/work/_temp/4f3c5728-82e9-42ac-b196-d302bcda6de2 -f /home/runner/work/_temp/fea3542b-4347-450c-8872-83592327d311
2026-10-08T15:07:26.0310213Z Adding to the cache ...
2026-10-08T15:07:27.9699804Z ##[group]Environment details
2026-10-08T15:07:28.2520923Z node: v20.20.2
2026-10-08T15:07:28.2521549Z npm: 10.8.2
2026-10-08T15:07:28.2521790Z yarn: 1.22.22
2026-10-08T15:07:28.2522488Z ##[endgroup]
2026-10-08T15:07:28.2671677Z ##[group]Run node --test tests/*.test.mjs
2026-10-08T15:07:28.2672037Z [36;1mnode --test tests/*.test.mjs[0m
2026-10-08T15:07:28.3110509Z shell: /usr/bin/bash -e {0}
2026-10-08T15:07:28.3110795Z ##[endgroup]
2026-10-08T15:07:28.3586522Z TAP version 13
2026-10-08T15:07:28.4050909Z # Subtest: display orders retain every canonical option exactly once and are immutable
2026-10-08T15:07:28.4059928Z ok 1 - display orders retain every canonical option exactly once and are immutable
2026-10-08T15:07:28.4060874Z   ---
2026-10-08T15:07:28.4110368Z   duration_ms: 8.448105
2026-10-08T15:07:28.4111033Z   ...
2026-10-08T15:07:28.4112060Z # Subtest: a stable source replays an order and changed input can put the answer in every display position
2026-10-08T15:07:28.4113388Z ok 2 - a stable source replays an order and changed input can put the answer in every display position
2026-10-08T15:07:28.4114321Z   ---
2026-10-08T15:07:28.4114809Z   duration_ms: 0.915634
2026-10-08T15:07:28.4115390Z   ...
2026-10-08T15:07:28.4116327Z # Subtest: invalid counts or random values cannot produce duplicate, missing, or unaddressable choices
2026-10-08T15:07:28.4117585Z ok 3 - invalid counts or random values cannot produce duplicate, missing, or unaddressable choices
2026-10-08T15:07:28.4118486Z   ---
2026-10-08T15:07:28.4119117Z   duration_ms: 0.284864
2026-10-08T15:07:28.4119660Z   ...
2026-10-08T15:07:28.4120776Z # Subtest: varied displayed choices keep review, corrected practice and study notes tied to their original text
2026-10-08T15:07:28.4122176Z ok 4 - varied displayed choices keep review, corrected practice and study notes tied to their original text
2026-10-08T15:07:28.4123083Z   ---
2026-10-08T15:07:28.4123691Z   duration_ms: 7.962641
2026-10-08T15:07:28.4124164Z   ...
2026-10-08T15:07:28.4193740Z # Subtest: the direct-file author page is generated from all current author modules
2026-10-08T15:07:28.4195387Z ok 5 - the direct-file author page is generated from all current author modules
2026-10-08T15:07:28.4196254Z   ---
2026-10-08T15:07:28.4196735Z   duration_ms: 34.993258
2026-10-08T15:07:28.4197215Z   ...
2026-10-08T15:07:28.4347999Z # Subtest: the binary-search course round-trips through the published deck contract
2026-10-08T15:07:28.4350991Z ok 6 - the binary-search course round-trips through the published deck contract
2026-10-08T15:07:28.4352971Z   ---
2026-10-08T15:07:28.4353530Z   duration_ms: 4.286455
2026-10-08T15:07:28.4354065Z   ...
2026-10-08T15:07:28.4354995Z # Subtest: worked first-occurrence and absent examples agree with an independent linear partition
2026-10-08T15:07:28.4356366Z ok 7 - worked first-occurrence and absent examples agree with an independent linear partition
2026-10-08T15:07:28.4357281Z   ---
2026-10-08T15:07:28.4357793Z   duration_ms: 0.265415
2026-10-08T15:07:28.4358326Z   ...
2026-10-08T15:07:28.4360047Z # Subtest: midpoint and branch answers use the course’s half-open interval convention
2026-10-08T15:07:28.4361515Z ok 8 - midpoint and branch answers use the course’s half-open interval convention
2026-10-08T15:07:28.4362320Z   ---
2026-10-08T15:07:28.4362825Z   duration_ms: 0.250092
2026-10-08T15:07:28.4363333Z   ...
2026-10-08T15:07:28.4364144Z # Subtest: the worked trace and worst-case count follow strictly shrinking intervals
2026-10-08T15:07:28.4365267Z ok 9 - the worked trace and worst-case count follow strictly shrinking intervals
2026-10-08T15:07:28.4366041Z   ---
2026-10-08T15:07:28.4366469Z   duration_ms: 11.70755
2026-10-08T15:07:28.4366978Z   ...
2026-10-08T15:07:28.4367808Z # Subtest: the actual adaptive learner visits every new question and preserves worked feedback
2026-10-08T15:07:28.4369189Z ok 10 - the actual adaptive learner visits every new question and preserves worked feedback
2026-10-08T15:07:28.4370014Z   ---
2026-10-08T15:07:28.4370494Z   duration_ms: 11.939657
2026-10-08T15:07:28.4370985Z   ...
2026-10-08T15:07:28.4728348Z # Subtest: catalog keeps exact raw text and an immutable copy of checked metadata
2026-10-08T15:07:28.4740510Z ok 11 - catalog keeps exact raw text and an immutable copy of checked metadata
2026-10-08T15:07:28.4745511Z   ---
2026-10-08T15:07:28.4746181Z   duration_ms: 2.579402
2026-10-08T15:07:28.4746736Z   ...
2026-10-08T15:07:28.4748119Z # Subtest: curated paths reject traversal, external URLs, authoring sources and duplicates
2026-10-08T15:07:28.4749778Z ok 12 - curated paths reject traversal, external URLs, authoring sources and duplicates
2026-10-08T15:07:28.4750694Z   ---
2026-10-08T15:07:28.4751419Z   duration_ms: 1.190934
2026-10-08T15:07:28.4752013Z   ...
2026-10-08T15:07:28.4752946Z # Subtest: search uses title and concept substrings with stable order and trimmed case
2026-10-08T15:07:28.4754074Z ok 13 - search uses title and concept substrings with stable order and trimmed case
2026-10-08T15:07:28.4754833Z   ---
2026-10-08T15:07:28.4755413Z   duration_ms: 0.498723
2026-10-08T15:07:28.4756089Z   ...
2026-10-08T15:07:28.4814940Z # Subtest: standalone build matches checked-in HTML and embeds every original file unchanged
2026-10-08T15:07:28.4819267Z ok 14 - standalone build matches checked-in HTML and embeds every original file unchanged
2026-10-08T15:07:28.4820219Z   ---
2026-10-08T15:07:28.4820754Z   duration_ms: 13.343587
2026-10-08T15:07:28.4821240Z   ...
2026-10-08T15:07:28.4890276Z # Subtest: embedded course text cannot terminate the data script or become executable markup
2026-10-08T15:07:28.4891855Z ok 15 - embedded course text cannot terminate the data script or become executable markup
2026-10-08T15:07:28.4892725Z   ---
2026-10-08T15:07:28.4893240Z   duration_ms: 3.238114
2026-10-08T15:07:28.4893722Z   ...
2026-10-08T15:07:28.5253233Z # Subtest: builder refuses extra arguments before writing the generated page
2026-10-08T15:07:28.5257756Z ok 16 - builder refuses extra arguments before writing the generated page
2026-10-08T15:07:28.5258728Z   ---
2026-10-08T15:07:28.5259520Z   duration_ms: 40.582074
2026-10-08T15:07:28.5260560Z   ...
2026-10-08T15:07:28.5365943Z # Subtest: the direct-file handout page is generated from the current validator, document and UI sources
2026-10-08T15:07:28.5367602Z ok 17 - the direct-file handout page is generated from the current validator, document and UI sources
2026-10-08T15:07:28.5424755Z   ---
2026-10-08T15:07:28.5449719Z   duration_ms: 43.444794
2026-10-08T15:07:28.5459762Z   ...
2026-10-08T15:07:28.5460916Z # Subtest: worksheet projection contains only original public question fields in canonical order
2026-10-08T15:07:28.5462233Z ok 18 - worksheet projection contains only original public question fields in canonical order
2026-10-08T15:07:28.5463077Z   ---
2026-10-08T15:07:28.5463554Z   duration_ms: 2.76555
2026-10-08T15:07:28.5464054Z   ...
2026-10-08T15:07:28.5464889Z # Subtest: separate answer key maps B, A and F to the original two, four and six option arrays
2026-10-08T15:07:28.5466065Z ok 19 - separate answer key maps B, A and F to the original two, four and six option arrays
2026-10-08T15:07:28.5466902Z   ---
2026-10-08T15:07:28.5467337Z   duration_ms: 0.381989
2026-10-08T15:07:28.5467844Z   ...
2026-10-08T15:07:28.5468882Z # Subtest: projection is a frozen snapshot and cannot mutate or alias the selected deck
2026-10-08T15:07:28.5470188Z ok 20 - projection is a frozen snapshot and cannot mutate or alias the selected deck
2026-10-08T15:07:28.5470968Z   ---
2026-10-08T15:07:28.5471425Z   duration_ms: 0.877587
2026-10-08T15:07:28.5471908Z   ...
2026-10-08T15:07:28.5472709Z # Subtest: downloaded worksheet JSON and HTML omit authored answers and explanations
2026-10-08T15:07:28.5473808Z ok 21 - downloaded worksheet JSON and HTML omit authored answers and explanations
2026-10-08T15:07:28.5474533Z   ---
2026-10-08T15:07:28.5474970Z   duration_ms: 0.88617
2026-10-08T15:07:28.5475431Z   ...
2026-10-08T15:07:28.5476201Z # Subtest: downloaded answer key carries exact authored answers, explanations and credit
2026-10-08T15:07:28.5477285Z ok 22 - downloaded answer key carries exact authored answers, explanations and credit
2026-10-08T15:07:28.5478003Z   ---
2026-10-08T15:07:28.5478751Z   duration_ms: 0.572493
2026-10-08T15:07:28.5479484Z   ...
2026-10-08T15:07:28.5480504Z # Subtest: literal Unicode, markup, line endings and script delimiters survive JSON without becoming executable markup
2026-10-08T15:07:28.5482053Z ok 23 - literal Unicode, markup, line endings and script delimiters survive JSON without becoming executable markup
2026-10-08T15:07:28.5482998Z   ---
2026-10-08T15:07:28.5483458Z   duration_ms: 2.203392
2026-10-08T15:07:28.5483936Z   ...
2026-10-08T15:07:28.5484821Z # Subtest: real Deck studio checked downloads retain reordered questions and answer identity
2026-10-08T15:07:28.5486045Z ok 24 - real Deck studio checked downloads retain reordered questions and answer identity
2026-10-08T15:07:28.5486832Z   ---
2026-10-08T15:07:28.5487300Z   duration_ms: 1.064195
2026-10-08T15:07:28.5487945Z   ...
2026-10-08T15:07:28.5489180Z # Subtest: real parser rejects malformed, unsupported and oversized local deck input
2026-10-08T15:07:28.5490522Z ok 25 - real parser rejects malformed, unsupported and oversized local deck input
2026-10-08T15:07:28.5491250Z   ---
2026-10-08T15:07:28.5491679Z   duration_ms: 1.464612
2026-10-08T15:07:28.5492129Z   ...
2026-10-08T15:07:28.5493049Z # Subtest: handout creation refuses invalid deck answers instead of producing an untrustworthy key
2026-10-08T15:07:28.5494379Z ok 26 - handout creation refuses invalid deck answers instead of producing an untrustworthy key
2026-10-08T15:07:28.5495162Z   ---
2026-10-08T15:07:28.5495633Z   duration_ms: 0.532103
2026-10-08T15:07:28.5496080Z   ...
2026-10-08T15:07:28.5496946Z # Subtest: document modes are explicit and invalid choices never silently produce an answer key
2026-10-08T15:07:28.5498188Z ok 27 - document modes are explicit and invalid choices never silently produce an answer key
2026-10-08T15:07:28.5499122Z   ---
2026-10-08T15:07:28.5499540Z   duration_ms: 0.562599
2026-10-08T15:07:28.5499967Z   ...
2026-10-08T15:07:28.5500894Z # Subtest: worksheet and key filenames are distinct bounded local names
2026-10-08T15:07:28.5501842Z ok 28 - worksheet and key filenames are distinct bounded local names
2026-10-08T15:07:28.5502493Z   ---
2026-10-08T15:07:28.5502897Z   duration_ms: 0.340327
2026-10-08T15:07:28.5503356Z   ...
2026-10-08T15:07:28.5504228Z # Subtest: repeat exports are deterministic and leave the original selected JSON unchanged
2026-10-08T15:07:28.5505427Z ok 29 - repeat exports are deterministic and leave the original selected JSON unchanged
2026-10-08T15:07:28.5506144Z   ---
2026-10-08T15:07:28.5506567Z   duration_ms: 0.415699
2026-10-08T15:07:28.5507036Z   ...
2026-10-08T15:07:28.8770827Z # Subtest: unfinished and completely empty drafts save without claiming lesson validity
2026-10-08T15:07:28.8800424Z ok 30 - unfinished and completely empty drafts save without claiming lesson validity
2026-10-08T15:07:28.8808524Z   ---
2026-10-08T15:07:28.8809310Z   duration_ms: 4.477049
2026-10-08T15:07:28.8809896Z   ...
2026-10-08T15:07:28.8810983Z # Subtest: duplicate text, cyclic and self prerequisites, and unfinished selections survive for repair
2026-10-08T15:07:28.8812411Z ok 31 - duplicate text, cyclic and self prerequisites, and unfinished selections survive for repair
2026-10-08T15:07:28.8813274Z   ---
2026-10-08T15:07:28.8813676Z   duration_ms: 1.228129
2026-10-08T15:07:28.8814104Z   ...
2026-10-08T15:07:28.8815011Z # Subtest: ready imported lessons retain public IDs, ordered content, answer identity and checked bytes
2026-10-08T15:07:28.8816317Z ok 32 - ready imported lessons retain public IDs, ordered content, answer identity and checked bytes
2026-10-08T15:07:28.8817146Z   ---
2026-10-08T15:07:28.8817583Z   duration_ms: 2.149963
2026-10-08T15:07:28.8818073Z   ...
2026-10-08T15:07:28.8819356Z # Subtest: canonical private keys recover near-limit counters without changing public IDs or live state
2026-10-08T15:07:28.8820693Z ok 33 - canonical private keys recover near-limit counters without changing public IDs or live state
2026-10-08T15:07:28.8821530Z   ---
2026-10-08T15:07:28.8821957Z   duration_ms: 0.735676
2026-10-08T15:07:28.8822775Z   ...
2026-10-08T15:07:28.8823547Z # Subtest: staged drafts are deeply frozen and replacement copies remain editable
2026-10-08T15:07:28.8824619Z ok 34 - staged drafts are deeply frozen and replacement copies remain editable
2026-10-08T15:07:28.8825312Z   ---
2026-10-08T15:07:28.8825732Z   duration_ms: 0.357593
2026-10-08T15:07:28.8826207Z   ...
2026-10-08T15:07:28.8827228Z # Subtest: missing or ambiguous internal references, malformed shape and unsafe counters refuse before admission
2026-10-08T15:07:28.8828685Z ok 35 - missing or ambiguous internal references, malformed shape and unsafe counters refuse before admission
2026-10-08T15:07:28.8829641Z   ---
2026-10-08T15:07:28.8830072Z   duration_ms: 2.45019
2026-10-08T15:07:28.8830603Z   ...
2026-10-08T15:07:28.8831287Z # Subtest: only recognized editor fields cross the draft boundary
2026-10-08T15:07:28.8832191Z ok 36 - only recognized editor fields cross the draft boundary
2026-10-08T15:07:28.8832802Z   ---
2026-10-08T15:07:28.8833225Z   duration_ms: 0.39622
2026-10-08T15:07:28.8833697Z   ...
2026-10-08T15:07:28.8834563Z # Subtest: a lesson larger than its admission limit can be saved as a draft and repaired later
2026-10-08T15:07:28.8835844Z ok 37 - a lesson larger than its admission limit can be saved as a draft and repaired later
2026-10-08T15:07:28.8836586Z   ---
2026-10-08T15:07:28.8836996Z   duration_ms: 11.804235
2026-10-08T15:07:28.8837420Z   ...
2026-10-08T15:07:28.8838265Z # Subtest: draft size limits count actual UTF-8 bytes and failed saving leaves writing intact
2026-10-08T15:07:28.8839485Z ok 38 - draft size limits count actual UTF-8 bytes and failed saving leaves writing intact
2026-10-08T15:07:28.8840205Z   ---
2026-10-08T15:07:28.8840592Z   duration_ms: 53.960705
2026-10-08T15:07:28.8841045Z   ...
2026-10-08T15:07:28.8841960Z # Subtest: compact drafts remain saveable near and exactly at the byte limit without added whitespace
2026-10-08T15:07:28.8843430Z ok 39 - compact drafts remain saveable near and exactly at the byte limit without added whitespace
2026-10-08T15:07:28.8844280Z   ---
2026-10-08T15:07:28.8844768Z   duration_ms: 214.344824
2026-10-08T15:07:28.8845247Z   ...
2026-10-08T15:07:28.8846202Z # Subtest: a file whose canonical private keys exceed the saved limit is refused before admission
2026-10-08T15:07:28.8847523Z ok 40 - a file whose canonical private keys exceed the saved limit is refused before admission
2026-10-08T15:07:28.8848301Z   ---
2026-10-08T15:07:28.8848751Z   duration_ms: 32.896746
2026-10-08T15:07:28.8849338Z   ...
2026-10-08T15:07:28.8988382Z # Subtest: a valid deck stages without touching authored text and commits once with full immutable content
2026-10-08T15:07:28.9020092Z ok 41 - a valid deck stages without touching authored text and commits once with full immutable content
2026-10-08T15:07:28.9049644Z   ---
2026-10-08T15:07:28.9109518Z   duration_ms: 6.972086
2026-10-08T15:07:28.9109897Z   ...
2026-10-08T15:07:28.9110823Z # Subtest: invalid JSON, invalid answer, oversized file and unreadable file preserve the draft and allow retry
2026-10-08T15:07:28.9112109Z ok 42 - invalid JSON, invalid answer, oversized file and unreadable file preserve the draft and allow retry
2026-10-08T15:07:28.9112758Z   ---
2026-10-08T15:07:28.9113037Z   duration_ms: 5.581625
2026-10-08T15:07:28.9113338Z   ...
2026-10-08T15:07:28.9114158Z # Subtest: unfinished and cyclic draft files stage visibly and replace once with an immutable editable state
2026-10-08T15:07:28.9115354Z ok 43 - unfinished and cyclic draft files stage visibly and replace once with an immutable editable state
2026-10-08T15:07:28.9115986Z   ---
2026-10-08T15:07:28.9116262Z   duration_ms: 2.259326
2026-10-08T15:07:28.9116549Z   ...
2026-10-08T15:07:28.9117284Z # Subtest: a draft suffix cannot admit an oversized lesson deck through the larger draft-file limit
2026-10-08T15:07:28.9118343Z ok 44 - a draft suffix cannot admit an oversized lesson deck through the larger draft-file limit
2026-10-08T15:07:28.9119274Z   ---
2026-10-08T15:07:28.9149825Z   duration_ms: 4.841963
2026-10-08T15:07:28.9159765Z   ...
2026-10-08T15:07:28.9160691Z # Subtest: malformed and unsupported editable drafts preserve the old draft and retire pending previews
2026-10-08T15:07:28.9161886Z ok 45 - malformed and unsupported editable drafts preserve the old draft and retire pending previews
2026-10-08T15:07:28.9162528Z   ---
2026-10-08T15:07:28.9162810Z   duration_ms: 3.308568
2026-10-08T15:07:28.9163120Z   ...
2026-10-08T15:07:28.9163815Z # Subtest: newest selected format wins across slow draft-to-deck and deck-to-draft reads
2026-10-08T15:07:28.9164791Z ok 46 - newest selected format wins across slow draft-to-deck and deck-to-draft reads
2026-10-08T15:07:28.9165344Z   ---
2026-10-08T15:07:28.9165631Z   duration_ms: 1.529939
2026-10-08T15:07:28.9165930Z   ...
2026-10-08T15:07:28.9166736Z # Subtest: explicit Keep current draft clears staged replacement and restores the open control focus
2026-10-08T15:07:28.9167879Z ok 47 - explicit Keep current draft clears staged replacement and restores the open control focus
2026-10-08T15:07:28.9168489Z   ---
2026-10-08T15:07:28.9168761Z   duration_ms: 0.838239
2026-10-08T15:07:28.9169258Z   ...
2026-10-08T15:07:28.9170006Z # Subtest: opening another chooser invalidates its old preview even when the chooser is cancelled
2026-10-08T15:07:28.9171087Z ok 48 - opening another chooser invalidates its old preview even when the chooser is cancelled
2026-10-08T15:07:28.9171662Z   ---
2026-10-08T15:07:28.9171923Z   duration_ms: 0.984346
2026-10-08T15:07:28.9172220Z   ...
2026-10-08T15:07:28.9172808Z # Subtest: a newer valid choice wins over an earlier slow success or failure
2026-10-08T15:07:28.9173626Z ok 49 - a newer valid choice wins over an earlier slow success or failure
2026-10-08T15:07:28.9174101Z   ---
2026-10-08T15:07:28.9174375Z   duration_ms: 1.702095
2026-10-08T15:07:28.9174677Z   ...
2026-10-08T15:07:28.9175376Z # Subtest: cancelled or empty file selection prevents a late read from reopening a preview
2026-10-08T15:07:28.9176655Z ok 50 - cancelled or empty file selection prevents a late read from reopening a preview
2026-10-08T15:07:28.9177213Z   ---
2026-10-08T15:07:28.9177485Z   duration_ms: 1.151566
2026-10-08T15:07:28.9177756Z   ...
2026-10-08T15:07:28.9178392Z # Subtest: invalid newer files invalidate an earlier pending or staged valid deck
2026-10-08T15:07:28.9179497Z ok 51 - invalid newer files invalidate an earlier pending or staged valid deck
2026-10-08T15:07:28.9180034Z   ---
2026-10-08T15:07:28.9180305Z   duration_ms: 1.318885
2026-10-08T15:07:28.9180600Z   ...
2026-10-08T15:07:28.9181364Z # Subtest: undo restores all writing while clearing only references to deliberately removed concepts
2026-10-08T15:07:28.9182476Z ok 52 - undo restores all writing while clearing only references to deliberately removed concepts
2026-10-08T15:07:28.9183082Z   ---
2026-10-08T15:07:28.9183358Z   duration_ms: 2.338864
2026-10-08T15:07:28.9183657Z   ...
2026-10-08T15:07:28.9184485Z # Subtest: undo retains known selections and even unfinished self links while removing a missing prerequisite
2026-10-08T15:07:28.9185746Z ok 53 - undo retains known selections and even unfinished self links while removing a missing prerequisite
2026-10-08T15:07:28.9186297Z   ---
2026-10-08T15:07:28.9186547Z   duration_ms: 0.287308
2026-10-08T15:07:28.9186806Z   ...
2026-10-08T15:07:28.9187323Z # Subtest: blank editor requires authored metadata and a deliberate answer
2026-10-08T15:07:28.9188055Z ok 54 - blank editor requires authored metadata and a deliberate answer
2026-10-08T15:07:28.9188487Z   ---
2026-10-08T15:07:28.9188734Z   duration_ms: 2.945528
2026-10-08T15:07:28.9189184Z   ...
2026-10-08T15:07:28.9189891Z # Subtest: opening a validated lesson makes an independent editable draft and preserves IDs and literals
2026-10-08T15:07:28.9190877Z ok 55 - opening a validated lesson makes an independent editable draft and preserves IDs and literals
2026-10-08T15:07:28.9191482Z   ---
2026-10-08T15:07:28.9191783Z   duration_ms: 0.716367
2026-10-08T15:07:28.9192142Z   ...
2026-10-08T15:07:28.9192982Z # Subtest: correctness follows an option when moved or when a preceding option is removed
2026-10-08T15:07:28.9193837Z ok 56 - correctness follows an option when moved or when a preceding option is removed
2026-10-08T15:07:28.9194432Z   ---
2026-10-08T15:07:28.9194693Z   duration_ms: 0.56401
2026-10-08T15:07:28.9194978Z   ...
2026-10-08T15:07:28.9195586Z # Subtest: option limits refuse without deleting text or changing the answer
2026-10-08T15:07:28.9196397Z ok 57 - option limits refuse without deleting text or changing the answer
2026-10-08T15:07:28.9196880Z   ---
2026-10-08T15:07:28.9197181Z   duration_ms: 0.489068
2026-10-08T15:07:28.9197467Z   ...
2026-10-08T15:07:28.9198143Z # Subtest: concept renaming updates question and prerequisite references while used deletion is refused
2026-10-08T15:07:28.9199343Z ok 58 - concept renaming updates question and prerequisite references while used deletion is refused
2026-10-08T15:07:28.9199976Z   ---
2026-10-08T15:07:28.9200252Z   duration_ms: 0.312346
2026-10-08T15:07:28.9200568Z   ...
2026-10-08T15:07:28.9201252Z # Subtest: cycles, uncovered concepts and duplicate answer text remain repairable drafts
2026-10-08T15:07:28.9202231Z ok 59 - cycles, uncovered concepts and duplicate answer text remain repairable drafts
2026-10-08T15:07:28.9202774Z   ---
2026-10-08T15:07:28.9203028Z   duration_ms: 0.477932
2026-10-08T15:07:28.9203321Z   ...
2026-10-08T15:07:28.9204053Z # Subtest: question reordering and undo restore the removed question without rolling back later edits
2026-10-08T15:07:28.9205142Z ok 60 - question reordering and undo restore the removed question without rolling back later edits
2026-10-08T15:07:28.9205732Z   ---
2026-10-08T15:07:28.9205995Z   duration_ms: 1.158366
2026-10-08T15:07:28.9206284Z   ...
2026-10-08T15:07:28.9206824Z # Subtest: new question IDs do not overwrite IDs from an opened deck
2026-10-08T15:07:28.9207568Z ok 61 - new question IDs do not overwrite IDs from an opened deck
2026-10-08T15:07:28.9208217Z   ---
2026-10-08T15:07:28.9208488Z   duration_ms: 0.313777
2026-10-08T15:07:28.9208781Z   ...
2026-10-08T15:07:28.9209700Z # Subtest: checked snapshots are immutable, deterministic, and separate from later draft edits
2026-10-08T15:07:28.9210780Z ok 62 - checked snapshots are immutable, deterministic, and separate from later draft edits
2026-10-08T15:07:28.9211354Z   ---
2026-10-08T15:07:28.9211619Z   duration_ms: 0.337292
2026-10-08T15:07:28.9211910Z   ...
2026-10-08T15:07:28.9212685Z # Subtest: individually valid multibyte content cannot export a file larger than the importer admits
2026-10-08T15:07:28.9213810Z ok 63 - individually valid multibyte content cannot export a file larger than the importer admits
2026-10-08T15:07:28.9214471Z   ---
2026-10-08T15:07:28.9214871Z   duration_ms: 5.701113
2026-10-08T15:07:28.9215223Z   ...
2026-10-08T15:07:28.9215676Z # Subtest: download filenames are bounded local names
2026-10-08T15:07:28.9216288Z ok 64 - download filenames are bounded local names
2026-10-08T15:07:28.9216689Z   ---
2026-10-08T15:07:28.9216974Z   duration_ms: 0.26834
2026-10-08T15:07:28.9217272Z   ...
2026-10-08T15:07:28.9217878Z # Subtest: the existing bundled deck imports unchanged without a format field
2026-10-08T15:07:28.9218804Z ok 65 - the existing bundled deck imports unchanged without a format field
2026-10-08T15:07:28.9219481Z   ---
2026-10-08T15:07:28.9219758Z   duration_ms: 2.512462
2026-10-08T15:07:28.9220066Z   ...
2026-10-08T15:07:28.9220728Z # Subtest: a deck is an immutable copy, and unknown fields cannot configure the runtime
2026-10-08T15:07:28.9221658Z ok 66 - a deck is an immutable copy, and unknown fields cannot configure the runtime
2026-10-08T15:07:28.9222183Z   ---
2026-10-08T15:07:28.9222454Z   duration_ms: 0.633123
2026-10-08T15:07:28.9222753Z   ...
2026-10-08T15:07:28.9223523Z # Subtest: malformed JSON, unsupported versions and wrong top-level values give actionable errors
2026-10-08T15:07:28.9224627Z ok 67 - malformed JSON, unsupported versions and wrong top-level values give actionable errors
2026-10-08T15:07:28.9225434Z   ---
2026-10-08T15:07:28.9225726Z   duration_ms: 0.269341
2026-10-08T15:07:28.9226021Z   ...
2026-10-08T15:07:28.9226634Z # Subtest: JSON byte limit counts multibyte text and accepts the exact boundary
2026-10-08T15:07:28.9227513Z ok 68 - JSON byte limit counts multibyte text and accepts the exact boundary
2026-10-08T15:07:28.9228001Z   ---
2026-10-08T15:07:28.9228261Z   duration_ms: 2.22859
2026-10-08T15:07:28.9228552Z   ...
2026-10-08T15:07:28.9229884Z # Subtest: required readable metadata and bounded question fields are validated
2026-10-08T15:07:28.9230813Z ok 69 - required readable metadata and bounded question fields are validated
2026-10-08T15:07:28.9231342Z   ---
2026-10-08T15:07:28.9231604Z   duration_ms: 3.358337
2026-10-08T15:07:28.9231895Z   ...
2026-10-08T15:07:28.9232488Z # Subtest: empty and oversized collections and duplicate identities are refused
2026-10-08T15:07:28.9233355Z ok 70 - empty and oversized collections and duplicate identities are refused
2026-10-08T15:07:28.9233857Z   ---
2026-10-08T15:07:28.9234143Z   duration_ms: 0.482539
2026-10-08T15:07:28.9234431Z   ...
2026-10-08T15:07:28.9235024Z # Subtest: every question and prerequisite must name a known covered concept
2026-10-08T15:07:28.9235855Z ok 71 - every question and prerequisite must name a known covered concept
2026-10-08T15:07:28.9236338Z   ---
2026-10-08T15:07:28.9236584Z   duration_ms: 0.26876
2026-10-08T15:07:28.9236859Z   ...
2026-10-08T15:07:28.9237488Z # Subtest: self-requirements and concept cycles across different questions are refused
2026-10-08T15:07:28.9238420Z ok 72 - self-requirements and concept cycles across different questions are refused
2026-10-08T15:07:28.9239179Z   ---
2026-10-08T15:07:28.9239445Z   duration_ms: 0.279726
2026-10-08T15:07:28.9239744Z   ...
2026-10-08T15:07:28.9240413Z # Subtest: choices require distinct readable options and an actual integer answer index
2026-10-08T15:07:28.9241613Z ok 73 - choices require distinct readable options and an actual integer answer index
2026-10-08T15:07:28.9242161Z   ---
2026-10-08T15:07:28.9242427Z   duration_ms: 0.577611
2026-10-08T15:07:28.9242720Z   ...
2026-10-08T15:07:28.9243360Z # Subtest: 100 questions and 32 concepts work through the existing selector to exhaustion
2026-10-08T15:07:28.9244328Z ok 74 - 100 questions and 32 concepts work through the existing selector to exhaustion
2026-10-08T15:07:28.9244871Z   ---
2026-10-08T15:07:28.9245142Z   duration_ms: 120.729157
2026-10-08T15:07:28.9245451Z   ...
2026-10-08T15:07:28.9246205Z # Subtest: imported answer indices, literal text and object-key names survive learning and practice
2026-10-08T15:07:28.9247331Z ok 75 - imported answer indices, literal text and object-key names survive learning and practice
2026-10-08T15:07:28.9247953Z   ---
2026-10-08T15:07:28.9248219Z   duration_ms: 0.679553
2026-10-08T15:07:28.9248514Z   ...
2026-10-08T15:07:28.9249409Z # Subtest: downloadable example round-trips through the import contract with full attribution
2026-10-08T15:07:28.9250479Z ok 76 - downloadable example round-trips through the import contract with full attribution
2026-10-08T15:07:28.9251062Z   ---
2026-10-08T15:07:28.9251333Z   duration_ms: 0.534506
2026-10-08T15:07:28.9251630Z   ...
2026-10-08T15:07:28.9252296Z # Subtest: the exact original course is bounded, admitted, balanced and round-trippable
2026-10-08T15:07:28.9253252Z ok 77 - the exact original course is bounded, admitted, balanced and round-trippable
2026-10-08T15:07:28.9253794Z   ---
2026-10-08T15:07:28.9254074Z   duration_ms: 3.050845
2026-10-08T15:07:28.9254364Z   ...
2026-10-08T15:07:28.9254987Z # Subtest: every stated answer follows the literal graph, with one correct option
2026-10-08T15:07:28.9255561Z     # Subtest: dg-links-1
2026-10-08T15:07:28.9255889Z     ok 1 - dg-links-1
2026-10-08T15:07:28.9256183Z       ---
2026-10-08T15:07:28.9256471Z       duration_ms: 0.492443
2026-10-08T15:07:28.9256788Z       ...
2026-10-08T15:07:28.9257074Z     # Subtest: dg-links-2
2026-10-08T15:07:28.9257393Z     ok 2 - dg-links-2
2026-10-08T15:07:28.9257890Z       ---
2026-10-08T15:07:28.9258156Z       duration_ms: 0.434998
2026-10-08T15:07:28.9258463Z       ...
2026-10-08T15:07:28.9258741Z     # Subtest: dg-links-3
2026-10-08T15:07:28.9259227Z     ok 3 - dg-links-3
2026-10-08T15:07:28.9259515Z       ---
2026-10-08T15:07:28.9259794Z       duration_ms: 1.066348
2026-10-08T15:07:28.9260099Z       ...
2026-10-08T15:07:28.9260371Z     # Subtest: dg-reach-1
2026-10-08T15:07:28.9260701Z     ok 4 - dg-reach-1
2026-10-08T15:07:28.9260989Z       ---
2026-10-08T15:07:28.9261259Z       duration_ms: 0.423301
2026-10-08T15:07:28.9261567Z       ...
2026-10-08T15:07:28.9261829Z     # Subtest: dg-reach-2
2026-10-08T15:07:28.9262137Z     ok 5 - dg-reach-2
2026-10-08T15:07:28.9262439Z       ---
2026-10-08T15:07:28.9262724Z       duration_ms: 0.361949
2026-10-08T15:07:28.9263031Z       ...
2026-10-08T15:07:28.9263303Z     # Subtest: dg-reach-3
2026-10-08T15:07:28.9263630Z     ok 6 - dg-reach-3
2026-10-08T15:07:28.9263920Z       ---
2026-10-08T15:07:28.9264185Z       duration_ms: 0.197384
2026-10-08T15:07:28.9264494Z       ...
2026-10-08T15:07:28.9264762Z     # Subtest: dg-order-1
2026-10-08T15:07:28.9265364Z     ok 7 - dg-order-1
2026-10-08T15:07:28.9265655Z       ---
2026-10-08T15:07:28.9265916Z       duration_ms: 0.275401
2026-10-08T15:07:28.9266252Z       ...
2026-10-08T15:07:28.9266558Z     # Subtest: dg-order-2
2026-10-08T15:07:28.9266867Z     ok 8 - dg-order-2
2026-10-08T15:07:28.9267150Z       ---
2026-10-08T15:07:28.9267440Z       duration_ms: 0.353697
2026-10-08T15:07:28.9267738Z       ...
2026-10-08T15:07:28.9267998Z     # Subtest: dg-order-3
2026-10-08T15:07:28.9268304Z     ok 9 - dg-order-3
2026-10-08T15:07:28.9268607Z       ---
2026-10-08T15:07:28.9268877Z       duration_ms: 0.474556
2026-10-08T15:07:28.9269491Z       ...
2026-10-08T15:07:28.9269770Z     # Subtest: dg-update-1
2026-10-08T15:07:28.9270104Z     ok 10 - dg-update-1
2026-10-08T15:07:28.9270606Z       ---
2026-10-08T15:07:28.9270891Z       duration_ms: 0.734835
2026-10-08T15:07:28.9271200Z       ...
2026-10-08T15:07:28.9271476Z     # Subtest: dg-update-2
2026-10-08T15:07:28.9271797Z     ok 11 - dg-update-2
2026-10-08T15:07:28.9272084Z       ---
2026-10-08T15:07:28.9272352Z       duration_ms: 0.424543
2026-10-08T15:07:28.9272657Z       ...
2026-10-08T15:07:28.9272931Z     # Subtest: dg-update-3
2026-10-08T15:07:28.9273250Z     ok 12 - dg-update-3
2026-10-08T15:07:28.9273534Z       ---
2026-10-08T15:07:28.9298173Z       duration_ms: 0.494076
2026-10-08T15:07:28.9298574Z       ...
2026-10-08T15:07:28.9298850Z     1..12
2026-10-08T15:07:28.9299734Z ok 78 - every stated answer follows the literal graph, with one correct option
2026-10-08T15:07:28.9300280Z   ---
2026-10-08T15:07:28.9300557Z   duration_ms: 8.140216
2026-10-08T15:07:28.9300868Z   ...
2026-10-08T15:07:28.9301657Z # Subtest: structurally valid changed content exposes graph reversal and blocked-descendant mistakes
2026-10-08T15:07:28.9302779Z ok 79 - structurally valid changed content exposes graph reversal and blocked-descendant mistakes
2026-10-08T15:07:28.9303361Z   ---
2026-10-08T15:07:28.9303646Z   duration_ms: 2.529679
2026-10-08T15:07:28.9303931Z   ...
2026-10-08T15:07:28.9304611Z # Subtest: the real selector, review, practice, notes and trace consumer preserve this course
2026-10-08T15:07:28.9305531Z ok 80 - the real selector, review, practice, notes and trace consumer preserve this course
2026-10-08T15:07:28.9306043Z   ---
2026-10-08T15:07:28.9306286Z   duration_ms: 21.409714
2026-10-08T15:07:28.9306560Z   ...
2026-10-08T15:07:28.9707473Z # Subtest: standalone artifact exactly matches sources and contains a valid offline script
2026-10-08T15:07:28.9715369Z ok 81 - standalone artifact exactly matches sources and contains a valid offline script
2026-10-08T15:07:28.9716128Z   ---
2026-10-08T15:07:28.9716510Z   duration_ms: 4.762114
2026-10-08T15:07:28.9716922Z   ...
2026-10-08T15:07:28.9717819Z # Subtest: course survives the existing validator and editable-format round trip
2026-10-08T15:07:28.9719334Z ok 82 - course survives the existing validator and editable-format round trip
2026-10-08T15:07:28.9721715Z   ---
2026-10-08T15:07:28.9722116Z   duration_ms: 1.380166
2026-10-08T15:07:28.9722520Z   ...
2026-10-08T15:07:28.9723384Z # Subtest: literal markup and Unicode in admitted course content cannot close the generated script
2026-10-08T15:07:28.9724544Z ok 83 - literal markup and Unicode in admitted course content cannot close the generated script
2026-10-08T15:07:28.9725218Z   ---
2026-10-08T15:07:28.9725578Z   duration_ms: 13.39171
2026-10-08T15:07:28.9725966Z   ...
2026-10-08T15:07:28.9726682Z # Subtest: check mode reports stale output without replacing a retained artifact
2026-10-08T15:07:28.9727688Z ok 84 - check mode reports stale output without replacing a retained artifact
2026-10-08T15:07:28.9728287Z   ---
2026-10-08T15:07:28.9728644Z   duration_ms: 62.829116
2026-10-08T15:07:28.9729208Z   ...
2026-10-08T15:07:28.9729993Z # Subtest: unexpected UI dependency refuses the build before overwriting its artifact
2026-10-08T15:07:28.9731023Z ok 85 - unexpected UI dependency refuses the build before overwriting its artifact
2026-10-08T15:07:28.9731671Z   ---
2026-10-08T15:07:28.9732041Z   duration_ms: 48.869154
2026-10-08T15:07:28.9732445Z   ...
2026-10-08T15:07:28.9950435Z # Subtest: fictional reversal retains denominators and uses common weights only for reference
2026-10-08T15:07:28.9951822Z ok 86 - fictional reversal retains denominators and uses common weights only for reference
2026-10-08T15:07:28.9954319Z   ---
2026-10-08T15:07:28.9954810Z   duration_ms: 2.643618
2026-10-08T15:07:28.9955294Z   ...
2026-10-08T15:07:28.9956092Z # Subtest: ties and conflicting subgroup directions are not a strict reversal
2026-10-08T15:07:28.9957182Z ok 87 - ties and conflicting subgroup directions are not a strict reversal
2026-10-08T15:07:28.9957845Z   ---
2026-10-08T15:07:28.9958279Z   duration_ms: 0.596028
2026-10-08T15:07:28.9958745Z   ...
2026-10-08T15:07:28.9960222Z # Subtest: empty cells remain unavailable unless their reference weight is exactly zero
2026-10-08T15:07:28.9961414Z ok 88 - empty cells remain unavailable unless their reference weight is exactly zero
2026-10-08T15:07:28.9962388Z   ---
2026-10-08T15:07:28.9962698Z   duration_ms: 0.352575
2026-10-08T15:07:28.9963008Z   ...
2026-10-08T15:07:28.9963539Z # Subtest: an entirely empty option has no pooled rate or inferred group mix
2026-10-08T15:07:28.9964193Z ok 89 - an entirely empty option has no pooled rate or inferred group mix
2026-10-08T15:07:28.9964611Z   ---
2026-10-08T15:07:28.9964908Z   duration_ms: 0.188761
2026-10-08T15:07:28.9965212Z   ...
2026-10-08T15:07:28.9965751Z # Subtest: invalid numeric inputs are refused without truncation or coercion
2026-10-08T15:07:28.9966393Z ok 90 - invalid numeric inputs are refused without truncation or coercion
2026-10-08T15:07:28.9966818Z   ---
2026-10-08T15:07:28.9967105Z   duration_ms: 0.576999
2026-10-08T15:07:28.9967404Z   ...
2026-10-08T15:07:28.9967908Z # Subtest: native count entry distinguishes blank and invalid text from zero
2026-10-08T15:07:28.9968531Z ok 91 - native count entry distinguishes blank and invalid text from zero
2026-10-08T15:07:28.9969191Z   ---
2026-10-08T15:07:28.9989650Z   duration_ms: 11.863983
2026-10-08T15:07:28.9990230Z   ...
2026-10-08T15:07:28.9991130Z # Subtest: a strict difference too small for percentage display is not declared equal
2026-10-08T15:07:28.9992245Z ok 92 - a strict difference too small for percentage display is not declared equal
2026-10-08T15:07:28.9992908Z   ---
2026-10-08T15:07:28.9993293Z   duration_ms: 0.319075
2026-10-08T15:07:28.9993703Z   ...
2026-10-08T15:07:28.9994512Z # Subtest: label and group transformations preserve the intended descriptive quantities
2026-10-08T15:07:28.9995598Z ok 93 - label and group transformations preserve the intended descriptive quantities
2026-10-08T15:07:28.9996266Z   ---
2026-10-08T15:07:28.9996650Z   duration_ms: 1.256712
2026-10-08T15:07:28.9997066Z   ...
2026-10-08T15:07:28.9997880Z # Subtest: shared weights preserve both strict subgroup advantages at every permitted mix
2026-10-08T15:07:28.9999320Z ok 94 - shared weights preserve both strict subgroup advantages at every permitted mix
2026-10-08T15:07:29.0000103Z   ---
2026-10-08T15:07:29.0000537Z   duration_ms: 4.462718
2026-10-08T15:07:29.0001022Z   ...
2026-10-08T15:07:29.0001957Z # Subtest: download contains exact inputs, unavailable values and deterministic recomputable fractions
2026-10-08T15:07:29.0003287Z ok 95 - download contains exact inputs, unavailable values and deterministic recomputable fractions
2026-10-08T15:07:29.0004069Z   ---
2026-10-08T15:07:29.0004515Z   duration_ms: 0.426776
2026-10-08T15:07:29.0004935Z   ...
2026-10-08T15:07:29.0005577Z # Subtest: BKT probabilities stay bounded across repeated evidence
2026-10-08T15:07:29.0006477Z ok 96 - BKT probabilities stay bounded across repeated evidence
2026-10-08T15:07:29.0007096Z   ---
2026-10-08T15:07:29.0007514Z   duration_ms: 11.140992
2026-10-08T15:07:29.0007989Z   ...
2026-10-08T15:07:29.0008800Z # Subtest: correct evidence raises and incorrect evidence lowers posterior for interior prior
2026-10-08T15:07:29.0010111Z ok 97 - correct evidence raises and incorrect evidence lowers posterior for interior prior
2026-10-08T15:07:29.0010797Z   ---
2026-10-08T15:07:29.0011181Z   duration_ms: 2.110724
2026-10-08T15:07:29.0011594Z   ...
2026-10-08T15:07:29.0012277Z # Subtest: parameter validation rejects impossible probabilities
2026-10-08T15:07:29.0013102Z ok 98 - parameter validation rejects impossible probabilities
2026-10-08T15:07:29.0013667Z   ---
2026-10-08T15:07:29.0014047Z   duration_ms: 0.47644
2026-10-08T15:07:29.0014464Z   ...
2026-10-08T15:07:29.0015224Z # Subtest: entropy and information gain have expected bounds and peak near uncertainty
2026-10-08T15:07:29.0016271Z ok 99 - entropy and information gain have expected bounds and peak near uncertainty
2026-10-08T15:07:29.0016920Z   ---
2026-10-08T15:07:29.0017371Z   duration_ms: 1.334939
2026-10-08T15:07:29.0018039Z   ...
2026-10-08T15:07:29.0018821Z # Subtest: selector prioritizes a weak prerequisite and is stable after exhaustion
2026-10-08T15:07:29.0020018Z ok 100 - selector prioritizes a weak prerequisite and is stable after exhaustion
2026-10-08T15:07:29.0020681Z   ---
2026-10-08T15:07:29.0021077Z   duration_ms: 0.367227
2026-10-08T15:07:29.0021512Z   ...
2026-10-08T15:07:29.0022170Z # Subtest: initial mastery creates independent named concept values
2026-10-08T15:07:29.0023037Z ok 101 - initial mastery creates independent named concept values
2026-10-08T15:07:29.0023626Z   ---
2026-10-08T15:07:29.0024018Z   duration_ms: 0.743888
2026-10-08T15:07:29.0024455Z   ...
2026-10-08T15:07:29.0025328Z # Subtest: scripted learner simulation is deterministic, bounded, and distinguishes selector modes
2026-10-08T15:07:29.0026559Z ok 102 - scripted learner simulation is deterministic, bounded, and distinguishes selector modes
2026-10-08T15:07:29.0027305Z   ---
2026-10-08T15:07:29.0027710Z   duration_ms: 0.511271
2026-10-08T15:07:29.0028134Z   ...
2026-10-08T15:07:29.0690727Z # Subtest: mixed partial save preserves exact native prefix, next item, option orders and uninterrupted continuation
2026-10-08T15:07:29.0749999Z ok 103 - mixed partial save preserves exact native prefix, next item, option orders and uninterrupted continuation
2026-10-08T15:07:29.0771622Z   ---
2026-10-08T15:07:29.0776534Z   duration_ms: 14.79123
2026-10-08T15:07:29.0777010Z   ...
2026-10-08T15:07:29.0777882Z # Subtest: a started lesson with no answers restores the first native question and all initial estimates
2026-10-08T15:07:29.0779442Z ok 104 - a started lesson with no answers restores the first native question and all initial estimates
2026-10-08T15:07:29.0780319Z   ---
2026-10-08T15:07:29.0780760Z   duration_ms: 1.663499
2026-10-08T15:07:29.0781223Z   ...
2026-10-08T15:07:29.0782051Z # Subtest: feedback retains the last chosen option while Next remains the next unanswered question
2026-10-08T15:07:29.0783243Z ok 105 - feedback retains the last chosen option while Next remains the next unanswered question
2026-10-08T15:07:29.0784023Z   ---
2026-10-08T15:07:29.0784751Z   duration_ms: 4.502317
2026-10-08T15:07:29.0785222Z   ...
2026-10-08T15:07:29.0786068Z # Subtest: complete sessions remain in the existing trace format, including its separate practice state
2026-10-08T15:07:29.0787288Z ok 106 - complete sessions remain in the existing trace format, including its separate practice state
2026-10-08T15:07:29.0788060Z   ---
2026-10-08T15:07:29.0788466Z   duration_ms: 4.089923
2026-10-08T15:07:29.0788905Z   ...
2026-10-08T15:07:29.0789947Z # Subtest: course content and array order are bound; harmless JSON object key order is accepted
2026-10-08T15:07:29.0791137Z ok 107 - course content and array order are bound; harmless JSON object key order is accepted
2026-10-08T15:07:29.0791890Z   ---
2026-10-08T15:07:29.0792316Z   duration_ms: 16.506974
2026-10-08T15:07:29.0792755Z   ...
2026-10-08T15:07:29.0793462Z # Subtest: model identity and every BKT parameter must match the native model
2026-10-08T15:07:29.0794421Z ok 108 - model identity and every BKT parameter must match the native model
2026-10-08T15:07:29.0795108Z   ---
2026-10-08T15:07:29.0795516Z   duration_ms: 3.409509
2026-10-08T15:07:29.0796000Z   ...
2026-10-08T15:07:29.0796822Z # Subtest: first answers must form the actual native adaptive prefix with canonical option indices
2026-10-08T15:07:29.0798010Z ok 109 - first answers must form the actual native adaptive prefix with canonical option indices
2026-10-08T15:07:29.0798770Z   ---
2026-10-08T15:07:29.0799281Z   duration_ms: 17.652266
2026-10-08T15:07:29.0829467Z   ...
2026-10-08T15:07:29.0859903Z # Subtest: mastery is replayed at full precision and never accepted from rounded or altered values
2026-10-08T15:07:29.0869891Z ok 110 - mastery is replayed at full precision and never accepted from rounded or altered values
2026-10-08T15:07:29.0900239Z   ---
2026-10-08T15:07:29.0930635Z   duration_ms: 6.057354
2026-10-08T15:07:29.0959419Z   ...
2026-10-08T15:07:29.0999929Z # Subtest: question, feedback and complete per-item permutations are checked before restoration
2026-10-08T15:07:29.1013806Z ok 111 - question, feedback and complete per-item permutations are checked before restoration
2026-10-08T15:07:29.1014719Z   ---
2026-10-08T15:07:29.1015101Z   duration_ms: 7.915172
2026-10-08T15:07:29.1015476Z   ...
2026-10-08T15:07:29.1016331Z # Subtest: successful and refused reads leave caller state untouched and return deeply immutable independent copies
2026-10-08T15:07:29.1017607Z ok 112 - successful and refused reads leave caller state untouched and return deeply immutable independent copies
2026-10-08T15:07:29.1018377Z   ---
2026-10-08T15:07:29.1018733Z   duration_ms: 2.12826
2026-10-08T15:07:29.1019364Z   ...
2026-10-08T15:07:29.1020189Z # Subtest: the JSON boundary rejects malformed, unsupported, deep and oversized files with a UTF-8 byte limit
2026-10-08T15:07:29.1021396Z ok 113 - the JSON boundary rejects malformed, unsupported, deep and oversized files with a UTF-8 byte limit
2026-10-08T15:07:29.1022145Z   ---
2026-10-08T15:07:29.1022492Z   duration_ms: 31.774354
2026-10-08T15:07:29.1022874Z   ...
2026-10-08T15:07:29.1023590Z # Subtest: save times are canonical UTC values and invalid save inputs cannot mutate a session
2026-10-08T15:07:29.1024599Z ok 114 - save times are canonical UTC values and invalid save inputs cannot mutate a session
2026-10-08T15:07:29.1025245Z   ---
2026-10-08T15:07:29.1025584Z   duration_ms: 3.454526
2026-10-08T15:07:29.1025949Z   ...
2026-10-08T15:07:29.1026766Z # Subtest: ordinary course identifiers that match object prototype names survive without shared object mutation
2026-10-08T15:07:29.1027971Z ok 115 - ordinary course identifiers that match object prototype names survive without shared object mutation
2026-10-08T15:07:29.1028712Z   ---
2026-10-08T15:07:29.1029217Z   duration_ms: 2.188721
2026-10-08T15:07:29.1029645Z   ...
2026-10-08T15:07:29.1030459Z # Subtest: the original course is admitted by the existing deck contract with all four concepts covered
2026-10-08T15:07:29.1031882Z ok 116 - the original course is admitted by the existing deck contract with all four concepts covered
2026-10-08T15:07:29.1032650Z   ---
2026-10-08T15:07:29.1033002Z   duration_ms: 2.860511
2026-10-08T15:07:29.1033379Z   ...
2026-10-08T15:07:29.1034036Z # Subtest: answer positions are balanced and no correct option is uniquely the longest
2026-10-08T15:07:29.1034983Z ok 117 - answer positions are balanced and no correct option is uniquely the longest
2026-10-08T15:07:29.1035613Z   ---
2026-10-08T15:07:29.1035948Z   duration_ms: 0.363111
2026-10-08T15:07:29.1036311Z   ...
2026-10-08T15:07:29.1037083Z # Subtest: each numerical answer uses the stated correction sign, denominator or independence assumption
2026-10-08T15:07:29.1038272Z ok 118 - each numerical answer uses the stated correction sign, denominator or independence assumption
2026-10-08T15:07:29.1039186Z   ---
2026-10-08T15:07:29.1050357Z   duration_ms: 0.38899
2026-10-08T15:07:29.1050788Z   ...
2026-10-08T15:07:29.1051696Z # Subtest: standalone artifact is deterministic, preserves the exact deck bytes and contains executable classic scripts
2026-10-08T15:07:29.1053052Z ok 119 - standalone artifact is deterministic, preserves the exact deck bytes and contains executable classic scripts
2026-10-08T15:07:29.1053913Z   ---
2026-10-08T15:07:29.1054290Z   duration_ms: 4.158114
2026-10-08T15:07:29.1054674Z   ...
2026-10-08T15:07:29.1055504Z # Subtest: worked four-reading budget distinguishes raw mean, correction, sample scatter and mean uncertainty
2026-10-08T15:07:29.1056780Z ok 120 - worked four-reading budget distinguishes raw mean, correction, sample scatter and mean uncertainty
2026-10-08T15:07:29.1057583Z   ---
2026-10-08T15:07:29.1057934Z   duration_ms: 1.441147
2026-10-08T15:07:29.1058302Z   ...
2026-10-08T15:07:29.1059282Z # Subtest: a shared additive correction shifts the estimate without changing either uncertainty component
2026-10-08T15:07:29.1090199Z ok 121 - a shared additive correction shifts the estimate without changing either uncertainty component
2026-10-08T15:07:29.1119407Z   ---
2026-10-08T15:07:29.1119718Z   duration_ms: 0.251294
2026-10-08T15:07:29.1120028Z   ...
2026-10-08T15:07:29.1120777Z # Subtest: identical readings retain a nonzero shared component and are not rejected for numerical repetition
2026-10-08T15:07:29.1121904Z ok 122 - identical readings retain a nonzero shared component and are not rejected for numerical repetition
2026-10-08T15:07:29.1122546Z   ---
2026-10-08T15:07:29.1122805Z   duration_ms: 1.222251
2026-10-08T15:07:29.1123089Z   ...
2026-10-08T15:07:29.1123853Z # Subtest: future independent sample sizes hold shared calibration fixed while repeatability shrinks by square root
2026-10-08T15:07:29.1125021Z ok 123 - future independent sample sizes hold shared calibration fixed while repeatability shrinks by square root
2026-10-08T15:07:29.1125672Z   ---
2026-10-08T15:07:29.1125925Z   duration_ms: 0.375499
2026-10-08T15:07:29.1126205Z   ...
2026-10-08T15:07:29.1126835Z # Subtest: shared covariance gives the same calibration contribution for a mean of any sample size
2026-10-08T15:07:29.1127809Z ok 124 - shared covariance gives the same calibration contribution for a mean of any sample size
2026-10-08T15:07:29.1128380Z   ---
2026-10-08T15:07:29.1128627Z   duration_ms: 0.210684
2026-10-08T15:07:29.1128902Z   ...
2026-10-08T15:07:29.1129707Z # Subtest: compensated raw means preserve small residuals after large opposing readings cancel
2026-10-08T15:07:29.1130658Z ok 125 - compensated raw means preserve small residuals after large opposing readings cancel
2026-10-08T15:07:29.1131221Z   ---
2026-10-08T15:07:29.1131472Z   duration_ms: 0.232376
2026-10-08T15:07:29.1131748Z   ...
2026-10-08T15:07:29.1132384Z # Subtest: centered scatter remains meaningful for a large shared offset and at supported extremes
2026-10-08T15:07:29.1133381Z ok 126 - centered scatter remains meaningful for a large shared offset and at supported extremes
2026-10-08T15:07:29.1133996Z   ---
2026-10-08T15:07:29.1134282Z   duration_ms: 0.273848
2026-10-08T15:07:29.1134551Z   ...
2026-10-08T15:07:29.1135554Z # Subtest: reordering observations preserves the summary but does not assert statistical independence
2026-10-08T15:07:29.1141111Z ok 127 - reordering observations preserves the summary but does not assert statistical independence
2026-10-08T15:07:29.1159480Z   ---
2026-10-08T15:07:29.1159977Z   duration_ms: 0.730829
2026-10-08T15:07:29.1160551Z   ...
2026-10-08T15:07:29.1161330Z # Subtest: input parsing keeps every observation and refuses malformed or missing comma fields
2026-10-08T15:07:29.1162412Z ok 128 - input parsing keeps every observation and refuses malformed or missing comma fields
2026-10-08T15:07:29.1163110Z   ---
2026-10-08T15:07:29.1163500Z   duration_ms: 1.214078
2026-10-08T15:07:29.1163906Z   ...
2026-10-08T15:07:29.1164582Z # Subtest: supported magnitude and nonnegative half-width boundaries are explicit
2026-10-08T15:07:29.1165554Z ok 129 - supported magnitude and nonnegative half-width boundaries are explicit
2026-10-08T15:07:29.1166238Z   ---
2026-10-08T15:07:29.1166644Z   duration_ms: 0.534056
2026-10-08T15:07:29.1167078Z   ...
2026-10-08T15:07:29.1167819Z # Subtest: public calculations reject missing observations and invalid forecast counts
2026-10-08T15:07:29.1168857Z ok 130 - public calculations reject missing observations and invalid forecast counts
2026-10-08T15:07:29.1169763Z   ---
2026-10-08T15:07:29.1170151Z   duration_ms: 0.36257
2026-10-08T15:07:29.1170571Z   ...
2026-10-08T15:07:29.1171469Z # Subtest: calculation snapshots do not mutate caller arrays or change after later edits
2026-10-08T15:07:29.1172528Z ok 131 - calculation snapshots do not mutate caller arrays or change after later edits
2026-10-08T15:07:29.1173215Z   ---
2026-10-08T15:07:29.1173623Z   duration_ms: 0.207269
2026-10-08T15:07:29.1174045Z   ...
2026-10-08T15:07:29.1218902Z # Subtest: small dyadic arithmetic keeps exact operand and result values
2026-10-08T15:07:29.1222976Z ok 132 - small dyadic arithmetic keeps exact operand and result values
2026-10-08T15:07:29.1223947Z   ---
2026-10-08T15:07:29.1224375Z   duration_ms: 2.248559
2026-10-08T15:07:29.1224835Z   ...
2026-10-08T15:07:29.1225551Z # Subtest: decimal sum retains exact conversion and operation contributions
2026-10-08T15:07:29.1226527Z ok 133 - decimal sum retains exact conversion and operation contributions
2026-10-08T15:07:29.1227187Z   ---
2026-10-08T15:07:29.1227605Z   duration_ms: 0.467076
2026-10-08T15:07:29.1228035Z   ...
2026-10-08T15:07:29.1233231Z # Subtest: conversion can erase a difference while subtraction itself is exact
2026-10-08T15:07:29.1235138Z ok 134 - conversion can erase a difference while subtraction itself is exact
2026-10-08T15:07:29.1235823Z   ---
2026-10-08T15:07:29.1236236Z   duration_ms: 0.331674
2026-10-08T15:07:29.1236686Z   ...
2026-10-08T15:07:29.1241961Z # Subtest: operation rounding can lose an exact integer step
2026-10-08T15:07:29.1243972Z ok 135 - operation rounding can lose an exact integer step
2026-10-08T15:07:29.1244786Z   ---
2026-10-08T15:07:29.1245245Z   duration_ms: 0.399015
2026-10-08T15:07:29.1245846Z   ...
2026-10-08T15:07:29.1251767Z # Subtest: nonzero signed contributions can cancel at an exactly represented result
2026-10-08T15:07:29.1253583Z ok 136 - nonzero signed contributions can cancel at an exactly represented result
2026-10-08T15:07:29.1254346Z   ---
2026-10-08T15:07:29.1254766Z   duration_ms: 0.391122
2026-10-08T15:07:29.1255189Z   ...
2026-10-08T15:07:29.1262754Z # Subtest: individual exact integers outside the safe interval are kept distinct from the API guarantee
2026-10-08T15:07:29.1283199Z ok 137 - individual exact integers outside the safe interval are kept distinct from the API guarantee
2026-10-08T15:07:29.1290393Z   ---
2026-10-08T15:07:29.1290718Z   duration_ms: 1.091136
2026-10-08T15:07:29.1291026Z   ...
2026-10-08T15:07:29.1291540Z # Subtest: signs, exact raw strings and negative zero remain explicit
2026-10-08T15:07:29.1292264Z ok 138 - signs, exact raw strings and negative zero remain explicit
2026-10-08T15:07:29.1292861Z   ---
2026-10-08T15:07:29.1293157Z   duration_ms: 0.353376
2026-10-08T15:07:29.1293448Z   ...
2026-10-08T15:07:29.1294314Z # Subtest: the declared decimal input bounds admit edges and refuse other syntax
2026-10-08T15:07:29.1295254Z ok 139 - the declared decimal input bounds admit edges and refuse other syntax
2026-10-08T15:07:29.1295832Z   ---
2026-10-08T15:07:29.1296118Z   duration_ms: 1.528597
2026-10-08T15:07:29.1296508Z   ...
2026-10-08T15:07:29.1297439Z # Subtest: worked records are complete, deterministic and deeply immutable
2026-10-08T15:07:29.1298252Z ok 140 - worked records are complete, deterministic and deeply immutable
2026-10-08T15:07:29.1298756Z   ---
2026-10-08T15:07:29.1299225Z   duration_ms: 2.493394
2026-10-08T15:07:29.1299515Z   ...
2026-10-08T15:07:29.1707158Z # Subtest: the original lesson passes the unchanged native deck contract with exact export parity
2026-10-08T15:07:29.1708913Z ok 141 - the original lesson passes the unchanged native deck contract with exact export parity
2026-10-08T15:07:29.1709674Z   ---
2026-10-08T15:07:29.1709940Z   duration_ms: 12.612418
2026-10-08T15:07:29.1710247Z   ...
2026-10-08T15:07:29.1733094Z # Subtest: language-specific worked examples agree with actual native Number and BigInt operations
2026-10-08T15:07:29.1790212Z ok 142 - language-specific worked examples agree with actual native Number and BigInt operations
2026-10-08T15:07:29.1791134Z   ---
2026-10-08T15:07:29.1791600Z   duration_ms: 0.271614
2026-10-08T15:07:29.1792062Z   ...
2026-10-08T15:07:29.1792816Z # Subtest: the directly openable explorer is an exact build of its native inputs
2026-10-08T15:07:29.1793813Z ok 143 - the directly openable explorer is an exact build of its native inputs
2026-10-08T15:07:29.1794500Z   ---
2026-10-08T15:07:29.1794912Z   duration_ms: 39.586592
2026-10-08T15:07:29.1795373Z   ...
2026-10-08T15:07:29.1842935Z # Subtest: embedded lesson download preserves exact source bytes
2026-10-08T15:07:29.1845583Z ok 144 - embedded lesson download preserves exact source bytes
2026-10-08T15:07:29.1846386Z   ---
2026-10-08T15:07:29.1846654Z   duration_ms: 14.078373
2026-10-08T15:07:29.1846967Z   ...
2026-10-08T15:07:29.1979932Z # Subtest: question identity survives reordered review, edits and clearing without changing earlier notes
2026-10-08T15:07:29.1981767Z ok 145 - question identity survives reordered review, edits and clearing without changing earlier notes
2026-10-08T15:07:29.1982624Z   ---
2026-10-08T15:07:29.1983037Z   duration_ms: 1.862845
2026-10-08T15:07:29.1983453Z   ...
2026-10-08T15:07:29.1984203Z # Subtest: application writing is separate and a fresh session starts with every field empty
2026-10-08T15:07:29.1985256Z ok 146 - application writing is separate and a fresh session starts with every field empty
2026-10-08T15:07:29.1985929Z   ---
2026-10-08T15:07:29.1986301Z   duration_ms: 0.88646
2026-10-08T15:07:29.1986699Z   ...
2026-10-08T15:07:29.1987367Z # Subtest: unknown or duplicate question identities and non-text edits are refused
2026-10-08T15:07:29.1988340Z ok 147 - unknown or duplicate question identities and non-text edits are refused
2026-10-08T15:07:29.1989104Z   ---
2026-10-08T15:07:29.1989487Z   duration_ms: 0.292375
2026-10-08T15:07:29.1989893Z   ...
2026-10-08T15:07:29.1990791Z # Subtest: actual study notes bind writing to questions while retaining native review, estimates and a paused retry
2026-10-08T15:07:29.1993456Z ok 148 - actual study notes bind writing to questions while retaining native review, estimates and a paused retry
2026-10-08T15:07:29.1994282Z   ---
2026-10-08T15:07:29.1994654Z   duration_ms: 3.125576
2026-10-08T15:07:29.1995051Z   ...
2026-10-08T15:07:29.1995773Z # Subtest: actual export uses the most recent edit and represents cleared fields as unwritten
2026-10-08T15:07:29.1996803Z ok 149 - actual export uses the most recent edit and represents cleared fields as unwritten
2026-10-08T15:07:29.1997466Z   ---
2026-10-08T15:07:29.1997837Z   duration_ms: 1.665141
2026-10-08T15:07:29.1998235Z   ...
2026-10-08T15:07:29.1999207Z # Subtest: export refuses missing, duplicate or foreign notebook identities instead of attaching notes by position
2026-10-08T15:07:29.2000775Z ok 150 - export refuses missing, duplicate or foreign notebook identities instead of attaching notes by position
2026-10-08T15:07:29.2001567Z   ---
2026-10-08T15:07:29.2001938Z   duration_ms: 0.621636
2026-10-08T15:07:29.2002328Z   ...
2026-10-08T15:07:29.2003288Z # Subtest: study notes retain the displayed imported-course application prompt without changing notebook or first-session data
2026-10-08T15:07:29.2004719Z ok 151 - study notes retain the displayed imported-course application prompt without changing notebook or first-session data
2026-10-08T15:07:29.2005583Z   ---
2026-10-08T15:07:29.2005961Z   duration_ms: 0.628216
2026-10-08T15:07:29.2006357Z   ...
2026-10-08T15:07:29.2007062Z # Subtest: a notebook export refuses a missing or non-text displayed application prompt
2026-10-08T15:07:29.2008046Z ok 152 - a notebook export refuses a missing or non-text displayed application prompt
2026-10-08T15:07:29.2008708Z   ---
2026-10-08T15:07:29.2009203Z   duration_ms: 0.380827
2026-10-08T15:07:29.2009606Z   ...
2026-10-08T15:07:29.2010197Z # Subtest: review preserves session order and the actual chosen answer
2026-10-08T15:07:29.2011021Z ok 153 - review preserves session order and the actual chosen answer
2026-10-08T15:07:29.2011591Z   ---
2026-10-08T15:07:29.2011952Z   duration_ms: 2.068662
2026-10-08T15:07:29.2012344Z   ...
2026-10-08T15:07:29.2012975Z # Subtest: review is an immutable snapshot independent of mutable input arrays
2026-10-08T15:07:29.2013865Z ok 154 - review is an immutable snapshot independent of mutable input arrays
2026-10-08T15:07:29.2014481Z   ---
2026-10-08T15:07:29.2014845Z   duration_ms: 0.533515
2026-10-08T15:07:29.2015239Z   ...
2026-10-08T15:07:29.2015837Z # Subtest: a review rejects unknown, duplicate, or invalid first answers
2026-10-08T15:07:29.2016725Z ok 155 - a review rejects unknown, duplicate, or invalid first answers
2026-10-08T15:07:29.2017494Z   ---
2026-10-08T15:07:29.2017858Z   duration_ms: 0.405474
2026-10-08T15:07:29.2018250Z   ...
2026-10-08T15:07:29.2019150Z # Subtest: practice includes only initially missed questions in first-attempt order
2026-10-08T15:07:29.2020096Z ok 156 - practice includes only initially missed questions in first-attempt order
2026-10-08T15:07:29.2020739Z   ---
2026-10-08T15:07:29.2021119Z   duration_ms: 0.343422
2026-10-08T15:07:29.2021532Z   ...
2026-10-08T15:07:29.2022249Z # Subtest: correct and incorrect retries remain separate from the immutable original trace
2026-10-08T15:07:29.2023267Z ok 157 - correct and incorrect retries remain separate from the immutable original trace
2026-10-08T15:07:29.2023938Z   ---
2026-10-08T15:07:29.2024314Z   duration_ms: 0.452505
2026-10-08T15:07:29.2024716Z   ...
2026-10-08T15:07:29.2025513Z # Subtest: practice resumes at the next unanswered question and refuses duplicate or out-of-order writes
2026-10-08T15:07:29.2026727Z ok 158 - practice resumes at the next unanswered question and refuses duplicate or out-of-order writes
2026-10-08T15:07:29.2027501Z   ---
2026-10-08T15:07:29.2027899Z   duration_ms: 0.363782
2026-10-08T15:07:29.2028302Z   ...
2026-10-08T15:07:29.2028886Z # Subtest: an all-correct or empty review has no practice question
2026-10-08T15:07:29.2029912Z ok 159 - an all-correct or empty review has no practice question
2026-10-08T15:07:29.2052739Z   ---
2026-10-08T15:07:29.2053182Z   duration_ms: 0.266457
2026-10-08T15:07:29.2053613Z   ...
2026-10-08T15:07:29.2110044Z # Subtest: the original course survives native validation and serialization with complete connected content
2026-10-08T15:07:29.2139903Z ok 160 - the original course survives native validation and serialization with complete connected content
2026-10-08T15:07:29.2149453Z   ---
2026-10-08T15:07:29.2169536Z   duration_ms: 2.822765
2026-10-08T15:07:29.2196452Z   ...
2026-10-08T15:07:29.2197454Z # Subtest: native item selection reaches all twelve questions and can prioritize the weak sample clock
2026-10-08T15:07:29.2199174Z ok 161 - native item selection reaches all twelve questions and can prioritize the weak sample clock
2026-10-08T15:07:29.2200027Z   ---
2026-10-08T15:07:29.2200467Z   duration_ms: 12.557997
2026-10-08T15:07:29.2200910Z   ...
2026-10-08T15:07:29.2201738Z # Subtest: answer text matches independently stated calculations and explicit sampling assumptions
2026-10-08T15:07:29.2214373Z ok 162 - answer text matches independently stated calculations and explicit sampling assumptions
2026-10-08T15:07:29.2215157Z   ---
2026-10-08T15:07:29.2215559Z   duration_ms: 0.301609
2026-10-08T15:07:29.2216011Z   ...
2026-10-08T15:07:29.2216865Z # Subtest: each supported sample clock uses inclusive endpoints and an actually different matching cosine
2026-10-08T15:07:29.2218080Z ok 163 - each supported sample clock uses inclusive endpoints and an actually different matching cosine
2026-10-08T15:07:29.2218854Z   ---
2026-10-08T15:07:29.2219438Z   duration_ms: 13.604297
2026-10-08T15:07:29.2219897Z   ...
2026-10-08T15:07:29.2220787Z # Subtest: DC, reflected aliases, the half-rate and input limits preserve their distinct meaning
2026-10-08T15:07:29.2221983Z ok 164 - DC, reflected aliases, the half-rate and input limits preserve their distinct meaning
2026-10-08T15:07:29.2222819Z   ---
2026-10-08T15:07:29.2223254Z   duration_ms: 0.728586
2026-10-08T15:07:29.2223680Z   ...
2026-10-08T15:07:29.2224420Z # Subtest: invalid numerical input is refused and snapshots cannot be changed after observation
2026-10-08T15:07:29.2225463Z ok 165 - invalid numerical input is refused and snapshots cannot be changed after observation
2026-10-08T15:07:29.2226103Z   ---
2026-10-08T15:07:29.2227974Z   duration_ms: 0.895233
2026-10-08T15:07:29.2228383Z   ...
2026-10-08T15:07:29.2229270Z # Subtest: CSV carries full precision and current parameter identity, ignoring supplied forged sample rows
2026-10-08T15:07:29.2230399Z ok 166 - CSV carries full precision and current parameter identity, ignoring supplied forged sample rows
2026-10-08T15:07:29.2231303Z   ---
2026-10-08T15:07:29.2231631Z   duration_ms: 1.011006
2026-10-08T15:07:29.2232000Z   ...
2026-10-08T15:07:29.2524212Z # Subtest: notes retain the actual first choices, session order, corrections, transfers, and attribution
2026-10-08T15:07:29.2529990Z ok 167 - notes retain the actual first choices, session order, corrections, transfers, and attribution
2026-10-08T15:07:29.2569507Z   ---
2026-10-08T15:07:29.2570015Z   duration_ms: 2.821423
2026-10-08T15:07:29.2599678Z   ...
2026-10-08T15:07:29.2628403Z # Subtest: paused and completed retries cannot replace the first answers or alter the model
2026-10-08T15:07:29.2630319Z ok 168 - paused and completed retries cannot replace the first answers or alter the model
2026-10-08T15:07:29.2669506Z   ---
2026-10-08T15:07:29.2669998Z   duration_ms: 1.037094
2026-10-08T15:07:29.2699553Z   ...
2026-10-08T15:07:29.2724928Z # Subtest: unstarted, zero-answer paused, and all-correct sessions have honest practice labels
2026-10-08T15:07:29.2739937Z ok 169 - unstarted, zero-answer paused, and all-correct sessions have honest practice labels
2026-10-08T15:07:29.2759560Z   ---
2026-10-08T15:07:29.2789874Z   duration_ms: 1.531121
2026-10-08T15:07:29.2805638Z   ...
2026-10-08T15:07:29.2837562Z # Subtest: incomplete, duplicate, legacy choice-less or malformed traces are refused rather than fabricated
2026-10-08T15:07:29.2849885Z ok 170 - incomplete, duplicate, legacy choice-less or malformed traces are refused rather than fabricated
2026-10-08T15:07:29.2869709Z   ---
2026-10-08T15:07:29.2870104Z   duration_ms: 1.087059
2026-10-08T15:07:29.2870504Z   ...
2026-10-08T15:07:29.2871338Z # Subtest: plain-text output preserves Unicode and literal markup without creating executable content
2026-10-08T15:07:29.2872496Z ok 171 - plain-text output preserves Unicode and literal markup without creating executable content
2026-10-08T15:07:29.2873209Z   ---
2026-10-08T15:07:29.2873550Z   duration_ms: 0.378614
2026-10-08T15:07:29.2873916Z   ...
2026-10-08T15:07:29.3617336Z # Subtest: the original five-vertex example has the hand-calculated settling order and cost-7 route
2026-10-08T15:07:29.3634871Z ok 172 - the original five-vertex example has the hand-calculated settling order and cost-7 route
2026-10-08T15:07:29.3635735Z   ---
2026-10-08T15:07:29.3636171Z   duration_ms: 4.124283
2026-10-08T15:07:29.3636769Z   ...
2026-10-08T15:07:29.3637608Z # Subtest: target discovery remains tentative; the cheaper route is final only on target settlement
2026-10-08T15:07:29.3638891Z ok 173 - target discovery remains tentative; the cheaper route is final only on target settlement
2026-10-08T15:07:29.3639869Z   ---
2026-10-08T15:07:29.3640307Z   duration_ms: 1.568857
2026-10-08T15:07:29.3640761Z   ...
2026-10-08T15:07:29.3641611Z # Subtest: zero weights and equal routes preserve the stated alphabetical and first-predecessor policies
2026-10-08T15:07:29.3642864Z ok 174 - zero weights and equal routes preserve the stated alphabetical and first-predecessor policies
2026-10-08T15:07:29.3643691Z   ---
2026-10-08T15:07:29.3644122Z   duration_ms: 0.98007
2026-10-08T15:07:29.3644558Z   ...
2026-10-08T15:07:29.3645425Z # Subtest: all preset source/target pairs agree with exhaustive simple paths, including reverse direction
2026-10-08T15:07:29.3646691Z ok 175 - all preset source/target pairs agree with exhaustive simple paths, including reverse direction
2026-10-08T15:07:29.3647474Z   ---
2026-10-08T15:07:29.3647877Z   duration_ms: 4.063023
2026-10-08T15:07:29.3648308Z   ...
2026-10-08T15:07:29.3649248Z # Subtest: 80 deterministic bounded graphs agree with a simple-path oracle for every source
2026-10-08T15:07:29.3650378Z ok 176 - 80 deterministic bounded graphs agree with a simple-path oracle for every source
2026-10-08T15:07:29.3651119Z   ---
2026-10-08T15:07:29.3651525Z   duration_ms: 61.453406
2026-10-08T15:07:29.3652003Z   ...
2026-10-08T15:07:29.3652633Z # Subtest: invalid graphs are refused before a runnable state exists
2026-10-08T15:07:29.3653493Z ok 177 - invalid graphs are refused before a runnable state exists
2026-10-08T15:07:29.3654407Z   ---
2026-10-08T15:07:29.3654848Z   duration_ms: 0.954572
2026-10-08T15:07:29.3655296Z   ...
2026-10-08T15:07:29.3655989Z # Subtest: run, graph, presets and trace snapshots cannot be changed by later edits
2026-10-08T15:07:29.3656987Z ok 178 - run, graph, presets and trace snapshots cannot be changed by later edits
2026-10-08T15:07:29.3657705Z   ---
2026-10-08T15:07:29.3658115Z   duration_ms: 0.464572
2026-10-08T15:07:29.3658545Z   ...
2026-10-08T15:07:29.3659590Z # Subtest: the original twelve-question course is valid, canonical and has balanced answer positions
2026-10-08T15:07:29.3660983Z ok 179 - the original twelve-question course is valid, canonical and has balanced answer positions
2026-10-08T15:07:29.3661718Z   ---
2026-10-08T15:07:29.3662113Z   duration_ms: 0.53709
2026-10-08T15:07:29.3662531Z   ...
2026-10-08T15:07:29.3663393Z # Subtest: existing knowledge, review, practice and notes contracts accept the new deck without changing the app
2026-10-08T15:07:29.3664666Z ok 180 - existing knowledge, review, practice and notes contracts accept the new deck without changing the app
2026-10-08T15:07:29.3665495Z   ---
2026-10-08T15:07:29.3665872Z   duration_ms: 8.901436
2026-10-08T15:07:29.3666300Z   ...
2026-10-08T15:07:29.7062803Z # Subtest: the original twelve-item SQL course uses the published import contract without changing its native meaning
2026-10-08T15:07:29.7064056Z ok 181 - the original twelve-item SQL course uses the published import contract without changing its native meaning
2026-10-08T15:07:29.7064727Z   ---
2026-10-08T15:07:29.7064974Z   duration_ms: 2.920141
2026-10-08T15:07:29.7065159Z   ...
2026-10-08T15:07:29.7065586Z # Subtest: actual SQLite regenerates all twenty-two saved queries and their exact course/default bindings
2026-10-08T15:07:29.7066207Z ok 182 - actual SQLite regenerates all twenty-two saved queries and their exact course/default bindings
2026-10-08T15:07:29.7066571Z   ---
2026-10-08T15:07:29.7066741Z   duration_ms: 57.587081
2026-10-08T15:07:29.7066947Z   ...
2026-10-08T15:07:29.7067616Z # Subtest: native adaptive selection, shuffled choices, review, practice and notes preserve all twelve SQL questions
2026-10-08T15:07:29.7068297Z ok 183 - native adaptive selection, shuffled choices, review, practice and notes preserve all twelve SQL questions
2026-10-08T15:07:29.7068682Z   ---
2026-10-08T15:07:29.7068842Z   duration_ms: 11.358621
2026-10-08T15:07:29.7069324Z   ...
2026-10-08T15:07:29.7069863Z # Subtest: a changed answer or invalid query refuses the build and preserves both saved artifacts
2026-10-08T15:07:29.7070412Z ok 184 - a changed answer or invalid query refuses the build and preserves both saved artifacts
2026-10-08T15:07:29.7070758Z   ---
2026-10-08T15:07:29.7070920Z   duration_ms: 357.979454
2026-10-08T15:07:29.7071099Z   ...
2026-10-08T15:07:29.7441902Z # Subtest: a stale generated explorer fails --check without silently replacing the changed file
2026-10-08T15:07:29.7442893Z ok 185 - a stale generated explorer fails --check without silently replacing the changed file
2026-10-08T15:07:29.7443503Z   ---
2026-10-08T15:07:29.7443762Z   duration_ms: 38.042641
2026-10-08T15:07:29.7444051Z   ...
2026-10-08T15:07:29.7505073Z # Subtest: original course fits the existing deck contract with all four concepts represented
2026-10-08T15:07:29.7506014Z ok 186 - original course fits the existing deck contract with all four concepts represented
2026-10-08T15:07:29.7506631Z   ---
2026-10-08T15:07:29.7507253Z   duration_ms: 2.872009
2026-10-08T15:07:29.7507647Z   ...
2026-10-08T15:07:29.7508424Z # Subtest: authored answer keys retain the independently worked quantities and conceptual distinctions
2026-10-08T15:07:29.7509882Z ok 187 - authored answer keys retain the independently worked quantities and conceptual distinctions
2026-10-08T15:07:29.7510631Z   ---
2026-10-08T15:07:29.7511000Z   duration_ms: 0.310813
2026-10-08T15:07:29.7511386Z   ...
2026-10-08T15:07:29.7512184Z # Subtest: course completes native selection, correct first answers, review, retry and study notes
2026-10-08T15:07:29.7513617Z ok 188 - course completes native selection, correct first answers, review, retry and study notes
2026-10-08T15:07:29.7514434Z   ---
2026-10-08T15:07:29.7514802Z   duration_ms: 12.208877
2026-10-08T15:07:29.7515204Z   ...
2026-10-08T15:07:29.7515935Z # Subtest: course completes native selection, mixed first answers, review, retry and study notes
2026-10-08T15:07:29.7516990Z ok 189 - course completes native selection, mixed first answers, review, retry and study notes
2026-10-08T15:07:29.7517694Z   ---
2026-10-08T15:07:29.7518052Z   duration_ms: 3.185735
2026-10-08T15:07:29.7518430Z   ...
2026-10-08T15:07:29.7519312Z # Subtest: course completes native selection, missed first answers, review, retry and study notes
2026-10-08T15:07:29.7520421Z ok 190 - course completes native selection, missed first answers, review, retry and study notes
2026-10-08T15:07:29.7521170Z   ---
2026-10-08T15:07:29.7521547Z   duration_ms: 2.234829
2026-10-08T15:07:29.7521948Z   ...
2026-10-08T15:07:29.7522574Z # Subtest: generated direct-open artifact has exact build parity and embeds the qualified course
2026-10-08T15:07:29.7523498Z ok 191 - generated direct-open artifact has exact build parity and embeds the qualified course
2026-10-08T15:07:29.7525050Z   ---
2026-10-08T15:07:29.7525288Z   duration_ms: 50.909815
2026-10-08T15:07:29.7525550Z   ...
2026-10-08T15:07:29.7526168Z # Subtest: standalone rendering keeps embedded source and course text inside their script elements
2026-10-08T15:07:29.7527099Z ok 192 - standalone rendering keeps embedded source and course text inside their script elements
2026-10-08T15:07:29.7527637Z   ---
2026-10-08T15:07:29.7527862Z   duration_ms: 0.581296
2026-10-08T15:07:29.7528111Z   ...
2026-10-08T15:07:29.7528667Z # Subtest: water: 6 / 2 mol → second
2026-10-08T15:07:29.7529247Z ok 193 - water: 6 / 2 mol → second
2026-10-08T15:07:29.7529538Z   ---
2026-10-08T15:07:29.7529766Z   duration_ms: 1.23523
2026-10-08T15:07:29.7530021Z   ...
2026-10-08T15:07:29.7530364Z # Subtest: water: 2 / 2 mol → first
2026-10-08T15:07:29.7530773Z ok 194 - water: 2 / 2 mol → first
2026-10-08T15:07:29.7531260Z   ---
2026-10-08T15:07:29.7531486Z   duration_ms: 0.158436
2026-10-08T15:07:29.7531736Z   ...
2026-10-08T15:07:29.7532069Z # Subtest: water: 4 / 2 mol → matched
2026-10-08T15:07:29.7532485Z ok 195 - water: 4 / 2 mol → matched
2026-10-08T15:07:29.7532773Z   ---
2026-10-08T15:07:29.7533000Z   duration_ms: 0.189723
2026-10-08T15:07:29.7533246Z   ...
2026-10-08T15:07:29.7533595Z # Subtest: water: 0 / 5 mol → no-product
2026-10-08T15:07:29.7534097Z ok 196 - water: 0 / 5 mol → no-product
2026-10-08T15:07:29.7534401Z   ---
2026-10-08T15:07:29.7534624Z   duration_ms: 0.101161
2026-10-08T15:07:29.7534873Z   ...
2026-10-08T15:07:29.7535208Z # Subtest: water: 5 / 0 mol → no-product
2026-10-08T15:07:29.7535640Z ok 197 - water: 5 / 0 mol → no-product
2026-10-08T15:07:29.7535943Z   ---
2026-10-08T15:07:29.7536161Z   duration_ms: 0.210714
2026-10-08T15:07:29.7536416Z   ...
2026-10-08T15:07:29.7536767Z # Subtest: water: 0 / 0 mol → no-product
2026-10-08T15:07:29.7537200Z ok 198 - water: 0 / 0 mol → no-product
2026-10-08T15:07:29.7537504Z   ---
2026-10-08T15:07:29.7537720Z   duration_ms: 0.101882
2026-10-08T15:07:29.7538236Z   ...
2026-10-08T15:07:29.7538750Z # Subtest: ammonia: 2 / 3 mol → second
2026-10-08T15:07:29.7539464Z ok 199 - ammonia: 2 / 3 mol → second
2026-10-08T15:07:29.7539934Z   ---
2026-10-08T15:07:29.7540280Z   duration_ms: 0.114501
2026-10-08T15:07:29.7540670Z   ...
2026-10-08T15:07:29.7541249Z # Subtest: ammonia: 1 / 2.4 mol → second
2026-10-08T15:07:29.7541803Z ok 200 - ammonia: 1 / 2.4 mol → second
2026-10-08T15:07:29.7542268Z   ---
2026-10-08T15:07:29.7589677Z   duration_ms: 0.133379
2026-10-08T15:07:29.7590027Z   ...
2026-10-08T15:07:29.7590452Z # Subtest: ammonia: 2 / 4.8 mol → second
2026-10-08T15:07:29.7590774Z ok 201 - ammonia: 2 / 4.8 mol → second
2026-10-08T15:07:29.7590980Z   ---
2026-10-08T15:07:29.7591139Z   duration_ms: 0.230874
2026-10-08T15:07:29.7591311Z   ...
2026-10-08T15:07:29.7591742Z # Subtest: ammonia: 0.1 / 0.3 mol → matched
2026-10-08T15:07:29.7592059Z ok 202 - ammonia: 0.1 / 0.3 mol → matched
2026-10-08T15:07:29.7592276Z   ---
2026-10-08T15:07:29.7592441Z   duration_ms: 0.26858
2026-10-08T15:07:29.7592609Z   ...
2026-10-08T15:07:29.7592862Z # Subtest: ammonia: 0.001 / 0.001 mol → second
2026-10-08T15:07:29.7593173Z ok 203 - ammonia: 0.001 / 0.001 mol → second
2026-10-08T15:07:29.7593387Z   ---
2026-10-08T15:07:29.7593545Z   duration_ms: 0.158896
2026-10-08T15:07:29.7593717Z   ...
2026-10-08T15:07:29.7593956Z # Subtest: ammonia: 0.001 / 0.003 mol → matched
2026-10-08T15:07:29.7594262Z ok 204 - ammonia: 0.001 / 0.003 mol → matched
2026-10-08T15:07:29.7594466Z   ---
2026-10-08T15:07:29.7594611Z   duration_ms: 0.103163
2026-10-08T15:07:29.7594771Z   ...
2026-10-08T15:07:29.7594998Z # Subtest: ammonia: 0.001 / 0.004 mol → first
2026-10-08T15:07:29.7595289Z ok 205 - ammonia: 0.001 / 0.004 mol → first
2026-10-08T15:07:29.7595497Z   ---
2026-10-08T15:07:29.7595651Z   duration_ms: 0.143444
2026-10-08T15:07:29.7595827Z   ...
2026-10-08T15:07:29.7596060Z # Subtest: magnesium: 1.5 / 1 mol → first
2026-10-08T15:07:29.7596344Z ok 206 - magnesium: 1.5 / 1 mol → first
2026-10-08T15:07:29.7596541Z   ---
2026-10-08T15:07:29.7596690Z   duration_ms: 0.129062
2026-10-08T15:07:29.7596859Z   ...
2026-10-08T15:07:29.7597091Z # Subtest: magnesium: 1 / 0.499 mol → second
2026-10-08T15:07:29.7597420Z ok 207 - magnesium: 1 / 0.499 mol → second
2026-10-08T15:07:29.7597622Z   ---
2026-10-08T15:07:29.7597768Z   duration_ms: 0.118527
2026-10-08T15:07:29.7597930Z   ...
2026-10-08T15:07:29.7598158Z # Subtest: magnesium: 1 / 0.5 mol → matched
2026-10-08T15:07:29.7598443Z ok 208 - magnesium: 1 / 0.5 mol → matched
2026-10-08T15:07:29.7598637Z   ---
2026-10-08T15:07:29.7598785Z   duration_ms: 0.232236
2026-10-08T15:07:29.7599103Z   ...
2026-10-08T15:07:29.7599388Z # Subtest: magnesium: 1 / 0.501 mol → first
2026-10-08T15:07:29.7599806Z ok 209 - magnesium: 1 / 0.501 mol → first
2026-10-08T15:07:29.7600118Z   ---
2026-10-08T15:07:29.7600336Z   duration_ms: 0.123124
2026-10-08T15:07:29.7600592Z   ...
2026-10-08T15:07:29.7601105Z # Subtest: water: 1000 / 1000 mol → first
2026-10-08T15:07:29.7601529Z ok 210 - water: 1000 / 1000 mol → first
2026-10-08T15:07:29.7601840Z   ---
2026-10-08T15:07:29.7602073Z   duration_ms: 0.170844
2026-10-08T15:07:29.7602323Z   ...
2026-10-08T15:07:29.7602818Z # Subtest: authored equations use the declared species and conserve each element
2026-10-08T15:07:29.7603641Z ok 211 - authored equations use the declared species and conserve each element
2026-10-08T15:07:29.7603942Z   ---
2026-10-08T15:07:29.7604102Z   duration_ms: 0.674325
2026-10-08T15:07:29.7604279Z   ...
2026-10-08T15:07:29.7604559Z # Subtest: all admitted decimal spellings resolve to exact millimoles
2026-10-08T15:07:29.7604950Z ok 212 - all admitted decimal spellings resolve to exact millimoles
2026-10-08T15:07:29.7605207Z   ---
2026-10-08T15:07:29.7605355Z   duration_ms: 0.21473
2026-10-08T15:07:29.7605531Z   ...
2026-10-08T15:07:29.7605856Z # Subtest: invalid or ambiguous amount inputs are refused without numeric coercion
2026-10-08T15:07:29.7606326Z ok 213 - invalid or ambiguous amount inputs are refused without numeric coercion
2026-10-08T15:07:29.7606614Z   ---
2026-10-08T15:07:29.7606770Z   duration_ms: 0.57087
2026-10-08T15:07:29.7606938Z   ...
2026-10-08T15:07:29.7607372Z # Subtest: positive amounts straddling an exact ratio are never classified using a floating tolerance
2026-10-08T15:07:29.7607942Z ok 214 - positive amounts straddling an exact ratio are never classified using a floating tolerance
2026-10-08T15:07:29.7608286Z   ---
2026-10-08T15:07:29.7608444Z   duration_ms: 0.125707
2026-10-08T15:07:29.7608619Z   ...
2026-10-08T15:07:29.7609146Z # Subtest: start = used + left and atom inventory is conserved across a changed-input grid
2026-10-08T15:07:29.7609696Z ok 215 - start = used + left and atom inventory is conserved across a changed-input grid
2026-10-08T15:07:29.7610001Z   ---
2026-10-08T15:07:29.7610294Z   duration_ms: 3.777267
2026-10-08T15:07:29.7610462Z   ...
2026-10-08T15:07:29.7610886Z # Subtest: doubling both supplies doubles theoretical product and excess without changing the limiting identity
2026-10-08T15:07:29.7611523Z ok 216 - doubling both supplies doubles theoretical product and excess without changing the limiting identity
2026-10-08T15:07:29.7611890Z   ---
2026-10-08T15:07:29.7612038Z   duration_ms: 0.627645
2026-10-08T15:07:29.7612204Z   ...
2026-10-08T15:07:29.7612576Z # Subtest: reaction definitions and solved records are deeply immutable without changing caller inputs
2026-10-08T15:07:29.7613157Z ok 217 - reaction definitions and solved records are deeply immutable without changing caller inputs
2026-10-08T15:07:29.7613493Z   ---
2026-10-08T15:07:29.7613642Z   duration_ms: 0.302371
2026-10-08T15:07:29.7613804Z   ...
2026-10-08T15:07:29.7614166Z # Subtest: worked record carries this prediction, mole accounting and the explicit theoretical model
2026-10-08T15:07:29.7614724Z ok 218 - worked record carries this prediction, mole accounting and the explicit theoretical model
2026-10-08T15:07:29.7615059Z   ---
2026-10-08T15:07:29.7615209Z   duration_ms: 0.734144
2026-10-08T15:07:29.7615370Z   ...
2026-10-08T15:07:29.7615758Z # Subtest: completed first answers restore in their original adaptive order with exact, unrounded estimates
2026-10-08T15:07:29.7616350Z ok 219 - completed first answers restore in their original adaptive order with exact, unrounded estimates
2026-10-08T15:07:29.7616702Z   ---
2026-10-08T15:07:29.7616854Z   duration_ms: 10.457448
2026-10-08T15:07:29.7617025Z   ...
2026-10-08T15:07:29.7617389Z # Subtest: unstarted, zero-answer, paused and complete practice remain distinct and can resume once
2026-10-08T15:07:29.7617939Z ok 220 - unstarted, zero-answer, paused and complete practice remain distinct and can resume once
2026-10-08T15:07:29.7618287Z   ---
2026-10-08T15:07:29.7618439Z   duration_ms: 4.003689
2026-10-08T15:07:29.7618605Z   ...
2026-10-08T15:07:29.7619090Z # Subtest: all-correct and all-missed completed traces use canonical answer indices
2026-10-08T15:07:29.7619688Z ok 221 - all-correct and all-missed completed traces use canonical answer indices
2026-10-08T15:07:29.7619985Z   ---
2026-10-08T15:07:29.7620137Z   duration_ms: 2.352013
2026-10-08T15:07:29.7620314Z   ...
2026-10-08T15:07:29.7620632Z # Subtest: incomplete, duplicate, unknown and out-of-range first answers are refused
2026-10-08T15:07:29.7621112Z ok 222 - incomplete, duplicate, unknown and out-of-range first answers are refused
2026-10-08T15:07:29.7621403Z   ---
2026-10-08T15:07:29.7621555Z   duration_ms: 10.467724
2026-10-08T15:07:29.7621725Z   ...
2026-10-08T15:07:29.7622102Z # Subtest: a different course revision cannot replace the current deck; property order is immaterial
2026-10-08T15:07:29.7622661Z ok 223 - a different course revision cannot replace the current deck; property order is immaterial
2026-10-08T15:07:29.7622994Z   ---
2026-10-08T15:07:29.7623141Z   duration_ms: 3.156332
2026-10-08T15:07:29.7623308Z   ...
2026-10-08T15:07:29.7623661Z # Subtest: changed model parameters, rounded estimates and incompatible versions are refused
2026-10-08T15:07:29.7624179Z ok 224 - changed model parameters, rounded estimates and incompatible versions are refused
2026-10-08T15:07:29.7624496Z   ---
2026-10-08T15:07:29.7624641Z   duration_ms: 4.702406
2026-10-08T15:07:29.7624801Z   ...
2026-10-08T15:07:29.7625129Z # Subtest: practice replay refuses duplicate, reordered, correct-first and extra answers
2026-10-08T15:07:29.7625624Z ok 225 - practice replay refuses duplicate, reordered, correct-first and extra answers
2026-10-08T15:07:29.7625931Z   ---
2026-10-08T15:07:29.7626077Z   duration_ms: 6.566428
2026-10-08T15:07:29.7626240Z   ...
2026-10-08T15:07:29.7626568Z # Subtest: bounded parsing refuses invalid JSON and oversized UTF-8 before exposing state
2026-10-08T15:07:29.7627058Z ok 226 - bounded parsing refuses invalid JSON and oversized UTF-8 before exposing state
2026-10-08T15:07:29.7627368Z   ---
2026-10-08T15:07:29.7627650Z   duration_ms: 2.627604
2026-10-08T15:07:29.7627810Z   ...
2026-10-08T15:07:29.7628166Z # Subtest: the downloadable course is the exact admitted course, without external dependencies
2026-10-08T15:07:29.7628687Z ok 227 - the downloadable course is the exact admitted course, without external dependencies
2026-10-08T15:07:29.7629175Z   ---
2026-10-08T15:07:29.7629342Z   duration_ms: 1.327688
2026-10-08T15:07:29.7629503Z   ...
2026-10-08T15:07:29.7629822Z # Subtest: rebuilding the embedded course preserves already current standalone bytes
2026-10-08T15:07:29.7630291Z ok 228 - rebuilding the embedded course preserves already current standalone bytes
2026-10-08T15:07:29.7630585Z   ---
2026-10-08T15:07:29.7630736Z   duration_ms: 37.124103
2026-10-08T15:07:29.7630913Z   ...
2026-10-08T15:07:29.7631230Z # Subtest: the course example retains a component and reconstructs the exact original
2026-10-08T15:07:29.7631702Z ok 229 - the course example retains a component and reconstructs the exact original
2026-10-08T15:07:29.7632000Z   ---
2026-10-08T15:07:29.7632146Z   duration_ms: 1.039669
2026-10-08T15:07:29.7632306Z   ...
2026-10-08T15:07:29.7632635Z # Subtest: the geometric line is unchanged by a positive or negative direction rescaling
2026-10-08T15:07:29.7633113Z ok 230 - the geometric line is unchanged by a positive or negative direction rescaling
2026-10-08T15:07:29.7633408Z   ---
2026-10-08T15:07:29.7633558Z   duration_ms: 0.405644
2026-10-08T15:07:29.7633717Z   ...
2026-10-08T15:07:29.7634040Z # Subtest: perpendicular, parallel, axis-aligned and zero-original cases remain defined
2026-10-08T15:07:29.7634536Z ok 231 - perpendicular, parallel, axis-aligned and zero-original cases remain defined
2026-10-08T15:07:29.7634836Z   ---
2026-10-08T15:07:29.7634981Z   duration_ms: 0.457432
2026-10-08T15:07:29.7635139Z   ...
2026-10-08T15:07:29.7635440Z # Subtest: malformed, missing, out-of-domain and zero direction values are refused
2026-10-08T15:07:29.7635895Z ok 232 - malformed, missing, out-of-domain and zero direction values are refused
2026-10-08T15:07:29.7636188Z   ---
2026-10-08T15:07:29.7636343Z   duration_ms: 1.587755
2026-10-08T15:07:29.7636618Z   ...
2026-10-08T15:07:29.7636902Z # Subtest: calculation does not mutate or alias its input coordinates
2026-10-08T15:07:29.7637300Z ok 233 - calculation does not mutate or alias its input coordinates
2026-10-08T15:07:29.7637563Z   ---
2026-10-08T15:07:29.7637710Z   duration_ms: 0.263102
2026-10-08T15:07:29.7637874Z   ...
2026-10-08T15:07:29.7638268Z # Subtest: 2,000 independently checked geometries satisfy the projection characterization and plot bounds
2026-10-08T15:07:29.7638865Z ok 234 - 2,000 independently checked geometries satisfy the projection characterization and plot bounds
2026-10-08T15:07:29.7639496Z   ---
2026-10-08T15:07:29.7639651Z   duration_ms: 26.905671
2026-10-08T15:07:29.7639823Z   ...
2026-10-08T15:07:29.7640189Z # Subtest: course has twelve original items, two per concept, with a balanced canonical answer key
2026-10-08T15:07:29.7640732Z ok 235 - course has twelve original items, two per concept, with a balanced canonical answer key
2026-10-08T15:07:29.7641062Z   ---
2026-10-08T15:07:29.7641217Z   duration_ms: 1.880842
2026-10-08T15:07:29.7641389Z   ...
2026-10-08T15:07:29.7641717Z # Subtest: displacement subtracts the starting point, including its negative component
2026-10-08T15:07:29.7642208Z ok 236 - displacement subtracts the starting point, including its negative component
2026-10-08T15:07:29.7642508Z   ---
2026-10-08T15:07:29.7642653Z   duration_ms: 0.655136
2026-10-08T15:07:29.7642812Z   ...
2026-10-08T15:07:29.7643157Z # Subtest: sequential displacements combine componentwise and retain the same final point
2026-10-08T15:07:29.7643664Z ok 237 - sequential displacements combine componentwise and retain the same final point
2026-10-08T15:07:29.7643976Z   ---
2026-10-08T15:07:29.7644118Z   duration_ms: 0.300197
2026-10-08T15:07:29.7644276Z   ...
2026-10-08T15:07:29.7644583Z # Subtest: Euclidean length is the square root of the sum of squared components
2026-10-08T15:07:29.7645139Z ok 238 - Euclidean length is the square root of the sum of squared components
2026-10-08T15:07:29.7645421Z   ---
2026-10-08T15:07:29.7645571Z   duration_ms: 0.196833
2026-10-08T15:07:29.7645732Z   ...
2026-10-08T15:07:29.7646042Z # Subtest: the unit direction has length one and preserves the original orientation
2026-10-08T15:07:29.7646511Z ok 239 - the unit direction has length one and preserves the original orientation
2026-10-08T15:07:29.7646799Z   ---
2026-10-08T15:07:29.7646948Z   duration_ms: 0.301184
2026-10-08T15:07:29.7647117Z   ...
2026-10-08T15:07:29.7647407Z # Subtest: the two nonzero perpendicular vectors have zero dot product
2026-10-08T15:07:29.7647793Z ok 240 - the two nonzero perpendicular vectors have zero dot product
2026-10-08T15:07:29.7648052Z   ---
2026-10-08T15:07:29.7648198Z   duration_ms: 0.149032
2026-10-08T15:07:29.7648357Z   ...
2026-10-08T15:07:29.7648655Z # Subtest: a unit-axis component retains the sign of the projected displacement
2026-10-08T15:07:29.7649252Z ok 241 - a unit-axis component retains the sign of the projected displacement
2026-10-08T15:07:29.7649537Z   ---
2026-10-08T15:07:29.7649685Z   duration_ms: 0.143333
2026-10-08T15:07:29.7649848Z   ...
2026-10-08T15:07:29.7650188Z # Subtest: the projection lies on the nonunit direction line and leaves an orthogonal residual
2026-10-08T15:07:29.7650704Z ok 242 - the projection lies on the nonunit direction line and leaves an orthogonal residual
2026-10-08T15:07:29.7651084Z   ---
2026-10-08T15:07:29.7651273Z   duration_ms: 0.232507
2026-10-08T15:07:29.7651437Z   ...
2026-10-08T15:07:29.7651733Z # Subtest: the requested residual reconstructs b as well as being perpendicular
2026-10-08T15:07:29.7652179Z ok 243 - the requested residual reconstructs b as well as being perpendicular
2026-10-08T15:07:29.7652464Z   ---
2026-10-08T15:07:29.7652619Z   duration_ms: 0.283643
2026-10-08T15:07:29.7652784Z   ...
2026-10-08T15:07:29.7653102Z # Subtest: row dot products implement the stated column-vector matrix convention
2026-10-08T15:07:29.7653553Z ok 244 - row dot products implement the stated column-vector matrix convention
2026-10-08T15:07:29.7653968Z   ---
2026-10-08T15:07:29.7654120Z   duration_ms: 0.240598
2026-10-08T15:07:29.7654284Z   ...
2026-10-08T15:07:29.7654584Z # Subtest: basis images retain the coefficients of the input linear combination
2026-10-08T15:07:29.7655018Z ok 245 - basis images retain the coefficients of the input linear combination
2026-10-08T15:07:29.7655296Z   ---
2026-10-08T15:07:29.7655442Z   duration_ms: 0.162211
2026-10-08T15:07:29.7655606Z   ...
2026-10-08T15:07:29.7655897Z # Subtest: rotation before horizontal stretch differs from the reverse order
2026-10-08T15:07:29.7656330Z ok 246 - rotation before horizontal stretch differs from the reverse order
2026-10-08T15:07:29.7656614Z   ---
2026-10-08T15:07:29.7656764Z   duration_ms: 0.205597
2026-10-08T15:07:29.7656927Z   ...
2026-10-08T15:07:29.7657201Z # Subtest: the stated distinct inputs collide under the flattening map
2026-10-08T15:07:29.7657600Z ok 247 - the stated distinct inputs collide under the flattening map
2026-10-08T15:07:29.7657857Z   ---
2026-10-08T15:07:29.7658012Z   duration_ms: 0.202742
2026-10-08T15:07:29.7658172Z   ...
2026-10-08T15:07:29.7658311Z 1..247
2026-10-08T15:07:29.7658459Z # tests 259
2026-10-08T15:07:29.7658611Z # suites 0
2026-10-08T15:07:29.7658760Z # pass 259
2026-10-08T15:07:29.7658908Z # fail 0
2026-10-08T15:07:29.7659220Z # cancelled 0
2026-10-08T15:07:29.7659377Z # skipped 0
2026-10-08T15:07:29.7659531Z # todo 0
2026-10-08T15:07:29.7659760Z # duration_ms 1406.966847
2026-10-08T15:07:29.7692807Z ##[group]Run cp demo.html /tmp/demo-before.html
2026-10-08T15:07:29.7693118Z [36;1mcp demo.html /tmp/demo-before.html[0m
2026-10-08T15:07:29.7693371Z [36;1mpython3 tools/make_demo.py[0m
2026-10-08T15:07:29.7693839Z [36;1mcmp /tmp/demo-before.html demo.html || { echo "demo.html is stale: run 'python3 tools/make_demo.py' and commit the result"; exit 1; }[0m
2026-10-08T15:07:29.7752094Z shell: /usr/bin/bash -e {0}
2026-10-08T15:07:29.7752440Z ##[endgroup]
2026-10-08T15:07:29.8035480Z Built /home/runner/work/RecallWeave/RecallWeave/demo.html (97565 bytes)
2026-10-08T15:07:29.8163203Z Post job cleanup.
2026-10-08T15:07:29.9139949Z (node:2537) [DEP0040] DeprecationWarning: The `punycode` module is deprecated. Please use a userland alternative instead.
2026-10-08T15:07:29.9140580Z (Use `node --trace-deprecation ...` to show where the warning was created)
2026-10-08T15:07:29.9313981Z Post job cleanup.
2026-10-08T15:07:30.0015061Z [command]/usr/bin/git version
2026-10-08T15:07:30.0050481Z git version 2.55.0
2026-10-08T15:07:30.0078264Z Temporarily overriding HOME='/home/runner/work/_temp/a7cb1782-22d8-41f9-8cbd-645ed1f0ed35' before making global git config changes
2026-10-08T15:07:30.0079521Z Adding repository directory to the temporary git global config as a safe directory
2026-10-08T15:07:30.0082847Z [command]/usr/bin/git config --global --add safe.directory /home/runner/work/RecallWeave/RecallWeave
2026-10-08T15:07:30.0113761Z [command]/usr/bin/git config --local --name-only --get-regexp core\.sshCommand
2026-10-08T15:07:30.0143006Z [command]/usr/bin/git submodule foreach --recursive sh -c "git config --local --name-only --get-regexp 'core\.sshCommand' && git config --local --unset-all 'core.sshCommand' || :"
2026-10-08T15:07:30.0357389Z [command]/usr/bin/git config --local --name-only --get-regexp http\.https\:\/\/github\.com\/\.extraheader
2026-10-08T15:07:30.0380997Z http.https://github.com/.extraheader
2026-10-08T15:07:30.0390151Z [command]/usr/bin/git config --local --unset-all http.https://github.com/.extraheader
2026-10-08T15:07:30.0421810Z [command]/usr/bin/git submodule foreach --recursive sh -c "git config --local --name-only --get-regexp 'http\.https\:\/\/github\.com\/\.extraheader' && git config --local --unset-all 'http.https://github.com/.extraheader' || :"
2026-10-08T15:07:30.0627662Z [command]/usr/bin/git config --local --name-only --get-regexp ^includeIf\.gitdir:
2026-10-08T15:07:30.0657788Z [command]/usr/bin/git submodule foreach --recursive git config --local --show-origin --name-only --get-regexp remote.origin.url
2026-10-08T15:07:30.0995875Z Cleaning up orphan processes
2026-10-08T15:07:30.1255133Z ##[warning]Node.js 20 is deprecated. The following actions target Node.js 20 but are being forced to run on Node.js 24: actions/checkout@11d5960a326750d5838078e36cf38b85af677262, actions/setup-node@49933ea5288caeca8642d1e84afbd3f7d6820020. For more information see: https://github.blog/changelog/2025-09-19-deprecation-of-node-20-on-github-actions-runners/
