2026-10-08T15:38:19.3816053Z Current runner version: '2.337.0'
2026-10-08T15:38:19.3841279Z ##[group]Runner Image Provisioner
2026-10-08T15:38:19.3842067Z Hosted Compute Agent
2026-10-08T15:38:19.3842611Z Version: 20261002.596
2026-10-08T15:38:19.3843427Z Commit: c3d12f3313a95f25162a1503be624f3b0617f8c0
2026-10-08T15:38:19.3844073Z Build Date: 2026-10-02T22:28:27Z
2026-10-08T15:38:19.3844714Z Worker ID: {f7967711-714e-4aaa-a38c-658e4728f1cb}
2026-10-08T15:38:19.3845357Z Region: centralus
2026-10-08T15:38:19.3845888Z Cloud: Azure
2026-10-08T15:38:19.3846445Z ##[endgroup]
2026-10-08T15:38:19.3847791Z ##[group]Operating System
2026-10-08T15:38:19.3848378Z Ubuntu
2026-10-08T15:38:19.3848828Z 24.04.5
2026-10-08T15:38:19.3849306Z LTS
2026-10-08T15:38:19.3849840Z ##[endgroup]
2026-10-08T15:38:19.3850325Z ##[group]Runner Image
2026-10-08T15:38:19.3850873Z Image: ubuntu-24.04
2026-10-08T15:38:19.3851390Z Version: 20261004.327.1
2026-10-08T15:38:19.3852662Z Included Software: https://github.com/actions/runner-images/blob/ubuntu24/20261004.327/images/ubuntu/Ubuntu2404-Readme.md
2026-10-08T15:38:19.3854287Z Image Release: https://github.com/actions/runner-images/releases/tag/ubuntu24%2F20261004.327
2026-10-08T15:38:19.3855218Z ##[endgroup]
2026-10-08T15:38:19.3856253Z ##[group]GITHUB_TOKEN Permissions
2026-10-08T15:38:19.3858185Z Contents: read
2026-10-08T15:38:19.3858699Z Metadata: read
2026-10-08T15:38:19.3859256Z ##[endgroup]
2026-10-08T15:38:19.3861327Z Secret source: Actions
2026-10-08T15:38:19.3862371Z Cache mode: write
2026-10-08T15:38:19.3863213Z Prepare workflow directory
2026-10-08T15:38:19.4240073Z Prepare all required actions
2026-10-08T15:38:19.4275445Z Getting action download info
2026-10-08T15:38:19.6650099Z Download action repository 'actions/checkout@11d5960a326750d5838078e36cf38b85af677262' (SHA:11d5960a326750d5838078e36cf38b85af677262)
2026-10-08T15:38:19.8478318Z Download action repository 'actions/setup-node@49933ea5288caeca8642d1e84afbd3f7d6820020' (SHA:49933ea5288caeca8642d1e84afbd3f7d6820020)
2026-10-08T15:38:20.2825324Z Complete job name: node-test
2026-10-08T15:38:20.3675935Z ##[group]Run actions/checkout@11d5960a326750d5838078e36cf38b85af677262
2026-10-08T15:38:20.3676930Z with:
2026-10-08T15:38:20.3677425Z   repository: Jacob-Met/RecallWeave
2026-10-08T15:38:20.3683031Z   token: ***
2026-10-08T15:38:20.3683730Z   ssh-strict: true
2026-10-08T15:38:20.3684212Z   ssh-user: git
2026-10-08T15:38:20.3684698Z   persist-credentials: true
2026-10-08T15:38:20.3685237Z   clean: true
2026-10-08T15:38:20.3685718Z   sparse-checkout-cone-mode: true
2026-10-08T15:38:20.3686296Z   fetch-depth: 1
2026-10-08T15:38:20.3686758Z   fetch-tags: false
2026-10-08T15:38:20.3687233Z   show-progress: true
2026-10-08T15:38:20.3687720Z   lfs: false
2026-10-08T15:38:20.3688176Z   submodules: false
2026-10-08T15:38:20.3688671Z   set-safe-directory: true
2026-10-08T15:38:20.3689364Z   allow-unsafe-pr-checkout: false
2026-10-08T15:38:20.3690126Z ##[endgroup]
2026-10-08T15:38:20.4416636Z Syncing repository: Jacob-Met/RecallWeave
2026-10-08T15:38:20.4418781Z ##[group]Getting Git version info
2026-10-08T15:38:20.4419623Z Working directory is '/home/runner/work/RecallWeave/RecallWeave'
2026-10-08T15:38:20.4420888Z [command]/usr/bin/git version
2026-10-08T15:38:20.4491538Z git version 2.55.0
2026-10-08T15:38:20.4514531Z ##[endgroup]
2026-10-08T15:38:20.4523611Z Temporarily overriding HOME='/home/runner/work/_temp/065cac9a-a727-41cb-a7d8-5115176a275f' before making global git config changes
2026-10-08T15:38:20.4525429Z Adding repository directory to the temporary git global config as a safe directory
2026-10-08T15:38:20.4527443Z [command]/usr/bin/git config --global --add safe.directory /home/runner/work/RecallWeave/RecallWeave
2026-10-08T15:38:20.4775056Z Deleting the contents of '/home/runner/work/RecallWeave/RecallWeave'
2026-10-08T15:38:20.4777411Z ##[group]Initializing the repository
2026-10-08T15:38:20.4778947Z [command]/usr/bin/git init /home/runner/work/RecallWeave/RecallWeave
2026-10-08T15:38:20.5273631Z hint: Using 'master' as the name for the initial branch. This default branch name
2026-10-08T15:38:20.5275955Z hint: will change to "main" in Git 3.0. To configure the initial branch name
2026-10-08T15:38:20.5277509Z hint: to use in all of your new repositories, which will suppress this warning,
2026-10-08T15:38:20.5278359Z hint: call:
2026-10-08T15:38:20.5279182Z hint:
2026-10-08T15:38:20.5279775Z hint: 	git config --global init.defaultBranch <name>
2026-10-08T15:38:20.5280452Z hint:
2026-10-08T15:38:20.5281104Z hint: Names commonly chosen instead of 'master' are 'main', 'trunk' and
2026-10-08T15:38:20.5282169Z hint: 'development'. The just-created branch can be renamed via this command:
2026-10-08T15:38:20.5282993Z hint:
2026-10-08T15:38:20.5283615Z hint: 	git branch -m <name>
2026-10-08T15:38:20.5284128Z hint:
2026-10-08T15:38:20.5284822Z hint: Disable this message with "git config set advice.defaultBranchName false"
2026-10-08T15:38:20.5355796Z Initialized empty Git repository in /home/runner/work/RecallWeave/RecallWeave/.git/
2026-10-08T15:38:20.5366171Z [command]/usr/bin/git remote add origin https://github.com/Jacob-Met/RecallWeave
2026-10-08T15:38:20.5657952Z ##[endgroup]
2026-10-08T15:38:20.5659268Z ##[group]Disabling automatic garbage collection
2026-10-08T15:38:20.5660437Z [command]/usr/bin/git config --local gc.auto 0
2026-10-08T15:38:20.5758670Z ##[endgroup]
2026-10-08T15:38:20.5759897Z ##[group]Setting up auth
2026-10-08T15:38:20.5764183Z [command]/usr/bin/git config --local --name-only --get-regexp core\.sshCommand
2026-10-08T15:38:20.5797660Z [command]/usr/bin/git submodule foreach --recursive sh -c "git config --local --name-only --get-regexp 'core\.sshCommand' && git config --local --unset-all 'core.sshCommand' || :"
2026-10-08T15:38:20.6120532Z [command]/usr/bin/git config --local --name-only --get-regexp http\.https\:\/\/github\.com\/\.extraheader
2026-10-08T15:38:20.6153561Z [command]/usr/bin/git submodule foreach --recursive sh -c "git config --local --name-only --get-regexp 'http\.https\:\/\/github\.com\/\.extraheader' && git config --local --unset-all 'http.https://github.com/.extraheader' || :"
2026-10-08T15:38:20.6345681Z [command]/usr/bin/git config --local --name-only --get-regexp ^includeIf\.gitdir:
2026-10-08T15:38:20.6378652Z [command]/usr/bin/git submodule foreach --recursive git config --local --show-origin --name-only --get-regexp remote.origin.url
2026-10-08T15:38:20.6570274Z [command]/usr/bin/git config --local http.https://github.com/.extraheader AUTHORIZATION: basic ***
2026-10-08T15:38:20.6954609Z ##[endgroup]
2026-10-08T15:38:20.6955594Z ##[group]Fetching the repository
2026-10-08T15:38:20.6962419Z [command]/usr/bin/git -c protocol.version=2 fetch --no-tags --prune --no-recurse-submodules --depth=1 origin +c7cfb3497abcc347e06c3e0e99fe1c1534267b5b:refs/remotes/pull/51/merge
2026-10-08T15:38:23.0926610Z From https://github.com/Jacob-Met/RecallWeave
2026-10-08T15:38:23.0927309Z  * [new ref]         c7cfb3497abcc347e06c3e0e99fe1c1534267b5b -> pull/51/merge
2026-10-08T15:38:23.0929749Z ##[endgroup]
2026-10-08T15:38:23.0930362Z ##[group]Determining the checkout info
2026-10-08T15:38:23.0932437Z ##[endgroup]
2026-10-08T15:38:23.0938356Z [command]/usr/bin/git sparse-checkout disable
2026-10-08T15:38:23.1062098Z [command]/usr/bin/git config --local --unset-all extensions.worktreeConfig
2026-10-08T15:38:23.1098027Z ##[group]Checking out the ref
2026-10-08T15:38:23.1102374Z [command]/usr/bin/git checkout --progress --force refs/remotes/pull/51/merge
2026-10-08T15:38:23.2533900Z Note: switching to 'refs/remotes/pull/51/merge'.
2026-10-08T15:38:23.2534290Z 
2026-10-08T15:38:23.2534505Z You are in 'detached HEAD' state. You can look around, make experimental
2026-10-08T15:38:23.2535024Z changes and commit them, and you can discard any commits you make in this
2026-10-08T15:38:23.2535776Z state without impacting any branches by switching back to a branch.
2026-10-08T15:38:23.2536055Z 
2026-10-08T15:38:23.2536278Z If you want to create a new branch to retain commits you create, you may
2026-10-08T15:38:23.2536805Z do so (now or later) by using -c with the switch command. Example:
2026-10-08T15:38:23.2537374Z 
2026-10-08T15:38:23.2537482Z   git switch -c <new-branch-name>
2026-10-08T15:38:23.2537655Z 
2026-10-08T15:38:23.2537786Z Or undo this operation with:
2026-10-08T15:38:23.2537944Z 
2026-10-08T15:38:23.2538032Z   git switch -
2026-10-08T15:38:23.2538192Z 
2026-10-08T15:38:23.2538390Z Turn off this advice by setting config variable advice.detachedHead to false
2026-10-08T15:38:23.2538672Z 
2026-10-08T15:38:23.2538999Z HEAD is now at c7cfb34 Merge 12b0b7b0e6eff4e1e6f12b104d38b4ed0bcf039b into 67b5fd0381fd8cbd843952ca2cb26434dba3b594
2026-10-08T15:38:23.2555143Z ##[endgroup]
2026-10-08T15:38:23.2598498Z [command]/usr/bin/git log -1 --format=%H
2026-10-08T15:38:23.2625514Z c7cfb3497abcc347e06c3e0e99fe1c1534267b5b
2026-10-08T15:38:23.2841163Z ##[group]Run actions/setup-node@49933ea5288caeca8642d1e84afbd3f7d6820020
2026-10-08T15:38:23.2841427Z with:
2026-10-08T15:38:23.2841574Z   node-version: 20
2026-10-08T15:38:23.2841706Z   always-auth: false
2026-10-08T15:38:23.2841857Z   check-latest: false
2026-10-08T15:38:23.2843740Z   token: ***
2026-10-08T15:38:23.2843870Z ##[endgroup]
2026-10-08T15:38:23.3899058Z Attempting to download 20...
2026-10-08T15:38:23.3974425Z (node:2080) [DEP0040] DeprecationWarning: The `punycode` module is deprecated. Please use a userland alternative instead.
2026-10-08T15:38:23.3974917Z (Use `node --trace-deprecation ...` to show where the warning was created)
2026-10-08T15:38:24.1759646Z Acquiring 20.20.2 - x64 from https://github.com/actions/node-versions/releases/download/20.20.2-23521894959/node-20.20.2-linux-x64.tar.gz
2026-10-08T15:38:24.6647708Z Extracting ...
2026-10-08T15:38:24.6735019Z [command]/usr/bin/tar xz --strip 1 --warning=no-unknown-keyword --overwrite -C /home/runner/work/_temp/4524c873-c78a-478d-94d8-b13a9a10fdf4 -f /home/runner/work/_temp/2f1dbe4a-e044-4861-8406-a8800d9a5b43
2026-10-08T15:38:25.4371368Z Adding to the cache ...
2026-10-08T15:38:27.0248105Z ##[group]Environment details
2026-10-08T15:38:27.1896180Z node: v20.20.2
2026-10-08T15:38:27.1896504Z npm: 10.8.2
2026-10-08T15:38:27.1896673Z yarn: 1.22.22
2026-10-08T15:38:27.1897168Z ##[endgroup]
2026-10-08T15:38:27.2061859Z ##[group]Run node --test tests/*.test.mjs
2026-10-08T15:38:27.2062119Z [36;1mnode --test tests/*.test.mjs[0m
2026-10-08T15:38:27.2289975Z shell: /usr/bin/bash -e {0}
2026-10-08T15:38:27.2290199Z ##[endgroup]
2026-10-08T15:38:27.2739994Z TAP version 13
2026-10-08T15:38:27.3122738Z # Subtest: display orders retain every canonical option exactly once and are immutable
2026-10-08T15:38:27.3134211Z ok 1 - display orders retain every canonical option exactly once and are immutable
2026-10-08T15:38:27.3134876Z   ---
2026-10-08T15:38:27.3135215Z   duration_ms: 8.18478
2026-10-08T15:38:27.3135527Z   ...
2026-10-08T15:38:27.3136138Z # Subtest: a stable source replays an order and changed input can put the answer in every display position
2026-10-08T15:38:27.3136929Z ok 2 - a stable source replays an order and changed input can put the answer in every display position
2026-10-08T15:38:27.3137480Z   ---
2026-10-08T15:38:27.3137738Z   duration_ms: 0.982368
2026-10-08T15:38:27.3138118Z   ...
2026-10-08T15:38:27.3138785Z # Subtest: invalid counts or random values cannot produce duplicate, missing, or unaddressable choices
2026-10-08T15:38:27.3139568Z ok 3 - invalid counts or random values cannot produce duplicate, missing, or unaddressable choices
2026-10-08T15:38:27.3140120Z   ---
2026-10-08T15:38:27.3140375Z   duration_ms: 0.238086
2026-10-08T15:38:27.3140651Z   ...
2026-10-08T15:38:27.3161280Z # Subtest: varied displayed choices keep review, corrected practice and study notes tied to their original text
2026-10-08T15:38:27.3162228Z ok 4 - varied displayed choices keep review, corrected practice and study notes tied to their original text
2026-10-08T15:38:27.3162723Z   ---
2026-10-08T15:38:27.3162927Z   duration_ms: 5.72818
2026-10-08T15:38:27.3163337Z   ...
2026-10-08T15:38:27.3306121Z # Subtest: the direct-file author page is generated from all current author modules
2026-10-08T15:38:27.3307583Z ok 5 - the direct-file author page is generated from all current author modules
2026-10-08T15:38:27.3308038Z   ---
2026-10-08T15:38:27.3308296Z   duration_ms: 35.523428
2026-10-08T15:38:27.3308651Z   ...
2026-10-08T15:38:27.3404634Z # Subtest: the binary-search course round-trips through the published deck contract
2026-10-08T15:38:27.3435578Z ok 6 - the binary-search course round-trips through the published deck contract
2026-10-08T15:38:27.3459772Z   ---
2026-10-08T15:38:27.3464575Z   duration_ms: 3.316977
2026-10-08T15:38:27.3483948Z   ...
2026-10-08T15:38:27.3495000Z # Subtest: worked first-occurrence and absent examples agree with an independent linear partition
2026-10-08T15:38:27.3495864Z ok 7 - worked first-occurrence and absent examples agree with an independent linear partition
2026-10-08T15:38:27.3496489Z   ---
2026-10-08T15:38:27.3496835Z   duration_ms: 0.22728
2026-10-08T15:38:27.3497367Z   ...
2026-10-08T15:38:27.3498813Z # Subtest: midpoint and branch answers use the course’s half-open interval convention
2026-10-08T15:38:27.3499816Z ok 8 - midpoint and branch answers use the course’s half-open interval convention
2026-10-08T15:38:27.3500445Z   ---
2026-10-08T15:38:27.3500757Z   duration_ms: 0.203024
2026-10-08T15:38:27.3501195Z   ...
2026-10-08T15:38:27.3501798Z # Subtest: the worked trace and worst-case count follow strictly shrinking intervals
2026-10-08T15:38:27.3502616Z ok 9 - the worked trace and worst-case count follow strictly shrinking intervals
2026-10-08T15:38:27.3503334Z   ---
2026-10-08T15:38:27.3503748Z   duration_ms: 6.792346
2026-10-08T15:38:27.3504079Z   ...
2026-10-08T15:38:27.3504735Z # Subtest: the actual adaptive learner visits every new question and preserves worked feedback
2026-10-08T15:38:27.3505621Z ok 10 - the actual adaptive learner visits every new question and preserves worked feedback
2026-10-08T15:38:27.3506261Z   ---
2026-10-08T15:38:27.3506558Z   duration_ms: 12.563905
2026-10-08T15:38:27.3506977Z   ...
2026-10-08T15:38:27.3738584Z # Subtest: catalog keeps exact raw text and an immutable copy of checked metadata
2026-10-08T15:38:27.3751654Z ok 11 - catalog keeps exact raw text and an immutable copy of checked metadata
2026-10-08T15:38:27.3773892Z   ---
2026-10-08T15:38:27.3774310Z   duration_ms: 2.148991
2026-10-08T15:38:27.3774697Z   ...
2026-10-08T15:38:27.3775315Z # Subtest: curated paths reject traversal, external URLs, authoring sources and duplicates
2026-10-08T15:38:27.3776071Z ok 12 - curated paths reject traversal, external URLs, authoring sources and duplicates
2026-10-08T15:38:27.3776560Z   ---
2026-10-08T15:38:27.3776858Z   duration_ms: 1.009639
2026-10-08T15:38:27.3777158Z   ...
2026-10-08T15:38:27.3777643Z # Subtest: search uses title and concept substrings with stable order and trimmed case
2026-10-08T15:38:27.3778325Z ok 13 - search uses title and concept substrings with stable order and trimmed case
2026-10-08T15:38:27.3778789Z   ---
2026-10-08T15:38:27.3779083Z   duration_ms: 0.431205
2026-10-08T15:38:27.3779392Z   ...
2026-10-08T15:38:27.3831061Z # Subtest: standalone build matches checked-in HTML and embeds every original file unchanged
2026-10-08T15:38:27.3834395Z ok 14 - standalone build matches checked-in HTML and embeds every original file unchanged
2026-10-08T15:38:27.3835122Z   ---
2026-10-08T15:38:27.3835484Z   duration_ms: 15.201305
2026-10-08T15:38:27.3835859Z   ...
2026-10-08T15:38:27.3905420Z # Subtest: embedded course text cannot terminate the data script or become executable markup
2026-10-08T15:38:27.3910361Z ok 15 - embedded course text cannot terminate the data script or become executable markup
2026-10-08T15:38:27.3931051Z   ---
2026-10-08T15:38:27.3931556Z   duration_ms: 5.201783
2026-10-08T15:38:27.3931928Z   ...
2026-10-08T15:38:27.4255426Z # Subtest: builder refuses extra arguments before writing the generated page
2026-10-08T15:38:27.4258470Z ok 16 - builder refuses extra arguments before writing the generated page
2026-10-08T15:38:27.4259122Z   ---
2026-10-08T15:38:27.4259473Z   duration_ms: 37.442421
2026-10-08T15:38:27.4260275Z   ...
2026-10-08T15:38:27.4371471Z # Subtest: the standalone Lesson focus file matches its actual modular sources
2026-10-08T15:38:27.4397470Z ok 17 - the standalone Lesson focus file matches its actual modular sources
2026-10-08T15:38:27.4423998Z   ---
2026-10-08T15:38:27.4424895Z   duration_ms: 30.896583
2026-10-08T15:38:27.4427856Z   ...
2026-10-08T15:38:27.4428604Z # Subtest: all questions and both prerequisite branches survive a focused lesson
2026-10-08T15:38:27.4429537Z ok 18 - all questions and both prerequisite branches survive a focused lesson
2026-10-08T15:38:27.4430046Z   ---
2026-10-08T15:38:27.4430415Z   duration_ms: 4.143281
2026-10-08T15:38:27.4430743Z   ...
2026-10-08T15:38:27.4431358Z # Subtest: requested concepts remain explicit when they are also a prerequisite
2026-10-08T15:38:27.4432120Z ok 19 - requested concepts remain explicit when they are also a prerequisite
2026-10-08T15:38:27.4432687Z   ---
2026-10-08T15:38:27.4432996Z   duration_ms: 0.366698
2026-10-08T15:38:27.4433513Z   ...
2026-10-08T15:38:27.4434385Z # Subtest: clearing or changing targets never retains an earlier closure
2026-10-08T15:38:27.4435134Z ok 20 - clearing or changing targets never retains an earlier closure
2026-10-08T15:38:27.4435647Z   ---
2026-10-08T15:38:27.4436012Z   duration_ms: 0.915719
2026-10-08T15:38:27.4436341Z   ...
2026-10-08T15:38:27.4436914Z # Subtest: literal names, answer identities and immutable copied results
2026-10-08T15:38:27.4437615Z ok 21 - literal names, answer identities and immutable copied results
2026-10-08T15:38:27.4438115Z   ---
2026-10-08T15:38:27.4438473Z   duration_ms: 0.507919
2026-10-08T15:38:27.4438814Z   ...
2026-10-08T15:38:27.4439430Z # Subtest: invalid source, selection and title are refused before producing a lesson
2026-10-08T15:38:27.4440224Z ok 22 - invalid source, selection and title are refused before producing a lesson
2026-10-08T15:38:27.4440815Z   ---
2026-10-08T15:38:27.4441125Z   duration_ms: 1.614042
2026-10-08T15:38:27.4441553Z   ...
2026-10-08T15:38:27.4442170Z # Subtest: real supplied courses retain all content when all concepts are chosen
2026-10-08T15:38:27.4443440Z ok 23 - real supplied courses retain all content when all concepts are chosen
2026-10-08T15:38:27.4444034Z   ---
2026-10-08T15:38:27.4444346Z   duration_ms: 2.902577
2026-10-08T15:38:27.4444800Z   ...
2026-10-08T15:38:27.4445509Z # Subtest: compact output fits the real file limit and an oversized result is refused
2026-10-08T15:38:27.4446481Z ok 24 - compact output fits the real file limit and an oversized result is refused
2026-10-08T15:38:27.4447075Z   ---
2026-10-08T15:38:27.4447383Z   duration_ms: 7.041502
2026-10-08T15:38:27.4447827Z   ...
2026-10-08T15:38:27.4738508Z # Subtest: the direct-file handout page is generated from the current validator, document and UI sources
2026-10-08T15:38:27.4739701Z ok 25 - the direct-file handout page is generated from the current validator, document and UI sources
2026-10-08T15:38:27.4740435Z   ---
2026-10-08T15:38:27.4740762Z   duration_ms: 30.041392
2026-10-08T15:38:27.4741159Z   ...
2026-10-08T15:38:27.4821527Z # Subtest: worksheet projection contains only original public question fields in canonical order
2026-10-08T15:38:27.4841681Z ok 26 - worksheet projection contains only original public question fields in canonical order
2026-10-08T15:38:27.4842369Z   ---
2026-10-08T15:38:27.4842730Z   duration_ms: 2.203383
2026-10-08T15:38:27.4843205Z   ...
2026-10-08T15:38:27.4843839Z # Subtest: separate answer key maps B, A and F to the original two, four and six option arrays
2026-10-08T15:38:27.4844695Z ok 27 - separate answer key maps B, A and F to the original two, four and six option arrays
2026-10-08T15:38:27.4845223Z   ---
2026-10-08T15:38:27.4845542Z   duration_ms: 0.283133
2026-10-08T15:38:27.4845861Z   ...
2026-10-08T15:38:27.4846384Z # Subtest: projection is a frozen snapshot and cannot mutate or alias the selected deck
2026-10-08T15:38:27.4847093Z ok 28 - projection is a frozen snapshot and cannot mutate or alias the selected deck
2026-10-08T15:38:27.4848043Z   ---
2026-10-08T15:38:27.4848403Z   duration_ms: 0.688379
2026-10-08T15:38:27.4848752Z   ...
2026-10-08T15:38:27.4849346Z # Subtest: downloaded worksheet JSON and HTML omit authored answers and explanations
2026-10-08T15:38:27.4850075Z ok 29 - downloaded worksheet JSON and HTML omit authored answers and explanations
2026-10-08T15:38:27.4851088Z   ---
2026-10-08T15:38:27.4851795Z   duration_ms: 0.711103
2026-10-08T15:38:27.4852130Z   ...
2026-10-08T15:38:27.4852698Z # Subtest: downloaded answer key carries exact authored answers, explanations and credit
2026-10-08T15:38:27.4853651Z ok 30 - downloaded answer key carries exact authored answers, explanations and credit
2026-10-08T15:38:27.4854150Z   ---
2026-10-08T15:38:27.4854465Z   duration_ms: 0.455631
2026-10-08T15:38:27.4854791Z   ...
2026-10-08T15:38:27.4855518Z # Subtest: literal Unicode, markup, line endings and script delimiters survive JSON without becoming executable markup
2026-10-08T15:38:27.4856445Z ok 31 - literal Unicode, markup, line endings and script delimiters survive JSON without becoming executable markup
2026-10-08T15:38:27.4857050Z   ---
2026-10-08T15:38:27.4857356Z   duration_ms: 1.594984
2026-10-08T15:38:27.4857679Z   ...
2026-10-08T15:38:27.4858236Z # Subtest: real Deck studio checked downloads retain reordered questions and answer identity
2026-10-08T15:38:27.4858944Z ok 32 - real Deck studio checked downloads retain reordered questions and answer identity
2026-10-08T15:38:27.4859408Z   ---
2026-10-08T15:38:27.4859699Z   duration_ms: 0.837801
2026-10-08T15:38:27.4860012Z   ...
2026-10-08T15:38:27.4860555Z # Subtest: real parser rejects malformed, unsupported and oversized local deck input
2026-10-08T15:38:27.4861308Z ok 33 - real parser rejects malformed, unsupported and oversized local deck input
2026-10-08T15:38:27.4861814Z   ---
2026-10-08T15:38:27.4862149Z   duration_ms: 0.974917
2026-10-08T15:38:27.4862469Z   ...
2026-10-08T15:38:27.4863154Z # Subtest: handout creation refuses invalid deck answers instead of producing an untrustworthy key
2026-10-08T15:38:27.4864198Z ok 34 - handout creation refuses invalid deck answers instead of producing an untrustworthy key
2026-10-08T15:38:27.4864732Z   ---
2026-10-08T15:38:27.4865036Z   duration_ms: 0.402551
2026-10-08T15:38:27.4865354Z   ...
2026-10-08T15:38:27.4865919Z # Subtest: document modes are explicit and invalid choices never silently produce an answer key
2026-10-08T15:38:27.4866746Z ok 35 - document modes are explicit and invalid choices never silently produce an answer key
2026-10-08T15:38:27.4867251Z   ---
2026-10-08T15:38:27.4867563Z   duration_ms: 0.424815
2026-10-08T15:38:27.4867883Z   ...
2026-10-08T15:38:27.4868330Z # Subtest: worksheet and key filenames are distinct bounded local names
2026-10-08T15:38:27.4868898Z ok 36 - worksheet and key filenames are distinct bounded local names
2026-10-08T15:38:27.4869302Z   ---
2026-10-08T15:38:27.4869593Z   duration_ms: 0.312657
2026-10-08T15:38:27.4869904Z   ...
2026-10-08T15:38:27.4870439Z # Subtest: repeat exports are deterministic and leave the original selected JSON unchanged
2026-10-08T15:38:27.4871193Z ok 37 - repeat exports are deterministic and leave the original selected JSON unchanged
2026-10-08T15:38:27.4871702Z   ---
2026-10-08T15:38:27.4872007Z   duration_ms: 0.335882
2026-10-08T15:38:27.4872333Z   ...
2026-10-08T15:38:27.7334723Z # Subtest: unfinished and completely empty drafts save without claiming lesson validity
2026-10-08T15:38:27.7364659Z ok 38 - unfinished and completely empty drafts save without claiming lesson validity
2026-10-08T15:38:27.7392710Z   ---
2026-10-08T15:38:27.7420292Z   duration_ms: 4.259706
2026-10-08T15:38:27.7453961Z   ...
2026-10-08T15:38:27.7482316Z # Subtest: duplicate text, cyclic and self prerequisites, and unfinished selections survive for repair
2026-10-08T15:38:27.7486751Z ok 39 - duplicate text, cyclic and self prerequisites, and unfinished selections survive for repair
2026-10-08T15:38:27.7487444Z   ---
2026-10-08T15:38:27.7487928Z   duration_ms: 1.055468
2026-10-08T15:38:27.7488541Z   ...
2026-10-08T15:38:27.7489046Z # Subtest: ready imported lessons retain public IDs, ordered content, answer identity and checked bytes
2026-10-08T15:38:27.7489756Z ok 40 - ready imported lessons retain public IDs, ordered content, answer identity and checked bytes
2026-10-08T15:38:27.7490169Z   ---
2026-10-08T15:38:27.7490348Z   duration_ms: 1.234905
2026-10-08T15:38:27.7490541Z   ...
2026-10-08T15:38:27.7490977Z # Subtest: canonical private keys recover near-limit counters without changing public IDs or live state
2026-10-08T15:38:27.7491684Z ok 41 - canonical private keys recover near-limit counters without changing public IDs or live state
2026-10-08T15:38:27.7492064Z   ---
2026-10-08T15:38:27.7492240Z   duration_ms: 1.288485
2026-10-08T15:38:27.7492452Z   ...
2026-10-08T15:38:27.7492823Z # Subtest: staged drafts are deeply frozen and replacement copies remain editable
2026-10-08T15:38:27.7493542Z ok 42 - staged drafts are deeply frozen and replacement copies remain editable
2026-10-08T15:38:27.7493947Z   ---
2026-10-08T15:38:27.7494119Z   duration_ms: 0.260379
2026-10-08T15:38:27.7494317Z   ...
2026-10-08T15:38:27.7494828Z # Subtest: missing or ambiguous internal references, malformed shape and unsafe counters refuse before admission
2026-10-08T15:38:27.7495561Z ok 43 - missing or ambiguous internal references, malformed shape and unsafe counters refuse before admission
2026-10-08T15:38:27.7495953Z   ---
2026-10-08T15:38:27.7496123Z   duration_ms: 1.635244
2026-10-08T15:38:27.7496395Z   ...
2026-10-08T15:38:27.7496712Z # Subtest: only recognized editor fields cross the draft boundary
2026-10-08T15:38:27.7514808Z ok 44 - only recognized editor fields cross the draft boundary
2026-10-08T15:38:27.7520619Z   ---
2026-10-08T15:38:27.7521093Z   duration_ms: 0.355962
2026-10-08T15:38:27.7521514Z   ...
2026-10-08T15:38:27.7522109Z # Subtest: a lesson larger than its admission limit can be saved as a draft and repaired later
2026-10-08T15:38:27.7522882Z ok 45 - a lesson larger than its admission limit can be saved as a draft and repaired later
2026-10-08T15:38:27.7523572Z   ---
2026-10-08T15:38:27.7524157Z   duration_ms: 7.872024
2026-10-08T15:38:27.7524495Z   ...
2026-10-08T15:38:27.7525090Z # Subtest: draft size limits count actual UTF-8 bytes and failed saving leaves writing intact
2026-10-08T15:38:27.7525872Z ok 46 - draft size limits count actual UTF-8 bytes and failed saving leaves writing intact
2026-10-08T15:38:27.7526386Z   ---
2026-10-08T15:38:27.7526696Z   duration_ms: 38.793821
2026-10-08T15:38:27.7527030Z   ...
2026-10-08T15:38:27.7527613Z # Subtest: compact drafts remain saveable near and exactly at the byte limit without added whitespace
2026-10-08T15:38:27.7528405Z ok 47 - compact drafts remain saveable near and exactly at the byte limit without added whitespace
2026-10-08T15:38:27.7528939Z   ---
2026-10-08T15:38:27.7529250Z   duration_ms: 169.17859
2026-10-08T15:38:27.7529584Z   ...
2026-10-08T15:38:27.7530157Z # Subtest: a file whose canonical private keys exceed the saved limit is refused before admission
2026-10-08T15:38:27.7530958Z ok 48 - a file whose canonical private keys exceed the saved limit is refused before admission
2026-10-08T15:38:27.7531490Z   ---
2026-10-08T15:38:27.7531801Z   duration_ms: 27.266345
2026-10-08T15:38:27.7532137Z   ...
2026-10-08T15:38:27.7548914Z # Subtest: a valid deck stages without touching authored text and commits once with full immutable content
2026-10-08T15:38:27.7654539Z ok 49 - a valid deck stages without touching authored text and commits once with full immutable content
2026-10-08T15:38:27.7655455Z   ---
2026-10-08T15:38:27.7683949Z   duration_ms: 5.727218
2026-10-08T15:38:27.7691375Z   ...
2026-10-08T15:38:27.7692306Z # Subtest: invalid JSON, invalid answer, oversized file and unreadable file preserve the draft and allow retry
2026-10-08T15:38:27.7693498Z ok 50 - invalid JSON, invalid answer, oversized file and unreadable file preserve the draft and allow retry
2026-10-08T15:38:27.7694124Z   ---
2026-10-08T15:38:27.7694428Z   duration_ms: 6.014227
2026-10-08T15:38:27.7695280Z   ...
2026-10-08T15:38:27.7695916Z # Subtest: unfinished and cyclic draft files stage visibly and replace once with an immutable editable state
2026-10-08T15:38:27.7696794Z ok 51 - unfinished and cyclic draft files stage visibly and replace once with an immutable editable state
2026-10-08T15:38:27.7697374Z   ---
2026-10-08T15:38:27.7697681Z   duration_ms: 2.595218
2026-10-08T15:38:27.7698004Z   ...
2026-10-08T15:38:27.7698580Z # Subtest: a draft suffix cannot admit an oversized lesson deck through the larger draft-file limit
2026-10-08T15:38:27.7699438Z ok 52 - a draft suffix cannot admit an oversized lesson deck through the larger draft-file limit
2026-10-08T15:38:27.7699956Z   ---
2026-10-08T15:38:27.7700259Z   duration_ms: 4.9119
2026-10-08T15:38:27.7700571Z   ...
2026-10-08T15:38:27.7701157Z # Subtest: malformed and unsupported editable drafts preserve the old draft and retire pending previews
2026-10-08T15:38:27.7701981Z ok 53 - malformed and unsupported editable drafts preserve the old draft and retire pending previews
2026-10-08T15:38:27.7702561Z   ---
2026-10-08T15:38:27.7702869Z   duration_ms: 3.148525
2026-10-08T15:38:27.7703431Z   ...
2026-10-08T15:38:27.7703990Z # Subtest: newest selected format wins across slow draft-to-deck and deck-to-draft reads
2026-10-08T15:38:27.7704776Z ok 54 - newest selected format wins across slow draft-to-deck and deck-to-draft reads
2026-10-08T15:38:27.7705296Z   ---
2026-10-08T15:38:27.7705592Z   duration_ms: 2.618359
2026-10-08T15:38:27.7705909Z   ...
2026-10-08T15:38:27.7706480Z # Subtest: explicit Keep current draft clears staged replacement and restores the open control focus
2026-10-08T15:38:27.7707296Z ok 55 - explicit Keep current draft clears staged replacement and restores the open control focus
2026-10-08T15:38:27.7707841Z   ---
2026-10-08T15:38:27.7708151Z   duration_ms: 1.004009
2026-10-08T15:38:27.7708485Z   ...
2026-10-08T15:38:27.7709033Z # Subtest: opening another chooser invalidates its old preview even when the chooser is cancelled
2026-10-08T15:38:27.7710081Z ok 56 - opening another chooser invalidates its old preview even when the chooser is cancelled
2026-10-08T15:38:27.7710625Z   ---
2026-10-08T15:38:27.7710925Z   duration_ms: 0.718413
2026-10-08T15:38:27.7711227Z   ...
2026-10-08T15:38:27.7711684Z # Subtest: a newer valid choice wins over an earlier slow success or failure
2026-10-08T15:38:27.7712304Z ok 57 - a newer valid choice wins over an earlier slow success or failure
2026-10-08T15:38:27.7712734Z   ---
2026-10-08T15:38:27.7713029Z   duration_ms: 3.259791
2026-10-08T15:38:27.7713500Z   ...
2026-10-08T15:38:27.7714023Z # Subtest: cancelled or empty file selection prevents a late read from reopening a preview
2026-10-08T15:38:27.7714762Z ok 58 - cancelled or empty file selection prevents a late read from reopening a preview
2026-10-08T15:38:27.7715244Z   ---
2026-10-08T15:38:27.7715532Z   duration_ms: 0.881057
2026-10-08T15:38:27.7715843Z   ...
2026-10-08T15:38:27.7716322Z # Subtest: invalid newer files invalidate an earlier pending or staged valid deck
2026-10-08T15:38:27.7716997Z ok 59 - invalid newer files invalidate an earlier pending or staged valid deck
2026-10-08T15:38:27.7717456Z   ---
2026-10-08T15:38:27.7717738Z   duration_ms: 1.225942
2026-10-08T15:38:27.7718036Z   ...
2026-10-08T15:38:27.7718589Z # Subtest: undo restores all writing while clearing only references to deliberately removed concepts
2026-10-08T15:38:27.7719393Z ok 60 - undo restores all writing while clearing only references to deliberately removed concepts
2026-10-08T15:38:27.7719909Z   ---
2026-10-08T15:38:27.7720199Z   duration_ms: 1.411139
2026-10-08T15:38:27.7720504Z   ...
2026-10-08T15:38:27.7721090Z # Subtest: undo retains known selections and even unfinished self links while removing a missing prerequisite
2026-10-08T15:38:27.7721965Z ok 61 - undo retains known selections and even unfinished self links while removing a missing prerequisite
2026-10-08T15:38:27.7722511Z   ---
2026-10-08T15:38:27.7722804Z   duration_ms: 0.250855
2026-10-08T15:38:27.7723435Z   ...
2026-10-08T15:38:27.7723897Z # Subtest: blank editor requires authored metadata and a deliberate answer
2026-10-08T15:38:27.7724517Z ok 62 - blank editor requires authored metadata and a deliberate answer
2026-10-08T15:38:27.7724933Z   ---
2026-10-08T15:38:27.7725219Z   duration_ms: 3.012962
2026-10-08T15:38:27.7725521Z   ...
2026-10-08T15:38:27.7726082Z # Subtest: opening a validated lesson makes an independent editable draft and preserves IDs and literals
2026-10-08T15:38:27.7726901Z ok 63 - opening a validated lesson makes an independent editable draft and preserves IDs and literals
2026-10-08T15:38:27.7727422Z   ---
2026-10-08T15:38:27.7727704Z   duration_ms: 0.753807
2026-10-08T15:38:27.7728052Z   ...
2026-10-08T15:38:27.7728562Z # Subtest: correctness follows an option when moved or when a preceding option is removed
2026-10-08T15:38:27.7729253Z ok 64 - correctness follows an option when moved or when a preceding option is removed
2026-10-08T15:38:27.7729738Z   ---
2026-10-08T15:38:27.7730032Z   duration_ms: 0.543592
2026-10-08T15:38:27.7730335Z   ...
2026-10-08T15:38:27.7730792Z # Subtest: option limits refuse without deleting text or changing the answer
2026-10-08T15:38:27.7731402Z ok 65 - option limits refuse without deleting text or changing the answer
2026-10-08T15:38:27.7731853Z   ---
2026-10-08T15:38:27.7732135Z   duration_ms: 0.496081
2026-10-08T15:38:27.7732440Z   ...
2026-10-08T15:38:27.7733000Z # Subtest: concept renaming updates question and prerequisite references while used deletion is refused
2026-10-08T15:38:27.7734125Z ok 66 - concept renaming updates question and prerequisite references while used deletion is refused
2026-10-08T15:38:27.7734648Z   ---
2026-10-08T15:38:27.7734922Z   duration_ms: 0.322392
2026-10-08T15:38:27.7735410Z   ...
2026-10-08T15:38:27.7735996Z # Subtest: cycles, uncovered concepts and duplicate answer text remain repairable drafts
2026-10-08T15:38:27.7736964Z ok 67 - cycles, uncovered concepts and duplicate answer text remain repairable drafts
2026-10-08T15:38:27.7737458Z   ---
2026-10-08T15:38:27.7737742Z   duration_ms: 0.423012
2026-10-08T15:38:27.7738050Z   ...
2026-10-08T15:38:27.7738799Z # Subtest: question reordering and undo restore the removed question without rolling back later edits
2026-10-08T15:38:27.7739613Z ok 68 - question reordering and undo restore the removed question without rolling back later edits
2026-10-08T15:38:27.7740133Z   ---
2026-10-08T15:38:27.7740460Z   duration_ms: 1.136918
2026-10-08T15:38:27.7740760Z   ...
2026-10-08T15:38:27.7741237Z # Subtest: new question IDs do not overwrite IDs from an opened deck
2026-10-08T15:38:27.7741793Z ok 69 - new question IDs do not overwrite IDs from an opened deck
2026-10-08T15:38:27.7742202Z   ---
2026-10-08T15:38:27.7742488Z   duration_ms: 0.361069
2026-10-08T15:38:27.7742789Z   ...
2026-10-08T15:38:27.7743526Z # Subtest: checked snapshots are immutable, deterministic, and separate from later draft edits
2026-10-08T15:38:27.7744428Z ok 70 - checked snapshots are immutable, deterministic, and separate from later draft edits
2026-10-08T15:38:27.7744950Z   ---
2026-10-08T15:38:27.7745233Z   duration_ms: 0.338035
2026-10-08T15:38:27.7745525Z   ...
2026-10-08T15:38:27.7746070Z # Subtest: individually valid multibyte content cannot export a file larger than the importer admits
2026-10-08T15:38:27.7746964Z ok 71 - individually valid multibyte content cannot export a file larger than the importer admits
2026-10-08T15:38:27.7747474Z   ---
2026-10-08T15:38:27.7747922Z   duration_ms: 5.756622
2026-10-08T15:38:27.7748233Z   ...
2026-10-08T15:38:27.7748609Z # Subtest: download filenames are bounded local names
2026-10-08T15:38:27.7749087Z ok 72 - download filenames are bounded local names
2026-10-08T15:38:27.7749461Z   ---
2026-10-08T15:38:27.7749746Z   duration_ms: 0.286868
2026-10-08T15:38:27.7750046Z   ...
2026-10-08T15:38:27.7750515Z # Subtest: the existing bundled deck imports unchanged without a format field
2026-10-08T15:38:27.7751133Z ok 73 - the existing bundled deck imports unchanged without a format field
2026-10-08T15:38:27.7751780Z   ---
2026-10-08T15:38:27.7752060Z   duration_ms: 2.022572
2026-10-08T15:38:27.7752367Z   ...
2026-10-08T15:38:27.7752851Z # Subtest: a deck is an immutable copy, and unknown fields cannot configure the runtime
2026-10-08T15:38:27.7753662Z ok 74 - a deck is an immutable copy, and unknown fields cannot configure the runtime
2026-10-08T15:38:27.7754122Z   ---
2026-10-08T15:38:27.7754401Z   duration_ms: 0.521389
2026-10-08T15:38:27.7754699Z   ...
2026-10-08T15:38:27.7755232Z # Subtest: malformed JSON, unsupported versions and wrong top-level values give actionable errors
2026-10-08T15:38:27.7756005Z ok 75 - malformed JSON, unsupported versions and wrong top-level values give actionable errors
2026-10-08T15:38:27.7756662Z   ---
2026-10-08T15:38:27.7756959Z   duration_ms: 0.235172
2026-10-08T15:38:27.7757272Z   ...
2026-10-08T15:38:27.7757732Z # Subtest: JSON byte limit counts multibyte text and accepts the exact boundary
2026-10-08T15:38:27.7758371Z ok 76 - JSON byte limit counts multibyte text and accepts the exact boundary
2026-10-08T15:38:27.7758816Z   ---
2026-10-08T15:38:27.7759107Z   duration_ms: 2.593916
2026-10-08T15:38:27.7759405Z   ...
2026-10-08T15:38:27.7759877Z # Subtest: required readable metadata and bounded question fields are validated
2026-10-08T15:38:27.7760524Z ok 77 - required readable metadata and bounded question fields are validated
2026-10-08T15:38:27.7760961Z   ---
2026-10-08T15:38:27.7761241Z   duration_ms: 1.520892
2026-10-08T15:38:27.7761541Z   ...
2026-10-08T15:38:27.7762018Z # Subtest: empty and oversized collections and duplicate identities are refused
2026-10-08T15:38:27.7762663Z ok 78 - empty and oversized collections and duplicate identities are refused
2026-10-08T15:38:27.7763360Z   ---
2026-10-08T15:38:27.7763643Z   duration_ms: 0.332427
2026-10-08T15:38:27.7763939Z   ...
2026-10-08T15:38:27.7764407Z # Subtest: every question and prerequisite must name a known covered concept
2026-10-08T15:38:27.7765035Z ok 79 - every question and prerequisite must name a known covered concept
2026-10-08T15:38:27.7765470Z   ---
2026-10-08T15:38:27.7765934Z   duration_ms: 0.143724
2026-10-08T15:38:27.7766245Z   ...
2026-10-08T15:38:27.7766751Z # Subtest: self-requirements and concept cycles across different questions are refused
2026-10-08T15:38:27.7767447Z ok 80 - self-requirements and concept cycles across different questions are refused
2026-10-08T15:38:27.7767913Z   ---
2026-10-08T15:38:27.7768199Z   duration_ms: 0.208471
2026-10-08T15:38:27.7768500Z   ...
2026-10-08T15:38:27.7769011Z # Subtest: choices require distinct readable options and an actual integer answer index
2026-10-08T15:38:27.7769701Z ok 81 - choices require distinct readable options and an actual integer answer index
2026-10-08T15:38:27.7770171Z   ---
2026-10-08T15:38:27.7770453Z   duration_ms: 0.456372
2026-10-08T15:38:27.7770756Z   ...
2026-10-08T15:38:27.7771272Z # Subtest: 100 questions and 32 concepts work through the existing selector to exhaustion
2026-10-08T15:38:27.7771967Z ok 82 - 100 questions and 32 concepts work through the existing selector to exhaustion
2026-10-08T15:38:27.7772431Z   ---
2026-10-08T15:38:27.7772731Z   duration_ms: 99.395899
2026-10-08T15:38:27.7773179Z   ...
2026-10-08T15:38:27.7773744Z # Subtest: imported answer indices, literal text and object-key names survive learning and practice
2026-10-08T15:38:27.7774519Z ok 83 - imported answer indices, literal text and object-key names survive learning and practice
2026-10-08T15:38:27.7775030Z   ---
2026-10-08T15:38:27.7775311Z   duration_ms: 0.663842
2026-10-08T15:38:27.7775610Z   ...
2026-10-08T15:38:27.7776153Z # Subtest: downloadable example round-trips through the import contract with full attribution
2026-10-08T15:38:27.7776907Z ok 84 - downloadable example round-trips through the import contract with full attribution
2026-10-08T15:38:27.7777403Z   ---
2026-10-08T15:38:27.7777688Z   duration_ms: 0.533758
2026-10-08T15:38:27.7777996Z   ...
2026-10-08T15:38:27.7778497Z # Subtest: the exact original course is bounded, admitted, balanced and round-trippable
2026-10-08T15:38:27.7779560Z ok 85 - the exact original course is bounded, admitted, balanced and round-trippable
2026-10-08T15:38:27.7780036Z   ---
2026-10-08T15:38:27.7780322Z   duration_ms: 2.328299
2026-10-08T15:38:27.7780632Z   ...
2026-10-08T15:38:27.7781113Z # Subtest: every stated answer follows the literal graph, with one correct option
2026-10-08T15:38:27.7781609Z     # Subtest: dg-links-1
2026-10-08T15:38:27.7781937Z     ok 1 - dg-links-1
2026-10-08T15:38:27.7782242Z       ---
2026-10-08T15:38:27.7782543Z       duration_ms: 0.393869
2026-10-08T15:38:27.7782864Z       ...
2026-10-08T15:38:27.7783306Z     # Subtest: dg-links-2
2026-10-08T15:38:27.7783627Z     ok 2 - dg-links-2
2026-10-08T15:38:27.7783926Z       ---
2026-10-08T15:38:27.7784224Z       duration_ms: 0.316323
2026-10-08T15:38:27.7784553Z       ...
2026-10-08T15:38:27.7784836Z     # Subtest: dg-links-3
2026-10-08T15:38:27.7785152Z     ok 3 - dg-links-3
2026-10-08T15:38:27.7785448Z       ---
2026-10-08T15:38:27.7785813Z       duration_ms: 1.441194
2026-10-08T15:38:27.7786133Z       ...
2026-10-08T15:38:27.7786423Z     # Subtest: dg-reach-1
2026-10-08T15:38:27.7786739Z     ok 4 - dg-reach-1
2026-10-08T15:38:27.7787037Z       ---
2026-10-08T15:38:27.7787320Z       duration_ms: 0.355611
2026-10-08T15:38:27.7787633Z       ...
2026-10-08T15:38:27.7787919Z     # Subtest: dg-reach-2
2026-10-08T15:38:27.7788228Z     ok 5 - dg-reach-2
2026-10-08T15:38:27.7788524Z       ---
2026-10-08T15:38:27.7813809Z       duration_ms: 0.28102
2026-10-08T15:38:27.7814148Z       ...
2026-10-08T15:38:27.7814486Z     # Subtest: dg-reach-3
2026-10-08T15:38:27.7814821Z     ok 6 - dg-reach-3
2026-10-08T15:38:27.7815137Z       ---
2026-10-08T15:38:27.7815445Z       duration_ms: 0.15355
2026-10-08T15:38:27.7815766Z       ...
2026-10-08T15:38:27.7816067Z     # Subtest: dg-order-1
2026-10-08T15:38:27.7816399Z     ok 7 - dg-order-1
2026-10-08T15:38:27.7816712Z       ---
2026-10-08T15:38:27.7817006Z       duration_ms: 0.195302
2026-10-08T15:38:27.7817338Z       ...
2026-10-08T15:38:27.7817630Z     # Subtest: dg-order-2
2026-10-08T15:38:27.7818445Z     ok 8 - dg-order-2
2026-10-08T15:38:27.7818795Z       ---
2026-10-08T15:38:27.7819094Z       duration_ms: 0.277434
2026-10-08T15:38:27.7819413Z       ...
2026-10-08T15:38:27.7819709Z     # Subtest: dg-order-3
2026-10-08T15:38:27.7820038Z     ok 9 - dg-order-3
2026-10-08T15:38:27.7820347Z       ---
2026-10-08T15:38:27.7820648Z       duration_ms: 0.344485
2026-10-08T15:38:27.7820965Z       ...
2026-10-08T15:38:27.7821259Z     # Subtest: dg-update-1
2026-10-08T15:38:27.7821594Z     ok 10 - dg-update-1
2026-10-08T15:38:27.7821899Z       ---
2026-10-08T15:38:27.7822197Z       duration_ms: 0.942639
2026-10-08T15:38:27.7822509Z       ...
2026-10-08T15:38:27.7822804Z     # Subtest: dg-update-2
2026-10-08T15:38:27.7823277Z     ok 11 - dg-update-2
2026-10-08T15:38:27.7823589Z       ---
2026-10-08T15:38:27.7823880Z       duration_ms: 0.309743
2026-10-08T15:38:27.7824191Z       ...
2026-10-08T15:38:27.7824496Z     # Subtest: dg-update-3
2026-10-08T15:38:27.7824823Z     ok 12 - dg-update-3
2026-10-08T15:38:27.7825133Z       ---
2026-10-08T15:38:27.7825431Z       duration_ms: 0.364305
2026-10-08T15:38:27.7825745Z       ...
2026-10-08T15:38:27.7826027Z     1..12
2026-10-08T15:38:27.7826521Z ok 86 - every stated answer follows the literal graph, with one correct option
2026-10-08T15:38:27.7826986Z   ---
2026-10-08T15:38:27.7827280Z   duration_ms: 6.992278
2026-10-08T15:38:27.7827589Z   ...
2026-10-08T15:38:27.7828163Z # Subtest: structurally valid changed content exposes graph reversal and blocked-descendant mistakes
2026-10-08T15:38:27.7828984Z ok 87 - structurally valid changed content exposes graph reversal and blocked-descendant mistakes
2026-10-08T15:38:27.7829518Z   ---
2026-10-08T15:38:27.7829815Z   duration_ms: 1.891256
2026-10-08T15:38:27.7830122Z   ...
2026-10-08T15:38:27.7830662Z # Subtest: the real selector, review, practice, notes and trace consumer preserve this course
2026-10-08T15:38:27.7831631Z ok 88 - the real selector, review, practice, notes and trace consumer preserve this course
2026-10-08T15:38:27.7832137Z   ---
2026-10-08T15:38:27.7832440Z   duration_ms: 13.674424
2026-10-08T15:38:27.7832752Z   ...
2026-10-08T15:38:27.8430128Z # Subtest: standalone artifact exactly matches sources and contains a valid offline script
2026-10-08T15:38:27.8431117Z ok 89 - standalone artifact exactly matches sources and contains a valid offline script
2026-10-08T15:38:27.8431737Z   ---
2026-10-08T15:38:27.8432061Z   duration_ms: 4.676859
2026-10-08T15:38:27.8432383Z   ...
2026-10-08T15:38:27.8432904Z # Subtest: course survives the existing validator and editable-format round trip
2026-10-08T15:38:27.8433893Z ok 90 - course survives the existing validator and editable-format round trip
2026-10-08T15:38:27.8434374Z   ---
2026-10-08T15:38:27.8434699Z   duration_ms: 1.162738
2026-10-08T15:38:27.8435016Z   ...
2026-10-08T15:38:27.8435596Z # Subtest: literal markup and Unicode in admitted course content cannot close the generated script
2026-10-08T15:38:27.8436471Z ok 91 - literal markup and Unicode in admitted course content cannot close the generated script
2026-10-08T15:38:27.8436985Z   ---
2026-10-08T15:38:27.8437284Z   duration_ms: 13.367405
2026-10-08T15:38:27.8437595Z   ...
2026-10-08T15:38:27.8438115Z # Subtest: check mode reports stale output without replacing a retained artifact
2026-10-08T15:38:27.8438790Z ok 92 - check mode reports stale output without replacing a retained artifact
2026-10-08T15:38:27.8439234Z   ---
2026-10-08T15:38:27.8439527Z   duration_ms: 63.885956
2026-10-08T15:38:27.8439844Z   ...
2026-10-08T15:38:27.8440353Z # Subtest: unexpected UI dependency refuses the build before overwriting its artifact
2026-10-08T15:38:27.8441048Z ok 93 - unexpected UI dependency refuses the build before overwriting its artifact
2026-10-08T15:38:27.8441515Z   ---
2026-10-08T15:38:27.8441820Z   duration_ms: 37.416251
2026-10-08T15:38:27.8442139Z   ...
2026-10-08T15:38:27.8529451Z # Subtest: fictional reversal retains denominators and uses common weights only for reference
2026-10-08T15:38:27.8588875Z ok 94 - fictional reversal retains denominators and uses common weights only for reference
2026-10-08T15:38:27.8609419Z   ---
2026-10-08T15:38:27.8618543Z   duration_ms: 3.367122
2026-10-08T15:38:27.8619058Z   ...
2026-10-08T15:38:27.8620009Z # Subtest: ties and conflicting subgroup directions are not a strict reversal
2026-10-08T15:38:27.8620761Z ok 95 - ties and conflicting subgroup directions are not a strict reversal
2026-10-08T15:38:27.8621510Z   ---
2026-10-08T15:38:27.8621929Z   duration_ms: 0.680928
2026-10-08T15:38:27.8622495Z   ...
2026-10-08T15:38:27.8623668Z # Subtest: empty cells remain unavailable unless their reference weight is exactly zero
2026-10-08T15:38:27.8624406Z ok 96 - empty cells remain unavailable unless their reference weight is exactly zero
2026-10-08T15:38:27.8624850Z   ---
2026-10-08T15:38:27.8625096Z   duration_ms: 0.526647
2026-10-08T15:38:27.8625357Z   ...
2026-10-08T15:38:27.8625794Z # Subtest: an entirely empty option has no pooled rate or inferred group mix
2026-10-08T15:38:27.8626418Z ok 97 - an entirely empty option has no pooled rate or inferred group mix
2026-10-08T15:38:27.8626831Z   ---
2026-10-08T15:38:27.8627077Z   duration_ms: 0.191075
2026-10-08T15:38:27.8627340Z   ...
2026-10-08T15:38:27.8627762Z # Subtest: invalid numeric inputs are refused without truncation or coercion
2026-10-08T15:38:27.8628337Z ok 98 - invalid numeric inputs are refused without truncation or coercion
2026-10-08T15:38:27.8628734Z   ---
2026-10-08T15:38:27.8628972Z   duration_ms: 0.633527
2026-10-08T15:38:27.8629230Z   ...
2026-10-08T15:38:27.8629649Z # Subtest: native count entry distinguishes blank and invalid text from zero
2026-10-08T15:38:27.8630216Z ok 99 - native count entry distinguishes blank and invalid text from zero
2026-10-08T15:38:27.8630600Z   ---
2026-10-08T15:38:27.8630837Z   duration_ms: 13.440494
2026-10-08T15:38:27.8631103Z   ...
2026-10-08T15:38:27.8631553Z # Subtest: a strict difference too small for percentage display is not declared equal
2026-10-08T15:38:27.8632535Z ok 100 - a strict difference too small for percentage display is not declared equal
2026-10-08T15:38:27.8632954Z   ---
2026-10-08T15:38:27.8633327Z   duration_ms: 0.375582
2026-10-08T15:38:27.8633721Z   ...
2026-10-08T15:38:27.8634185Z # Subtest: label and group transformations preserve the intended descriptive quantities
2026-10-08T15:38:27.8634833Z ok 101 - label and group transformations preserve the intended descriptive quantities
2026-10-08T15:38:27.8635203Z   ---
2026-10-08T15:38:27.8635388Z   duration_ms: 1.483757
2026-10-08T15:38:27.8635581Z   ...
2026-10-08T15:38:27.8635994Z # Subtest: shared weights preserve both strict subgroup advantages at every permitted mix
2026-10-08T15:38:27.8636612Z ok 102 - shared weights preserve both strict subgroup advantages at every permitted mix
2026-10-08T15:38:27.8636964Z   ---
2026-10-08T15:38:27.8637138Z   duration_ms: 4.863307
2026-10-08T15:38:27.8637326Z   ...
2026-10-08T15:38:27.8637797Z # Subtest: download contains exact inputs, unavailable values and deterministic recomputable fractions
2026-10-08T15:38:27.8638500Z ok 103 - download contains exact inputs, unavailable values and deterministic recomputable fractions
2026-10-08T15:38:27.8638906Z   ---
2026-10-08T15:38:27.8639082Z   duration_ms: 0.607838
2026-10-08T15:38:27.8639271Z   ...
2026-10-08T15:38:27.8639581Z # Subtest: BKT probabilities stay bounded across repeated evidence
2026-10-08T15:38:27.8640028Z ok 104 - BKT probabilities stay bounded across repeated evidence
2026-10-08T15:38:27.8640316Z   ---
2026-10-08T15:38:27.8640488Z   duration_ms: 4.921354
2026-10-08T15:38:27.8640675Z   ...
2026-10-08T15:38:27.8641089Z # Subtest: correct evidence raises and incorrect evidence lowers posterior for interior prior
2026-10-08T15:38:27.8641708Z ok 105 - correct evidence raises and incorrect evidence lowers posterior for interior prior
2026-10-08T15:38:27.8642083Z   ---
2026-10-08T15:38:27.8642251Z   duration_ms: 0.149423
2026-10-08T15:38:27.8642445Z   ...
2026-10-08T15:38:27.8642750Z # Subtest: parameter validation rejects impossible probabilities
2026-10-08T15:38:27.8643563Z ok 106 - parameter validation rejects impossible probabilities
2026-10-08T15:38:27.8643855Z   ---
2026-10-08T15:38:27.8644020Z   duration_ms: 0.406928
2026-10-08T15:38:27.8644208Z   ...
2026-10-08T15:38:27.8644592Z # Subtest: entropy and information gain have expected bounds and peak near uncertainty
2026-10-08T15:38:27.8645135Z ok 107 - entropy and information gain have expected bounds and peak near uncertainty
2026-10-08T15:38:27.8645458Z   ---
2026-10-08T15:38:27.8645658Z   duration_ms: 0.786215
2026-10-08T15:38:27.8645843Z   ...
2026-10-08T15:38:27.8646201Z # Subtest: selector prioritizes a weak prerequisite and is stable after exhaustion
2026-10-08T15:38:27.8646742Z ok 108 - selector prioritizes a weak prerequisite and is stable after exhaustion
2026-10-08T15:38:27.8647078Z   ---
2026-10-08T15:38:27.8647247Z   duration_ms: 0.270033
2026-10-08T15:38:27.8647445Z   ...
2026-10-08T15:38:27.8647761Z # Subtest: initial mastery creates independent named concept values
2026-10-08T15:38:27.8648225Z ok 109 - initial mastery creates independent named concept values
2026-10-08T15:38:27.8648525Z   ---
2026-10-08T15:38:27.8648695Z   duration_ms: 0.553237
2026-10-08T15:38:27.8648893Z   ...
2026-10-08T15:38:27.8649327Z # Subtest: scripted learner simulation is deterministic, bounded, and distinguishes selector modes
2026-10-08T15:38:27.8649993Z ok 110 - scripted learner simulation is deterministic, bounded, and distinguishes selector modes
2026-10-08T15:38:27.8650390Z   ---
2026-10-08T15:38:27.8650558Z   duration_ms: 0.281922
2026-10-08T15:38:27.8650744Z   ...
2026-10-08T15:38:27.9275371Z # Subtest: mixed partial save preserves exact native prefix, next item, option orders and uninterrupted continuation
2026-10-08T15:38:27.9330565Z ok 111 - mixed partial save preserves exact native prefix, next item, option orders and uninterrupted continuation
2026-10-08T15:38:27.9331382Z   ---
2026-10-08T15:38:27.9332166Z   duration_ms: 12.043126
2026-10-08T15:38:27.9332498Z   ...
2026-10-08T15:38:27.9333291Z # Subtest: a started lesson with no answers restores the first native question and all initial estimates
2026-10-08T15:38:27.9334137Z ok 112 - a started lesson with no answers restores the first native question and all initial estimates
2026-10-08T15:38:27.9334685Z   ---
2026-10-08T15:38:27.9334979Z   duration_ms: 1.306863
2026-10-08T15:38:27.9335298Z   ...
2026-10-08T15:38:27.9335860Z # Subtest: feedback retains the last chosen option while Next remains the next unanswered question
2026-10-08T15:38:27.9336654Z ok 113 - feedback retains the last chosen option while Next remains the next unanswered question
2026-10-08T15:38:27.9337181Z   ---
2026-10-08T15:38:27.9337473Z   duration_ms: 2.995216
2026-10-08T15:38:27.9337783Z   ...
2026-10-08T15:38:27.9338352Z # Subtest: complete sessions remain in the existing trace format, including its separate practice state
2026-10-08T15:38:27.9339182Z ok 114 - complete sessions remain in the existing trace format, including its separate practice state
2026-10-08T15:38:27.9339733Z   ---
2026-10-08T15:38:27.9340036Z   duration_ms: 5.314402
2026-10-08T15:38:27.9340355Z   ...
2026-10-08T15:38:27.9340902Z # Subtest: course content and array order are bound; harmless JSON object key order is accepted
2026-10-08T15:38:27.9341656Z ok 115 - course content and array order are bound; harmless JSON object key order is accepted
2026-10-08T15:38:27.9342168Z   ---
2026-10-08T15:38:27.9342456Z   duration_ms: 8.507062
2026-10-08T15:38:27.9342758Z   ...
2026-10-08T15:38:27.9343443Z # Subtest: model identity and every BKT parameter must match the native model
2026-10-08T15:38:27.9344065Z ok 116 - model identity and every BKT parameter must match the native model
2026-10-08T15:38:27.9344514Z   ---
2026-10-08T15:38:27.9353848Z   duration_ms: 2.54343
2026-10-08T15:38:27.9354191Z   ...
2026-10-08T15:38:27.9354736Z # Subtest: first answers must form the actual native adaptive prefix with canonical option indices
2026-10-08T15:38:27.9355802Z ok 117 - first answers must form the actual native adaptive prefix with canonical option indices
2026-10-08T15:38:27.9356336Z   ---
2026-10-08T15:38:27.9356609Z   duration_ms: 8.843855
2026-10-08T15:38:27.9356880Z   ...
2026-10-08T15:38:27.9357402Z # Subtest: mastery is replayed at full precision and never accepted from rounded or altered values
2026-10-08T15:38:27.9358142Z ok 118 - mastery is replayed at full precision and never accepted from rounded or altered values
2026-10-08T15:38:27.9358621Z   ---
2026-10-08T15:38:27.9358873Z   duration_ms: 3.581952
2026-10-08T15:38:27.9359136Z   ...
2026-10-08T15:38:27.9359656Z # Subtest: question, feedback and complete per-item permutations are checked before restoration
2026-10-08T15:38:27.9360403Z ok 119 - question, feedback and complete per-item permutations are checked before restoration
2026-10-08T15:38:27.9360864Z   ---
2026-10-08T15:38:27.9361117Z   duration_ms: 11.016352
2026-10-08T15:38:27.9361393Z   ...
2026-10-08T15:38:27.9362003Z # Subtest: successful and refused reads leave caller state untouched and return deeply immutable independent copies
2026-10-08T15:38:27.9362893Z ok 120 - successful and refused reads leave caller state untouched and return deeply immutable independent copies
2026-10-08T15:38:27.9363579Z   ---
2026-10-08T15:38:27.9363833Z   duration_ms: 1.526682
2026-10-08T15:38:27.9364102Z   ...
2026-10-08T15:38:27.9364675Z # Subtest: the JSON boundary rejects malformed, unsupported, deep and oversized files with a UTF-8 byte limit
2026-10-08T15:38:27.9365497Z ok 121 - the JSON boundary rejects malformed, unsupported, deep and oversized files with a UTF-8 byte limit
2026-10-08T15:38:27.9366000Z   ---
2026-10-08T15:38:27.9366248Z   duration_ms: 20.620928
2026-10-08T15:38:27.9366521Z   ...
2026-10-08T15:38:27.9367028Z # Subtest: save times are canonical UTC values and invalid save inputs cannot mutate a session
2026-10-08T15:38:27.9367726Z ok 122 - save times are canonical UTC values and invalid save inputs cannot mutate a session
2026-10-08T15:38:27.9368418Z   ---
2026-10-08T15:38:27.9368679Z   duration_ms: 2.164445
2026-10-08T15:38:27.9368952Z   ...
2026-10-08T15:38:27.9369530Z # Subtest: ordinary course identifiers that match object prototype names survive without shared object mutation
2026-10-08T15:38:27.9370360Z ok 123 - ordinary course identifiers that match object prototype names survive without shared object mutation
2026-10-08T15:38:27.9370950Z   ---
2026-10-08T15:38:27.9371199Z   duration_ms: 1.438749
2026-10-08T15:38:27.9371465Z   ...
2026-10-08T15:38:27.9438040Z # Subtest: the original course is admitted by the existing deck contract with all four concepts covered
2026-10-08T15:38:27.9461282Z ok 124 - the original course is admitted by the existing deck contract with all four concepts covered
2026-10-08T15:38:27.9465114Z   ---
2026-10-08T15:38:27.9465443Z   duration_ms: 1.666009
2026-10-08T15:38:27.9465770Z   ...
2026-10-08T15:38:27.9466285Z # Subtest: answer positions are balanced and no correct option is uniquely the longest
2026-10-08T15:38:27.9467049Z ok 125 - answer positions are balanced and no correct option is uniquely the longest
2026-10-08T15:38:27.9467545Z   ---
2026-10-08T15:38:27.9467834Z   duration_ms: 0.257104
2026-10-08T15:38:27.9468128Z   ...
2026-10-08T15:38:27.9468693Z # Subtest: each numerical answer uses the stated correction sign, denominator or independence assumption
2026-10-08T15:38:27.9469486Z ok 126 - each numerical answer uses the stated correction sign, denominator or independence assumption
2026-10-08T15:38:27.9469996Z   ---
2026-10-08T15:38:27.9470275Z   duration_ms: 0.263443
2026-10-08T15:38:27.9470581Z   ...
2026-10-08T15:38:27.9471257Z # Subtest: standalone artifact is deterministic, preserves the exact deck bytes and contains executable classic scripts
2026-10-08T15:38:27.9472186Z ok 127 - standalone artifact is deterministic, preserves the exact deck bytes and contains executable classic scripts
2026-10-08T15:38:27.9472750Z   ---
2026-10-08T15:38:27.9473308Z   duration_ms: 2.756459
2026-10-08T15:38:27.9498427Z   ...
2026-10-08T15:38:27.9499565Z # Subtest: worked four-reading budget distinguishes raw mean, correction, sample scatter and mean uncertainty
2026-10-08T15:38:27.9500529Z ok 128 - worked four-reading budget distinguishes raw mean, correction, sample scatter and mean uncertainty
2026-10-08T15:38:27.9501120Z   ---
2026-10-08T15:38:27.9501482Z   duration_ms: 1.35841
2026-10-08T15:38:27.9501811Z   ...
2026-10-08T15:38:27.9502432Z # Subtest: a shared additive correction shifts the estimate without changing either uncertainty component
2026-10-08T15:38:27.9503490Z ok 129 - a shared additive correction shifts the estimate without changing either uncertainty component
2026-10-08T15:38:27.9504018Z   ---
2026-10-08T15:38:27.9504313Z   duration_ms: 0.23419
2026-10-08T15:38:27.9504619Z   ...
2026-10-08T15:38:27.9505261Z # Subtest: identical readings retain a nonzero shared component and are not rejected for numerical repetition
2026-10-08T15:38:27.9506150Z ok 130 - identical readings retain a nonzero shared component and are not rejected for numerical repetition
2026-10-08T15:38:27.9506703Z   ---
2026-10-08T15:38:27.9506994Z   duration_ms: 0.882819
2026-10-08T15:38:27.9507301Z   ...
2026-10-08T15:38:27.9507902Z # Subtest: future independent sample sizes hold shared calibration fixed while repeatability shrinks by square root
2026-10-08T15:38:27.9508857Z ok 131 - future independent sample sizes hold shared calibration fixed while repeatability shrinks by square root
2026-10-08T15:38:27.9509422Z   ---
2026-10-08T15:38:27.9509712Z   duration_ms: 0.385466
2026-10-08T15:38:27.9510020Z   ...
2026-10-08T15:38:27.9510577Z # Subtest: shared covariance gives the same calibration contribution for a mean of any sample size
2026-10-08T15:38:27.9511375Z ok 132 - shared covariance gives the same calibration contribution for a mean of any sample size
2026-10-08T15:38:27.9511885Z   ---
2026-10-08T15:38:27.9512183Z   duration_ms: 0.198336
2026-10-08T15:38:27.9512491Z   ...
2026-10-08T15:38:27.9513505Z # Subtest: compensated raw means preserve small residuals after large opposing readings cancel
2026-10-08T15:38:27.9514288Z ok 133 - compensated raw means preserve small residuals after large opposing readings cancel
2026-10-08T15:38:27.9514802Z   ---
2026-10-08T15:38:27.9515097Z   duration_ms: 0.209603
2026-10-08T15:38:27.9515399Z   ...
2026-10-08T15:38:27.9515960Z # Subtest: centered scatter remains meaningful for a large shared offset and at supported extremes
2026-10-08T15:38:27.9516717Z ok 134 - centered scatter remains meaningful for a large shared offset and at supported extremes
2026-10-08T15:38:27.9517227Z   ---
2026-10-08T15:38:27.9517519Z   duration_ms: 0.263013
2026-10-08T15:38:27.9517828Z   ...
2026-10-08T15:38:27.9518407Z # Subtest: reordering observations preserves the summary but does not assert statistical independence
2026-10-08T15:38:27.9519228Z ok 135 - reordering observations preserves the summary but does not assert statistical independence
2026-10-08T15:38:27.9519753Z   ---
2026-10-08T15:38:27.9520054Z   duration_ms: 0.659035
2026-10-08T15:38:27.9520362Z   ...
2026-10-08T15:38:27.9520909Z # Subtest: input parsing keeps every observation and refuses malformed or missing comma fields
2026-10-08T15:38:27.9521661Z ok 136 - input parsing keeps every observation and refuses malformed or missing comma fields
2026-10-08T15:38:27.9522170Z   ---
2026-10-08T15:38:27.9522459Z   duration_ms: 1.04379
2026-10-08T15:38:27.9522766Z   ...
2026-10-08T15:38:27.9523394Z # Subtest: supported magnitude and nonnegative half-width boundaries are explicit
2026-10-08T15:38:27.9524054Z ok 137 - supported magnitude and nonnegative half-width boundaries are explicit
2026-10-08T15:38:27.9524532Z   ---
2026-10-08T15:38:27.9524823Z   duration_ms: 0.443013
2026-10-08T15:38:27.9525129Z   ...
2026-10-08T15:38:27.9525634Z # Subtest: public calculations reject missing observations and invalid forecast counts
2026-10-08T15:38:27.9526321Z ok 138 - public calculations reject missing observations and invalid forecast counts
2026-10-08T15:38:27.9526809Z   ---
2026-10-08T15:38:27.9527110Z   duration_ms: 0.319888
2026-10-08T15:38:27.9527674Z   ...
2026-10-08T15:38:27.9528156Z # Subtest: calculation snapshots do not mutate caller arrays or change after later edits
2026-10-08T15:38:27.9528821Z ok 139 - calculation snapshots do not mutate caller arrays or change after later edits
2026-10-08T15:38:27.9529267Z   ---
2026-10-08T15:38:27.9529535Z   duration_ms: 0.185828
2026-10-08T15:38:27.9529816Z   ...
2026-10-08T15:38:27.9530226Z # Subtest: small dyadic arithmetic keeps exact operand and result values
2026-10-08T15:38:27.9530776Z ok 140 - small dyadic arithmetic keeps exact operand and result values
2026-10-08T15:38:27.9531174Z   ---
2026-10-08T15:38:27.9531451Z   duration_ms: 1.342546
2026-10-08T15:38:27.9531746Z   ...
2026-10-08T15:38:27.9532190Z # Subtest: decimal sum retains exact conversion and operation contributions
2026-10-08T15:38:27.9532841Z ok 141 - decimal sum retains exact conversion and operation contributions
2026-10-08T15:38:27.9533436Z   ---
2026-10-08T15:38:27.9533721Z   duration_ms: 0.272567
2026-10-08T15:38:27.9534028Z   ...
2026-10-08T15:38:27.9534516Z # Subtest: conversion can erase a difference while subtraction itself is exact
2026-10-08T15:38:27.9535268Z ok 142 - conversion can erase a difference while subtraction itself is exact
2026-10-08T15:38:27.9535727Z   ---
2026-10-08T15:38:27.9536011Z   duration_ms: 0.153179
2026-10-08T15:38:27.9536317Z   ...
2026-10-08T15:38:27.9536709Z # Subtest: operation rounding can lose an exact integer step
2026-10-08T15:38:27.9537200Z ok 143 - operation rounding can lose an exact integer step
2026-10-08T15:38:27.9537563Z   ---
2026-10-08T15:38:27.9537833Z   duration_ms: 0.176744
2026-10-08T15:38:27.9538114Z   ...
2026-10-08T15:38:27.9538585Z # Subtest: nonzero signed contributions can cancel at an exactly represented result
2026-10-08T15:38:27.9539246Z ok 144 - nonzero signed contributions can cancel at an exactly represented result
2026-10-08T15:38:27.9539696Z   ---
2026-10-08T15:38:27.9540162Z   duration_ms: 0.166689
2026-10-08T15:38:27.9540459Z   ...
2026-10-08T15:38:27.9541023Z # Subtest: individual exact integers outside the safe interval are kept distinct from the API guarantee
2026-10-08T15:38:27.9541802Z ok 145 - individual exact integers outside the safe interval are kept distinct from the API guarantee
2026-10-08T15:38:27.9542310Z   ---
2026-10-08T15:38:27.9542672Z   duration_ms: 0.774998
2026-10-08T15:38:27.9543008Z   ...
2026-10-08T15:38:27.9543563Z # Subtest: signs, exact raw strings and negative zero remain explicit
2026-10-08T15:38:27.9544111Z ok 146 - signs, exact raw strings and negative zero remain explicit
2026-10-08T15:38:27.9544512Z   ---
2026-10-08T15:38:27.9544784Z   duration_ms: 0.19434
2026-10-08T15:38:27.9545082Z   ...
2026-10-08T15:38:27.9545540Z # Subtest: the declared decimal input bounds admit edges and refuse other syntax
2026-10-08T15:38:27.9546163Z ok 147 - the declared decimal input bounds admit edges and refuse other syntax
2026-10-08T15:38:27.9546600Z   ---
2026-10-08T15:38:27.9546870Z   duration_ms: 0.801427
2026-10-08T15:38:27.9547173Z   ...
2026-10-08T15:38:27.9547623Z # Subtest: worked records are complete, deterministic and deeply immutable
2026-10-08T15:38:27.9548231Z ok 148 - worked records are complete, deterministic and deeply immutable
2026-10-08T15:38:27.9548652Z   ---
2026-10-08T15:38:27.9548929Z   duration_ms: 1.473592
2026-10-08T15:38:27.9549231Z   ...
2026-10-08T15:38:27.9549762Z # Subtest: the original lesson passes the unchanged native deck contract with exact export parity
2026-10-08T15:38:27.9550520Z ok 149 - the original lesson passes the unchanged native deck contract with exact export parity
2026-10-08T15:38:27.9551015Z   ---
2026-10-08T15:38:27.9551294Z   duration_ms: 6.567173
2026-10-08T15:38:27.9551595Z   ...
2026-10-08T15:38:27.9552134Z # Subtest: language-specific worked examples agree with actual native Number and BigInt operations
2026-10-08T15:38:27.9552901Z ok 150 - language-specific worked examples agree with actual native Number and BigInt operations
2026-10-08T15:38:27.9553542Z   ---
2026-10-08T15:38:27.9553825Z   duration_ms: 0.265917
2026-10-08T15:38:27.9554409Z   ...
2026-10-08T15:38:27.9554907Z # Subtest: the directly openable explorer is an exact build of its native inputs
2026-10-08T15:38:27.9555539Z ok 151 - the directly openable explorer is an exact build of its native inputs
2026-10-08T15:38:27.9556000Z   ---
2026-10-08T15:38:27.9556290Z   duration_ms: 38.151882
2026-10-08T15:38:27.9556602Z   ...
2026-10-08T15:38:27.9557073Z # Subtest: embedded lesson download preserves exact source bytes
2026-10-08T15:38:27.9557626Z ok 152 - embedded lesson download preserves exact source bytes
2026-10-08T15:38:27.9558035Z   ---
2026-10-08T15:38:27.9558309Z   duration_ms: 11.962726
2026-10-08T15:38:27.9558620Z   ...
2026-10-08T15:38:27.9724811Z # Subtest: question identity survives reordered review, edits and clearing without changing earlier notes
2026-10-08T15:38:27.9726187Z ok 153 - question identity survives reordered review, edits and clearing without changing earlier notes
2026-10-08T15:38:27.9726834Z   ---
2026-10-08T15:38:27.9727141Z   duration_ms: 1.556606
2026-10-08T15:38:27.9727425Z   ...
2026-10-08T15:38:27.9727936Z # Subtest: application writing is separate and a fresh session starts with every field empty
2026-10-08T15:38:27.9728645Z ok 154 - application writing is separate and a fresh session starts with every field empty
2026-10-08T15:38:27.9729144Z   ---
2026-10-08T15:38:27.9729401Z   duration_ms: 1.69962
2026-10-08T15:38:27.9729674Z   ...
2026-10-08T15:38:27.9737376Z # Subtest: unknown or duplicate question identities and non-text edits are refused
2026-10-08T15:38:27.9747835Z ok 155 - unknown or duplicate question identities and non-text edits are refused
2026-10-08T15:38:27.9748579Z   ---
2026-10-08T15:38:27.9748894Z   duration_ms: 0.241431
2026-10-08T15:38:27.9749207Z   ...
2026-10-08T15:38:27.9749859Z # Subtest: actual study notes bind writing to questions while retaining native review, estimates and a paused retry
2026-10-08T15:38:28.2280882Z ok 156 - actual study notes bind writing to questions while retaining native review, estimates and a paused retry
2026-10-08T15:38:28.2281404Z   ---
2026-10-08T15:38:28.2281622Z   duration_ms: 1.957605
2026-10-08T15:38:28.2281853Z   ...
2026-10-08T15:38:28.2282369Z # Subtest: actual export uses the most recent edit and represents cleared fields as unwritten
2026-10-08T15:38:28.2283445Z ok 157 - actual export uses the most recent edit and represents cleared fields as unwritten
2026-10-08T15:38:28.2283953Z   ---
2026-10-08T15:38:28.2284189Z   duration_ms: 1.170399
2026-10-08T15:38:28.2284420Z   ...
2026-10-08T15:38:28.2285055Z # Subtest: export refuses missing, duplicate or foreign notebook identities instead of attaching notes by position
2026-10-08T15:38:28.2286144Z ok 158 - export refuses missing, duplicate or foreign notebook identities instead of attaching notes by position
2026-10-08T15:38:28.2286740Z   ---
2026-10-08T15:38:28.2287000Z   duration_ms: 0.55564
2026-10-08T15:38:28.2287329Z   ...
2026-10-08T15:38:28.2288228Z # Subtest: study notes retain the displayed imported-course application prompt without changing notebook or first-session data
2026-10-08T15:38:28.2289703Z ok 159 - study notes retain the displayed imported-course application prompt without changing notebook or first-session data
2026-10-08T15:38:28.2290477Z   ---
2026-10-08T15:38:28.2290699Z   duration_ms: 0.557563
2026-10-08T15:38:28.2290977Z   ...
2026-10-08T15:38:28.2291483Z # Subtest: a notebook export refuses a missing or non-text displayed application prompt
2026-10-08T15:38:28.2292303Z ok 160 - a notebook export refuses a missing or non-text displayed application prompt
2026-10-08T15:38:28.2292775Z   ---
2026-10-08T15:38:28.2292994Z   duration_ms: 0.315582
2026-10-08T15:38:28.2293391Z   ...
2026-10-08T15:38:28.2519976Z # Subtest: review preserves session order and the actual chosen answer
2026-10-08T15:38:28.2520735Z ok 161 - review preserves session order and the actual chosen answer
2026-10-08T15:38:28.2521294Z   ---
2026-10-08T15:38:28.2521613Z   duration_ms: 1.597828
2026-10-08T15:38:28.2521924Z   ...
2026-10-08T15:38:28.2522794Z # Subtest: review is an immutable snapshot independent of mutable input arrays
2026-10-08T15:38:28.2534200Z ok 162 - review is an immutable snapshot independent of mutable input arrays
2026-10-08T15:38:28.2534728Z   ---
2026-10-08T15:38:28.2535025Z   duration_ms: 0.473948
2026-10-08T15:38:28.2535331Z   ...
2026-10-08T15:38:28.2535780Z # Subtest: a review rejects unknown, duplicate, or invalid first answers
2026-10-08T15:38:28.2536348Z ok 163 - a review rejects unknown, duplicate, or invalid first answers
2026-10-08T15:38:28.2536762Z   ---
2026-10-08T15:38:28.2537052Z   duration_ms: 0.292106
2026-10-08T15:38:28.2537358Z   ...
2026-10-08T15:38:28.2537896Z # Subtest: practice includes only initially missed questions in first-attempt order
2026-10-08T15:38:28.2538585Z ok 164 - practice includes only initially missed questions in first-attempt order
2026-10-08T15:38:28.2539067Z   ---
2026-10-08T15:38:28.2539354Z   duration_ms: 0.264585
2026-10-08T15:38:28.2539667Z   ...
2026-10-08T15:38:28.2540205Z # Subtest: correct and incorrect retries remain separate from the immutable original trace
2026-10-08T15:38:28.2540911Z ok 165 - correct and incorrect retries remain separate from the immutable original trace
2026-10-08T15:38:28.2541403Z   ---
2026-10-08T15:38:28.2541699Z   duration_ms: 0.330584
2026-10-08T15:38:28.2542012Z   ...
2026-10-08T15:38:28.2542609Z # Subtest: practice resumes at the next unanswered question and refuses duplicate or out-of-order writes
2026-10-08T15:38:28.2543616Z ok 166 - practice resumes at the next unanswered question and refuses duplicate or out-of-order writes
2026-10-08T15:38:28.2544153Z   ---
2026-10-08T15:38:28.2544438Z   duration_ms: 0.259227
2026-10-08T15:38:28.2544745Z   ...
2026-10-08T15:38:28.2545168Z # Subtest: an all-correct or empty review has no practice question
2026-10-08T15:38:28.2545704Z ok 167 - an all-correct or empty review has no practice question
2026-10-08T15:38:28.2546415Z   ---
2026-10-08T15:38:28.2546734Z   duration_ms: 0.164256
2026-10-08T15:38:28.2547049Z   ...
2026-10-08T15:38:28.2689741Z # Subtest: the original course survives native validation and serialization with complete connected content
2026-10-08T15:38:28.2690936Z ok 168 - the original course survives native validation and serialization with complete connected content
2026-10-08T15:38:28.2691522Z   ---
2026-10-08T15:38:28.2691834Z   duration_ms: 6.854323
2026-10-08T15:38:28.2692175Z   ...
2026-10-08T15:38:28.2692750Z # Subtest: native item selection reaches all twelve questions and can prioritize the weak sample clock
2026-10-08T15:38:28.2693674Z ok 169 - native item selection reaches all twelve questions and can prioritize the weak sample clock
2026-10-08T15:38:28.2694183Z   ---
2026-10-08T15:38:28.2694474Z   duration_ms: 10.025297
2026-10-08T15:38:28.2694773Z   ...
2026-10-08T15:38:28.2695323Z # Subtest: answer text matches independently stated calculations and explicit sampling assumptions
2026-10-08T15:38:28.2696171Z ok 170 - answer text matches independently stated calculations and explicit sampling assumptions
2026-10-08T15:38:28.2696696Z   ---
2026-10-08T15:38:28.2696991Z   duration_ms: 0.345076
2026-10-08T15:38:28.2697295Z   ...
2026-10-08T15:38:28.2778512Z # Subtest: each supported sample clock uses inclusive endpoints and an actually different matching cosine
2026-10-08T15:38:28.2783026Z ok 171 - each supported sample clock uses inclusive endpoints and an actually different matching cosine
2026-10-08T15:38:28.2783825Z   ---
2026-10-08T15:38:28.2784166Z   duration_ms: 15.05753
2026-10-08T15:38:28.2784528Z   ...
2026-10-08T15:38:28.2785147Z # Subtest: DC, reflected aliases, the half-rate and input limits preserve their distinct meaning
2026-10-08T15:38:28.2785987Z ok 172 - DC, reflected aliases, the half-rate and input limits preserve their distinct meaning
2026-10-08T15:38:28.2786567Z   ---
2026-10-08T15:38:28.2786898Z   duration_ms: 0.286508
2026-10-08T15:38:28.2787324Z   ...
2026-10-08T15:38:28.2788333Z # Subtest: invalid numerical input is refused and snapshots cannot be changed after observation
2026-10-08T15:38:28.2789064Z ok 173 - invalid numerical input is refused and snapshots cannot be changed after observation
2026-10-08T15:38:28.2789565Z   ---
2026-10-08T15:38:28.2789853Z   duration_ms: 0.625335
2026-10-08T15:38:28.2790153Z   ...
2026-10-08T15:38:28.2790710Z # Subtest: CSV carries full precision and current parameter identity, ignoring supplied forged sample rows
2026-10-08T15:38:28.2791543Z ok 174 - CSV carries full precision and current parameter identity, ignoring supplied forged sample rows
2026-10-08T15:38:28.2792385Z   ---
2026-10-08T15:38:28.2792604Z   duration_ms: 0.967476
2026-10-08T15:38:28.2792829Z   ...
2026-10-08T15:38:28.3099613Z # Subtest: notes retain the actual first choices, session order, corrections, transfers, and attribution
2026-10-08T15:38:28.3127099Z ok 175 - notes retain the actual first choices, session order, corrections, transfers, and attribution
2026-10-08T15:38:28.3133751Z   ---
2026-10-08T15:38:28.3134092Z   duration_ms: 1.988842
2026-10-08T15:38:28.3134418Z   ...
2026-10-08T15:38:28.3134988Z # Subtest: paused and completed retries cannot replace the first answers or alter the model
2026-10-08T15:38:28.3135695Z ok 176 - paused and completed retries cannot replace the first answers or alter the model
2026-10-08T15:38:28.3136153Z   ---
2026-10-08T15:38:28.3136403Z   duration_ms: 0.822009
2026-10-08T15:38:28.3136675Z   ...
2026-10-08T15:38:28.3137181Z # Subtest: unstarted, zero-answer paused, and all-correct sessions have honest practice labels
2026-10-08T15:38:28.3137915Z ok 177 - unstarted, zero-answer paused, and all-correct sessions have honest practice labels
2026-10-08T15:38:28.3138363Z   ---
2026-10-08T15:38:28.3138615Z   duration_ms: 1.287214
2026-10-08T15:38:28.3138891Z   ...
2026-10-08T15:38:28.3149314Z # Subtest: incomplete, duplicate, legacy choice-less or malformed traces are refused rather than fabricated
2026-10-08T15:38:28.3170965Z ok 178 - incomplete, duplicate, legacy choice-less or malformed traces are refused rather than fabricated
2026-10-08T15:38:28.3193744Z   ---
2026-10-08T15:38:28.3213797Z   duration_ms: 0.807316
2026-10-08T15:38:28.3214151Z   ...
2026-10-08T15:38:28.3214738Z # Subtest: plain-text output preserves Unicode and literal markup without creating executable content
2026-10-08T15:38:28.3215529Z ok 179 - plain-text output preserves Unicode and literal markup without creating executable content
2026-10-08T15:38:28.3216092Z   ---
2026-10-08T15:38:28.3216352Z   duration_ms: 0.284055
2026-10-08T15:38:28.3216652Z   ...
2026-10-08T15:38:28.3971987Z # Subtest: the original five-vertex example has the hand-calculated settling order and cost-7 route
2026-10-08T15:38:28.4001726Z ok 180 - the original five-vertex example has the hand-calculated settling order and cost-7 route
2026-10-08T15:38:28.4002451Z   ---
2026-10-08T15:38:28.4002913Z   duration_ms: 3.06152
2026-10-08T15:38:28.4003351Z   ...
2026-10-08T15:38:28.4004048Z # Subtest: target discovery remains tentative; the cheaper route is final only on target settlement
2026-10-08T15:38:28.4004869Z ok 181 - target discovery remains tentative; the cheaper route is final only on target settlement
2026-10-08T15:38:28.4005383Z   ---
2026-10-08T15:38:28.4005683Z   duration_ms: 1.181415
2026-10-08T15:38:28.4006021Z   ...
2026-10-08T15:38:28.4006712Z # Subtest: zero weights and equal routes preserve the stated alphabetical and first-predecessor policies
2026-10-08T15:38:28.4007581Z ok 182 - zero weights and equal routes preserve the stated alphabetical and first-predecessor policies
2026-10-08T15:38:28.4008345Z   ---
2026-10-08T15:38:28.4008642Z   duration_ms: 0.730341
2026-10-08T15:38:28.4010015Z   ...
2026-10-08T15:38:28.4010631Z # Subtest: all preset source/target pairs agree with exhaustive simple paths, including reverse direction
2026-10-08T15:38:28.4011481Z ok 183 - all preset source/target pairs agree with exhaustive simple paths, including reverse direction
2026-10-08T15:38:28.4012014Z   ---
2026-10-08T15:38:28.4012307Z   duration_ms: 3.172541
2026-10-08T15:38:28.4012621Z   ...
2026-10-08T15:38:28.4013554Z # Subtest: 80 deterministic bounded graphs agree with a simple-path oracle for every source
2026-10-08T15:38:28.4014323Z ok 184 - 80 deterministic bounded graphs agree with a simple-path oracle for every source
2026-10-08T15:38:28.4014847Z   ---
2026-10-08T15:38:28.4015136Z   duration_ms: 49.153204
2026-10-08T15:38:28.4015444Z   ...
2026-10-08T15:38:28.4015877Z # Subtest: invalid graphs are refused before a runnable state exists
2026-10-08T15:38:28.4016440Z ok 185 - invalid graphs are refused before a runnable state exists
2026-10-08T15:38:28.4016871Z   ---
2026-10-08T15:38:28.4017162Z   duration_ms: 0.844031
2026-10-08T15:38:28.4017473Z   ...
2026-10-08T15:38:28.4017956Z # Subtest: run, graph, presets and trace snapshots cannot be changed by later edits
2026-10-08T15:38:28.4018623Z ok 186 - run, graph, presets and trace snapshots cannot be changed by later edits
2026-10-08T15:38:28.4019090Z   ---
2026-10-08T15:38:28.4019381Z   duration_ms: 0.377474
2026-10-08T15:38:28.4019683Z   ...
2026-10-08T15:38:28.4020254Z # Subtest: the original twelve-question course is valid, canonical and has balanced answer positions
2026-10-08T15:38:28.4021046Z ok 187 - the original twelve-question course is valid, canonical and has balanced answer positions
2026-10-08T15:38:28.4021653Z   ---
2026-10-08T15:38:28.4021972Z   duration_ms: 0.438415
2026-10-08T15:38:28.4022330Z   ...
2026-10-08T15:38:28.4023017Z # Subtest: existing knowledge, review, practice and notes contracts accept the new deck without changing the app
2026-10-08T15:38:28.4024184Z ok 188 - existing knowledge, review, practice and notes contracts accept the new deck without changing the app
2026-10-08T15:38:28.4024918Z   ---
2026-10-08T15:38:28.4025240Z   duration_ms: 11.619023
2026-10-08T15:38:28.4025603Z   ...
2026-10-08T15:38:28.7397428Z # Subtest: the original twelve-item SQL course uses the published import contract without changing its native meaning
2026-10-08T15:38:28.7398861Z ok 189 - the original twelve-item SQL course uses the published import contract without changing its native meaning
2026-10-08T15:38:28.7399443Z   ---
2026-10-08T15:38:28.7399676Z   duration_ms: 1.945177
2026-10-08T15:38:28.7399950Z   ...
2026-10-08T15:38:28.7400447Z # Subtest: actual SQLite regenerates all twenty-two saved queries and their exact course/default bindings
2026-10-08T15:38:28.7401176Z ok 190 - actual SQLite regenerates all twenty-two saved queries and their exact course/default bindings
2026-10-08T15:38:28.7401793Z   ---
2026-10-08T15:38:28.7402272Z   duration_ms: 60.071226
2026-10-08T15:38:28.7402738Z   ...
2026-10-08T15:38:28.7403571Z # Subtest: native adaptive selection, shuffled choices, review, practice and notes preserve all twelve SQL questions
2026-10-08T15:38:28.7405081Z ok 191 - native adaptive selection, shuffled choices, review, practice and notes preserve all twelve SQL questions
2026-10-08T15:38:28.7405601Z   ---
2026-10-08T15:38:28.7405817Z   duration_ms: 11.922737
2026-10-08T15:38:28.7406062Z   ...
2026-10-08T15:38:28.7406575Z # Subtest: a changed answer or invalid query refuses the build and preserves both saved artifacts
2026-10-08T15:38:28.7407271Z ok 192 - a changed answer or invalid query refuses the build and preserves both saved artifacts
2026-10-08T15:38:28.7407703Z   ---
2026-10-08T15:38:28.7407909Z   duration_ms: 345.205295
2026-10-08T15:38:28.7408130Z   ...
2026-10-08T15:38:28.7740364Z # Subtest: a stale generated explorer fails --check without silently replacing the changed file
2026-10-08T15:38:28.7741110Z ok 193 - a stale generated explorer fails --check without silently replacing the changed file
2026-10-08T15:38:28.7741421Z   ---
2026-10-08T15:38:28.7741555Z   duration_ms: 34.25645
2026-10-08T15:38:28.7741695Z   ...
2026-10-08T15:38:28.7809044Z # Subtest: original course fits the existing deck contract with all four concepts represented
2026-10-08T15:38:28.7810027Z ok 194 - original course fits the existing deck contract with all four concepts represented
2026-10-08T15:38:28.7810703Z   ---
2026-10-08T15:38:28.7811449Z   duration_ms: 2.434868
2026-10-08T15:38:28.7811813Z   ...
2026-10-08T15:38:28.7812458Z # Subtest: authored answer keys retain the independently worked quantities and conceptual distinctions
2026-10-08T15:38:28.7813520Z ok 195 - authored answer keys retain the independently worked quantities and conceptual distinctions
2026-10-08T15:38:28.7814206Z   ---
2026-10-08T15:38:28.7814508Z   duration_ms: 0.265246
2026-10-08T15:38:28.7814859Z   ...
2026-10-08T15:38:28.7815489Z # Subtest: course completes native selection, correct first answers, review, retry and study notes
2026-10-08T15:38:28.7816398Z ok 196 - course completes native selection, correct first answers, review, retry and study notes
2026-10-08T15:38:28.7816988Z   ---
2026-10-08T15:38:28.7817324Z   duration_ms: 11.777269
2026-10-08T15:38:28.7817688Z   ...
2026-10-08T15:38:28.7818348Z # Subtest: course completes native selection, mixed first answers, review, retry and study notes
2026-10-08T15:38:28.7819251Z ok 197 - course completes native selection, mixed first answers, review, retry and study notes
2026-10-08T15:38:28.7819844Z   ---
2026-10-08T15:38:28.7820292Z   duration_ms: 1.798828
2026-10-08T15:38:28.7820614Z   ...
2026-10-08T15:38:28.7821182Z # Subtest: course completes native selection, missed first answers, review, retry and study notes
2026-10-08T15:38:28.7821834Z ok 198 - course completes native selection, missed first answers, review, retry and study notes
2026-10-08T15:38:28.7822272Z   ---
2026-10-08T15:38:28.7822606Z   duration_ms: 2.210573
2026-10-08T15:38:28.7822941Z   ...
2026-10-08T15:38:28.7824136Z # Subtest: generated direct-open artifact has exact build parity and embeds the qualified course
2026-10-08T15:38:28.7825021Z ok 199 - generated direct-open artifact has exact build parity and embeds the qualified course
2026-10-08T15:38:28.7825503Z   ---
2026-10-08T15:38:28.7878452Z   duration_ms: 39.28223
2026-10-08T15:38:28.7879123Z   ...
2026-10-08T15:38:28.7879587Z # Subtest: standalone rendering keeps embedded source and course text inside their script elements
2026-10-08T15:38:28.7880097Z ok 200 - standalone rendering keeps embedded source and course text inside their script elements
2026-10-08T15:38:28.7880353Z   ---
2026-10-08T15:38:28.7880475Z   duration_ms: 0.40121
2026-10-08T15:38:28.7880605Z   ...
2026-10-08T15:38:28.7880996Z # Subtest: water: 6 / 2 mol → second
2026-10-08T15:38:28.7881206Z ok 201 - water: 6 / 2 mol → second
2026-10-08T15:38:28.7881351Z   ---
2026-10-08T15:38:28.7881464Z   duration_ms: 1.468755
2026-10-08T15:38:28.7881593Z   ...
2026-10-08T15:38:28.7881753Z # Subtest: water: 2 / 2 mol → first
2026-10-08T15:38:28.7881944Z ok 202 - water: 2 / 2 mol → first
2026-10-08T15:38:28.7882109Z   ---
2026-10-08T15:38:28.7882271Z   duration_ms: 0.170475
2026-10-08T15:38:28.7882449Z   ...
2026-10-08T15:38:28.7882713Z # Subtest: water: 4 / 2 mol → matched
2026-10-08T15:38:28.7882997Z ok 203 - water: 4 / 2 mol → matched
2026-10-08T15:38:28.7883343Z   ---
2026-10-08T15:38:28.7883502Z   duration_ms: 0.190034
2026-10-08T15:38:28.7883683Z   ...
2026-10-08T15:38:28.7883957Z # Subtest: water: 0 / 5 mol → no-product
2026-10-08T15:38:28.7884282Z ok 204 - water: 0 / 5 mol → no-product
2026-10-08T15:38:28.7884507Z   ---
2026-10-08T15:38:28.7884830Z   duration_ms: 0.153208
2026-10-08T15:38:28.7885019Z   ...
2026-10-08T15:38:28.7885272Z # Subtest: water: 5 / 0 mol → no-product
2026-10-08T15:38:28.7885599Z ok 205 - water: 5 / 0 mol → no-product
2026-10-08T15:38:28.7885812Z   ---
2026-10-08T15:38:28.7885979Z   duration_ms: 0.210044
2026-10-08T15:38:28.7886168Z   ...
2026-10-08T15:38:28.7886414Z # Subtest: water: 0 / 0 mol → no-product
2026-10-08T15:38:28.7886722Z ok 206 - water: 0 / 0 mol → no-product
2026-10-08T15:38:28.7886938Z   ---
2026-10-08T15:38:28.7887109Z   duration_ms: 0.105618
2026-10-08T15:38:28.7887295Z   ...
2026-10-08T15:38:28.7887539Z # Subtest: ammonia: 2 / 3 mol → second
2026-10-08T15:38:28.7887828Z ok 207 - ammonia: 2 / 3 mol → second
2026-10-08T15:38:28.7888058Z   ---
2026-10-08T15:38:28.7888227Z   duration_ms: 0.103675
2026-10-08T15:38:28.7888668Z   ...
2026-10-08T15:38:28.7888924Z # Subtest: ammonia: 1 / 2.4 mol → second
2026-10-08T15:38:28.7889226Z ok 208 - ammonia: 1 / 2.4 mol → second
2026-10-08T15:38:28.7889452Z   ---
2026-10-08T15:38:28.7889626Z   duration_ms: 0.137165
2026-10-08T15:38:28.7889824Z   ...
2026-10-08T15:38:28.7890078Z # Subtest: ammonia: 2 / 4.8 mol → second
2026-10-08T15:38:28.7890384Z ok 209 - ammonia: 2 / 4.8 mol → second
2026-10-08T15:38:28.7890605Z   ---
2026-10-08T15:38:28.7890777Z   duration_ms: 0.225386
2026-10-08T15:38:28.7890966Z   ...
2026-10-08T15:38:28.7891225Z # Subtest: ammonia: 0.1 / 0.3 mol → matched
2026-10-08T15:38:28.7891564Z ok 210 - ammonia: 0.1 / 0.3 mol → matched
2026-10-08T15:38:28.7891796Z   ---
2026-10-08T15:38:28.7891959Z   duration_ms: 0.183824
2026-10-08T15:38:28.7892145Z   ...
2026-10-08T15:38:28.7892418Z # Subtest: ammonia: 0.001 / 0.001 mol → second
2026-10-08T15:38:28.7892760Z ok 211 - ammonia: 0.001 / 0.001 mol → second
2026-10-08T15:38:28.7892985Z   ---
2026-10-08T15:38:28.7894217Z   duration_ms: 0.128051
2026-10-08T15:38:28.7894407Z   ...
2026-10-08T15:38:28.7894700Z # Subtest: ammonia: 0.001 / 0.003 mol → matched
2026-10-08T15:38:28.7895084Z ok 212 - ammonia: 0.001 / 0.003 mol → matched
2026-10-08T15:38:28.7895326Z   ---
2026-10-08T15:38:28.7895493Z   duration_ms: 0.094641
2026-10-08T15:38:28.7895684Z   ...
2026-10-08T15:38:28.7895961Z # Subtest: ammonia: 0.001 / 0.004 mol → first
2026-10-08T15:38:28.7896304Z ok 213 - ammonia: 0.001 / 0.004 mol → first
2026-10-08T15:38:28.7896545Z   ---
2026-10-08T15:38:28.7896716Z   duration_ms: 0.137385
2026-10-08T15:38:28.7896908Z   ...
2026-10-08T15:38:28.7897172Z # Subtest: magnesium: 1.5 / 1 mol → first
2026-10-08T15:38:28.7897510Z ok 214 - magnesium: 1.5 / 1 mol → first
2026-10-08T15:38:28.7897738Z   ---
2026-10-08T15:38:28.7897915Z   duration_ms: 0.918643
2026-10-08T15:38:28.7898112Z   ...
2026-10-08T15:38:28.7898386Z # Subtest: magnesium: 1 / 0.499 mol → second
2026-10-08T15:38:28.7898935Z ok 215 - magnesium: 1 / 0.499 mol → second
2026-10-08T15:38:28.7899182Z   ---
2026-10-08T15:38:28.7899354Z   duration_ms: 0.156574
2026-10-08T15:38:28.7899546Z   ...
2026-10-08T15:38:28.7899818Z # Subtest: magnesium: 1 / 0.5 mol → matched
2026-10-08T15:38:28.7900159Z ok 216 - magnesium: 1 / 0.5 mol → matched
2026-10-08T15:38:28.7900394Z   ---
2026-10-08T15:38:28.7900570Z   duration_ms: 0.187881
2026-10-08T15:38:28.7900766Z   ...
2026-10-08T15:38:28.7901032Z # Subtest: magnesium: 1 / 0.501 mol → first
2026-10-08T15:38:28.7901368Z ok 217 - magnesium: 1 / 0.501 mol → first
2026-10-08T15:38:28.7901596Z   ---
2026-10-08T15:38:28.7901767Z   duration_ms: 0.109284
2026-10-08T15:38:28.7901957Z   ...
2026-10-08T15:38:28.7902223Z # Subtest: water: 1000 / 1000 mol → first
2026-10-08T15:38:28.7902551Z ok 218 - water: 1000 / 1000 mol → first
2026-10-08T15:38:28.7902784Z   ---
2026-10-08T15:38:28.7902960Z   duration_ms: 0.216033
2026-10-08T15:38:28.7903329Z   ...
2026-10-08T15:38:28.7903701Z # Subtest: authored equations use the declared species and conserve each element
2026-10-08T15:38:28.7904236Z ok 219 - authored equations use the declared species and conserve each element
2026-10-08T15:38:28.7904569Z   ---
2026-10-08T15:38:28.7904723Z   duration_ms: 0.904401
2026-10-08T15:38:28.7904846Z   ...
2026-10-08T15:38:28.7905042Z # Subtest: all admitted decimal spellings resolve to exact millimoles
2026-10-08T15:38:28.7905318Z ok 220 - all admitted decimal spellings resolve to exact millimoles
2026-10-08T15:38:28.7905502Z   ---
2026-10-08T15:38:28.7905609Z   duration_ms: 0.224646
2026-10-08T15:38:28.7905727Z   ...
2026-10-08T15:38:28.7905951Z # Subtest: invalid or ambiguous amount inputs are refused without numeric coercion
2026-10-08T15:38:28.7906274Z ok 221 - invalid or ambiguous amount inputs are refused without numeric coercion
2026-10-08T15:38:28.7906478Z   ---
2026-10-08T15:38:28.7906582Z   duration_ms: 0.685054
2026-10-08T15:38:28.7906700Z   ...
2026-10-08T15:38:28.7906964Z # Subtest: positive amounts straddling an exact ratio are never classified using a floating tolerance
2026-10-08T15:38:28.7907520Z ok 222 - positive amounts straddling an exact ratio are never classified using a floating tolerance
2026-10-08T15:38:28.7907758Z   ---
2026-10-08T15:38:28.7907863Z   duration_ms: 0.156134
2026-10-08T15:38:28.7907980Z   ...
2026-10-08T15:38:28.7908217Z # Subtest: start = used + left and atom inventory is conserved across a changed-input grid
2026-10-08T15:38:28.7908569Z ok 223 - start = used + left and atom inventory is conserved across a changed-input grid
2026-10-08T15:38:28.7908783Z   ---
2026-10-08T15:38:28.7908888Z   duration_ms: 5.194893
2026-10-08T15:38:28.7909005Z   ...
2026-10-08T15:38:28.7909293Z # Subtest: doubling both supplies doubles theoretical product and excess without changing the limiting identity
2026-10-08T15:38:28.7909731Z ok 224 - doubling both supplies doubles theoretical product and excess without changing the limiting identity
2026-10-08T15:38:28.7909996Z   ---
2026-10-08T15:38:28.7910100Z   duration_ms: 0.409662
2026-10-08T15:38:28.7910217Z   ...
2026-10-08T15:38:28.7910485Z # Subtest: reaction definitions and solved records are deeply immutable without changing caller inputs
2026-10-08T15:38:28.7910884Z ok 225 - reaction definitions and solved records are deeply immutable without changing caller inputs
2026-10-08T15:38:28.7911123Z   ---
2026-10-08T15:38:28.7911231Z   duration_ms: 0.328401
2026-10-08T15:38:28.7911348Z   ...
2026-10-08T15:38:28.7911603Z # Subtest: worked record carries this prediction, mole accounting and the explicit theoretical model
2026-10-08T15:38:28.7911994Z ok 226 - worked record carries this prediction, mole accounting and the explicit theoretical model
2026-10-08T15:38:28.7912229Z   ---
2026-10-08T15:38:28.7912333Z   duration_ms: 0.599095
2026-10-08T15:38:28.7912452Z   ...
2026-10-08T15:38:28.7912725Z # Subtest: completed first answers restore in their original adaptive order with exact, unrounded estimates
2026-10-08T15:38:28.7913516Z ok 227 - completed first answers restore in their original adaptive order with exact, unrounded estimates
2026-10-08T15:38:28.7913910Z   ---
2026-10-08T15:38:28.7914077Z   duration_ms: 12.619948
2026-10-08T15:38:28.7914269Z   ...
2026-10-08T15:38:28.7914552Z # Subtest: unstarted, zero-answer, paused and complete practice remain distinct and can resume once
2026-10-08T15:38:28.7914943Z ok 228 - unstarted, zero-answer, paused and complete practice remain distinct and can resume once
2026-10-08T15:38:28.7915179Z   ---
2026-10-08T15:38:28.7915284Z   duration_ms: 4.791159
2026-10-08T15:38:28.7915402Z   ...
2026-10-08T15:38:28.7915629Z # Subtest: all-correct and all-missed completed traces use canonical answer indices
2026-10-08T15:38:28.7915961Z ok 229 - all-correct and all-missed completed traces use canonical answer indices
2026-10-08T15:38:28.7916168Z   ---
2026-10-08T15:38:28.7916274Z   duration_ms: 4.023743
2026-10-08T15:38:28.7916392Z   ...
2026-10-08T15:38:28.7916615Z # Subtest: incomplete, duplicate, unknown and out-of-range first answers are refused
2026-10-08T15:38:28.7916958Z ok 230 - incomplete, duplicate, unknown and out-of-range first answers are refused
2026-10-08T15:38:28.7917166Z   ---
2026-10-08T15:38:28.7917271Z   duration_ms: 6.568365
2026-10-08T15:38:28.7917388Z   ...
2026-10-08T15:38:28.7917645Z # Subtest: a different course revision cannot replace the current deck; property order is immaterial
2026-10-08T15:38:28.7918038Z ok 231 - a different course revision cannot replace the current deck; property order is immaterial
2026-10-08T15:38:28.7918274Z   ---
2026-10-08T15:38:28.7918379Z   duration_ms: 2.84412
2026-10-08T15:38:28.7918496Z   ...
2026-10-08T15:38:28.7918739Z # Subtest: changed model parameters, rounded estimates and incompatible versions are refused
2026-10-08T15:38:28.7919104Z ok 232 - changed model parameters, rounded estimates and incompatible versions are refused
2026-10-08T15:38:28.7919328Z   ---
2026-10-08T15:38:28.7919435Z   duration_ms: 3.557787
2026-10-08T15:38:28.7919555Z   ...
2026-10-08T15:38:28.7919787Z # Subtest: practice replay refuses duplicate, reordered, correct-first and extra answers
2026-10-08T15:38:28.7920238Z ok 233 - practice replay refuses duplicate, reordered, correct-first and extra answers
2026-10-08T15:38:28.7920453Z   ---
2026-10-08T15:38:28.7920565Z   duration_ms: 6.233986
2026-10-08T15:38:28.7920683Z   ...
2026-10-08T15:38:28.7920911Z # Subtest: bounded parsing refuses invalid JSON and oversized UTF-8 before exposing state
2026-10-08T15:38:28.7921259Z ok 234 - bounded parsing refuses invalid JSON and oversized UTF-8 before exposing state
2026-10-08T15:38:28.7921474Z   ---
2026-10-08T15:38:28.7921578Z   duration_ms: 4.41011
2026-10-08T15:38:28.7921699Z   ...
2026-10-08T15:38:28.7921940Z # Subtest: the downloadable course is the exact admitted course, without external dependencies
2026-10-08T15:38:28.7922306Z ok 235 - the downloadable course is the exact admitted course, without external dependencies
2026-10-08T15:38:28.7922527Z   ---
2026-10-08T15:38:28.7922636Z   duration_ms: 1.240023
2026-10-08T15:38:28.7922754Z   ...
2026-10-08T15:38:28.7922984Z # Subtest: rebuilding the embedded course preserves already current standalone bytes
2026-10-08T15:38:28.7923508Z ok 236 - rebuilding the embedded course preserves already current standalone bytes
2026-10-08T15:38:28.7923718Z   ---
2026-10-08T15:38:28.7923826Z   duration_ms: 26.644626
2026-10-08T15:38:28.7923947Z   ...
2026-10-08T15:38:28.7924170Z # Subtest: the course example retains a component and reconstructs the exact original
2026-10-08T15:38:28.7924503Z ok 237 - the course example retains a component and reconstructs the exact original
2026-10-08T15:38:28.7924709Z   ---
2026-10-08T15:38:28.7924813Z   duration_ms: 0.717913
2026-10-08T15:38:28.7924929Z   ...
2026-10-08T15:38:28.7925152Z # Subtest: the geometric line is unchanged by a positive or negative direction rescaling
2026-10-08T15:38:28.7925486Z ok 238 - the geometric line is unchanged by a positive or negative direction rescaling
2026-10-08T15:38:28.7925789Z   ---
2026-10-08T15:38:28.7925894Z   duration_ms: 0.241241
2026-10-08T15:38:28.7926012Z   ...
2026-10-08T15:38:28.7926249Z # Subtest: perpendicular, parallel, axis-aligned and zero-original cases remain defined
2026-10-08T15:38:28.7926603Z ok 239 - perpendicular, parallel, axis-aligned and zero-original cases remain defined
2026-10-08T15:38:28.7926824Z   ---
2026-10-08T15:38:28.7926932Z   duration_ms: 0.278586
2026-10-08T15:38:28.7927051Z   ...
2026-10-08T15:38:28.7927272Z # Subtest: malformed, missing, out-of-domain and zero direction values are refused
2026-10-08T15:38:28.7927596Z ok 240 - malformed, missing, out-of-domain and zero direction values are refused
2026-10-08T15:38:28.7927798Z   ---
2026-10-08T15:38:28.7927906Z   duration_ms: 1.195216
2026-10-08T15:38:28.7928024Z   ...
2026-10-08T15:38:28.7928217Z # Subtest: calculation does not mutate or alias its input coordinates
2026-10-08T15:38:28.7928497Z ok 241 - calculation does not mutate or alias its input coordinates
2026-10-08T15:38:28.7928683Z   ---
2026-10-08T15:38:28.7928789Z   duration_ms: 0.144395
2026-10-08T15:38:28.7928906Z   ...
2026-10-08T15:38:28.7929182Z # Subtest: 2,000 independently checked geometries satisfy the projection characterization and plot bounds
2026-10-08T15:38:28.7929601Z ok 242 - 2,000 independently checked geometries satisfy the projection characterization and plot bounds
2026-10-08T15:38:28.7929844Z   ---
2026-10-08T15:38:28.7929952Z   duration_ms: 16.127069
2026-10-08T15:38:28.7930073Z   ...
2026-10-08T15:38:28.7930332Z # Subtest: course has twelve original items, two per concept, with a balanced canonical answer key
2026-10-08T15:38:28.7930711Z ok 243 - course has twelve original items, two per concept, with a balanced canonical answer key
2026-10-08T15:38:28.7930940Z   ---
2026-10-08T15:38:28.7931046Z   duration_ms: 1.62619
2026-10-08T15:38:28.7931163Z   ...
2026-10-08T15:38:28.7931395Z # Subtest: displacement subtracts the starting point, including its negative component
2026-10-08T15:38:28.7931743Z ok 244 - displacement subtracts the starting point, including its negative component
2026-10-08T15:38:28.7931961Z   ---
2026-10-08T15:38:28.7932163Z   duration_ms: 0.609531
2026-10-08T15:38:28.7932284Z   ...
2026-10-08T15:38:28.7932524Z # Subtest: sequential displacements combine componentwise and retain the same final point
2026-10-08T15:38:28.7932881Z ok 245 - sequential displacements combine componentwise and retain the same final point
2026-10-08T15:38:28.7933369Z   ---
2026-10-08T15:38:28.7933475Z   duration_ms: 0.333819
2026-10-08T15:38:28.7933595Z   ...
2026-10-08T15:38:28.7933809Z # Subtest: Euclidean length is the square root of the sum of squared components
2026-10-08T15:38:28.7934116Z ok 246 - Euclidean length is the square root of the sum of squared components
2026-10-08T15:38:28.7934316Z   ---
2026-10-08T15:38:28.7934423Z   duration_ms: 0.192438
2026-10-08T15:38:28.7934544Z   ...
2026-10-08T15:38:28.7934765Z # Subtest: the unit direction has length one and preserves the original orientation
2026-10-08T15:38:28.7935092Z ok 247 - the unit direction has length one and preserves the original orientation
2026-10-08T15:38:28.7935295Z   ---
2026-10-08T15:38:28.7935406Z   duration_ms: 0.251967
2026-10-08T15:38:28.7935527Z   ...
2026-10-08T15:38:28.7935740Z # Subtest: the two nonzero perpendicular vectors have zero dot product
2026-10-08T15:38:28.7936016Z ok 248 - the two nonzero perpendicular vectors have zero dot product
2026-10-08T15:38:28.7936197Z   ---
2026-10-08T15:38:28.7936302Z   duration_ms: 0.151015
2026-10-08T15:38:28.7936419Z   ...
2026-10-08T15:38:28.7936634Z # Subtest: a unit-axis component retains the sign of the projected displacement
2026-10-08T15:38:28.7936944Z ok 249 - a unit-axis component retains the sign of the projected displacement
2026-10-08T15:38:28.7937142Z   ---
2026-10-08T15:38:28.7937246Z   duration_ms: 0.158888
2026-10-08T15:38:28.7937366Z   ...
2026-10-08T15:38:28.7937609Z # Subtest: the projection lies on the nonunit direction line and leaves an orthogonal residual
2026-10-08T15:38:28.7938073Z ok 250 - the projection lies on the nonunit direction line and leaves an orthogonal residual
2026-10-08T15:38:28.7938302Z   ---
2026-10-08T15:38:28.7938411Z   duration_ms: 0.244876
2026-10-08T15:38:28.7938535Z   ...
2026-10-08T15:38:28.7938761Z # Subtest: the requested residual reconstructs b as well as being perpendicular
2026-10-08T15:38:28.7939095Z ok 251 - the requested residual reconstructs b as well as being perpendicular
2026-10-08T15:38:28.7939311Z   ---
2026-10-08T15:38:28.7939422Z   duration_ms: 0.273069
2026-10-08T15:38:28.7939550Z   ...
2026-10-08T15:38:28.7939772Z # Subtest: row dot products implement the stated column-vector matrix convention
2026-10-08T15:38:28.7940101Z ok 252 - row dot products implement the stated column-vector matrix convention
2026-10-08T15:38:28.7940315Z   ---
2026-10-08T15:38:28.7940428Z   duration_ms: 0.271206
2026-10-08T15:38:28.7940551Z   ...
2026-10-08T15:38:28.7940771Z # Subtest: basis images retain the coefficients of the input linear combination
2026-10-08T15:38:28.7941095Z ok 253 - basis images retain the coefficients of the input linear combination
2026-10-08T15:38:28.7941293Z   ---
2026-10-08T15:38:28.7941401Z   duration_ms: 0.159509
2026-10-08T15:38:28.7941521Z   ...
2026-10-08T15:38:28.7941733Z # Subtest: rotation before horizontal stretch differs from the reverse order
2026-10-08T15:38:28.7942047Z ok 254 - rotation before horizontal stretch differs from the reverse order
2026-10-08T15:38:28.7942252Z   ---
2026-10-08T15:38:28.7942364Z   duration_ms: 0.202062
2026-10-08T15:38:28.7942488Z   ...
2026-10-08T15:38:28.7942694Z # Subtest: the stated distinct inputs collide under the flattening map
2026-10-08T15:38:28.7942990Z ok 255 - the stated distinct inputs collide under the flattening map
2026-10-08T15:38:28.7943457Z   ---
2026-10-08T15:38:28.7943571Z   duration_ms: 0.197775
2026-10-08T15:38:28.7943694Z   ...
2026-10-08T15:38:28.7943799Z 1..255
2026-10-08T15:38:28.7943911Z # tests 267
2026-10-08T15:38:28.7944023Z # suites 0
2026-10-08T15:38:28.7944136Z # pass 267
2026-10-08T15:38:28.7944253Z # fail 0
2026-10-08T15:38:28.7944365Z # cancelled 0
2026-10-08T15:38:28.7944480Z # skipped 0
2026-10-08T15:38:28.7944691Z # todo 0
2026-10-08T15:38:28.7944824Z # duration_ms 1522.262607
2026-10-08T15:38:28.7972254Z ##[group]Run cp demo.html /tmp/demo-before.html
2026-10-08T15:38:28.7972501Z [36;1mcp demo.html /tmp/demo-before.html[0m
2026-10-08T15:38:28.7972667Z [36;1mpython3 tools/make_demo.py[0m
2026-10-08T15:38:28.7972971Z [36;1mcmp /tmp/demo-before.html demo.html || { echo "demo.html is stale: run 'python3 tools/make_demo.py' and commit the result"; exit 1; }[0m
2026-10-08T15:38:28.8025935Z shell: /usr/bin/bash -e {0}
2026-10-08T15:38:28.8026098Z ##[endgroup]
2026-10-08T15:38:28.8286030Z Built /home/runner/work/RecallWeave/RecallWeave/demo.html (97565 bytes)
2026-10-08T15:38:28.8404499Z Post job cleanup.
2026-10-08T15:38:28.9241649Z (node:2563) [DEP0040] DeprecationWarning: The `punycode` module is deprecated. Please use a userland alternative instead.
2026-10-08T15:38:28.9242394Z (Use `node --trace-deprecation ...` to show where the warning was created)
2026-10-08T15:38:28.9404467Z Post job cleanup.
2026-10-08T15:38:29.0006019Z [command]/usr/bin/git version
2026-10-08T15:38:29.0043607Z git version 2.55.0
2026-10-08T15:38:29.0073736Z Temporarily overriding HOME='/home/runner/work/_temp/2008e716-2ee0-40bf-8d59-3c5600fd6f46' before making global git config changes
2026-10-08T15:38:29.0074426Z Adding repository directory to the temporary git global config as a safe directory
2026-10-08T15:38:29.0090302Z [command]/usr/bin/git config --global --add safe.directory /home/runner/work/RecallWeave/RecallWeave
2026-10-08T15:38:29.0117859Z [command]/usr/bin/git config --local --name-only --get-regexp core\.sshCommand
2026-10-08T15:38:29.0151280Z [command]/usr/bin/git submodule foreach --recursive sh -c "git config --local --name-only --get-regexp 'core\.sshCommand' && git config --local --unset-all 'core.sshCommand' || :"
2026-10-08T15:38:29.0364555Z [command]/usr/bin/git config --local --name-only --get-regexp http\.https\:\/\/github\.com\/\.extraheader
2026-10-08T15:38:29.0394453Z http.https://github.com/.extraheader
2026-10-08T15:38:29.0405413Z [command]/usr/bin/git config --local --unset-all http.https://github.com/.extraheader
2026-10-08T15:38:29.0441967Z [command]/usr/bin/git submodule foreach --recursive sh -c "git config --local --name-only --get-regexp 'http\.https\:\/\/github\.com\/\.extraheader' && git config --local --unset-all 'http.https://github.com/.extraheader' || :"
2026-10-08T15:38:29.0650593Z [command]/usr/bin/git config --local --name-only --get-regexp ^includeIf\.gitdir:
2026-10-08T15:38:29.0682341Z [command]/usr/bin/git submodule foreach --recursive git config --local --show-origin --name-only --get-regexp remote.origin.url
2026-10-08T15:38:29.0994245Z Cleaning up orphan processes
2026-10-08T15:38:29.1195176Z ##[warning]Node.js 20 is deprecated. The following actions target Node.js 20 but are being forced to run on Node.js 24: actions/checkout@11d5960a326750d5838078e36cf38b85af677262, actions/setup-node@49933ea5288caeca8642d1e84afbd3f7d6820020. For more information see: https://github.blog/changelog/2025-09-19-deprecation-of-node-20-on-github-actions-runners/
