2026-10-08T15:48:49.0662410Z Current runner version: '2.337.0'
2026-10-08T15:48:49.0679741Z ##[group]Runner Image Provisioner
2026-10-08T15:48:49.0680260Z Hosted Compute Agent
2026-10-08T15:48:49.0680660Z Version: 20261002.596
2026-10-08T15:48:49.0681053Z Commit: c3d12f3313a95f25162a1503be624f3b0617f8c0
2026-10-08T15:48:49.0681450Z Build Date: 2026-10-02T22:28:27Z
2026-10-08T15:48:49.0681981Z Worker ID: {63f0fccc-3de2-4c80-b600-113c85be5bf3}
2026-10-08T15:48:49.0682515Z Region: centralus
2026-10-08T15:48:49.0683100Z Cloud: Azure
2026-10-08T15:48:49.0683528Z ##[endgroup]
2026-10-08T15:48:49.0684595Z ##[group]Operating System
2026-10-08T15:48:49.0685126Z Ubuntu
2026-10-08T15:48:49.0685432Z 24.04.5
2026-10-08T15:48:49.0685723Z LTS
2026-10-08T15:48:49.0686091Z ##[endgroup]
2026-10-08T15:48:49.0686404Z ##[group]Runner Image
2026-10-08T15:48:49.0686820Z Image: ubuntu-24.04
2026-10-08T15:48:49.0687149Z Version: 20261004.327.1
2026-10-08T15:48:49.0687922Z Included Software: https://github.com/actions/runner-images/blob/ubuntu24/20261004.327/images/ubuntu/Ubuntu2404-Readme.md
2026-10-08T15:48:49.0688752Z Image Release: https://github.com/actions/runner-images/releases/tag/ubuntu24%2F20261004.327
2026-10-08T15:48:49.0689348Z ##[endgroup]
2026-10-08T15:48:49.0689966Z ##[group]GITHUB_TOKEN Permissions
2026-10-08T15:48:49.0691389Z Contents: read
2026-10-08T15:48:49.0691719Z Metadata: read
2026-10-08T15:48:49.0692058Z ##[endgroup]
2026-10-08T15:48:49.0693759Z Secret source: Actions
2026-10-08T15:48:49.0694300Z Cache mode: write
2026-10-08T15:48:49.0694899Z Prepare workflow directory
2026-10-08T15:48:49.0897536Z Prepare all required actions
2026-10-08T15:48:49.0927797Z Getting action download info
2026-10-08T15:48:49.3144966Z Download action repository 'actions/checkout@11d5960a326750d5838078e36cf38b85af677262' (SHA:11d5960a326750d5838078e36cf38b85af677262)
2026-10-08T15:48:49.4175588Z Download action repository 'actions/setup-node@49933ea5288caeca8642d1e84afbd3f7d6820020' (SHA:49933ea5288caeca8642d1e84afbd3f7d6820020)
2026-10-08T15:48:49.6803566Z Complete job name: node-test
2026-10-08T15:48:49.7343555Z ##[group]Run actions/checkout@11d5960a326750d5838078e36cf38b85af677262
2026-10-08T15:48:49.7344113Z with:
2026-10-08T15:48:49.7344358Z   repository: Jacob-Met/RecallWeave
2026-10-08T15:48:49.7346647Z   token: ***
2026-10-08T15:48:49.7346882Z   ssh-strict: true
2026-10-08T15:48:49.7347123Z   ssh-user: git
2026-10-08T15:48:49.7347373Z   persist-credentials: true
2026-10-08T15:48:49.7347641Z   clean: true
2026-10-08T15:48:49.7347891Z   sparse-checkout-cone-mode: true
2026-10-08T15:48:49.7348182Z   fetch-depth: 1
2026-10-08T15:48:49.7348424Z   fetch-tags: false
2026-10-08T15:48:49.7348669Z   show-progress: true
2026-10-08T15:48:49.7348915Z   lfs: false
2026-10-08T15:48:49.7349142Z   submodules: false
2026-10-08T15:48:49.7349391Z   set-safe-directory: true
2026-10-08T15:48:49.7349669Z   allow-unsafe-pr-checkout: false
2026-10-08T15:48:49.7350257Z ##[endgroup]
2026-10-08T15:48:49.8014442Z Syncing repository: Jacob-Met/RecallWeave
2026-10-08T15:48:49.8016042Z ##[group]Getting Git version info
2026-10-08T15:48:49.8016668Z Working directory is '/home/runner/work/RecallWeave/RecallWeave'
2026-10-08T15:48:49.8017601Z [command]/usr/bin/git version
2026-10-08T15:48:49.8073294Z git version 2.55.0
2026-10-08T15:48:49.8093642Z ##[endgroup]
2026-10-08T15:48:49.8098796Z Temporarily overriding HOME='/home/runner/work/_temp/26d3085d-979f-4f45-82ed-8a100dbb8f9f' before making global git config changes
2026-10-08T15:48:49.8099515Z Adding repository directory to the temporary git global config as a safe directory
2026-10-08T15:48:49.8113966Z [command]/usr/bin/git config --global --add safe.directory /home/runner/work/RecallWeave/RecallWeave
2026-10-08T15:48:49.8184098Z Deleting the contents of '/home/runner/work/RecallWeave/RecallWeave'
2026-10-08T15:48:49.8188673Z ##[group]Initializing the repository
2026-10-08T15:48:49.8192032Z [command]/usr/bin/git init /home/runner/work/RecallWeave/RecallWeave
2026-10-08T15:48:49.8294280Z hint: Using 'master' as the name for the initial branch. This default branch name
2026-10-08T15:48:49.8295726Z hint: will change to "main" in Git 3.0. To configure the initial branch name
2026-10-08T15:48:49.8296638Z hint: to use in all of your new repositories, which will suppress this warning,
2026-10-08T15:48:49.8297375Z hint: call:
2026-10-08T15:48:49.8297823Z hint:
2026-10-08T15:48:49.8298389Z hint: 	git config --global init.defaultBranch <name>
2026-10-08T15:48:49.8298898Z hint:
2026-10-08T15:48:49.8299368Z hint: Names commonly chosen instead of 'master' are 'main', 'trunk' and
2026-10-08T15:48:49.8300194Z hint: 'development'. The just-created branch can be renamed via this command:
2026-10-08T15:48:49.8300838Z hint:
2026-10-08T15:48:49.8301070Z hint: 	git branch -m <name>
2026-10-08T15:48:49.8301324Z hint:
2026-10-08T15:48:49.8301674Z hint: Disable this message with "git config set advice.defaultBranchName false"
2026-10-08T15:48:49.8302237Z Initialized empty Git repository in /home/runner/work/RecallWeave/RecallWeave/.git/
2026-10-08T15:48:49.8307408Z [command]/usr/bin/git remote add origin https://github.com/Jacob-Met/RecallWeave
2026-10-08T15:48:49.8492372Z ##[endgroup]
2026-10-08T15:48:49.8493223Z ##[group]Disabling automatic garbage collection
2026-10-08T15:48:49.8493839Z [command]/usr/bin/git config --local gc.auto 0
2026-10-08T15:48:49.8575066Z ##[endgroup]
2026-10-08T15:48:49.8575699Z ##[group]Setting up auth
2026-10-08T15:48:49.8580719Z [command]/usr/bin/git config --local --name-only --get-regexp core\.sshCommand
2026-10-08T15:48:49.8612018Z [command]/usr/bin/git submodule foreach --recursive sh -c "git config --local --name-only --get-regexp 'core\.sshCommand' && git config --local --unset-all 'core.sshCommand' || :"
2026-10-08T15:48:49.8971749Z [command]/usr/bin/git config --local --name-only --get-regexp http\.https\:\/\/github\.com\/\.extraheader
2026-10-08T15:48:49.9004027Z [command]/usr/bin/git submodule foreach --recursive sh -c "git config --local --name-only --get-regexp 'http\.https\:\/\/github\.com\/\.extraheader' && git config --local --unset-all 'http.https://github.com/.extraheader' || :"
2026-10-08T15:48:49.9182651Z [command]/usr/bin/git config --local --name-only --get-regexp ^includeIf\.gitdir:
2026-10-08T15:48:49.9213007Z [command]/usr/bin/git submodule foreach --recursive git config --local --show-origin --name-only --get-regexp remote.origin.url
2026-10-08T15:48:49.9392136Z [command]/usr/bin/git config --local http.https://github.com/.extraheader AUTHORIZATION: basic ***
2026-10-08T15:48:49.9570337Z ##[endgroup]
2026-10-08T15:48:49.9570850Z ##[group]Fetching the repository
2026-10-08T15:48:49.9571632Z [command]/usr/bin/git -c protocol.version=2 fetch --no-tags --prune --no-recurse-submodules --depth=1 origin +ab7e2dddc03dd2629b7d67c291217c946772d10c:refs/remotes/origin/main
2026-10-08T15:48:52.3838254Z From https://github.com/Jacob-Met/RecallWeave
2026-10-08T15:48:52.3839534Z  * [new ref]         ab7e2dddc03dd2629b7d67c291217c946772d10c -> origin/main
2026-10-08T15:48:52.3842370Z ##[endgroup]
2026-10-08T15:48:52.3843504Z ##[group]Determining the checkout info
2026-10-08T15:48:52.3844772Z ##[endgroup]
2026-10-08T15:48:52.3847245Z [command]/usr/bin/git sparse-checkout disable
2026-10-08T15:48:52.4856545Z [command]/usr/bin/git config --local --unset-all extensions.worktreeConfig
2026-10-08T15:48:52.4938597Z ##[group]Checking out the ref
2026-10-08T15:48:52.4940444Z [command]/usr/bin/git checkout --progress --force -B main refs/remotes/origin/main
2026-10-08T15:48:52.7431193Z Switched to a new branch 'main'
2026-10-08T15:48:52.7433676Z branch 'main' set up to track 'origin/main'.
2026-10-08T15:48:52.7451833Z ##[endgroup]
2026-10-08T15:48:52.7491019Z [command]/usr/bin/git log -1 --format=%H
2026-10-08T15:48:52.7512666Z ab7e2dddc03dd2629b7d67c291217c946772d10c
2026-10-08T15:48:52.8048611Z ##[group]Run actions/setup-node@49933ea5288caeca8642d1e84afbd3f7d6820020
2026-10-08T15:48:52.8048876Z with:
2026-10-08T15:48:52.8049023Z   node-version: 20
2026-10-08T15:48:52.8049171Z   always-auth: false
2026-10-08T15:48:52.8049319Z   check-latest: false
2026-10-08T15:48:52.8050897Z   token: ***
2026-10-08T15:48:52.8051039Z ##[endgroup]
2026-10-08T15:48:52.9271872Z Attempting to download 20...
2026-10-08T15:48:52.9336446Z (node:2062) [DEP0040] DeprecationWarning: The `punycode` module is deprecated. Please use a userland alternative instead.
2026-10-08T15:48:52.9336948Z (Use `node --trace-deprecation ...` to show where the warning was created)
2026-10-08T15:48:53.8458739Z Acquiring 20.20.2 - x64 from https://github.com/actions/node-versions/releases/download/20.20.2-23521894959/node-20.20.2-linux-x64.tar.gz
2026-10-08T15:48:54.3405236Z Extracting ...
2026-10-08T15:48:54.3481788Z [command]/usr/bin/tar xz --strip 1 --warning=no-unknown-keyword --overwrite -C /home/runner/work/_temp/8bf3cac5-cb72-4760-ac3f-d7e579797745 -f /home/runner/work/_temp/9244f6ad-9ca8-417f-a5e3-09d77aea321b
2026-10-08T15:48:55.0755388Z Adding to the cache ...
2026-10-08T15:48:56.5091733Z ##[group]Environment details
2026-10-08T15:48:56.6493440Z node: v20.20.2
2026-10-08T15:48:56.6493735Z npm: 10.8.2
2026-10-08T15:48:56.6493915Z yarn: 1.22.22
2026-10-08T15:48:56.6503987Z ##[endgroup]
2026-10-08T15:48:56.6634964Z ##[group]Run node --test tests/*.test.mjs
2026-10-08T15:48:56.6635183Z [36;1mnode --test tests/*.test.mjs[0m
2026-10-08T15:48:56.6850496Z shell: /usr/bin/bash -e {0}
2026-10-08T15:48:56.6850661Z ##[endgroup]
2026-10-08T15:48:56.7262718Z TAP version 13
2026-10-08T15:48:56.7615193Z # Subtest: display orders retain every canonical option exactly once and are immutable
2026-10-08T15:48:56.7617345Z ok 1 - display orders retain every canonical option exactly once and are immutable
2026-10-08T15:48:56.7617867Z   ---
2026-10-08T15:48:56.7618205Z   duration_ms: 8.968648
2026-10-08T15:48:56.7618560Z   ...
2026-10-08T15:48:56.7619199Z # Subtest: a stable source replays an order and changed input can put the answer in every display position
2026-10-08T15:48:56.7620056Z ok 2 - a stable source replays an order and changed input can put the answer in every display position
2026-10-08T15:48:56.7620614Z   ---
2026-10-08T15:48:56.7621006Z   duration_ms: 0.493456
2026-10-08T15:48:56.7621405Z   ...
2026-10-08T15:48:56.7621999Z # Subtest: invalid counts or random values cannot produce duplicate, missing, or unaddressable choices
2026-10-08T15:48:56.7622944Z ok 3 - invalid counts or random values cannot produce duplicate, missing, or unaddressable choices
2026-10-08T15:48:56.7623569Z   ---
2026-10-08T15:48:56.7623883Z   duration_ms: 0.474158
2026-10-08T15:48:56.7624196Z   ...
2026-10-08T15:48:56.7643784Z # Subtest: varied displayed choices keep review, corrected practice and study notes tied to their original text
2026-10-08T15:48:56.7644868Z ok 4 - varied displayed choices keep review, corrected practice and study notes tied to their original text
2026-10-08T15:48:56.7645472Z   ---
2026-10-08T15:48:56.7645967Z   duration_ms: 5.759878
2026-10-08T15:48:56.7646298Z   ...
2026-10-08T15:48:56.7739180Z # Subtest: the direct-file author page is generated from all current author modules
2026-10-08T15:48:56.7741950Z ok 5 - the direct-file author page is generated from all current author modules
2026-10-08T15:48:56.7742587Z   ---
2026-10-08T15:48:56.7743116Z   duration_ms: 28.067979
2026-10-08T15:48:56.7743480Z   ...
2026-10-08T15:48:56.7800367Z # Subtest: the binary-search course round-trips through the published deck contract
2026-10-08T15:48:56.7831890Z ok 6 - the binary-search course round-trips through the published deck contract
2026-10-08T15:48:56.7832577Z   ---
2026-10-08T15:48:56.7833095Z   duration_ms: 2.429907
2026-10-08T15:48:56.7833444Z   ...
2026-10-08T15:48:56.7834129Z # Subtest: worked first-occurrence and absent examples agree with an independent linear partition
2026-10-08T15:48:56.7835022Z ok 7 - worked first-occurrence and absent examples agree with an independent linear partition
2026-10-08T15:48:56.7835655Z   ---
2026-10-08T15:48:56.7835972Z   duration_ms: 0.210955
2026-10-08T15:48:56.7836406Z   ...
2026-10-08T15:48:56.7837882Z # Subtest: midpoint and branch answers use the course’s half-open interval convention
2026-10-08T15:48:56.7839424Z ok 8 - midpoint and branch answers use the course’s half-open interval convention
2026-10-08T15:48:56.7839917Z   ---
2026-10-08T15:48:56.7840345Z   duration_ms: 0.191135
2026-10-08T15:48:56.7840677Z   ...
2026-10-08T15:48:56.7841308Z # Subtest: the worked trace and worst-case count follow strictly shrinking intervals
2026-10-08T15:48:56.7842106Z ok 9 - the worked trace and worst-case count follow strictly shrinking intervals
2026-10-08T15:48:56.7842687Z   ---
2026-10-08T15:48:56.7843394Z   duration_ms: 9.095357
2026-10-08T15:48:56.7843729Z   ...
2026-10-08T15:48:56.7844392Z # Subtest: the actual adaptive learner visits every new question and preserves worked feedback
2026-10-08T15:48:56.7845259Z ok 10 - the actual adaptive learner visits every new question and preserves worked feedback
2026-10-08T15:48:56.7845872Z   ---
2026-10-08T15:48:56.7846299Z   duration_ms: 11.468961
2026-10-08T15:48:56.7846635Z   ...
2026-10-08T15:48:56.8097370Z # Subtest: catalog keeps exact raw text and an immutable copy of checked metadata
2026-10-08T15:48:56.8098307Z ok 11 - catalog keeps exact raw text and an immutable copy of checked metadata
2026-10-08T15:48:56.8098635Z   ---
2026-10-08T15:48:56.8098828Z   duration_ms: 1.490846
2026-10-08T15:48:56.8099017Z   ...
2026-10-08T15:48:56.8099450Z # Subtest: curated paths reject traversal, external URLs, authoring sources and duplicates
2026-10-08T15:48:56.8099818Z ok 12 - curated paths reject traversal, external URLs, authoring sources and duplicates
2026-10-08T15:48:56.8100115Z   ---
2026-10-08T15:48:56.8100294Z   duration_ms: 0.745413
2026-10-08T15:48:56.8100506Z   ...
2026-10-08T15:48:56.8100868Z # Subtest: search uses title and concept substrings with stable order and trimmed case
2026-10-08T15:48:56.8101358Z ok 13 - search uses title and concept substrings with stable order and trimmed case
2026-10-08T15:48:56.8101668Z   ---
2026-10-08T15:48:56.8101838Z   duration_ms: 0.282982
2026-10-08T15:48:56.8102057Z   ...
2026-10-08T15:48:56.8181995Z # Subtest: standalone build matches checked-in HTML and embeds every original file unchanged
2026-10-08T15:48:56.8183038Z ok 14 - standalone build matches checked-in HTML and embeds every original file unchanged
2026-10-08T15:48:56.8183581Z   ---
2026-10-08T15:48:56.8183917Z   duration_ms: 8.678505
2026-10-08T15:48:56.8184240Z   ...
2026-10-08T15:48:56.8203695Z # Subtest: embedded course text cannot terminate the data script or become executable markup
2026-10-08T15:48:56.8223818Z ok 15 - embedded course text cannot terminate the data script or become executable markup
2026-10-08T15:48:56.8224278Z   ---
2026-10-08T15:48:56.8224480Z   duration_ms: 4.087902
2026-10-08T15:48:56.8224706Z   ...
2026-10-08T15:48:56.8534885Z # Subtest: builder refuses extra arguments before writing the generated page
2026-10-08T15:48:56.8547205Z ok 16 - builder refuses extra arguments before writing the generated page
2026-10-08T15:48:56.8553610Z   ---
2026-10-08T15:48:56.8553874Z   duration_ms: 31.980129
2026-10-08T15:48:56.8554320Z   ...
2026-10-08T15:48:56.8616670Z # Subtest: the standalone Lesson focus file matches its actual modular sources
2026-10-08T15:48:56.8617430Z ok 17 - the standalone Lesson focus file matches its actual modular sources
2026-10-08T15:48:56.8617929Z   ---
2026-10-08T15:48:56.8618297Z   duration_ms: 37.993054
2026-10-08T15:48:56.8618633Z   ...
2026-10-08T15:48:56.8619147Z # Subtest: all questions and both prerequisite branches survive a focused lesson
2026-10-08T15:48:56.8619809Z ok 18 - all questions and both prerequisite branches survive a focused lesson
2026-10-08T15:48:56.8620276Z   ---
2026-10-08T15:48:56.8620585Z   duration_ms: 4.151097
2026-10-08T15:48:56.8620905Z   ...
2026-10-08T15:48:56.8621395Z # Subtest: requested concepts remain explicit when they are also a prerequisite
2026-10-08T15:48:56.8622041Z ok 19 - requested concepts remain explicit when they are also a prerequisite
2026-10-08T15:48:56.8622492Z   ---
2026-10-08T15:48:56.8622973Z   duration_ms: 0.442741
2026-10-08T15:48:56.8623306Z   ...
2026-10-08T15:48:56.8624238Z # Subtest: clearing or changing targets never retains an earlier closure
2026-10-08T15:48:56.8624852Z ok 20 - clearing or changing targets never retains an earlier closure
2026-10-08T15:48:56.8625287Z   ---
2026-10-08T15:48:56.8625601Z   duration_ms: 0.901716
2026-10-08T15:48:56.8625929Z   ...
2026-10-08T15:48:56.8626395Z # Subtest: literal names, answer identities and immutable copied results
2026-10-08T15:48:56.8627006Z ok 21 - literal names, answer identities and immutable copied results
2026-10-08T15:48:56.8627449Z   ---
2026-10-08T15:48:56.8627757Z   duration_ms: 0.460998
2026-10-08T15:48:56.8628079Z   ...
2026-10-08T15:48:56.8628589Z # Subtest: invalid source, selection and title are refused before producing a lesson
2026-10-08T15:48:56.8629273Z ok 22 - invalid source, selection and title are refused before producing a lesson
2026-10-08T15:48:56.8629745Z   ---
2026-10-08T15:48:56.8630051Z   duration_ms: 1.545156
2026-10-08T15:48:56.8630367Z   ...
2026-10-08T15:48:56.8630850Z # Subtest: real supplied courses retain all content when all concepts are chosen
2026-10-08T15:48:56.8631724Z ok 23 - real supplied courses retain all content when all concepts are chosen
2026-10-08T15:48:56.8632192Z   ---
2026-10-08T15:48:56.8632502Z   duration_ms: 2.903314
2026-10-08T15:48:56.8633139Z   ...
2026-10-08T15:48:56.8633720Z # Subtest: compact output fits the real file limit and an oversized result is refused
2026-10-08T15:48:56.8634704Z ok 24 - compact output fits the real file limit and an oversized result is refused
2026-10-08T15:48:56.8635182Z   ---
2026-10-08T15:48:56.8635513Z   duration_ms: 6.787392
2026-10-08T15:48:56.8635846Z   ...
2026-10-08T15:48:56.9237293Z # Subtest: the direct-file handout page is generated from the current validator, document and UI sources
2026-10-08T15:48:56.9241017Z ok 25 - the direct-file handout page is generated from the current validator, document and UI sources
2026-10-08T15:48:56.9241704Z   ---
2026-10-08T15:48:56.9242052Z   duration_ms: 33.791153
2026-10-08T15:48:56.9242547Z   ...
2026-10-08T15:48:56.9322060Z # Subtest: worksheet projection contains only original public question fields in canonical order
2026-10-08T15:48:56.9339780Z ok 26 - worksheet projection contains only original public question fields in canonical order
2026-10-08T15:48:56.9404092Z   ---
2026-10-08T15:48:56.9404563Z   duration_ms: 1.385498
2026-10-08T15:48:56.9404924Z   ...
2026-10-08T15:48:56.9405548Z # Subtest: separate answer key maps B, A and F to the original two, four and six option arrays
2026-10-08T15:48:56.9406305Z ok 27 - separate answer key maps B, A and F to the original two, four and six option arrays
2026-10-08T15:48:56.9406803Z   ---
2026-10-08T15:48:56.9407122Z   duration_ms: 0.18104
2026-10-08T15:48:56.9407447Z   ...
2026-10-08T15:48:56.9407978Z # Subtest: projection is a frozen snapshot and cannot mutate or alias the selected deck
2026-10-08T15:48:56.9408700Z ok 28 - projection is a frozen snapshot and cannot mutate or alias the selected deck
2026-10-08T15:48:56.9409183Z   ---
2026-10-08T15:48:56.9409566Z   duration_ms: 0.466646
2026-10-08T15:48:56.9409970Z   ...
2026-10-08T15:48:56.9410737Z # Subtest: downloaded worksheet JSON and HTML omit authored answers and explanations
2026-10-08T15:48:56.9411446Z ok 29 - downloaded worksheet JSON and HTML omit authored answers and explanations
2026-10-08T15:48:56.9411920Z   ---
2026-10-08T15:48:56.9412229Z   duration_ms: 0.465916
2026-10-08T15:48:56.9412549Z   ...
2026-10-08T15:48:56.9413213Z # Subtest: downloaded answer key carries exact authored answers, explanations and credit
2026-10-08T15:48:56.9413948Z ok 30 - downloaded answer key carries exact authored answers, explanations and credit
2026-10-08T15:48:56.9414443Z   ---
2026-10-08T15:48:56.9414752Z   duration_ms: 0.323142
2026-10-08T15:48:56.9415077Z   ...
2026-10-08T15:48:56.9415741Z # Subtest: literal Unicode, markup, line endings and script delimiters survive JSON without becoming executable markup
2026-10-08T15:48:56.9416649Z ok 31 - literal Unicode, markup, line endings and script delimiters survive JSON without becoming executable markup
2026-10-08T15:48:56.9417864Z   ---
2026-10-08T15:48:56.9418178Z   duration_ms: 1.189275
2026-10-08T15:48:56.9418504Z   ...
2026-10-08T15:48:56.9419168Z # Subtest: real Deck studio checked downloads retain reordered questions and answer identity
2026-10-08T15:48:56.9419920Z ok 32 - real Deck studio checked downloads retain reordered questions and answer identity
2026-10-08T15:48:56.9420428Z   ---
2026-10-08T15:48:56.9420740Z   duration_ms: 0.541098
2026-10-08T15:48:56.9421052Z   ...
2026-10-08T15:48:56.9421551Z # Subtest: real parser rejects malformed, unsupported and oversized local deck input
2026-10-08T15:48:56.9422231Z ok 33 - real parser rejects malformed, unsupported and oversized local deck input
2026-10-08T15:48:56.9422706Z   ---
2026-10-08T15:48:56.9423267Z   duration_ms: 0.650181
2026-10-08T15:48:56.9423583Z   ...
2026-10-08T15:48:56.9424148Z # Subtest: handout creation refuses invalid deck answers instead of producing an untrustworthy key
2026-10-08T15:48:56.9425179Z ok 34 - handout creation refuses invalid deck answers instead of producing an untrustworthy key
2026-10-08T15:48:56.9425719Z   ---
2026-10-08T15:48:56.9426025Z   duration_ms: 0.232217
2026-10-08T15:48:56.9426343Z   ...
2026-10-08T15:48:56.9426898Z # Subtest: document modes are explicit and invalid choices never silently produce an answer key
2026-10-08T15:48:56.9427669Z ok 35 - document modes are explicit and invalid choices never silently produce an answer key
2026-10-08T15:48:56.9428189Z   ---
2026-10-08T15:48:56.9428497Z   duration_ms: 0.297955
2026-10-08T15:48:56.9428819Z   ...
2026-10-08T15:48:56.9429288Z # Subtest: worksheet and key filenames are distinct bounded local names
2026-10-08T15:48:56.9429905Z ok 36 - worksheet and key filenames are distinct bounded local names
2026-10-08T15:48:56.9430422Z   ---
2026-10-08T15:48:56.9430727Z   duration_ms: 0.192177
2026-10-08T15:48:56.9431117Z   ...
2026-10-08T15:48:56.9431656Z # Subtest: repeat exports are deterministic and leave the original selected JSON unchanged
2026-10-08T15:48:56.9432415Z ok 37 - repeat exports are deterministic and leave the original selected JSON unchanged
2026-10-08T15:48:56.9433068Z   ---
2026-10-08T15:48:56.9433380Z   duration_ms: 0.206748
2026-10-08T15:48:56.9433707Z   ...
2026-10-08T15:48:56.9434257Z # Subtest: the existing contract admits twelve original items across four connected concepts
2026-10-08T15:48:56.9435020Z ok 38 - the existing contract admits twelve original items across four connected concepts
2026-10-08T15:48:56.9435526Z   ---
2026-10-08T15:48:56.9435834Z   duration_ms: 1.908439
2026-10-08T15:48:56.9436161Z   ...
2026-10-08T15:48:56.9436692Z # Subtest: canonical correct positions are balanced without a universal longest-answer cue
2026-10-08T15:48:56.9437609Z ok 39 - canonical correct positions are balanced without a universal longest-answer cue
2026-10-08T15:48:56.9438166Z   ---
2026-10-08T15:48:56.9438472Z   duration_ms: 0.245106
2026-10-08T15:48:56.9438805Z   ...
2026-10-08T15:48:56.9439372Z # Subtest: the answer key matches independently worked charge, connection and power values
2026-10-08T15:48:56.9440089Z ok 40 - the answer key matches independently worked charge, connection and power values
2026-10-08T15:48:56.9440586Z   ---
2026-10-08T15:48:56.9440891Z   duration_ms: 0.264064
2026-10-08T15:48:56.9441220Z   ...
2026-10-08T15:48:56.9441781Z # Subtest: existing selection, review, separate retries and study notes retain every course item
2026-10-08T15:48:56.9442569Z ok 41 - existing selection, review, separate retries and study notes retain every course item
2026-10-08T15:48:56.9443232Z   ---
2026-10-08T15:48:56.9443554Z   duration_ms: 10.381467
2026-10-08T15:48:56.9443887Z   ...
2026-10-08T15:48:56.9444431Z # Subtest: the direct-file artifact rebuilds exactly and embeds the original course bytes
2026-10-08T15:48:56.9445153Z ok 42 - the direct-file artifact rebuilds exactly and embeds the original course bytes
2026-10-08T15:48:56.9445646Z   ---
2026-10-08T15:48:56.9445959Z   duration_ms: 2.232283
2026-10-08T15:48:56.9446518Z   ...
2026-10-08T15:48:56.9550164Z # Subtest: 12 V across 100 and 200 ohms agrees with independently worked branch values
2026-10-08T15:48:56.9554537Z ok 43 - 12 V across 100 and 200 ohms agrees with independently worked branch values
2026-10-08T15:48:56.9554939Z   ---
2026-10-08T15:48:56.9555129Z   duration_ms: 0.873093
2026-10-08T15:48:56.9555323Z   ...
2026-10-08T15:48:56.9555710Z # Subtest: zero voltage has finite equivalent resistance and zero current and power
2026-10-08T15:48:56.9556253Z ok 44 - zero voltage has finite equivalent resistance and zero current and power
2026-10-08T15:48:56.9556583Z   ---
2026-10-08T15:48:56.9556752Z   duration_ms: 0.141481
2026-10-08T15:48:56.9556936Z   ...
2026-10-08T15:48:56.9563546Z # Subtest: charge, loop-voltage and power relationships hold throughout a deterministic input grid
2026-10-08T15:48:56.9571376Z ok 45 - charge, loop-voltage and power relationships hold throughout a deterministic input grid
2026-10-08T15:48:56.9572173Z   ---
2026-10-08T15:48:56.9572496Z   duration_ms: 3.002162
2026-10-08T15:48:56.9573127Z   ...
2026-10-08T15:48:56.9573617Z # Subtest: permuting resistors swaps their values without changing source behavior
2026-10-08T15:48:56.9574268Z ok 46 - permuting resistors swaps their values without changing source behavior
2026-10-08T15:48:56.9574672Z   ---
2026-10-08T15:48:56.9574909Z   duration_ms: 0.144726
2026-10-08T15:48:56.9575159Z   ...
2026-10-08T15:48:56.9575617Z # Subtest: a branch change and a voltage change preserve the stated ideal-source assumptions
2026-10-08T15:48:56.9576270Z ok 47 - a branch change and a voltage change preserve the stated ideal-source assumptions
2026-10-08T15:48:56.9577418Z   ---
2026-10-08T15:48:56.9577674Z   duration_ms: 0.093659
2026-10-08T15:48:56.9577938Z   ...
2026-10-08T15:48:56.9578441Z # Subtest: equal resistors use four times as much total power in parallel at fixed nonzero voltage
2026-10-08T15:48:56.9579122Z ok 48 - equal resistors use four times as much total power in parallel at fixed nonzero voltage
2026-10-08T15:48:56.9579581Z   ---
2026-10-08T15:48:56.9579835Z   duration_ms: 0.083435
2026-10-08T15:48:56.9580096Z   ...
2026-10-08T15:48:56.9580622Z # Subtest: model refuses missing, coerced, nonfinite and out-of-domain parameters
2026-10-08T15:48:56.9581230Z ok 49 - model refuses missing, coerced, nonfinite and out-of-domain parameters
2026-10-08T15:48:56.9593424Z   ---
2026-10-08T15:48:56.9593753Z   duration_ms: 0.534919
2026-10-08T15:48:56.9594018Z   ...
2026-10-08T15:48:56.9594477Z # Subtest: text edits require explicit decimal values and never turn a blank into zero
2026-10-08T15:48:56.9595158Z ok 50 - text edits require explicit decimal values and never turn a blank into zero
2026-10-08T15:48:56.9595555Z   ---
2026-10-08T15:48:56.9595841Z   duration_ms: 0.32165
2026-10-08T15:48:56.9596135Z   ...
2026-10-08T15:48:56.9596647Z # Subtest: results are independent immutable snapshots of their input parameters
2026-10-08T15:48:56.9597254Z ok 51 - results are independent immutable snapshots of their input parameters
2026-10-08T15:48:56.9597698Z   ---
2026-10-08T15:48:56.9597983Z   duration_ms: 0.172287
2026-10-08T15:48:56.9598270Z   ...
2026-10-08T15:48:56.9598689Z # Subtest: CSV keeps both modes, physical units and full numeric precision
2026-10-08T15:48:56.9599361Z ok 52 - CSV keeps both modes, physical units and full numeric precision
2026-10-08T15:48:56.9599961Z   ---
2026-10-08T15:48:56.9600205Z   duration_ms: 0.693375
2026-10-08T15:48:56.9600477Z   ...
2026-10-08T15:48:57.1839256Z # Subtest: unfinished and completely empty drafts save without claiming lesson validity
2026-10-08T15:48:57.1846916Z ok 53 - unfinished and completely empty drafts save without claiming lesson validity
2026-10-08T15:48:57.1873449Z   ---
2026-10-08T15:48:57.1933412Z   duration_ms: 4.086951
2026-10-08T15:48:57.1953519Z   ...
2026-10-08T15:48:57.1954055Z # Subtest: duplicate text, cyclic and self prerequisites, and unfinished selections survive for repair
2026-10-08T15:48:57.1954780Z ok 54 - duplicate text, cyclic and self prerequisites, and unfinished selections survive for repair
2026-10-08T15:48:57.1955431Z   ---
2026-10-08T15:48:57.1955608Z   duration_ms: 0.966062
2026-10-08T15:48:57.1955787Z   ...
2026-10-08T15:48:57.1956215Z # Subtest: ready imported lessons retain public IDs, ordered content, answer identity and checked bytes
2026-10-08T15:48:57.1956855Z ok 55 - ready imported lessons retain public IDs, ordered content, answer identity and checked bytes
2026-10-08T15:48:57.1957214Z   ---
2026-10-08T15:48:57.1957407Z   duration_ms: 4.221321
2026-10-08T15:48:57.1957585Z   ...
2026-10-08T15:48:57.1958046Z # Subtest: canonical private keys recover near-limit counters without changing public IDs or live state
2026-10-08T15:48:57.1963391Z ok 56 - canonical private keys recover near-limit counters without changing public IDs or live state
2026-10-08T15:48:57.1964370Z   ---
2026-10-08T15:48:57.1964634Z   duration_ms: 0.598263
2026-10-08T15:48:57.1964887Z   ...
2026-10-08T15:48:57.1965324Z # Subtest: staged drafts are deeply frozen and replacement copies remain editable
2026-10-08T15:48:57.1966159Z ok 57 - staged drafts are deeply frozen and replacement copies remain editable
2026-10-08T15:48:57.1966569Z   ---
2026-10-08T15:48:57.1966806Z   duration_ms: 0.300148
2026-10-08T15:48:57.1967065Z   ...
2026-10-08T15:48:57.1967617Z # Subtest: missing or ambiguous internal references, malformed shape and unsafe counters refuse before admission
2026-10-08T15:48:57.1968411Z ok 58 - missing or ambiguous internal references, malformed shape and unsafe counters refuse before admission
2026-10-08T15:48:57.1968890Z   ---
2026-10-08T15:48:57.1969131Z   duration_ms: 4.545095
2026-10-08T15:48:57.1969398Z   ...
2026-10-08T15:48:57.1969779Z # Subtest: only recognized editor fields cross the draft boundary
2026-10-08T15:48:57.1970254Z ok 59 - only recognized editor fields cross the draft boundary
2026-10-08T15:48:57.1970601Z   ---
2026-10-08T15:48:57.1970845Z   duration_ms: 0.3077
2026-10-08T15:48:57.1971102Z   ...
2026-10-08T15:48:57.1971576Z # Subtest: a lesson larger than its admission limit can be saved as a draft and repaired later
2026-10-08T15:48:57.1972196Z ok 60 - a lesson larger than its admission limit can be saved as a draft and repaired later
2026-10-08T15:48:57.1972605Z   ---
2026-10-08T15:48:57.1973134Z   duration_ms: 8.437395
2026-10-08T15:48:57.1973317Z   ...
2026-10-08T15:48:57.1973811Z # Subtest: draft size limits count actual UTF-8 bytes and failed saving leaves writing intact
2026-10-08T15:48:57.1974427Z ok 61 - draft size limits count actual UTF-8 bytes and failed saving leaves writing intact
2026-10-08T15:48:57.1974826Z   ---
2026-10-08T15:48:57.1975061Z   duration_ms: 41.869577
2026-10-08T15:48:57.1975316Z   ...
2026-10-08T15:48:57.1975809Z # Subtest: compact drafts remain saveable near and exactly at the byte limit without added whitespace
2026-10-08T15:48:57.1976501Z ok 62 - compact drafts remain saveable near and exactly at the byte limit without added whitespace
2026-10-08T15:48:57.1976952Z   ---
2026-10-08T15:48:57.1977193Z   duration_ms: 129.792961
2026-10-08T15:48:57.1977449Z   ...
2026-10-08T15:48:57.1977928Z # Subtest: a file whose canonical private keys exceed the saved limit is refused before admission
2026-10-08T15:48:57.1978581Z ok 63 - a file whose canonical private keys exceed the saved limit is refused before admission
2026-10-08T15:48:57.1979017Z   ---
2026-10-08T15:48:57.1979255Z   duration_ms: 29.308251
2026-10-08T15:48:57.1979518Z   ...
2026-10-08T15:48:57.2174306Z # Subtest: a valid deck stages without touching authored text and commits once with full immutable content
2026-10-08T15:48:57.2176820Z ok 64 - a valid deck stages without touching authored text and commits once with full immutable content
2026-10-08T15:48:57.2177351Z   ---
2026-10-08T15:48:57.2177649Z   duration_ms: 7.146758
2026-10-08T15:48:57.2177948Z   ...
2026-10-08T15:48:57.2178528Z # Subtest: invalid JSON, invalid answer, oversized file and unreadable file preserve the draft and allow retry
2026-10-08T15:48:57.2179362Z ok 65 - invalid JSON, invalid answer, oversized file and unreadable file preserve the draft and allow retry
2026-10-08T15:48:57.2180159Z   ---
2026-10-08T15:48:57.2180438Z   duration_ms: 5.778627
2026-10-08T15:48:57.2180760Z   ...
2026-10-08T15:48:57.2181339Z # Subtest: unfinished and cyclic draft files stage visibly and replace once with an immutable editable state
2026-10-08T15:48:57.2182130Z ok 66 - unfinished and cyclic draft files stage visibly and replace once with an immutable editable state
2026-10-08T15:48:57.2182677Z   ---
2026-10-08T15:48:57.2233387Z   duration_ms: 2.289949
2026-10-08T15:48:57.2263236Z   ...
2026-10-08T15:48:57.2263847Z # Subtest: a draft suffix cannot admit an oversized lesson deck through the larger draft-file limit
2026-10-08T15:48:57.2297853Z ok 67 - a draft suffix cannot admit an oversized lesson deck through the larger draft-file limit
2026-10-08T15:48:57.2317919Z   ---
2026-10-08T15:48:57.2346846Z   duration_ms: 5.8983
2026-10-08T15:48:57.2347826Z   ...
2026-10-08T15:48:57.2349133Z # Subtest: malformed and unsupported editable drafts preserve the old draft and retire pending previews
2026-10-08T15:48:57.2349962Z ok 68 - malformed and unsupported editable drafts preserve the old draft and retire pending previews
2026-10-08T15:48:57.2350443Z   ---
2026-10-08T15:48:57.2350697Z   duration_ms: 3.013809
2026-10-08T15:48:57.2350954Z   ...
2026-10-08T15:48:57.2351426Z # Subtest: newest selected format wins across slow draft-to-deck and deck-to-draft reads
2026-10-08T15:48:57.2352097Z ok 69 - newest selected format wins across slow draft-to-deck and deck-to-draft reads
2026-10-08T15:48:57.2352502Z   ---
2026-10-08T15:48:57.2352737Z   duration_ms: 1.300651
2026-10-08T15:48:57.2353271Z   ...
2026-10-08T15:48:57.2353793Z # Subtest: explicit Keep current draft clears staged replacement and restores the open control focus
2026-10-08T15:48:57.2354511Z ok 70 - explicit Keep current draft clears staged replacement and restores the open control focus
2026-10-08T15:48:57.2354997Z   ---
2026-10-08T15:48:57.2355251Z   duration_ms: 0.969848
2026-10-08T15:48:57.2355539Z   ...
2026-10-08T15:48:57.2356071Z # Subtest: opening another chooser invalidates its old preview even when the chooser is cancelled
2026-10-08T15:48:57.2356840Z ok 71 - opening another chooser invalidates its old preview even when the chooser is cancelled
2026-10-08T15:48:57.2357351Z   ---
2026-10-08T15:48:57.2357624Z   duration_ms: 1.698585
2026-10-08T15:48:57.2357906Z   ...
2026-10-08T15:48:57.2358349Z # Subtest: a newer valid choice wins over an earlier slow success or failure
2026-10-08T15:48:57.2358972Z ok 72 - a newer valid choice wins over an earlier slow success or failure
2026-10-08T15:48:57.2359374Z   ---
2026-10-08T15:48:57.2359638Z   duration_ms: 3.502419
2026-10-08T15:48:57.2359916Z   ...
2026-10-08T15:48:57.2360450Z # Subtest: cancelled or empty file selection prevents a late read from reopening a preview
2026-10-08T15:48:57.2361185Z ok 73 - cancelled or empty file selection prevents a late read from reopening a preview
2026-10-08T15:48:57.2361683Z   ---
2026-10-08T15:48:57.2361966Z   duration_ms: 0.813414
2026-10-08T15:48:57.2362271Z   ...
2026-10-08T15:48:57.2362953Z # Subtest: invalid newer files invalidate an earlier pending or staged valid deck
2026-10-08T15:48:57.2363705Z ok 74 - invalid newer files invalidate an earlier pending or staged valid deck
2026-10-08T15:48:57.2364112Z   ---
2026-10-08T15:48:57.2364360Z   duration_ms: 1.395513
2026-10-08T15:48:57.2364609Z   ...
2026-10-08T15:48:57.2365133Z # Subtest: undo restores all writing while clearing only references to deliberately removed concepts
2026-10-08T15:48:57.2365859Z ok 75 - undo restores all writing while clearing only references to deliberately removed concepts
2026-10-08T15:48:57.2367265Z   ---
2026-10-08T15:48:57.2367534Z   duration_ms: 1.805455
2026-10-08T15:48:57.2367836Z   ...
2026-10-08T15:48:57.2368405Z # Subtest: undo retains known selections and even unfinished self links while removing a missing prerequisite
2026-10-08T15:48:57.2369167Z ok 76 - undo retains known selections and even unfinished self links while removing a missing prerequisite
2026-10-08T15:48:57.2369895Z   ---
2026-10-08T15:48:57.2370132Z   duration_ms: 0.260358
2026-10-08T15:48:57.2370385Z   ...
2026-10-08T15:48:57.2370786Z # Subtest: blank editor requires authored metadata and a deliberate answer
2026-10-08T15:48:57.2371340Z ok 77 - blank editor requires authored metadata and a deliberate answer
2026-10-08T15:48:57.2371711Z   ---
2026-10-08T15:48:57.2371949Z   duration_ms: 3.229291
2026-10-08T15:48:57.2372201Z   ...
2026-10-08T15:48:57.2372698Z # Subtest: opening a validated lesson makes an independent editable draft and preserves IDs and literals
2026-10-08T15:48:57.2373572Z ok 78 - opening a validated lesson makes an independent editable draft and preserves IDs and literals
2026-10-08T15:48:57.2374028Z   ---
2026-10-08T15:48:57.2374264Z   duration_ms: 0.76342
2026-10-08T15:48:57.2374541Z   ...
2026-10-08T15:48:57.2375028Z # Subtest: correctness follows an option when moved or when a preceding option is removed
2026-10-08T15:48:57.2375875Z ok 79 - correctness follows an option when moved or when a preceding option is removed
2026-10-08T15:48:57.2376307Z   ---
2026-10-08T15:48:57.2376544Z   duration_ms: 0.517873
2026-10-08T15:48:57.2376794Z   ...
2026-10-08T15:48:57.2377203Z # Subtest: option limits refuse without deleting text or changing the answer
2026-10-08T15:48:57.2377778Z ok 80 - option limits refuse without deleting text or changing the answer
2026-10-08T15:48:57.2378155Z   ---
2026-10-08T15:48:57.2378392Z   duration_ms: 0.49563
2026-10-08T15:48:57.2378644Z   ...
2026-10-08T15:48:57.2379156Z # Subtest: concept renaming updates question and prerequisite references while used deletion is refused
2026-10-08T15:48:57.2379913Z ok 81 - concept renaming updates question and prerequisite references while used deletion is refused
2026-10-08T15:48:57.2380359Z   ---
2026-10-08T15:48:57.2380634Z   duration_ms: 0.318205
2026-10-08T15:48:57.2380889Z   ...
2026-10-08T15:48:57.2381452Z # Subtest: cycles, uncovered concepts and duplicate answer text remain repairable drafts
2026-10-08T15:48:57.2382113Z ok 82 - cycles, uncovered concepts and duplicate answer text remain repairable drafts
2026-10-08T15:48:57.2382544Z   ---
2026-10-08T15:48:57.2382894Z   duration_ms: 0.399987
2026-10-08T15:48:57.2383275Z   ...
2026-10-08T15:48:57.2383776Z # Subtest: question reordering and undo restore the removed question without rolling back later edits
2026-10-08T15:48:57.2384490Z ok 83 - question reordering and undo restore the removed question without rolling back later edits
2026-10-08T15:48:57.2384945Z   ---
2026-10-08T15:48:57.2385180Z   duration_ms: 1.015146
2026-10-08T15:48:57.2385432Z   ...
2026-10-08T15:48:57.2385816Z # Subtest: new question IDs do not overwrite IDs from an opened deck
2026-10-08T15:48:57.2386325Z ok 84 - new question IDs do not overwrite IDs from an opened deck
2026-10-08T15:48:57.2386676Z   ---
2026-10-08T15:48:57.2386909Z   duration_ms: 0.319427
2026-10-08T15:48:57.2387160Z   ...
2026-10-08T15:48:57.2387654Z # Subtest: checked snapshots are immutable, deterministic, and separate from later draft edits
2026-10-08T15:48:57.2388343Z ok 85 - checked snapshots are immutable, deterministic, and separate from later draft edits
2026-10-08T15:48:57.2388773Z   ---
2026-10-08T15:48:57.2389011Z   duration_ms: 0.338345
2026-10-08T15:48:57.2389264Z   ...
2026-10-08T15:48:57.2389772Z # Subtest: individually valid multibyte content cannot export a file larger than the importer admits
2026-10-08T15:48:57.2390510Z ok 86 - individually valid multibyte content cannot export a file larger than the importer admits
2026-10-08T15:48:57.2390997Z   ---
2026-10-08T15:48:57.2391237Z   duration_ms: 5.716093
2026-10-08T15:48:57.2391485Z   ...
2026-10-08T15:48:57.2391823Z # Subtest: download filenames are bounded local names
2026-10-08T15:48:57.2392247Z ok 87 - download filenames are bounded local names
2026-10-08T15:48:57.2392554Z   ---
2026-10-08T15:48:57.2392976Z   duration_ms: 0.309232
2026-10-08T15:48:57.2393260Z   ...
2026-10-08T15:48:57.2393877Z # Subtest: the existing bundled deck imports unchanged without a format field
2026-10-08T15:48:57.2394461Z ok 88 - the existing bundled deck imports unchanged without a format field
2026-10-08T15:48:57.2394839Z   ---
2026-10-08T15:48:57.2395079Z   duration_ms: 1.826336
2026-10-08T15:48:57.2395328Z   ...
2026-10-08T15:48:57.2395770Z # Subtest: a deck is an immutable copy, and unknown fields cannot configure the runtime
2026-10-08T15:48:57.2396409Z ok 89 - a deck is an immutable copy, and unknown fields cannot configure the runtime
2026-10-08T15:48:57.2396938Z   ---
2026-10-08T15:48:57.2397212Z   duration_ms: 0.367128
2026-10-08T15:48:57.2397464Z   ...
2026-10-08T15:48:57.2397966Z # Subtest: malformed JSON, unsupported versions and wrong top-level values give actionable errors
2026-10-08T15:48:57.2398657Z ok 90 - malformed JSON, unsupported versions and wrong top-level values give actionable errors
2026-10-08T15:48:57.2399105Z   ---
2026-10-08T15:48:57.2399341Z   duration_ms: 0.142583
2026-10-08T15:48:57.2399597Z   ...
2026-10-08T15:48:57.2400157Z # Subtest: JSON byte limit counts multibyte text and accepts the exact boundary
2026-10-08T15:48:57.2400735Z ok 91 - JSON byte limit counts multibyte text and accepts the exact boundary
2026-10-08T15:48:57.2401282Z   ---
2026-10-08T15:48:57.2401519Z   duration_ms: 1.164318
2026-10-08T15:48:57.2401767Z   ...
2026-10-08T15:48:57.2402192Z # Subtest: required readable metadata and bounded question fields are validated
2026-10-08T15:48:57.2402902Z ok 92 - required readable metadata and bounded question fields are validated
2026-10-08T15:48:57.2403294Z   ---
2026-10-08T15:48:57.2403531Z   duration_ms: 0.874245
2026-10-08T15:48:57.2403781Z   ...
2026-10-08T15:48:57.2404206Z # Subtest: empty and oversized collections and duplicate identities are refused
2026-10-08T15:48:57.2404782Z ok 93 - empty and oversized collections and duplicate identities are refused
2026-10-08T15:48:57.2405169Z   ---
2026-10-08T15:48:57.2405405Z   duration_ms: 0.292146
2026-10-08T15:48:57.2405672Z   ...
2026-10-08T15:48:57.2406094Z # Subtest: every question and prerequisite must name a known covered concept
2026-10-08T15:48:57.2406643Z ok 94 - every question and prerequisite must name a known covered concept
2026-10-08T15:48:57.2407022Z   ---
2026-10-08T15:48:57.2419708Z   duration_ms: 0.132979
2026-10-08T15:48:57.2420016Z   ...
2026-10-08T15:48:57.2420495Z # Subtest: self-requirements and concept cycles across different questions are refused
2026-10-08T15:48:57.2421122Z ok 95 - self-requirements and concept cycles across different questions are refused
2026-10-08T15:48:57.2421531Z   ---
2026-10-08T15:48:57.2421767Z   duration_ms: 0.125528
2026-10-08T15:48:57.2422023Z   ...
2026-10-08T15:48:57.2422468Z # Subtest: choices require distinct readable options and an actual integer answer index
2026-10-08T15:48:57.2423277Z ok 96 - choices require distinct readable options and an actual integer answer index
2026-10-08T15:48:57.2423698Z   ---
2026-10-08T15:48:57.2423932Z   duration_ms: 0.279357
2026-10-08T15:48:57.2424196Z   ...
2026-10-08T15:48:57.2424646Z # Subtest: 100 questions and 32 concepts work through the existing selector to exhaustion
2026-10-08T15:48:57.2425270Z ok 97 - 100 questions and 32 concepts work through the existing selector to exhaustion
2026-10-08T15:48:57.2425695Z   ---
2026-10-08T15:48:57.2425938Z   duration_ms: 83.232847
2026-10-08T15:48:57.2426202Z   ...
2026-10-08T15:48:57.2426703Z # Subtest: imported answer indices, literal text and object-key names survive learning and practice
2026-10-08T15:48:57.2427414Z ok 98 - imported answer indices, literal text and object-key names survive learning and practice
2026-10-08T15:48:57.2427860Z   ---
2026-10-08T15:48:57.2428095Z   duration_ms: 0.617221
2026-10-08T15:48:57.2428358Z   ...
2026-10-08T15:48:57.2428834Z # Subtest: downloadable example round-trips through the import contract with full attribution
2026-10-08T15:48:57.2429510Z ok 99 - downloadable example round-trips through the import contract with full attribution
2026-10-08T15:48:57.2430202Z   ---
2026-10-08T15:48:57.2430437Z   duration_ms: 0.467017
2026-10-08T15:48:57.2430696Z   ...
2026-10-08T15:48:57.2431146Z # Subtest: the exact original course is bounded, admitted, balanced and round-trippable
2026-10-08T15:48:57.2431788Z ok 100 - the exact original course is bounded, admitted, balanced and round-trippable
2026-10-08T15:48:57.2432202Z   ---
2026-10-08T15:48:57.2432441Z   duration_ms: 2.0161
2026-10-08T15:48:57.2453737Z   ...
2026-10-08T15:48:57.2454298Z # Subtest: every stated answer follows the literal graph, with one correct option
2026-10-08T15:48:57.2454807Z     # Subtest: dg-links-1
2026-10-08T15:48:57.2455142Z     ok 1 - dg-links-1
2026-10-08T15:48:57.2455454Z       ---
2026-10-08T15:48:57.2455747Z       duration_ms: 0.347879
2026-10-08T15:48:57.2456062Z       ...
2026-10-08T15:48:57.2456356Z     # Subtest: dg-links-2
2026-10-08T15:48:57.2456669Z     ok 2 - dg-links-2
2026-10-08T15:48:57.2456966Z       ---
2026-10-08T15:48:57.2457336Z       duration_ms: 0.290043
2026-10-08T15:48:57.2457661Z       ...
2026-10-08T15:48:57.2457949Z     # Subtest: dg-links-3
2026-10-08T15:48:57.2458446Z     ok 3 - dg-links-3
2026-10-08T15:48:57.2458755Z       ---
2026-10-08T15:48:57.2459046Z       duration_ms: 1.193762
2026-10-08T15:48:57.2459363Z       ...
2026-10-08T15:48:57.2459651Z     # Subtest: dg-reach-1
2026-10-08T15:48:57.2460011Z     ok 4 - dg-reach-1
2026-10-08T15:48:57.2460315Z       ---
2026-10-08T15:48:57.2460601Z       duration_ms: 0.327139
2026-10-08T15:48:57.2460930Z       ...
2026-10-08T15:48:57.2461219Z     # Subtest: dg-reach-2
2026-10-08T15:48:57.2461534Z     ok 5 - dg-reach-2
2026-10-08T15:48:57.2461827Z       ---
2026-10-08T15:48:57.2462115Z       duration_ms: 0.240169
2026-10-08T15:48:57.2462424Z       ...
2026-10-08T15:48:57.2462714Z     # Subtest: dg-reach-3
2026-10-08T15:48:57.2463191Z     ok 6 - dg-reach-3
2026-10-08T15:48:57.2463488Z       ---
2026-10-08T15:48:57.2463776Z       duration_ms: 0.212037
2026-10-08T15:48:57.2464085Z       ...
2026-10-08T15:48:57.2464367Z     # Subtest: dg-order-1
2026-10-08T15:48:57.2464691Z     ok 7 - dg-order-1
2026-10-08T15:48:57.2464993Z       ---
2026-10-08T15:48:57.2465281Z       duration_ms: 0.175662
2026-10-08T15:48:57.2465588Z       ...
2026-10-08T15:48:57.2465875Z     # Subtest: dg-order-2
2026-10-08T15:48:57.2466191Z     ok 8 - dg-order-2
2026-10-08T15:48:57.2466484Z       ---
2026-10-08T15:48:57.2466768Z       duration_ms: 0.248611
2026-10-08T15:48:57.2467077Z       ...
2026-10-08T15:48:57.2467362Z     # Subtest: dg-order-3
2026-10-08T15:48:57.2467677Z     ok 9 - dg-order-3
2026-10-08T15:48:57.2467970Z       ---
2026-10-08T15:48:57.2468256Z       duration_ms: 0.535529
2026-10-08T15:48:57.2468565Z       ...
2026-10-08T15:48:57.2468846Z     # Subtest: dg-update-1
2026-10-08T15:48:57.2469159Z     ok 10 - dg-update-1
2026-10-08T15:48:57.2469467Z       ---
2026-10-08T15:48:57.2469752Z       duration_ms: 0.490202
2026-10-08T15:48:57.2470051Z       ...
2026-10-08T15:48:57.2470323Z     # Subtest: dg-update-2
2026-10-08T15:48:57.2470635Z     ok 11 - dg-update-2
2026-10-08T15:48:57.2470932Z       ---
2026-10-08T15:48:57.2471205Z       duration_ms: 0.670891
2026-10-08T15:48:57.2471504Z       ...
2026-10-08T15:48:57.2471784Z     # Subtest: dg-update-3
2026-10-08T15:48:57.2472086Z     ok 12 - dg-update-3
2026-10-08T15:48:57.2472379Z       ---
2026-10-08T15:48:57.2472653Z       duration_ms: 0.364564
2026-10-08T15:48:57.2473082Z       ...
2026-10-08T15:48:57.2473348Z     1..12
2026-10-08T15:48:57.2473815Z ok 101 - every stated answer follows the literal graph, with one correct option
2026-10-08T15:48:57.2474279Z   ---
2026-10-08T15:48:57.2474560Z   duration_ms: 6.505522
2026-10-08T15:48:57.2474852Z   ...
2026-10-08T15:48:57.2475398Z # Subtest: structurally valid changed content exposes graph reversal and blocked-descendant mistakes
2026-10-08T15:48:57.2476166Z ok 102 - structurally valid changed content exposes graph reversal and blocked-descendant mistakes
2026-10-08T15:48:57.2476671Z   ---
2026-10-08T15:48:57.2476953Z   duration_ms: 1.702682
2026-10-08T15:48:57.2477427Z   ...
2026-10-08T15:48:57.2477955Z # Subtest: the real selector, review, practice, notes and trace consumer preserve this course
2026-10-08T15:48:57.2478665Z ok 103 - the real selector, review, practice, notes and trace consumer preserve this course
2026-10-08T15:48:57.2479139Z   ---
2026-10-08T15:48:57.2479421Z   duration_ms: 12.27223
2026-10-08T15:48:57.2479725Z   ...
2026-10-08T15:48:57.3138893Z # Subtest: standalone artifact exactly matches sources and contains a valid offline script
2026-10-08T15:48:57.3153731Z ok 104 - standalone artifact exactly matches sources and contains a valid offline script
2026-10-08T15:48:57.3183344Z   ---
2026-10-08T15:48:57.3186097Z   duration_ms: 3.963186
2026-10-08T15:48:57.3213153Z   ...
2026-10-08T15:48:57.3213761Z # Subtest: course survives the existing validator and editable-format round trip
2026-10-08T15:48:57.3243440Z ok 105 - course survives the existing validator and editable-format round trip
2026-10-08T15:48:57.3270919Z   ---
2026-10-08T15:48:57.3300648Z   duration_ms: 1.120944
2026-10-08T15:48:57.3333428Z   ...
2026-10-08T15:48:57.3343182Z # Subtest: literal markup and Unicode in admitted course content cannot close the generated script
2026-10-08T15:48:57.3373560Z ok 106 - literal markup and Unicode in admitted course content cannot close the generated script
2026-10-08T15:48:57.3395303Z   ---
2026-10-08T15:48:57.3395725Z   duration_ms: 13.145399
2026-10-08T15:48:57.3396069Z   ...
2026-10-08T15:48:57.3396568Z # Subtest: check mode reports stale output without replacing a retained artifact
2026-10-08T15:48:57.3397225Z ok 107 - check mode reports stale output without replacing a retained artifact
2026-10-08T15:48:57.3397676Z   ---
2026-10-08T15:48:57.3397984Z   duration_ms: 53.127171
2026-10-08T15:48:57.3398300Z   ...
2026-10-08T15:48:57.3398800Z # Subtest: unexpected UI dependency refuses the build before overwriting its artifact
2026-10-08T15:48:57.3399468Z ok 108 - unexpected UI dependency refuses the build before overwriting its artifact
2026-10-08T15:48:57.3399952Z   ---
2026-10-08T15:48:57.3400252Z   duration_ms: 51.973794
2026-10-08T15:48:57.3400585Z   ...
2026-10-08T15:48:57.3401177Z # Subtest: fictional reversal retains denominators and uses common weights only for reference
2026-10-08T15:48:57.3401892Z ok 109 - fictional reversal retains denominators and uses common weights only for reference
2026-10-08T15:48:57.3402380Z   ---
2026-10-08T15:48:57.3402678Z   duration_ms: 3.09529
2026-10-08T15:48:57.3403287Z   ...
2026-10-08T15:48:57.3403788Z # Subtest: ties and conflicting subgroup directions are not a strict reversal
2026-10-08T15:48:57.3433349Z ok 110 - ties and conflicting subgroup directions are not a strict reversal
2026-10-08T15:48:57.3444577Z   ---
2026-10-08T15:48:57.3444947Z   duration_ms: 0.682959
2026-10-08T15:48:57.3445270Z   ...
2026-10-08T15:48:57.3445796Z # Subtest: empty cells remain unavailable unless their reference weight is exactly zero
2026-10-08T15:48:57.3446503Z ok 111 - empty cells remain unavailable unless their reference weight is exactly zero
2026-10-08T15:48:57.3446991Z   ---
2026-10-08T15:48:57.3447293Z   duration_ms: 0.378354
2026-10-08T15:48:57.3447594Z   ...
2026-10-08T15:48:57.3448037Z # Subtest: an entirely empty option has no pooled rate or inferred group mix
2026-10-08T15:48:57.3448632Z ok 112 - an entirely empty option has no pooled rate or inferred group mix
2026-10-08T15:48:57.3449060Z   ---
2026-10-08T15:48:57.3449354Z   duration_ms: 0.191325
2026-10-08T15:48:57.3449655Z   ...
2026-10-08T15:48:57.3450093Z # Subtest: invalid numeric inputs are refused without truncation or coercion
2026-10-08T15:48:57.3450656Z ok 113 - invalid numeric inputs are refused without truncation or coercion
2026-10-08T15:48:57.3451120Z   ---
2026-10-08T15:48:57.3451409Z   duration_ms: 0.645233
2026-10-08T15:48:57.3451712Z   ...
2026-10-08T15:48:57.3452147Z # Subtest: native count entry distinguishes blank and invalid text from zero
2026-10-08T15:48:57.3452891Z ok 114 - native count entry distinguishes blank and invalid text from zero
2026-10-08T15:48:57.3453705Z   ---
2026-10-08T15:48:57.3454012Z   duration_ms: 16.610315
2026-10-08T15:48:57.3454334Z   ...
2026-10-08T15:48:57.3454842Z # Subtest: a strict difference too small for percentage display is not declared equal
2026-10-08T15:48:57.3455500Z ok 115 - a strict difference too small for percentage display is not declared equal
2026-10-08T15:48:57.3455957Z   ---
2026-10-08T15:48:57.3456237Z   duration_ms: 0.360518
2026-10-08T15:48:57.3456539Z   ...
2026-10-08T15:48:57.3457022Z # Subtest: label and group transformations preserve the intended descriptive quantities
2026-10-08T15:48:57.3457680Z ok 116 - label and group transformations preserve the intended descriptive quantities
2026-10-08T15:48:57.3458138Z   ---
2026-10-08T15:48:57.3458421Z   duration_ms: 1.453981
2026-10-08T15:48:57.3458727Z   ...
2026-10-08T15:48:57.3459215Z # Subtest: shared weights preserve both strict subgroup advantages at every permitted mix
2026-10-08T15:48:57.3459918Z ok 117 - shared weights preserve both strict subgroup advantages at every permitted mix
2026-10-08T15:48:57.3460385Z   ---
2026-10-08T15:48:57.3460818Z   duration_ms: 6.664369
2026-10-08T15:48:57.3461127Z   ...
2026-10-08T15:48:57.3461674Z # Subtest: download contains exact inputs, unavailable values and deterministic recomputable fractions
2026-10-08T15:48:57.3462437Z ok 118 - download contains exact inputs, unavailable values and deterministic recomputable fractions
2026-10-08T15:48:57.3463053Z   ---
2026-10-08T15:48:57.3463347Z   duration_ms: 0.539004
2026-10-08T15:48:57.3463650Z   ...
2026-10-08T15:48:57.3464178Z # Subtest: BKT probabilities stay bounded across repeated evidence
2026-10-08T15:48:57.3464746Z ok 119 - BKT probabilities stay bounded across repeated evidence
2026-10-08T15:48:57.3465142Z   ---
2026-10-08T15:48:57.3465432Z   duration_ms: 8.020823
2026-10-08T15:48:57.3465738Z   ...
2026-10-08T15:48:57.3466245Z # Subtest: correct evidence raises and incorrect evidence lowers posterior for interior prior
2026-10-08T15:48:57.3466943Z ok 120 - correct evidence raises and incorrect evidence lowers posterior for interior prior
2026-10-08T15:48:57.3467424Z   ---
2026-10-08T15:48:57.3467714Z   duration_ms: 0.163334
2026-10-08T15:48:57.3468028Z   ...
2026-10-08T15:48:57.3468442Z # Subtest: parameter validation rejects impossible probabilities
2026-10-08T15:48:57.3468979Z ok 121 - parameter validation rejects impossible probabilities
2026-10-08T15:48:57.3469379Z   ---
2026-10-08T15:48:57.3469667Z   duration_ms: 0.444874
2026-10-08T15:48:57.3469973Z   ...
2026-10-08T15:48:57.3470452Z # Subtest: entropy and information gain have expected bounds and peak near uncertainty
2026-10-08T15:48:57.3471104Z ok 122 - entropy and information gain have expected bounds and peak near uncertainty
2026-10-08T15:48:57.3471556Z   ---
2026-10-08T15:48:57.3471840Z   duration_ms: 1.779266
2026-10-08T15:48:57.3472146Z   ...
2026-10-08T15:48:57.3472615Z # Subtest: selector prioritizes a weak prerequisite and is stable after exhaustion
2026-10-08T15:48:57.3473356Z ok 123 - selector prioritizes a weak prerequisite and is stable after exhaustion
2026-10-08T15:48:57.3473813Z   ---
2026-10-08T15:48:57.3474107Z   duration_ms: 0.31472
2026-10-08T15:48:57.3474410Z   ...
2026-10-08T15:48:57.3474829Z # Subtest: initial mastery creates independent named concept values
2026-10-08T15:48:57.3475373Z ok 124 - initial mastery creates independent named concept values
2026-10-08T15:48:57.3475776Z   ---
2026-10-08T15:48:57.3476064Z   duration_ms: 0.594287
2026-10-08T15:48:57.3476372Z   ...
2026-10-08T15:48:57.3476899Z # Subtest: scripted learner simulation is deterministic, bounded, and distinguishes selector modes
2026-10-08T15:48:57.3477634Z ok 125 - scripted learner simulation is deterministic, bounded, and distinguishes selector modes
2026-10-08T15:48:57.3478123Z   ---
2026-10-08T15:48:57.3478417Z   duration_ms: 0.421049
2026-10-08T15:48:57.3478958Z   ...
2026-10-08T15:48:57.3616795Z # Subtest: mixed partial save preserves exact native prefix, next item, option orders and uninterrupted continuation
2026-10-08T15:48:57.3643837Z ok 126 - mixed partial save preserves exact native prefix, next item, option orders and uninterrupted continuation
2026-10-08T15:48:57.3658503Z   ---
2026-10-08T15:48:57.3658904Z   duration_ms: 12.040784
2026-10-08T15:48:57.3659257Z   ...
2026-10-08T15:48:57.3659861Z # Subtest: a started lesson with no answers restores the first native question and all initial estimates
2026-10-08T15:48:57.3660681Z ok 127 - a started lesson with no answers restores the first native question and all initial estimates
2026-10-08T15:48:57.3661209Z   ---
2026-10-08T15:48:57.3661521Z   duration_ms: 1.180002
2026-10-08T15:48:57.3661840Z   ...
2026-10-08T15:48:57.3662578Z # Subtest: feedback retains the last chosen option while Next remains the next unanswered question
2026-10-08T15:48:57.3671442Z ok 128 - feedback retains the last chosen option while Next remains the next unanswered question
2026-10-08T15:48:57.3671992Z   ---
2026-10-08T15:48:57.3672300Z   duration_ms: 1.664795
2026-10-08T15:48:57.3672628Z   ...
2026-10-08T15:48:57.3673573Z # Subtest: complete sessions remain in the existing trace format, including its separate practice state
2026-10-08T15:48:57.3674365Z ok 129 - complete sessions remain in the existing trace format, including its separate practice state
2026-10-08T15:48:57.3674872Z   ---
2026-10-08T15:48:57.3675179Z   duration_ms: 2.930384
2026-10-08T15:48:57.3675493Z   ...
2026-10-08T15:48:57.3676057Z # Subtest: course content and array order are bound; harmless JSON object key order is accepted
2026-10-08T15:48:57.3676765Z ok 130 - course content and array order are bound; harmless JSON object key order is accepted
2026-10-08T15:48:57.3677251Z   ---
2026-10-08T15:48:57.3677556Z   duration_ms: 12.145251
2026-10-08T15:48:57.3677872Z   ...
2026-10-08T15:48:57.3678344Z # Subtest: model identity and every BKT parameter must match the native model
2026-10-08T15:48:57.3678958Z ok 131 - model identity and every BKT parameter must match the native model
2026-10-08T15:48:57.3679402Z   ---
2026-10-08T15:48:57.3679701Z   duration_ms: 2.381725
2026-10-08T15:48:57.3680018Z   ...
2026-10-08T15:48:57.3680553Z # Subtest: first answers must form the actual native adaptive prefix with canonical option indices
2026-10-08T15:48:57.3681293Z ok 132 - first answers must form the actual native adaptive prefix with canonical option indices
2026-10-08T15:48:57.3681782Z   ---
2026-10-08T15:48:57.3682080Z   duration_ms: 11.751792
2026-10-08T15:48:57.3682405Z   ...
2026-10-08T15:48:57.3683070Z # Subtest: mastery is replayed at full precision and never accepted from rounded or altered values
2026-10-08T15:48:57.3683816Z ok 133 - mastery is replayed at full precision and never accepted from rounded or altered values
2026-10-08T15:48:57.3684303Z   ---
2026-10-08T15:48:57.3684599Z   duration_ms: 3.160258
2026-10-08T15:48:57.3684909Z   ...
2026-10-08T15:48:57.3685437Z # Subtest: question, feedback and complete per-item permutations are checked before restoration
2026-10-08T15:48:57.3686168Z ok 134 - question, feedback and complete per-item permutations are checked before restoration
2026-10-08T15:48:57.3686665Z   ---
2026-10-08T15:48:57.3686960Z   duration_ms: 10.594756
2026-10-08T15:48:57.3687272Z   ...
2026-10-08T15:48:57.3687865Z # Subtest: successful and refused reads leave caller state untouched and return deeply immutable independent copies
2026-10-08T15:48:57.3688704Z ok 135 - successful and refused reads leave caller state untouched and return deeply immutable independent copies
2026-10-08T15:48:57.3689243Z   ---
2026-10-08T15:48:57.3689540Z   duration_ms: 1.826577
2026-10-08T15:48:57.3689849Z   ...
2026-10-08T15:48:57.3690420Z # Subtest: the JSON boundary rejects malformed, unsupported, deep and oversized files with a UTF-8 byte limit
2026-10-08T15:48:57.3691249Z ok 136 - the JSON boundary rejects malformed, unsupported, deep and oversized files with a UTF-8 byte limit
2026-10-08T15:48:57.3691798Z   ---
2026-10-08T15:48:57.3692103Z   duration_ms: 19.691014
2026-10-08T15:48:57.3692430Z   ...
2026-10-08T15:48:57.3699337Z # Subtest: save times are canonical UTC values and invalid save inputs cannot mutate a session
2026-10-08T15:48:57.3700074Z ok 137 - save times are canonical UTC values and invalid save inputs cannot mutate a session
2026-10-08T15:48:57.3700592Z   ---
2026-10-08T15:48:57.3700917Z   duration_ms: 1.590314
2026-10-08T15:48:57.3701235Z   ...
2026-10-08T15:48:57.3701830Z # Subtest: ordinary course identifiers that match object prototype names survive without shared object mutation
2026-10-08T15:48:57.3702670Z ok 138 - ordinary course identifiers that match object prototype names survive without shared object mutation
2026-10-08T15:48:57.3703363Z   ---
2026-10-08T15:48:57.3703661Z   duration_ms: 0.900053
2026-10-08T15:48:57.3703970Z   ...
2026-10-08T15:48:57.3803689Z # Subtest: the original course is admitted by the existing deck contract with all four concepts covered
2026-10-08T15:48:57.3814802Z ok 139 - the original course is admitted by the existing deck contract with all four concepts covered
2026-10-08T15:48:57.3815383Z   ---
2026-10-08T15:48:57.3815679Z   duration_ms: 2.228486
2026-10-08T15:48:57.3816229Z   ...
2026-10-08T15:48:57.3816730Z # Subtest: answer positions are balanced and no correct option is uniquely the longest
2026-10-08T15:48:57.3817369Z ok 140 - answer positions are balanced and no correct option is uniquely the longest
2026-10-08T15:48:57.3817795Z   ---
2026-10-08T15:48:57.3818064Z   duration_ms: 0.280288
2026-10-08T15:48:57.3818360Z   ...
2026-10-08T15:48:57.3818919Z # Subtest: each numerical answer uses the stated correction sign, denominator or independence assumption
2026-10-08T15:48:57.3819689Z ok 141 - each numerical answer uses the stated correction sign, denominator or independence assumption
2026-10-08T15:48:57.3820180Z   ---
2026-10-08T15:48:57.3820455Z   duration_ms: 0.308891
2026-10-08T15:48:57.3820748Z   ...
2026-10-08T15:48:57.3821316Z # Subtest: standalone artifact is deterministic, preserves the exact deck bytes and contains executable classic scripts
2026-10-08T15:48:57.3822189Z ok 142 - standalone artifact is deterministic, preserves the exact deck bytes and contains executable classic scripts
2026-10-08T15:48:57.3822723Z   ---
2026-10-08T15:48:57.3823108Z   duration_ms: 4.80324
2026-10-08T15:48:57.3823402Z   ...
2026-10-08T15:48:57.3823959Z # Subtest: worked four-reading budget distinguishes raw mean, correction, sample scatter and mean uncertainty
2026-10-08T15:48:57.3824759Z ok 143 - worked four-reading budget distinguishes raw mean, correction, sample scatter and mean uncertainty
2026-10-08T15:48:57.3825266Z   ---
2026-10-08T15:48:57.3825546Z   duration_ms: 1.203306
2026-10-08T15:48:57.3825835Z   ...
2026-10-08T15:48:57.3826347Z # Subtest: a shared additive correction shifts the estimate without changing either uncertainty component
2026-10-08T15:48:57.3827087Z ok 144 - a shared additive correction shifts the estimate without changing either uncertainty component
2026-10-08T15:48:57.3827570Z   ---
2026-10-08T15:48:57.3827967Z   duration_ms: 0.231516
2026-10-08T15:48:57.3828304Z   ...
2026-10-08T15:48:57.3828994Z # Subtest: identical readings retain a nonzero shared component and are not rejected for numerical repetition
2026-10-08T15:48:57.3829853Z ok 145 - identical readings retain a nonzero shared component and are not rejected for numerical repetition
2026-10-08T15:48:57.3830349Z   ---
2026-10-08T15:48:57.3830621Z   duration_ms: 1.150278
2026-10-08T15:48:57.3830906Z   ...
2026-10-08T15:48:57.3831437Z # Subtest: future independent sample sizes hold shared calibration fixed while repeatability shrinks by square root
2026-10-08T15:48:57.3832205Z ok 146 - future independent sample sizes hold shared calibration fixed while repeatability shrinks by square root
2026-10-08T15:48:57.3832698Z   ---
2026-10-08T15:48:57.3833149Z   duration_ms: 0.315501
2026-10-08T15:48:57.3833434Z   ...
2026-10-08T15:48:57.3833960Z # Subtest: shared covariance gives the same calibration contribution for a mean of any sample size
2026-10-08T15:48:57.3834717Z ok 147 - shared covariance gives the same calibration contribution for a mean of any sample size
2026-10-08T15:48:57.3835448Z   ---
2026-10-08T15:48:57.3835726Z   duration_ms: 0.189372
2026-10-08T15:48:57.3836020Z   ...
2026-10-08T15:48:57.3836540Z # Subtest: compensated raw means preserve small residuals after large opposing readings cancel
2026-10-08T15:48:57.3837282Z ok 148 - compensated raw means preserve small residuals after large opposing readings cancel
2026-10-08T15:48:57.3837746Z   ---
2026-10-08T15:48:57.3838034Z   duration_ms: 0.169063
2026-10-08T15:48:57.3838314Z   ...
2026-10-08T15:48:57.3838799Z # Subtest: centered scatter remains meaningful for a large shared offset and at supported extremes
2026-10-08T15:48:57.3839490Z ok 149 - centered scatter remains meaningful for a large shared offset and at supported extremes
2026-10-08T15:48:57.3839924Z   ---
2026-10-08T15:48:57.3840197Z   duration_ms: 0.290945
2026-10-08T15:48:57.3840472Z   ...
2026-10-08T15:48:57.3840981Z # Subtest: reordering observations preserves the summary but does not assert statistical independence
2026-10-08T15:48:57.3841932Z ok 150 - reordering observations preserves the summary but does not assert statistical independence
2026-10-08T15:48:57.3842419Z   ---
2026-10-08T15:48:57.3842685Z   duration_ms: 0.59605
2026-10-08T15:48:57.3843150Z   ...
2026-10-08T15:48:57.3843637Z # Subtest: input parsing keeps every observation and refuses malformed or missing comma fields
2026-10-08T15:48:57.3844316Z ok 151 - input parsing keeps every observation and refuses malformed or missing comma fields
2026-10-08T15:48:57.3844763Z   ---
2026-10-08T15:48:57.3845030Z   duration_ms: 0.940754
2026-10-08T15:48:57.3845317Z   ...
2026-10-08T15:48:57.3845762Z # Subtest: supported magnitude and nonnegative half-width boundaries are explicit
2026-10-08T15:48:57.3846371Z ok 152 - supported magnitude and nonnegative half-width boundaries are explicit
2026-10-08T15:48:57.3846789Z   ---
2026-10-08T15:48:57.3847056Z   duration_ms: 0.418675
2026-10-08T15:48:57.3847499Z   ...
2026-10-08T15:48:57.3847962Z # Subtest: public calculations reject missing observations and invalid forecast counts
2026-10-08T15:48:57.3848638Z ok 153 - public calculations reject missing observations and invalid forecast counts
2026-10-08T15:48:57.3849093Z   ---
2026-10-08T15:48:57.3849367Z   duration_ms: 0.306178
2026-10-08T15:48:57.3849657Z   ...
2026-10-08T15:48:57.3850126Z # Subtest: calculation snapshots do not mutate caller arrays or change after later edits
2026-10-08T15:48:57.3850780Z ok 154 - calculation snapshots do not mutate caller arrays or change after later edits
2026-10-08T15:48:57.3851217Z   ---
2026-10-08T15:48:57.3851486Z   duration_ms: 0.169022
2026-10-08T15:48:57.3851772Z   ...
2026-10-08T15:48:57.4214298Z # Subtest: small dyadic arithmetic keeps exact operand and result values
2026-10-08T15:48:57.4215741Z ok 155 - small dyadic arithmetic keeps exact operand and result values
2026-10-08T15:48:57.4216298Z   ---
2026-10-08T15:48:57.4216624Z   duration_ms: 1.696031
2026-10-08T15:48:57.4216963Z   ...
2026-10-08T15:48:57.4217479Z # Subtest: decimal sum retains exact conversion and operation contributions
2026-10-08T15:48:57.4218124Z ok 156 - decimal sum retains exact conversion and operation contributions
2026-10-08T15:48:57.4218586Z   ---
2026-10-08T15:48:57.4218897Z   duration_ms: 0.689088
2026-10-08T15:48:57.4219225Z   ...
2026-10-08T15:48:57.4241697Z # Subtest: conversion can erase a difference while subtraction itself is exact
2026-10-08T15:48:57.4263714Z ok 157 - conversion can erase a difference while subtraction itself is exact
2026-10-08T15:48:57.4279143Z   ---
2026-10-08T15:48:57.4279575Z   duration_ms: 0.221731
2026-10-08T15:48:57.4279917Z   ...
2026-10-08T15:48:57.4280381Z # Subtest: operation rounding can lose an exact integer step
2026-10-08T15:48:57.4281057Z ok 158 - operation rounding can lose an exact integer step
2026-10-08T15:48:57.4281465Z   ---
2026-10-08T15:48:57.4281767Z   duration_ms: 0.253668
2026-10-08T15:48:57.4282084Z   ...
2026-10-08T15:48:57.4282555Z # Subtest: nonzero signed contributions can cancel at an exactly represented result
2026-10-08T15:48:57.4283855Z ok 159 - nonzero signed contributions can cancel at an exactly represented result
2026-10-08T15:48:57.4284336Z   ---
2026-10-08T15:48:57.4284646Z   duration_ms: 0.267719
2026-10-08T15:48:57.4284960Z   ...
2026-10-08T15:48:57.4285531Z # Subtest: individual exact integers outside the safe interval are kept distinct from the API guarantee
2026-10-08T15:48:57.4286318Z ok 160 - individual exact integers outside the safe interval are kept distinct from the API guarantee
2026-10-08T15:48:57.4286855Z   ---
2026-10-08T15:48:57.4287173Z   duration_ms: 0.329822
2026-10-08T15:48:57.4287491Z   ...
2026-10-08T15:48:57.4287923Z # Subtest: signs, exact raw strings and negative zero remain explicit
2026-10-08T15:48:57.4288490Z ok 161 - signs, exact raw strings and negative zero remain explicit
2026-10-08T15:48:57.4288913Z   ---
2026-10-08T15:48:57.4289213Z   duration_ms: 1.157598
2026-10-08T15:48:57.4289523Z   ...
2026-10-08T15:48:57.4289999Z # Subtest: the declared decimal input bounds admit edges and refuse other syntax
2026-10-08T15:48:57.4290834Z ok 162 - the declared decimal input bounds admit edges and refuse other syntax
2026-10-08T15:48:57.4291298Z   ---
2026-10-08T15:48:57.4291597Z   duration_ms: 1.188895
2026-10-08T15:48:57.4291906Z   ...
2026-10-08T15:48:57.4292366Z # Subtest: worked records are complete, deterministic and deeply immutable
2026-10-08T15:48:57.4293131Z ok 163 - worked records are complete, deterministic and deeply immutable
2026-10-08T15:48:57.4293582Z   ---
2026-10-08T15:48:57.4293885Z   duration_ms: 1.429714
2026-10-08T15:48:57.4294196Z   ...
2026-10-08T15:48:57.4294775Z # Subtest: the original lesson passes the unchanged native deck contract with exact export parity
2026-10-08T15:48:57.4295525Z ok 164 - the original lesson passes the unchanged native deck contract with exact export parity
2026-10-08T15:48:57.4296025Z   ---
2026-10-08T15:48:57.4296323Z   duration_ms: 8.865534
2026-10-08T15:48:57.4296639Z   ...
2026-10-08T15:48:57.4297204Z # Subtest: language-specific worked examples agree with actual native Number and BigInt operations
2026-10-08T15:48:57.4298183Z ok 165 - language-specific worked examples agree with actual native Number and BigInt operations
2026-10-08T15:48:57.4298714Z   ---
2026-10-08T15:48:57.4299019Z   duration_ms: 0.213759
2026-10-08T15:48:57.4299334Z   ...
2026-10-08T15:48:57.4299802Z # Subtest: the directly openable explorer is an exact build of its native inputs
2026-10-08T15:48:57.4300450Z ok 166 - the directly openable explorer is an exact build of its native inputs
2026-10-08T15:48:57.4300919Z   ---
2026-10-08T15:48:57.4301231Z   duration_ms: 33.444199
2026-10-08T15:48:57.4301560Z   ...
2026-10-08T15:48:57.4308973Z # Subtest: embedded lesson download preserves exact source bytes
2026-10-08T15:48:57.4313687Z ok 167 - embedded lesson download preserves exact source bytes
2026-10-08T15:48:57.4314184Z   ---
2026-10-08T15:48:57.4314503Z   duration_ms: 9.558018
2026-10-08T15:48:57.4314837Z   ...
2026-10-08T15:48:57.4373562Z # Subtest: question identity survives reordered review, edits and clearing without changing earlier notes
2026-10-08T15:48:57.4374207Z ok 168 - question identity survives reordered review, edits and clearing without changing earlier notes
2026-10-08T15:48:57.4374520Z   ---
2026-10-08T15:48:57.4374695Z   duration_ms: 1.421382
2026-10-08T15:48:57.4374919Z   ...
2026-10-08T15:48:57.4375289Z # Subtest: application writing is separate and a fresh session starts with every field empty
2026-10-08T15:48:57.4375779Z ok 169 - application writing is separate and a fresh session starts with every field empty
2026-10-08T15:48:57.4376054Z   ---
2026-10-08T15:48:57.4376215Z   duration_ms: 0.644342
2026-10-08T15:48:57.4376429Z   ...
2026-10-08T15:48:57.4376748Z # Subtest: unknown or duplicate question identities and non-text edits are refused
2026-10-08T15:48:57.4377193Z ok 170 - unknown or duplicate question identities and non-text edits are refused
2026-10-08T15:48:57.4377454Z   ---
2026-10-08T15:48:57.4377610Z   duration_ms: 0.205948
2026-10-08T15:48:57.4378029Z   ...
2026-10-08T15:48:57.4378427Z # Subtest: actual study notes bind writing to questions while retaining native review, estimates and a paused retry
2026-10-08T15:48:57.4378994Z ok 171 - actual study notes bind writing to questions while retaining native review, estimates and a paused retry
2026-10-08T15:48:57.4379299Z   ---
2026-10-08T15:48:57.4379456Z   duration_ms: 1.766617
2026-10-08T15:48:57.4379643Z   ...
2026-10-08T15:48:57.4379989Z # Subtest: actual export uses the most recent edit and represents cleared fields as unwritten
2026-10-08T15:48:57.4380469Z ok 172 - actual export uses the most recent edit and represents cleared fields as unwritten
2026-10-08T15:48:57.4380741Z   ---
2026-10-08T15:48:57.4380897Z   duration_ms: 0.969657
2026-10-08T15:48:57.4381092Z   ...
2026-10-08T15:48:57.4381486Z # Subtest: export refuses missing, duplicate or foreign notebook identities instead of attaching notes by position
2026-10-08T15:48:57.4382152Z ok 173 - export refuses missing, duplicate or foreign notebook identities instead of attaching notes by position
2026-10-08T15:48:57.4382466Z   ---
2026-10-08T15:48:57.4382620Z   duration_ms: 0.463302
2026-10-08T15:48:57.4382930Z   ...
2026-10-08T15:48:57.4383354Z # Subtest: study notes retain the displayed imported-course application prompt without changing notebook or first-session data
2026-10-08T15:48:57.4383974Z ok 174 - study notes retain the displayed imported-course application prompt without changing notebook or first-session data
2026-10-08T15:48:57.4384303Z   ---
2026-10-08T15:48:57.4384461Z   duration_ms: 0.459776
2026-10-08T15:48:57.4384670Z   ...
2026-10-08T15:48:57.4385000Z # Subtest: a notebook export refuses a missing or non-text displayed application prompt
2026-10-08T15:48:57.4385465Z ok 175 - a notebook export refuses a missing or non-text displayed application prompt
2026-10-08T15:48:57.4385729Z   ---
2026-10-08T15:48:57.4385887Z   duration_ms: 0.268
2026-10-08T15:48:57.4386042Z   ...
2026-10-08T15:48:57.4386351Z # Subtest: review preserves session order and the actual chosen answer
2026-10-08T15:48:57.4386747Z ok 176 - review preserves session order and the actual chosen answer
2026-10-08T15:48:57.4387006Z   ---
2026-10-08T15:48:57.4387162Z   duration_ms: 1.014955
2026-10-08T15:48:57.4387345Z   ...
2026-10-08T15:48:57.4387650Z # Subtest: review is an immutable snapshot independent of mutable input arrays
2026-10-08T15:48:57.4388059Z ok 177 - review is an immutable snapshot independent of mutable input arrays
2026-10-08T15:48:57.4394694Z   ---
2026-10-08T15:48:57.4394880Z   duration_ms: 0.328911
2026-10-08T15:48:57.4395064Z   ...
2026-10-08T15:48:57.4395372Z # Subtest: a review rejects unknown, duplicate, or invalid first answers
2026-10-08T15:48:57.4395804Z ok 178 - a review rejects unknown, duplicate, or invalid first answers
2026-10-08T15:48:57.4396089Z   ---
2026-10-08T15:48:57.4396246Z   duration_ms: 0.189432
2026-10-08T15:48:57.4396425Z   ...
2026-10-08T15:48:57.4396768Z # Subtest: practice includes only initially missed questions in first-attempt order
2026-10-08T15:48:57.4397295Z ok 179 - practice includes only initially missed questions in first-attempt order
2026-10-08T15:48:57.4397610Z   ---
2026-10-08T15:48:57.4397766Z   duration_ms: 0.166949
2026-10-08T15:48:57.4397944Z   ...
2026-10-08T15:48:57.4398316Z # Subtest: correct and incorrect retries remain separate from the immutable original trace
2026-10-08T15:48:57.4398897Z ok 180 - correct and incorrect retries remain separate from the immutable original trace
2026-10-08T15:48:57.4399237Z   ---
2026-10-08T15:48:57.4399393Z   duration_ms: 0.24783
2026-10-08T15:48:57.4399567Z   ...
2026-10-08T15:48:57.4399981Z # Subtest: practice resumes at the next unanswered question and refuses duplicate or out-of-order writes
2026-10-08T15:48:57.4400606Z ok 181 - practice resumes at the next unanswered question and refuses duplicate or out-of-order writes
2026-10-08T15:48:57.4400975Z   ---
2026-10-08T15:48:57.4401133Z   duration_ms: 0.152979
2026-10-08T15:48:57.4401497Z   ...
2026-10-08T15:48:57.4401783Z # Subtest: an all-correct or empty review has no practice question
2026-10-08T15:48:57.4402186Z ok 182 - an all-correct or empty review has no practice question
2026-10-08T15:48:57.4402452Z   ---
2026-10-08T15:48:57.4402608Z   duration_ms: 0.099429
2026-10-08T15:48:57.4402902Z   ...
2026-10-08T15:48:57.4746583Z # Subtest: the original course survives native validation and serialization with complete connected content
2026-10-08T15:48:57.4773938Z ok 183 - the original course survives native validation and serialization with complete connected content
2026-10-08T15:48:57.4774473Z   ---
2026-10-08T15:48:57.4775591Z   duration_ms: 1.907047
2026-10-08T15:48:57.4775976Z   ...
2026-10-08T15:48:57.4776526Z # Subtest: native item selection reaches all twelve questions and can prioritize the weak sample clock
2026-10-08T15:48:57.4777282Z ok 184 - native item selection reaches all twelve questions and can prioritize the weak sample clock
2026-10-08T15:48:57.4777781Z   ---
2026-10-08T15:48:57.4778104Z   duration_ms: 9.223759
2026-10-08T15:48:57.4778409Z   ...
2026-10-08T15:48:57.4779273Z # Subtest: answer text matches independently stated calculations and explicit sampling assumptions
2026-10-08T15:48:57.4780008Z ok 185 - answer text matches independently stated calculations and explicit sampling assumptions
2026-10-08T15:48:57.4780489Z   ---
2026-10-08T15:48:57.4780934Z   duration_ms: 0.244625
2026-10-08T15:48:57.4782109Z   ...
2026-10-08T15:48:57.4884297Z # Subtest: each supported sample clock uses inclusive endpoints and an actually different matching cosine
2026-10-08T15:48:57.4913725Z ok 186 - each supported sample clock uses inclusive endpoints and an actually different matching cosine
2026-10-08T15:48:57.4914376Z   ---
2026-10-08T15:48:57.4943466Z   duration_ms: 9.735457
2026-10-08T15:48:57.4973289Z   ...
2026-10-08T15:48:57.4973946Z # Subtest: DC, reflected aliases, the half-rate and input limits preserve their distinct meaning
2026-10-08T15:48:57.4974548Z ok 187 - DC, reflected aliases, the half-rate and input limits preserve their distinct meaning
2026-10-08T15:48:57.4974938Z   ---
2026-10-08T15:48:57.4975107Z   duration_ms: 0.242081
2026-10-08T15:48:57.4975285Z   ...
2026-10-08T15:48:57.4975683Z # Subtest: invalid numerical input is refused and snapshots cannot be changed after observation
2026-10-08T15:48:57.4976274Z ok 188 - invalid numerical input is refused and snapshots cannot be changed after observation
2026-10-08T15:48:57.4976657Z   ---
2026-10-08T15:48:57.5020962Z   duration_ms: 0.503892
2026-10-08T15:48:57.5022286Z   ...
2026-10-08T15:48:57.5023091Z # Subtest: CSV carries full precision and current parameter identity, ignoring supplied forged sample rows
2026-10-08T15:48:57.5031789Z ok 189 - CSV carries full precision and current parameter identity, ignoring supplied forged sample rows
2026-10-08T15:48:57.5048834Z   ---
2026-10-08T15:48:57.5063476Z   duration_ms: 0.796979
2026-10-08T15:48:57.5063928Z   ...
2026-10-08T15:48:57.5064516Z # Subtest: notes retain the actual first choices, session order, corrections, transfers, and attribution
2026-10-08T15:48:57.5065339Z ok 190 - notes retain the actual first choices, session order, corrections, transfers, and attribution
2026-10-08T15:48:57.5065932Z   ---
2026-10-08T15:48:57.5066134Z   duration_ms: 1.899766
2026-10-08T15:48:57.5066331Z   ...
2026-10-08T15:48:57.5066727Z # Subtest: paused and completed retries cannot replace the first answers or alter the model
2026-10-08T15:48:57.5067300Z ok 191 - paused and completed retries cannot replace the first answers or alter the model
2026-10-08T15:48:57.5067649Z   ---
2026-10-08T15:48:57.5067816Z   duration_ms: 0.68999
2026-10-08T15:48:57.5067994Z   ...
2026-10-08T15:48:57.5068396Z # Subtest: unstarted, zero-answer paused, and all-correct sessions have honest practice labels
2026-10-08T15:48:57.5068986Z ok 192 - unstarted, zero-answer paused, and all-correct sessions have honest practice labels
2026-10-08T15:48:57.5069341Z   ---
2026-10-08T15:48:57.5069503Z   duration_ms: 1.348974
2026-10-08T15:48:57.5070014Z   ...
2026-10-08T15:48:57.5070458Z # Subtest: incomplete, duplicate, legacy choice-less or malformed traces are refused rather than fabricated
2026-10-08T15:48:57.5071137Z ok 193 - incomplete, duplicate, legacy choice-less or malformed traces are refused rather than fabricated
2026-10-08T15:48:57.5071522Z   ---
2026-10-08T15:48:57.5071681Z   duration_ms: 0.661788
2026-10-08T15:48:57.5071859Z   ...
2026-10-08T15:48:57.5072282Z # Subtest: plain-text output preserves Unicode and literal markup without creating executable content
2026-10-08T15:48:57.5073103Z ok 194 - plain-text output preserves Unicode and literal markup without creating executable content
2026-10-08T15:48:57.5080760Z   ---
2026-10-08T15:48:57.5080945Z   duration_ms: 0.264805
2026-10-08T15:48:57.5081127Z   ...
2026-10-08T15:48:57.5634431Z # Subtest: the original five-vertex example has the hand-calculated settling order and cost-7 route
2026-10-08T15:48:57.5654909Z ok 195 - the original five-vertex example has the hand-calculated settling order and cost-7 route
2026-10-08T15:48:57.5663685Z   ---
2026-10-08T15:48:57.5664392Z   duration_ms: 1.880177
2026-10-08T15:48:57.5664827Z   ...
2026-10-08T15:48:57.5665597Z # Subtest: target discovery remains tentative; the cheaper route is final only on target settlement
2026-10-08T15:48:57.5666435Z ok 196 - target discovery remains tentative; the cheaper route is final only on target settlement
2026-10-08T15:48:57.5666975Z   ---
2026-10-08T15:48:57.5667325Z   duration_ms: 0.799533
2026-10-08T15:48:57.5667686Z   ...
2026-10-08T15:48:57.5668316Z # Subtest: zero weights and equal routes preserve the stated alphabetical and first-predecessor policies
2026-10-08T15:48:57.5669287Z ok 197 - zero weights and equal routes preserve the stated alphabetical and first-predecessor policies
2026-10-08T15:48:57.5669955Z   ---
2026-10-08T15:48:57.5670261Z   duration_ms: 0.460959
2026-10-08T15:48:57.5670570Z   ...
2026-10-08T15:48:57.5671105Z # Subtest: all preset source/target pairs agree with exhaustive simple paths, including reverse direction
2026-10-08T15:48:57.5671929Z ok 198 - all preset source/target pairs agree with exhaustive simple paths, including reverse direction
2026-10-08T15:48:57.5672411Z   ---
2026-10-08T15:48:57.5672693Z   duration_ms: 2.255287
2026-10-08T15:48:57.5673163Z   ...
2026-10-08T15:48:57.5673652Z # Subtest: 80 deterministic bounded graphs agree with a simple-path oracle for every source
2026-10-08T15:48:57.5674233Z ok 199 - 80 deterministic bounded graphs agree with a simple-path oracle for every source
2026-10-08T15:48:57.5674559Z   ---
2026-10-08T15:48:57.5674777Z   duration_ms: 31.856209
2026-10-08T15:48:57.5675007Z   ...
2026-10-08T15:48:57.5675304Z # Subtest: invalid graphs are refused before a runnable state exists
2026-10-08T15:48:57.5675675Z ok 200 - invalid graphs are refused before a runnable state exists
2026-10-08T15:48:57.5675963Z   ---
2026-10-08T15:48:57.5676178Z   duration_ms: 0.863439
2026-10-08T15:48:57.5676403Z   ...
2026-10-08T15:48:57.5676731Z # Subtest: run, graph, presets and trace snapshots cannot be changed by later edits
2026-10-08T15:48:57.5677159Z ok 201 - run, graph, presets and trace snapshots cannot be changed by later edits
2026-10-08T15:48:57.5677466Z   ---
2026-10-08T15:48:57.5677677Z   duration_ms: 0.357433
2026-10-08T15:48:57.5677904Z   ...
2026-10-08T15:48:57.5678266Z # Subtest: the original twelve-question course is valid, canonical and has balanced answer positions
2026-10-08T15:48:57.5678753Z ok 202 - the original twelve-question course is valid, canonical and has balanced answer positions
2026-10-08T15:48:57.5679092Z   ---
2026-10-08T15:48:57.5679313Z   duration_ms: 0.393888
2026-10-08T15:48:57.5679538Z   ...
2026-10-08T15:48:57.5679920Z # Subtest: existing knowledge, review, practice and notes contracts accept the new deck without changing the app
2026-10-08T15:48:57.5680452Z ok 203 - existing knowledge, review, practice and notes contracts accept the new deck without changing the app
2026-10-08T15:48:57.5680807Z   ---
2026-10-08T15:48:57.5681254Z   duration_ms: 9.875201
2026-10-08T15:48:57.5681479Z   ...
2026-10-08T15:48:57.5857873Z # Subtest: the original twelve-item SQL course uses the published import contract without changing its native meaning
2026-10-08T15:48:57.5874009Z ok 204 - the original twelve-item SQL course uses the published import contract without changing its native meaning
2026-10-08T15:48:57.5874672Z   ---
2026-10-08T15:48:57.5874981Z   duration_ms: 2.100365
2026-10-08T15:48:57.5875448Z   ...
2026-10-08T15:48:57.5876043Z # Subtest: actual SQLite regenerates all twenty-two saved queries and their exact course/default bindings
2026-10-08T15:48:57.5876818Z ok 205 - actual SQLite regenerates all twenty-two saved queries and their exact course/default bindings
2026-10-08T15:48:57.5877323Z   ---
2026-10-08T15:48:57.5877608Z   duration_ms: 53.290266
2026-10-08T15:48:57.5877907Z   ...
2026-10-08T15:48:57.5878511Z # Subtest: native adaptive selection, shuffled choices, review, practice and notes preserve all twelve SQL questions
2026-10-08T15:48:57.5879592Z ok 206 - native adaptive selection, shuffled choices, review, practice and notes preserve all twelve SQL questions
2026-10-08T15:48:57.5880150Z   ---
2026-10-08T15:48:57.5880429Z   duration_ms: 9.241555
2026-10-08T15:48:57.5880721Z   ...
2026-10-08T15:48:57.9217508Z # Subtest: a changed answer or invalid query refuses the build and preserves both saved artifacts
2026-10-08T15:48:57.9218155Z ok 207 - a changed answer or invalid query refuses the build and preserves both saved artifacts
2026-10-08T15:48:57.9218492Z   ---
2026-10-08T15:48:57.9218725Z   duration_ms: 337.57482
2026-10-08T15:48:57.9218925Z   ...
2026-10-08T15:48:57.9524355Z # Subtest: a stale generated explorer fails --check without silently replacing the changed file
2026-10-08T15:48:57.9524923Z ok 208 - a stale generated explorer fails --check without silently replacing the changed file
2026-10-08T15:48:57.9525382Z   ---
2026-10-08T15:48:57.9525586Z   duration_ms: 30.831785
2026-10-08T15:48:57.9525884Z   ...
2026-10-08T15:48:57.9577146Z # Subtest: original course fits the existing deck contract with all four concepts represented
2026-10-08T15:48:57.9578169Z ok 209 - original course fits the existing deck contract with all four concepts represented
2026-10-08T15:48:57.9578801Z   ---
2026-10-08T15:48:57.9630031Z   duration_ms: 1.981007
2026-10-08T15:48:57.9630318Z   ...
2026-10-08T15:48:57.9631158Z # Subtest: authored answer keys retain the independently worked quantities and conceptual distinctions
2026-10-08T15:48:57.9632078Z ok 210 - authored answer keys retain the independently worked quantities and conceptual distinctions
2026-10-08T15:48:57.9632516Z   ---
2026-10-08T15:48:57.9632705Z   duration_ms: 0.24136
2026-10-08T15:48:57.9633433Z   ...
2026-10-08T15:48:57.9633870Z # Subtest: course completes native selection, correct first answers, review, retry and study notes
2026-10-08T15:48:57.9634487Z ok 211 - course completes native selection, correct first answers, review, retry and study notes
2026-10-08T15:48:57.9634897Z   ---
2026-10-08T15:48:57.9635073Z   duration_ms: 12.947878
2026-10-08T15:48:57.9635254Z   ...
2026-10-08T15:48:57.9635672Z # Subtest: course completes native selection, mixed first answers, review, retry and study notes
2026-10-08T15:48:57.9636096Z ok 212 - course completes native selection, mixed first answers, review, retry and study notes
2026-10-08T15:48:57.9636345Z   ---
2026-10-08T15:48:57.9636450Z   duration_ms: 2.211441
2026-10-08T15:48:57.9636568Z   ...
2026-10-08T15:48:57.9636819Z # Subtest: course completes native selection, missed first answers, review, retry and study notes
2026-10-08T15:48:57.9637208Z ok 213 - course completes native selection, missed first answers, review, retry and study notes
2026-10-08T15:48:57.9637437Z   ---
2026-10-08T15:48:57.9637537Z   duration_ms: 1.74146
2026-10-08T15:48:57.9637654Z   ...
2026-10-08T15:48:57.9637906Z # Subtest: generated direct-open artifact has exact build parity and embeds the qualified course
2026-10-08T15:48:57.9638293Z ok 214 - generated direct-open artifact has exact build parity and embeds the qualified course
2026-10-08T15:48:57.9638836Z   ---
2026-10-08T15:48:57.9638939Z   duration_ms: 46.492091
2026-10-08T15:48:57.9639058Z   ...
2026-10-08T15:48:57.9639315Z # Subtest: standalone rendering keeps embedded source and course text inside their script elements
2026-10-08T15:48:57.9639705Z ok 215 - standalone rendering keeps embedded source and course text inside their script elements
2026-10-08T15:48:57.9639940Z   ---
2026-10-08T15:48:57.9640042Z   duration_ms: 0.48184
2026-10-08T15:48:57.9640158Z   ...
2026-10-08T15:48:57.9640545Z # Subtest: water: 6 / 2 mol → second
2026-10-08T15:48:57.9640782Z ok 216 - water: 6 / 2 mol → second
2026-10-08T15:48:57.9640916Z   ---
2026-10-08T15:48:57.9641023Z   duration_ms: 1.267141
2026-10-08T15:48:57.9641139Z   ...
2026-10-08T15:48:57.9641289Z # Subtest: water: 2 / 2 mol → first
2026-10-08T15:48:57.9641474Z ok 217 - water: 2 / 2 mol → first
2026-10-08T15:48:57.9641603Z   ---
2026-10-08T15:48:57.9641710Z   duration_ms: 0.135993
2026-10-08T15:48:57.9641838Z   ...
2026-10-08T15:48:57.9642097Z # Subtest: water: 4 / 2 mol → matched
2026-10-08T15:48:57.9642283Z ok 218 - water: 4 / 2 mol → matched
2026-10-08T15:48:57.9642415Z   ---
2026-10-08T15:48:57.9642518Z   duration_ms: 0.150815
2026-10-08T15:48:57.9642633Z   ...
2026-10-08T15:48:57.9642930Z # Subtest: water: 0 / 5 mol → no-product
2026-10-08T15:48:57.9643232Z ok 219 - water: 0 / 5 mol → no-product
2026-10-08T15:48:57.9643433Z   ---
2026-10-08T15:48:57.9643589Z   duration_ms: 0.091787
2026-10-08T15:48:57.9643769Z   ...
2026-10-08T15:48:57.9643993Z # Subtest: water: 5 / 0 mol → no-product
2026-10-08T15:48:57.9644191Z ok 220 - water: 5 / 0 mol → no-product
2026-10-08T15:48:57.9644329Z   ---
2026-10-08T15:48:57.9644432Z   duration_ms: 0.169643
2026-10-08T15:48:57.9644545Z   ...
2026-10-08T15:48:57.9644698Z # Subtest: water: 0 / 0 mol → no-product
2026-10-08T15:48:57.9644893Z ok 221 - water: 0 / 0 mol → no-product
2026-10-08T15:48:57.9645026Z   ---
2026-10-08T15:48:57.9645130Z   duration_ms: 0.099649
2026-10-08T15:48:57.9645254Z   ...
2026-10-08T15:48:57.9645413Z # Subtest: ammonia: 2 / 3 mol → second
2026-10-08T15:48:57.9645600Z ok 222 - ammonia: 2 / 3 mol → second
2026-10-08T15:48:57.9645735Z   ---
2026-10-08T15:48:57.9645837Z   duration_ms: 0.099398
2026-10-08T15:48:57.9645952Z   ...
2026-10-08T15:48:57.9646111Z # Subtest: ammonia: 1 / 2.4 mol → second
2026-10-08T15:48:57.9646304Z ok 223 - ammonia: 1 / 2.4 mol → second
2026-10-08T15:48:57.9646438Z   ---
2026-10-08T15:48:57.9646542Z   duration_ms: 0.133659
2026-10-08T15:48:57.9646657Z   ...
2026-10-08T15:48:57.9646811Z # Subtest: ammonia: 2 / 4.8 mol → second
2026-10-08T15:48:57.9647003Z ok 224 - ammonia: 2 / 4.8 mol → second
2026-10-08T15:48:57.9647136Z   ---
2026-10-08T15:48:57.9647240Z   duration_ms: 0.223253
2026-10-08T15:48:57.9647354Z   ...
2026-10-08T15:48:57.9647512Z # Subtest: ammonia: 0.1 / 0.3 mol → matched
2026-10-08T15:48:57.9647718Z ok 225 - ammonia: 0.1 / 0.3 mol → matched
2026-10-08T15:48:57.9647858Z   ---
2026-10-08T15:48:57.9647968Z   duration_ms: 0.175382
2026-10-08T15:48:57.9648083Z   ...
2026-10-08T15:48:57.9648256Z # Subtest: ammonia: 0.001 / 0.001 mol → second
2026-10-08T15:48:57.9648469Z ok 226 - ammonia: 0.001 / 0.001 mol → second
2026-10-08T15:48:57.9648611Z   ---
2026-10-08T15:48:57.9648714Z   duration_ms: 0.111506
2026-10-08T15:48:57.9648834Z   ...
2026-10-08T15:48:57.9649003Z # Subtest: ammonia: 0.001 / 0.003 mol → matched
2026-10-08T15:48:57.9649219Z ok 227 - ammonia: 0.001 / 0.003 mol → matched
2026-10-08T15:48:57.9649364Z   ---
2026-10-08T15:48:57.9649466Z   duration_ms: 0.083855
2026-10-08T15:48:57.9649584Z   ...
2026-10-08T15:48:57.9649746Z # Subtest: ammonia: 0.001 / 0.004 mol → first
2026-10-08T15:48:57.9649951Z ok 228 - ammonia: 0.001 / 0.004 mol → first
2026-10-08T15:48:57.9650093Z   ---
2026-10-08T15:48:57.9650194Z   duration_ms: 0.129623
2026-10-08T15:48:57.9650307Z   ...
2026-10-08T15:48:57.9650463Z # Subtest: magnesium: 1.5 / 1 mol → first
2026-10-08T15:48:57.9650662Z ok 229 - magnesium: 1.5 / 1 mol → first
2026-10-08T15:48:57.9650918Z   ---
2026-10-08T15:48:57.9651026Z   duration_ms: 0.102604
2026-10-08T15:48:57.9651141Z   ...
2026-10-08T15:48:57.9651304Z # Subtest: magnesium: 1 / 0.499 mol → second
2026-10-08T15:48:57.9651511Z ok 230 - magnesium: 1 / 0.499 mol → second
2026-10-08T15:48:57.9651650Z   ---
2026-10-08T15:48:57.9651755Z   duration_ms: 0.126249
2026-10-08T15:48:57.9651870Z   ...
2026-10-08T15:48:57.9652028Z # Subtest: magnesium: 1 / 0.5 mol → matched
2026-10-08T15:48:57.9652230Z ok 231 - magnesium: 1 / 0.5 mol → matched
2026-10-08T15:48:57.9652370Z   ---
2026-10-08T15:48:57.9652473Z   duration_ms: 0.144777
2026-10-08T15:48:57.9652587Z   ...
2026-10-08T15:48:57.9652748Z # Subtest: magnesium: 1 / 0.501 mol → first
2026-10-08T15:48:57.9653102Z ok 232 - magnesium: 1 / 0.501 mol → first
2026-10-08T15:48:57.9653239Z   ---
2026-10-08T15:48:57.9653341Z   duration_ms: 0.074932
2026-10-08T15:48:57.9653457Z   ...
2026-10-08T15:48:57.9653611Z # Subtest: water: 1000 / 1000 mol → first
2026-10-08T15:48:57.9653838Z ok 233 - water: 1000 / 1000 mol → first
2026-10-08T15:48:57.9654073Z   ---
2026-10-08T15:48:57.9654176Z   duration_ms: 0.138376
2026-10-08T15:48:57.9654291Z   ...
2026-10-08T15:48:57.9654507Z # Subtest: authored equations use the declared species and conserve each element
2026-10-08T15:48:57.9654829Z ok 234 - authored equations use the declared species and conserve each element
2026-10-08T15:48:57.9655036Z   ---
2026-10-08T15:48:57.9655139Z   duration_ms: 0.702028
2026-10-08T15:48:57.9655254Z   ...
2026-10-08T15:48:57.9655443Z # Subtest: all admitted decimal spellings resolve to exact millimoles
2026-10-08T15:48:57.9655721Z ok 235 - all admitted decimal spellings resolve to exact millimoles
2026-10-08T15:48:57.9655903Z   ---
2026-10-08T15:48:57.9656010Z   duration_ms: 0.158857
2026-10-08T15:48:57.9656123Z   ...
2026-10-08T15:48:57.9656341Z # Subtest: invalid or ambiguous amount inputs are refused without numeric coercion
2026-10-08T15:48:57.9656664Z ok 236 - invalid or ambiguous amount inputs are refused without numeric coercion
2026-10-08T15:48:57.9656870Z   ---
2026-10-08T15:48:57.9656978Z   duration_ms: 0.552895
2026-10-08T15:48:57.9657094Z   ...
2026-10-08T15:48:57.9657351Z # Subtest: positive amounts straddling an exact ratio are never classified using a floating tolerance
2026-10-08T15:48:57.9657764Z ok 237 - positive amounts straddling an exact ratio are never classified using a floating tolerance
2026-10-08T15:48:57.9658002Z   ---
2026-10-08T15:48:57.9658158Z   duration_ms: 0.141712
2026-10-08T15:48:57.9658346Z   ...
2026-10-08T15:48:57.9658706Z # Subtest: start = used + left and atom inventory is conserved across a changed-input grid
2026-10-08T15:48:57.9659231Z ok 238 - start = used + left and atom inventory is conserved across a changed-input grid
2026-10-08T15:48:57.9659551Z   ---
2026-10-08T15:48:57.9659708Z   duration_ms: 4.998101
2026-10-08T15:48:57.9659882Z   ...
2026-10-08T15:48:57.9660205Z # Subtest: doubling both supplies doubles theoretical product and excess without changing the limiting identity
2026-10-08T15:48:57.9660639Z ok 239 - doubling both supplies doubles theoretical product and excess without changing the limiting identity
2026-10-08T15:48:57.9660889Z   ---
2026-10-08T15:48:57.9660991Z   duration_ms: 0.479626
2026-10-08T15:48:57.9661104Z   ...
2026-10-08T15:48:57.9661357Z # Subtest: reaction definitions and solved records are deeply immutable without changing caller inputs
2026-10-08T15:48:57.9661747Z ok 240 - reaction definitions and solved records are deeply immutable without changing caller inputs
2026-10-08T15:48:57.9661976Z   ---
2026-10-08T15:48:57.9662077Z   duration_ms: 0.200609
2026-10-08T15:48:57.9662200Z   ...
2026-10-08T15:48:57.9662450Z # Subtest: worked record carries this prediction, mole accounting and the explicit theoretical model
2026-10-08T15:48:57.9663059Z ok 241 - worked record carries this prediction, mole accounting and the explicit theoretical model
2026-10-08T15:48:57.9663425Z   ---
2026-10-08T15:48:57.9663529Z   duration_ms: 0.520127
2026-10-08T15:48:57.9663737Z   ...
2026-10-08T15:48:57.9664003Z # Subtest: completed first answers restore in their original adaptive order with exact, unrounded estimates
2026-10-08T15:48:57.9664414Z ok 242 - completed first answers restore in their original adaptive order with exact, unrounded estimates
2026-10-08T15:48:57.9664651Z   ---
2026-10-08T15:48:57.9664751Z   duration_ms: 9.087015
2026-10-08T15:48:57.9664862Z   ...
2026-10-08T15:48:57.9665114Z # Subtest: unstarted, zero-answer, paused and complete practice remain distinct and can resume once
2026-10-08T15:48:57.9665495Z ok 243 - unstarted, zero-answer, paused and complete practice remain distinct and can resume once
2026-10-08T15:48:57.9665725Z   ---
2026-10-08T15:48:57.9665823Z   duration_ms: 2.137451
2026-10-08T15:48:57.9665935Z   ...
2026-10-08T15:48:57.9666153Z # Subtest: all-correct and all-missed completed traces use canonical answer indices
2026-10-08T15:48:57.9666472Z ok 244 - all-correct and all-missed completed traces use canonical answer indices
2026-10-08T15:48:57.9666677Z   ---
2026-10-08T15:48:57.9666778Z   duration_ms: 1.414212
2026-10-08T15:48:57.9666973Z   ...
2026-10-08T15:48:57.9667189Z # Subtest: incomplete, duplicate, unknown and out-of-range first answers are refused
2026-10-08T15:48:57.9667511Z ok 245 - incomplete, duplicate, unknown and out-of-range first answers are refused
2026-10-08T15:48:57.9667711Z   ---
2026-10-08T15:48:57.9667811Z   duration_ms: 4.9371
2026-10-08T15:48:57.9667926Z   ...
2026-10-08T15:48:57.9668175Z # Subtest: a different course revision cannot replace the current deck; property order is immaterial
2026-10-08T15:48:57.9668553Z ok 246 - a different course revision cannot replace the current deck; property order is immaterial
2026-10-08T15:48:57.9668778Z   ---
2026-10-08T15:48:57.9668875Z   duration_ms: 1.558196
2026-10-08T15:48:57.9668987Z   ...
2026-10-08T15:48:57.9669219Z # Subtest: changed model parameters, rounded estimates and incompatible versions are refused
2026-10-08T15:48:57.9669571Z ok 247 - changed model parameters, rounded estimates and incompatible versions are refused
2026-10-08T15:48:57.9669795Z   ---
2026-10-08T15:48:57.9669893Z   duration_ms: 3.165856
2026-10-08T15:48:57.9670004Z   ...
2026-10-08T15:48:57.9670226Z # Subtest: practice replay refuses duplicate, reordered, correct-first and extra answers
2026-10-08T15:48:57.9670563Z ok 248 - practice replay refuses duplicate, reordered, correct-first and extra answers
2026-10-08T15:48:57.9670772Z   ---
2026-10-08T15:48:57.9670870Z   duration_ms: 4.540709
2026-10-08T15:48:57.9670982Z   ...
2026-10-08T15:48:57.9671204Z # Subtest: bounded parsing refuses invalid JSON and oversized UTF-8 before exposing state
2026-10-08T15:48:57.9671541Z ok 249 - bounded parsing refuses invalid JSON and oversized UTF-8 before exposing state
2026-10-08T15:48:57.9671749Z   ---
2026-10-08T15:48:57.9671847Z   duration_ms: 2.101857
2026-10-08T15:48:57.9671958Z   ...
2026-10-08T15:48:57.9672192Z # Subtest: the downloadable course is the exact admitted course, without external dependencies
2026-10-08T15:48:57.9672552Z ok 250 - the downloadable course is the exact admitted course, without external dependencies
2026-10-08T15:48:57.9672884Z   ---
2026-10-08T15:48:57.9672993Z   duration_ms: 1.06458
2026-10-08T15:48:57.9673105Z   ...
2026-10-08T15:48:57.9673318Z # Subtest: rebuilding the embedded course preserves already current standalone bytes
2026-10-08T15:48:57.9673638Z ok 251 - rebuilding the embedded course preserves already current standalone bytes
2026-10-08T15:48:57.9673839Z   ---
2026-10-08T15:48:57.9673941Z   duration_ms: 26.925659
2026-10-08T15:48:57.9674058Z   ...
2026-10-08T15:48:57.9674271Z # Subtest: the course example retains a component and reconstructs the exact original
2026-10-08T15:48:57.9674593Z ok 252 - the course example retains a component and reconstructs the exact original
2026-10-08T15:48:57.9674792Z   ---
2026-10-08T15:48:57.9674891Z   duration_ms: 0.606766
2026-10-08T15:48:57.9675005Z   ...
2026-10-08T15:48:57.9675223Z # Subtest: the geometric line is unchanged by a positive or negative direction rescaling
2026-10-08T15:48:57.9675655Z ok 253 - the geometric line is unchanged by a positive or negative direction rescaling
2026-10-08T15:48:57.9675857Z   ---
2026-10-08T15:48:57.9675955Z   duration_ms: 0.197385
2026-10-08T15:48:57.9676066Z   ...
2026-10-08T15:48:57.9676290Z # Subtest: perpendicular, parallel, axis-aligned and zero-original cases remain defined
2026-10-08T15:48:57.9676626Z ok 254 - perpendicular, parallel, axis-aligned and zero-original cases remain defined
2026-10-08T15:48:57.9676832Z   ---
2026-10-08T15:48:57.9676931Z   duration_ms: 0.256052
2026-10-08T15:48:57.9677045Z   ...
2026-10-08T15:48:57.9677254Z # Subtest: malformed, missing, out-of-domain and zero direction values are refused
2026-10-08T15:48:57.9677566Z ok 255 - malformed, missing, out-of-domain and zero direction values are refused
2026-10-08T15:48:57.9677763Z   ---
2026-10-08T15:48:57.9677861Z   duration_ms: 1.027444
2026-10-08T15:48:57.9677973Z   ...
2026-10-08T15:48:57.9678155Z # Subtest: calculation does not mutate or alias its input coordinates
2026-10-08T15:48:57.9678510Z ok 256 - calculation does not mutate or alias its input coordinates
2026-10-08T15:48:57.9678694Z   ---
2026-10-08T15:48:57.9678793Z   duration_ms: 0.130895
2026-10-08T15:48:57.9678907Z   ...
2026-10-08T15:48:57.9679169Z # Subtest: 2,000 independently checked geometries satisfy the projection characterization and plot bounds
2026-10-08T15:48:57.9679571Z ok 257 - 2,000 independently checked geometries satisfy the projection characterization and plot bounds
2026-10-08T15:48:57.9679807Z   ---
2026-10-08T15:48:57.9679907Z   duration_ms: 13.878588
2026-10-08T15:48:57.9680021Z   ...
2026-10-08T15:48:57.9680262Z # Subtest: course has twelve original items, two per concept, with a balanced canonical answer key
2026-10-08T15:48:57.9680632Z ok 258 - course has twelve original items, two per concept, with a balanced canonical answer key
2026-10-08T15:48:57.9680854Z   ---
2026-10-08T15:48:57.9680954Z   duration_ms: 1.458257
2026-10-08T15:48:57.9681069Z   ...
2026-10-08T15:48:57.9681293Z # Subtest: displacement subtracts the starting point, including its negative component
2026-10-08T15:48:57.9681623Z ok 259 - displacement subtracts the starting point, including its negative component
2026-10-08T15:48:57.9681830Z   ---
2026-10-08T15:48:57.9681927Z   duration_ms: 0.531784
2026-10-08T15:48:57.9682041Z   ...
2026-10-08T15:48:57.9682267Z # Subtest: sequential displacements combine componentwise and retain the same final point
2026-10-08T15:48:57.9682611Z ok 260 - sequential displacements combine componentwise and retain the same final point
2026-10-08T15:48:57.9682960Z   ---
2026-10-08T15:48:57.9683112Z   duration_ms: 0.2608
2026-10-08T15:48:57.9683281Z   ...
2026-10-08T15:48:57.9683499Z # Subtest: Euclidean length is the square root of the sum of squared components
2026-10-08T15:48:57.9683800Z ok 261 - Euclidean length is the square root of the sum of squared components
2026-10-08T15:48:57.9683990Z   ---
2026-10-08T15:48:57.9684088Z   duration_ms: 0.18103
2026-10-08T15:48:57.9684203Z   ...
2026-10-08T15:48:57.9684417Z # Subtest: the unit direction has length one and preserves the original orientation
2026-10-08T15:48:57.9684730Z ok 262 - the unit direction has length one and preserves the original orientation
2026-10-08T15:48:57.9684924Z   ---
2026-10-08T15:48:57.9685022Z   duration_ms: 0.212928
2026-10-08T15:48:57.9685135Z   ...
2026-10-08T15:48:57.9685317Z # Subtest: the two nonzero perpendicular vectors have zero dot product
2026-10-08T15:48:57.9685583Z ok 263 - the two nonzero perpendicular vectors have zero dot product
2026-10-08T15:48:57.9685757Z   ---
2026-10-08T15:48:57.9685855Z   duration_ms: 0.158437
2026-10-08T15:48:57.9685968Z   ...
2026-10-08T15:48:57.9686170Z # Subtest: a unit-axis component retains the sign of the projected displacement
2026-10-08T15:48:57.9686474Z ok 264 - a unit-axis component retains the sign of the projected displacement
2026-10-08T15:48:57.9686668Z   ---
2026-10-08T15:48:57.9686768Z   duration_ms: 0.176574
2026-10-08T15:48:57.9686991Z   ...
2026-10-08T15:48:57.9687225Z # Subtest: the projection lies on the nonunit direction line and leaves an orthogonal residual
2026-10-08T15:48:57.9687573Z ok 265 - the projection lies on the nonunit direction line and leaves an orthogonal residual
2026-10-08T15:48:57.9687784Z   ---
2026-10-08T15:48:57.9687884Z   duration_ms: 0.341189
2026-10-08T15:48:57.9687998Z   ...
2026-10-08T15:48:57.9688200Z # Subtest: the requested residual reconstructs b as well as being perpendicular
2026-10-08T15:48:57.9688500Z ok 266 - the requested residual reconstructs b as well as being perpendicular
2026-10-08T15:48:57.9688688Z   ---
2026-10-08T15:48:57.9688786Z   duration_ms: 0.242953
2026-10-08T15:48:57.9688897Z   ...
2026-10-08T15:48:57.9689101Z # Subtest: row dot products implement the stated column-vector matrix convention
2026-10-08T15:48:57.9689401Z ok 267 - row dot products implement the stated column-vector matrix convention
2026-10-08T15:48:57.9689591Z   ---
2026-10-08T15:48:57.9689689Z   duration_ms: 0.221771
2026-10-08T15:48:57.9689805Z   ...
2026-10-08T15:48:57.9690089Z # Subtest: basis images retain the coefficients of the input linear combination
2026-10-08T15:48:57.9690385Z ok 268 - basis images retain the coefficients of the input linear combination
2026-10-08T15:48:57.9690575Z   ---
2026-10-08T15:48:57.9690673Z   duration_ms: 0.15388
2026-10-08T15:48:57.9690785Z   ...
2026-10-08T15:48:57.9690982Z # Subtest: rotation before horizontal stretch differs from the reverse order
2026-10-08T15:48:57.9691271Z ok 269 - rotation before horizontal stretch differs from the reverse order
2026-10-08T15:48:57.9691460Z   ---
2026-10-08T15:48:57.9691558Z   duration_ms: 0.210535
2026-10-08T15:48:57.9691670Z   ...
2026-10-08T15:48:57.9691852Z # Subtest: the stated distinct inputs collide under the flattening map
2026-10-08T15:48:57.9692119Z ok 270 - the stated distinct inputs collide under the flattening map
2026-10-08T15:48:57.9692295Z   ---
2026-10-08T15:48:57.9692394Z   duration_ms: 0.197605
2026-10-08T15:48:57.9692511Z   ...
2026-10-08T15:48:57.9692601Z 1..270
2026-10-08T15:48:57.9692705Z # tests 282
2026-10-08T15:48:57.9692924Z # suites 0
2026-10-08T15:48:57.9693027Z # pass 282
2026-10-08T15:48:57.9693129Z # fail 0
2026-10-08T15:48:57.9693232Z # cancelled 0
2026-10-08T15:48:57.9693337Z # skipped 0
2026-10-08T15:48:57.9693436Z # todo 0
2026-10-08T15:48:57.9693548Z # duration_ms 1246.964213
2026-10-08T15:48:57.9721017Z ##[group]Run cp demo.html /tmp/demo-before.html
2026-10-08T15:48:57.9721238Z [36;1mcp demo.html /tmp/demo-before.html[0m
2026-10-08T15:48:57.9721402Z [36;1mpython3 tools/make_demo.py[0m
2026-10-08T15:48:57.9721706Z [36;1mcmp /tmp/demo-before.html demo.html || { echo "demo.html is stale: run 'python3 tools/make_demo.py' and commit the result"; exit 1; }[0m
2026-10-08T15:48:57.9775724Z shell: /usr/bin/bash -e {0}
2026-10-08T15:48:57.9775862Z ##[endgroup]
2026-10-08T15:48:58.0020757Z Built /home/runner/work/RecallWeave/RecallWeave/demo.html (97565 bytes)
2026-10-08T15:48:58.0124891Z Post job cleanup.
2026-10-08T15:48:58.0916551Z (node:2570) [DEP0040] DeprecationWarning: The `punycode` module is deprecated. Please use a userland alternative instead.
2026-10-08T15:48:58.0917045Z (Use `node --trace-deprecation ...` to show where the warning was created)
2026-10-08T15:48:58.1079410Z Post job cleanup.
2026-10-08T15:48:58.1658673Z [command]/usr/bin/git version
2026-10-08T15:48:58.1693301Z git version 2.55.0
2026-10-08T15:48:58.1718223Z Temporarily overriding HOME='/home/runner/work/_temp/1df39028-6fee-46f3-8edc-3cdbfde18408' before making global git config changes
2026-10-08T15:48:58.1718824Z Adding repository directory to the temporary git global config as a safe directory
2026-10-08T15:48:58.1721506Z [command]/usr/bin/git config --global --add safe.directory /home/runner/work/RecallWeave/RecallWeave
2026-10-08T15:48:58.1754421Z [command]/usr/bin/git config --local --name-only --get-regexp core\.sshCommand
2026-10-08T15:48:58.1781173Z [command]/usr/bin/git submodule foreach --recursive sh -c "git config --local --name-only --get-regexp 'core\.sshCommand' && git config --local --unset-all 'core.sshCommand' || :"
2026-10-08T15:48:58.2017543Z [command]/usr/bin/git config --local --name-only --get-regexp http\.https\:\/\/github\.com\/\.extraheader
2026-10-08T15:48:58.2036447Z http.https://github.com/.extraheader
2026-10-08T15:48:58.2044557Z [command]/usr/bin/git config --local --unset-all http.https://github.com/.extraheader
2026-10-08T15:48:58.2075474Z [command]/usr/bin/git submodule foreach --recursive sh -c "git config --local --name-only --get-regexp 'http\.https\:\/\/github\.com\/\.extraheader' && git config --local --unset-all 'http.https://github.com/.extraheader' || :"
2026-10-08T15:48:58.2275360Z [command]/usr/bin/git config --local --name-only --get-regexp ^includeIf\.gitdir:
2026-10-08T15:48:58.2305718Z [command]/usr/bin/git submodule foreach --recursive git config --local --show-origin --name-only --get-regexp remote.origin.url
2026-10-08T15:48:58.2591690Z Cleaning up orphan processes
2026-10-08T15:48:58.2779487Z ##[warning]Node.js 20 is deprecated. The following actions target Node.js 20 but are being forced to run on Node.js 24: actions/checkout@11d5960a326750d5838078e36cf38b85af677262, actions/setup-node@49933ea5288caeca8642d1e84afbd3f7d6820020. For more information see: https://github.blog/changelog/2025-09-19-deprecation-of-node-20-on-github-actions-runners/
