2026-10-08T15:28:49.2761107Z Current runner version: '2.337.0'
2026-10-08T15:28:49.2779140Z ##[group]Runner Image Provisioner
2026-10-08T15:28:49.2779890Z Hosted Compute Agent
2026-10-08T15:28:49.2780363Z Version: 20261002.596
2026-10-08T15:28:49.2780921Z Commit: c3d12f3313a95f25162a1503be624f3b0617f8c0
2026-10-08T15:28:49.2781528Z Build Date: 2026-10-02T22:28:27Z
2026-10-08T15:28:49.2782133Z Worker ID: {f697933f-5e04-4a48-bba3-1af5006bc5e8}
2026-10-08T15:28:49.2782733Z Region: westus3
2026-10-08T15:28:49.2783175Z Cloud: Azure
2026-10-08T15:28:49.2783648Z ##[endgroup]
2026-10-08T15:28:49.2784708Z ##[group]Operating System
2026-10-08T15:28:49.2785212Z Ubuntu
2026-10-08T15:28:49.2785673Z 24.04.5
2026-10-08T15:28:49.2786109Z LTS
2026-10-08T15:28:49.2786563Z ##[endgroup]
2026-10-08T15:28:49.2787013Z ##[group]Runner Image
2026-10-08T15:28:49.2787552Z Image: ubuntu-24.04
2026-10-08T15:28:49.2788301Z Version: 20261004.327.1
2026-10-08T15:28:49.2789354Z Included Software: https://github.com/actions/runner-images/blob/ubuntu24/20261004.327/images/ubuntu/Ubuntu2404-Readme.md
2026-10-08T15:28:49.2790602Z Image Release: https://github.com/actions/runner-images/releases/tag/ubuntu24%2F20261004.327
2026-10-08T15:28:49.2791406Z ##[endgroup]
2026-10-08T15:28:49.2792331Z ##[group]GITHUB_TOKEN Permissions
2026-10-08T15:28:49.2794020Z Contents: read
2026-10-08T15:28:49.2794502Z Metadata: read
2026-10-08T15:28:49.2794970Z ##[endgroup]
2026-10-08T15:28:49.2796699Z Secret source: Actions
2026-10-08T15:28:49.2797470Z Cache mode: write
2026-10-08T15:28:49.2798322Z Prepare workflow directory
2026-10-08T15:28:49.4373565Z Prepare all required actions
2026-10-08T15:28:49.4444348Z Getting action download info
2026-10-08T15:28:49.7436273Z Download action repository 'actions/checkout@11d5960a326750d5838078e36cf38b85af677262' (SHA:11d5960a326750d5838078e36cf38b85af677262)
2026-10-08T15:28:49.8101313Z Download action repository 'actions/setup-node@49933ea5288caeca8642d1e84afbd3f7d6820020' (SHA:49933ea5288caeca8642d1e84afbd3f7d6820020)
2026-10-08T15:28:49.9835162Z Complete job name: node-test
2026-10-08T15:28:50.0474534Z ##[group]Run actions/checkout@11d5960a326750d5838078e36cf38b85af677262
2026-10-08T15:28:50.0475361Z with:
2026-10-08T15:28:50.0475857Z   repository: Jacob-Met/RecallWeave
2026-10-08T15:28:50.0479630Z   token: ***
2026-10-08T15:28:50.0480269Z   ssh-strict: true
2026-10-08T15:28:50.0480747Z   ssh-user: git
2026-10-08T15:28:50.0481190Z   persist-credentials: true
2026-10-08T15:28:50.0481660Z   clean: true
2026-10-08T15:28:50.0482133Z   sparse-checkout-cone-mode: true
2026-10-08T15:28:50.0482649Z   fetch-depth: 1
2026-10-08T15:28:50.0483097Z   fetch-tags: false
2026-10-08T15:28:50.0483527Z   show-progress: true
2026-10-08T15:28:50.0483957Z   lfs: false
2026-10-08T15:28:50.0484394Z   submodules: false
2026-10-08T15:28:50.0484828Z   set-safe-directory: true
2026-10-08T15:28:50.0485320Z   allow-unsafe-pr-checkout: false
2026-10-08T15:28:50.0485963Z ##[endgroup]
2026-10-08T15:28:50.1381600Z Syncing repository: Jacob-Met/RecallWeave
2026-10-08T15:28:50.1384247Z ##[group]Getting Git version info
2026-10-08T15:28:50.1385317Z Working directory is '/home/runner/work/RecallWeave/RecallWeave'
2026-10-08T15:28:50.1386917Z [command]/usr/bin/git version
2026-10-08T15:28:50.1431165Z git version 2.55.0
2026-10-08T15:28:50.1447023Z ##[endgroup]
2026-10-08T15:28:50.1459521Z Temporarily overriding HOME='/home/runner/work/_temp/19d48415-9af0-4370-88f7-4cade8c8e53f' before making global git config changes
2026-10-08T15:28:50.1461437Z Adding repository directory to the temporary git global config as a safe directory
2026-10-08T15:28:50.1463500Z [command]/usr/bin/git config --global --add safe.directory /home/runner/work/RecallWeave/RecallWeave
2026-10-08T15:28:50.1510657Z Deleting the contents of '/home/runner/work/RecallWeave/RecallWeave'
2026-10-08T15:28:50.1513569Z ##[group]Initializing the repository
2026-10-08T15:28:50.1517285Z [command]/usr/bin/git init /home/runner/work/RecallWeave/RecallWeave
2026-10-08T15:28:50.1612345Z hint: Using 'master' as the name for the initial branch. This default branch name
2026-10-08T15:28:50.1613535Z hint: will change to "main" in Git 3.0. To configure the initial branch name
2026-10-08T15:28:50.1614364Z hint: to use in all of your new repositories, which will suppress this warning,
2026-10-08T15:28:50.1615044Z hint: call:
2026-10-08T15:28:50.1615457Z hint:
2026-10-08T15:28:50.1615964Z hint: 	git config --global init.defaultBranch <name>
2026-10-08T15:28:50.1616563Z hint:
2026-10-08T15:28:50.1617092Z hint: Names commonly chosen instead of 'master' are 'main', 'trunk' and
2026-10-08T15:28:50.1618067Z hint: 'development'. The just-created branch can be renamed via this command:
2026-10-08T15:28:50.1618765Z hint:
2026-10-08T15:28:50.1619199Z hint: 	git branch -m <name>
2026-10-08T15:28:50.1621927Z hint:
2026-10-08T15:28:50.1622652Z hint: Disable this message with "git config set advice.defaultBranchName false"
2026-10-08T15:28:50.1623522Z Initialized empty Git repository in /home/runner/work/RecallWeave/RecallWeave/.git/
2026-10-08T15:28:50.1632715Z [command]/usr/bin/git remote add origin https://github.com/Jacob-Met/RecallWeave
2026-10-08T15:28:50.1675162Z ##[endgroup]
2026-10-08T15:28:50.1675920Z ##[group]Disabling automatic garbage collection
2026-10-08T15:28:50.1678458Z [command]/usr/bin/git config --local gc.auto 0
2026-10-08T15:28:50.1704868Z ##[endgroup]
2026-10-08T15:28:50.1705599Z ##[group]Setting up auth
2026-10-08T15:28:50.1711301Z [command]/usr/bin/git config --local --name-only --get-regexp core\.sshCommand
2026-10-08T15:28:50.1744528Z [command]/usr/bin/git submodule foreach --recursive sh -c "git config --local --name-only --get-regexp 'core\.sshCommand' && git config --local --unset-all 'core.sshCommand' || :"
2026-10-08T15:28:50.2064712Z [command]/usr/bin/git config --local --name-only --get-regexp http\.https\:\/\/github\.com\/\.extraheader
2026-10-08T15:28:50.2090316Z [command]/usr/bin/git submodule foreach --recursive sh -c "git config --local --name-only --get-regexp 'http\.https\:\/\/github\.com\/\.extraheader' && git config --local --unset-all 'http.https://github.com/.extraheader' || :"
2026-10-08T15:28:50.2262739Z [command]/usr/bin/git config --local --name-only --get-regexp ^includeIf\.gitdir:
2026-10-08T15:28:50.2290554Z [command]/usr/bin/git submodule foreach --recursive git config --local --show-origin --name-only --get-regexp remote.origin.url
2026-10-08T15:28:50.2462662Z [command]/usr/bin/git config --local http.https://github.com/.extraheader AUTHORIZATION: basic ***
2026-10-08T15:28:50.2493850Z ##[endgroup]
2026-10-08T15:28:50.2494949Z ##[group]Fetching the repository
2026-10-08T15:28:50.2502734Z [command]/usr/bin/git -c protocol.version=2 fetch --no-tags --prune --no-recurse-submodules --depth=1 origin +a3c73fdf504ca3ca8661582323a9b9a297bc1ae0:refs/remotes/pull/71/merge
2026-10-08T15:28:52.5389119Z From https://github.com/Jacob-Met/RecallWeave
2026-10-08T15:28:52.5390753Z  * [new ref]         a3c73fdf504ca3ca8661582323a9b9a297bc1ae0 -> pull/71/merge
2026-10-08T15:28:52.5394227Z ##[endgroup]
2026-10-08T15:28:52.5395773Z ##[group]Determining the checkout info
2026-10-08T15:28:52.5397271Z ##[endgroup]
2026-10-08T15:28:52.5409501Z [command]/usr/bin/git sparse-checkout disable
2026-10-08T15:28:52.5449207Z [command]/usr/bin/git config --local --unset-all extensions.worktreeConfig
2026-10-08T15:28:52.5510434Z ##[group]Checking out the ref
2026-10-08T15:28:52.5514152Z [command]/usr/bin/git checkout --progress --force refs/remotes/pull/71/merge
2026-10-08T15:28:52.6948155Z Note: switching to 'refs/remotes/pull/71/merge'.
2026-10-08T15:28:52.6949189Z 
2026-10-08T15:28:52.6949837Z You are in 'detached HEAD' state. You can look around, make experimental
2026-10-08T15:28:52.6951387Z changes and commit them, and you can discard any commits you make in this
2026-10-08T15:28:52.6952972Z state without impacting any branches by switching back to a branch.
2026-10-08T15:28:52.6953942Z 
2026-10-08T15:28:52.6954608Z If you want to create a new branch to retain commits you create, you may
2026-10-08T15:28:52.6956446Z do so (now or later) by using -c with the switch command. Example:
2026-10-08T15:28:52.6958146Z 
2026-10-08T15:28:52.6958748Z   git switch -c <new-branch-name>
2026-10-08T15:28:52.6959639Z 
2026-10-08T15:28:52.6960162Z Or undo this operation with:
2026-10-08T15:28:52.6960992Z 
2026-10-08T15:28:52.6961510Z   git switch -
2026-10-08T15:28:52.6962176Z 
2026-10-08T15:28:52.6963130Z Turn off this advice by setting config variable advice.detachedHead to false
2026-10-08T15:28:52.6964565Z 
2026-10-08T15:28:52.6966079Z HEAD is now at a3c73fd Merge 39f2d04419e78a4ccc1baa534dee0bde5cb10657 into 343d20e38fb619c5eea2ec588b61c5f26fea714b
2026-10-08T15:28:52.6971064Z ##[endgroup]
2026-10-08T15:28:52.6993572Z [command]/usr/bin/git log -1 --format=%H
2026-10-08T15:28:52.7012337Z a3c73fdf504ca3ca8661582323a9b9a297bc1ae0
2026-10-08T15:28:52.7329582Z ##[group]Run actions/setup-node@49933ea5288caeca8642d1e84afbd3f7d6820020
2026-10-08T15:28:52.7330961Z with:
2026-10-08T15:28:52.7331834Z   node-version: 20
2026-10-08T15:28:52.7332767Z   always-auth: false
2026-10-08T15:28:52.7333719Z   check-latest: false
2026-10-08T15:28:52.7341928Z   token: ***
2026-10-08T15:28:52.7342773Z ##[endgroup]
2026-10-08T15:28:52.8545873Z Attempting to download 20...
2026-10-08T15:28:52.8631434Z (node:2094) [DEP0040] DeprecationWarning: The `punycode` module is deprecated. Please use a userland alternative instead.
2026-10-08T15:28:52.8633643Z (Use `node --trace-deprecation ...` to show where the warning was created)
2026-10-08T15:28:53.8914733Z Acquiring 20.20.2 - x64 from https://github.com/actions/node-versions/releases/download/20.20.2-23521894959/node-20.20.2-linux-x64.tar.gz
2026-10-08T15:28:54.3742623Z Extracting ...
2026-10-08T15:28:54.3828134Z [command]/usr/bin/tar xz --strip 1 --warning=no-unknown-keyword --overwrite -C /home/runner/work/_temp/4a201672-15df-456c-a6f4-614909e8fcc5 -f /home/runner/work/_temp/02cfe05b-f2b2-482e-be5e-475f96f29ea0
2026-10-08T15:28:55.3273406Z Adding to the cache ...
2026-10-08T15:28:56.8832052Z ##[group]Environment details
2026-10-08T15:28:57.0703839Z node: v20.20.2
2026-10-08T15:28:57.0704344Z npm: 10.8.2
2026-10-08T15:28:57.0704797Z yarn: 1.22.22
2026-10-08T15:28:57.0724332Z ##[endgroup]
2026-10-08T15:28:57.0844325Z ##[group]Run node --test tests/*.test.mjs
2026-10-08T15:28:57.0844834Z [36;1mnode --test tests/*.test.mjs[0m
2026-10-08T15:28:57.1011837Z shell: /usr/bin/bash -e {0}
2026-10-08T15:28:57.1012287Z ##[endgroup]
2026-10-08T15:28:57.1460953Z TAP version 13
2026-10-08T15:28:57.1942291Z # Subtest: display orders retain every canonical option exactly once and are immutable
2026-10-08T15:28:57.1968792Z ok 1 - display orders retain every canonical option exactly once and are immutable
2026-10-08T15:28:57.1978628Z   ---
2026-10-08T15:28:57.1979395Z   duration_ms: 7.475282
2026-10-08T15:28:57.1980050Z   ...
2026-10-08T15:28:57.1981110Z # Subtest: a stable source replays an order and changed input can put the answer in every display position
2026-10-08T15:28:57.1982588Z ok 2 - a stable source replays an order and changed input can put the answer in every display position
2026-10-08T15:28:57.1983552Z   ---
2026-10-08T15:28:57.1984103Z   duration_ms: 3.97013
2026-10-08T15:28:57.1984688Z   ...
2026-10-08T15:28:57.1985861Z # Subtest: invalid counts or random values cannot produce duplicate, missing, or unaddressable choices
2026-10-08T15:28:57.1987319Z ok 3 - invalid counts or random values cannot produce duplicate, missing, or unaddressable choices
2026-10-08T15:28:57.1988540Z   ---
2026-10-08T15:28:57.1989338Z   duration_ms: 0.321443
2026-10-08T15:28:57.1990094Z   ...
2026-10-08T15:28:57.2031243Z # Subtest: varied displayed choices keep review, corrected practice and study notes tied to their original text
2026-10-08T15:28:57.2059060Z ok 4 - varied displayed choices keep review, corrected practice and study notes tied to their original text
2026-10-08T15:28:57.2060556Z   ---
2026-10-08T15:28:57.2098747Z   duration_ms: 13.281709
2026-10-08T15:28:57.2128669Z   ...
2026-10-08T15:28:57.2145935Z # Subtest: the direct-file author page is generated from all current author modules
2026-10-08T15:28:57.2148679Z ok 5 - the direct-file author page is generated from all current author modules
2026-10-08T15:28:57.2150058Z   ---
2026-10-08T15:28:57.2150786Z   duration_ms: 36.071643
2026-10-08T15:28:57.2151445Z   ...
2026-10-08T15:28:57.2199024Z # Subtest: the binary-search course round-trips through the published deck contract
2026-10-08T15:28:57.2208690Z ok 6 - the binary-search course round-trips through the published deck contract
2026-10-08T15:28:57.2209751Z   ---
2026-10-08T15:28:57.2210312Z   duration_ms: 4.155903
2026-10-08T15:28:57.2210869Z   ...
2026-10-08T15:28:57.2211771Z # Subtest: worked first-occurrence and absent examples agree with an independent linear partition
2026-10-08T15:28:57.2213092Z ok 7 - worked first-occurrence and absent examples agree with an independent linear partition
2026-10-08T15:28:57.2213664Z   ---
2026-10-08T15:28:57.2214065Z   duration_ms: 0.284732
2026-10-08T15:28:57.2214621Z   ...
2026-10-08T15:28:57.2215755Z # Subtest: midpoint and branch answers use the course’s half-open interval convention
2026-10-08T15:28:57.2217103Z ok 8 - midpoint and branch answers use the course’s half-open interval convention
2026-10-08T15:28:57.2218178Z   ---
2026-10-08T15:28:57.2218905Z   duration_ms: 0.316242
2026-10-08T15:28:57.2219657Z   ...
2026-10-08T15:28:57.2220718Z # Subtest: the worked trace and worst-case count follow strictly shrinking intervals
2026-10-08T15:28:57.2222209Z ok 9 - the worked trace and worst-case count follow strictly shrinking intervals
2026-10-08T15:28:57.2223412Z   ---
2026-10-08T15:28:57.2224204Z   duration_ms: 9.762215
2026-10-08T15:28:57.2225095Z   ...
2026-10-08T15:28:57.2226091Z # Subtest: the actual adaptive learner visits every new question and preserves worked feedback
2026-10-08T15:28:57.2242008Z ok 10 - the actual adaptive learner visits every new question and preserves worked feedback
2026-10-08T15:28:57.2248213Z   ---
2026-10-08T15:28:57.2249606Z   duration_ms: 12.522263
2026-10-08T15:28:57.2250225Z   ...
2026-10-08T15:28:57.2853781Z # Subtest: the direct-file handout page is generated from the current validator, document and UI sources
2026-10-08T15:28:57.2857425Z ok 11 - the direct-file handout page is generated from the current validator, document and UI sources
2026-10-08T15:28:57.2858581Z   ---
2026-10-08T15:28:57.2859241Z   duration_ms: 31.020448
2026-10-08T15:28:57.2859977Z   ...
2026-10-08T15:28:57.2953188Z # Subtest: worksheet projection contains only original public question fields in canonical order
2026-10-08T15:28:57.2959033Z ok 12 - worksheet projection contains only original public question fields in canonical order
2026-10-08T15:28:57.2959877Z   ---
2026-10-08T15:28:57.2960443Z   duration_ms: 2.990729
2026-10-08T15:28:57.2960900Z   ...
2026-10-08T15:28:57.2961676Z # Subtest: separate answer key maps B, A and F to the original two, four and six option arrays
2026-10-08T15:28:57.2962790Z ok 13 - separate answer key maps B, A and F to the original two, four and six option arrays
2026-10-08T15:28:57.2963485Z   ---
2026-10-08T15:28:57.2964005Z   duration_ms: 0.395357
2026-10-08T15:28:57.2964501Z   ...
2026-10-08T15:28:57.2965279Z # Subtest: projection is a frozen snapshot and cannot mutate or alias the selected deck
2026-10-08T15:28:57.3012647Z ok 14 - projection is a frozen snapshot and cannot mutate or alias the selected deck
2026-10-08T15:28:57.3052875Z   ---
2026-10-08T15:28:57.3078772Z   duration_ms: 0.918421
2026-10-08T15:28:57.3079438Z   ...
2026-10-08T15:28:57.3080291Z # Subtest: downloaded worksheet JSON and HTML omit authored answers and explanations
2026-10-08T15:28:57.3081371Z ok 15 - downloaded worksheet JSON and HTML omit authored answers and explanations
2026-10-08T15:28:57.3082081Z   ---
2026-10-08T15:28:57.3082568Z   duration_ms: 0.91475
2026-10-08T15:28:57.3083112Z   ...
2026-10-08T15:28:57.3083914Z # Subtest: downloaded answer key carries exact authored answers, explanations and credit
2026-10-08T15:28:57.3085006Z ok 16 - downloaded answer key carries exact authored answers, explanations and credit
2026-10-08T15:28:57.3085986Z   ---
2026-10-08T15:28:57.3086496Z   duration_ms: 0.602069
2026-10-08T15:28:57.3086976Z   ...
2026-10-08T15:28:57.3088128Z # Subtest: literal Unicode, markup, line endings and script delimiters survive JSON without becoming executable markup
2026-10-08T15:28:57.3089532Z ok 17 - literal Unicode, markup, line endings and script delimiters survive JSON without becoming executable markup
2026-10-08T15:28:57.3090382Z   ---
2026-10-08T15:28:57.3090896Z   duration_ms: 2.323041
2026-10-08T15:28:57.3091380Z   ...
2026-10-08T15:28:57.3092201Z # Subtest: real Deck studio checked downloads retain reordered questions and answer identity
2026-10-08T15:28:57.3093308Z ok 18 - real Deck studio checked downloads retain reordered questions and answer identity
2026-10-08T15:28:57.3094096Z   ---
2026-10-08T15:28:57.3094589Z   duration_ms: 1.131563
2026-10-08T15:28:57.3095076Z   ...
2026-10-08T15:28:57.3095842Z # Subtest: real parser rejects malformed, unsupported and oversized local deck input
2026-10-08T15:28:57.3096869Z ok 19 - real parser rejects malformed, unsupported and oversized local deck input
2026-10-08T15:28:57.3097616Z   ---
2026-10-08T15:28:57.3098283Z   duration_ms: 1.438778
2026-10-08T15:28:57.3098773Z   ...
2026-10-08T15:28:57.3099604Z # Subtest: handout creation refuses invalid deck answers instead of producing an untrustworthy key
2026-10-08T15:28:57.3101055Z ok 20 - handout creation refuses invalid deck answers instead of producing an untrustworthy key
2026-10-08T15:28:57.3101894Z   ---
2026-10-08T15:28:57.3102414Z   duration_ms: 0.471859
2026-10-08T15:28:57.3102892Z   ...
2026-10-08T15:28:57.3103699Z # Subtest: document modes are explicit and invalid choices never silently produce an answer key
2026-10-08T15:28:57.3104852Z ok 21 - document modes are explicit and invalid choices never silently produce an answer key
2026-10-08T15:28:57.3105642Z   ---
2026-10-08T15:28:57.3106235Z   duration_ms: 0.573567
2026-10-08T15:28:57.3106732Z   ...
2026-10-08T15:28:57.3107404Z # Subtest: worksheet and key filenames are distinct bounded local names
2026-10-08T15:28:57.3108815Z ok 22 - worksheet and key filenames are distinct bounded local names
2026-10-08T15:28:57.3109442Z   ---
2026-10-08T15:28:57.3109911Z   duration_ms: 0.3527
2026-10-08T15:28:57.3110404Z   ...
2026-10-08T15:28:57.3111310Z # Subtest: repeat exports are deterministic and leave the original selected JSON unchanged
2026-10-08T15:28:57.3112389Z ok 23 - repeat exports are deterministic and leave the original selected JSON unchanged
2026-10-08T15:28:57.3113086Z   ---
2026-10-08T15:28:57.3113552Z   duration_ms: 0.457789
2026-10-08T15:28:57.3114023Z   ...
2026-10-08T15:28:57.5832803Z # Subtest: unfinished and completely empty drafts save without claiming lesson validity
2026-10-08T15:28:57.5855474Z ok 24 - unfinished and completely empty drafts save without claiming lesson validity
2026-10-08T15:28:57.5868834Z   ---
2026-10-08T15:28:57.5869492Z   duration_ms: 5.140736
2026-10-08T15:28:57.5870183Z   ...
2026-10-08T15:28:57.5903248Z # Subtest: duplicate text, cyclic and self prerequisites, and unfinished selections survive for repair
2026-10-08T15:28:57.5919012Z ok 25 - duplicate text, cyclic and self prerequisites, and unfinished selections survive for repair
2026-10-08T15:28:57.5936599Z   ---
2026-10-08T15:28:57.5936906Z   duration_ms: 1.512976
2026-10-08T15:28:57.5937266Z   ...
2026-10-08T15:28:57.5938017Z # Subtest: ready imported lessons retain public IDs, ordered content, answer identity and checked bytes
2026-10-08T15:28:57.5940065Z ok 26 - ready imported lessons retain public IDs, ordered content, answer identity and checked bytes
2026-10-08T15:28:57.5940715Z   ---
2026-10-08T15:28:57.5941014Z   duration_ms: 2.656787
2026-10-08T15:28:57.5941430Z   ...
2026-10-08T15:28:57.5945600Z # Subtest: canonical private keys recover near-limit counters without changing public IDs or live state
2026-10-08T15:28:57.5946747Z ok 27 - canonical private keys recover near-limit counters without changing public IDs or live state
2026-10-08T15:28:57.5947399Z   ---
2026-10-08T15:28:57.5948109Z   duration_ms: 0.889856
2026-10-08T15:28:57.5948531Z   ...
2026-10-08T15:28:57.5949165Z # Subtest: staged drafts are deeply frozen and replacement copies remain editable
2026-10-08T15:28:57.5950042Z ok 28 - staged drafts are deeply frozen and replacement copies remain editable
2026-10-08T15:28:57.5950613Z   ---
2026-10-08T15:28:57.5950932Z   duration_ms: 0.47438
2026-10-08T15:28:57.5953376Z   ...
2026-10-08T15:28:57.5954209Z # Subtest: missing or ambiguous internal references, malformed shape and unsafe counters refuse before admission
2026-10-08T15:28:57.5955401Z ok 29 - missing or ambiguous internal references, malformed shape and unsafe counters refuse before admission
2026-10-08T15:28:57.5956168Z   ---
2026-10-08T15:28:57.5956543Z   duration_ms: 2.14862
2026-10-08T15:28:57.5956994Z   ...
2026-10-08T15:28:57.5957616Z # Subtest: only recognized editor fields cross the draft boundary
2026-10-08T15:28:57.5958670Z ok 30 - only recognized editor fields cross the draft boundary
2026-10-08T15:28:57.5959204Z   ---
2026-10-08T15:28:57.5959577Z   duration_ms: 0.452769
2026-10-08T15:28:57.5959965Z   ...
2026-10-08T15:28:57.5960725Z # Subtest: a lesson larger than its admission limit can be saved as a draft and repaired later
2026-10-08T15:28:57.5961763Z ok 31 - a lesson larger than its admission limit can be saved as a draft and repaired later
2026-10-08T15:28:57.5962382Z   ---
2026-10-08T15:28:57.5962765Z   duration_ms: 11.818075
2026-10-08T15:28:57.5963171Z   ...
2026-10-08T15:28:57.5963908Z # Subtest: draft size limits count actual UTF-8 bytes and failed saving leaves writing intact
2026-10-08T15:28:57.5964972Z ok 32 - draft size limits count actual UTF-8 bytes and failed saving leaves writing intact
2026-10-08T15:28:57.5965588Z   ---
2026-10-08T15:28:57.5966047Z   duration_ms: 47.132331
2026-10-08T15:28:57.5966446Z   ...
2026-10-08T15:28:57.5967292Z # Subtest: compact drafts remain saveable near and exactly at the byte limit without added whitespace
2026-10-08T15:28:57.5970446Z ok 33 - compact drafts remain saveable near and exactly at the byte limit without added whitespace
2026-10-08T15:28:57.5971160Z   ---
2026-10-08T15:28:57.5971774Z   duration_ms: 192.712445
2026-10-08T15:28:57.5972200Z   ...
2026-10-08T15:28:57.5972955Z # Subtest: a file whose canonical private keys exceed the saved limit is refused before admission
2026-10-08T15:28:57.5973935Z ok 34 - a file whose canonical private keys exceed the saved limit is refused before admission
2026-10-08T15:28:57.5974629Z   ---
2026-10-08T15:28:57.5974933Z   duration_ms: 36.094232
2026-10-08T15:28:57.5975421Z   ...
2026-10-08T15:28:57.6119039Z # Subtest: a valid deck stages without touching authored text and commits once with full immutable content
2026-10-08T15:28:57.6149286Z ok 35 - a valid deck stages without touching authored text and commits once with full immutable content
2026-10-08T15:28:57.6178508Z   ---
2026-10-08T15:28:57.6179270Z   duration_ms: 8.680444
2026-10-08T15:28:57.6208392Z   ...
2026-10-08T15:28:57.6210757Z # Subtest: invalid JSON, invalid answer, oversized file and unreadable file preserve the draft and allow retry
2026-10-08T15:28:57.6212345Z ok 36 - invalid JSON, invalid answer, oversized file and unreadable file preserve the draft and allow retry
2026-10-08T15:28:57.6213237Z   ---
2026-10-08T15:28:57.6213790Z   duration_ms: 7.209679
2026-10-08T15:28:57.6214348Z   ...
2026-10-08T15:28:57.6215478Z # Subtest: unfinished and cyclic draft files stage visibly and replace once with an immutable editable state
2026-10-08T15:28:57.6216936Z ok 37 - unfinished and cyclic draft files stage visibly and replace once with an immutable editable state
2026-10-08T15:28:57.6218084Z   ---
2026-10-08T15:28:57.6218670Z   duration_ms: 2.747884
2026-10-08T15:28:57.6219192Z   ...
2026-10-08T15:28:57.6220332Z # Subtest: a draft suffix cannot admit an oversized lesson deck through the larger draft-file limit
2026-10-08T15:28:57.6221740Z ok 38 - a draft suffix cannot admit an oversized lesson deck through the larger draft-file limit
2026-10-08T15:28:57.6222834Z   ---
2026-10-08T15:28:57.6223417Z   duration_ms: 6.025984
2026-10-08T15:28:57.6224022Z   ...
2026-10-08T15:28:57.6225032Z # Subtest: malformed and unsupported editable drafts preserve the old draft and retire pending previews
2026-10-08T15:28:57.6226431Z ok 39 - malformed and unsupported editable drafts preserve the old draft and retire pending previews
2026-10-08T15:28:57.6227228Z   ---
2026-10-08T15:28:57.6228107Z   duration_ms: 4.183296
2026-10-08T15:28:57.6228650Z   ...
2026-10-08T15:28:57.6229529Z # Subtest: newest selected format wins across slow draft-to-deck and deck-to-draft reads
2026-10-08T15:28:57.6230755Z ok 40 - newest selected format wins across slow draft-to-deck and deck-to-draft reads
2026-10-08T15:28:57.6231714Z   ---
2026-10-08T15:28:57.6232264Z   duration_ms: 1.883514
2026-10-08T15:28:57.6232888Z   ...
2026-10-08T15:28:57.6233858Z # Subtest: explicit Keep current draft clears staged replacement and restores the open control focus
2026-10-08T15:28:57.6235293Z ok 41 - explicit Keep current draft clears staged replacement and restores the open control focus
2026-10-08T15:28:57.6236315Z   ---
2026-10-08T15:28:57.6236863Z   duration_ms: 1.342144
2026-10-08T15:28:57.6237455Z   ...
2026-10-08T15:28:57.6238574Z # Subtest: opening another chooser invalidates its old preview even when the chooser is cancelled
2026-10-08T15:28:57.6239605Z ok 42 - opening another chooser invalidates its old preview even when the chooser is cancelled
2026-10-08T15:28:57.6240199Z   ---
2026-10-08T15:28:57.6240585Z   duration_ms: 1.949288
2026-10-08T15:28:57.6240945Z   ...
2026-10-08T15:28:57.6241415Z # Subtest: a newer valid choice wins over an earlier slow success or failure
2026-10-08T15:28:57.6242080Z ok 43 - a newer valid choice wins over an earlier slow success or failure
2026-10-08T15:28:57.6242426Z   ---
2026-10-08T15:28:57.6242785Z   duration_ms: 4.482975
2026-10-08T15:28:57.6243039Z   ...
2026-10-08T15:28:57.6243588Z # Subtest: cancelled or empty file selection prevents a late read from reopening a preview
2026-10-08T15:28:57.6244342Z ok 44 - cancelled or empty file selection prevents a late read from reopening a preview
2026-10-08T15:28:57.6244942Z   ---
2026-10-08T15:28:57.6245233Z   duration_ms: 1.593925
2026-10-08T15:28:57.6245499Z   ...
2026-10-08T15:28:57.6246019Z # Subtest: invalid newer files invalidate an earlier pending or staged valid deck
2026-10-08T15:28:57.6246684Z ok 45 - invalid newer files invalidate an earlier pending or staged valid deck
2026-10-08T15:28:57.6247130Z   ---
2026-10-08T15:28:57.6247441Z   duration_ms: 1.867266
2026-10-08T15:28:57.6247881Z   ...
2026-10-08T15:28:57.6248410Z # Subtest: undo restores all writing while clearing only references to deliberately removed concepts
2026-10-08T15:28:57.6249133Z ok 46 - undo restores all writing while clearing only references to deliberately removed concepts
2026-10-08T15:28:57.6249654Z   ---
2026-10-08T15:28:57.6249911Z   duration_ms: 1.763763
2026-10-08T15:28:57.6250159Z   ...
2026-10-08T15:28:57.6250686Z # Subtest: undo retains known selections and even unfinished self links while removing a missing prerequisite
2026-10-08T15:28:57.6251528Z ok 47 - undo retains known selections and even unfinished self links while removing a missing prerequisite
2026-10-08T15:28:57.6252010Z   ---
2026-10-08T15:28:57.6252280Z   duration_ms: 0.238744
2026-10-08T15:28:57.6252526Z   ...
2026-10-08T15:28:57.6252967Z # Subtest: blank editor requires authored metadata and a deliberate answer
2026-10-08T15:28:57.6253500Z ok 48 - blank editor requires authored metadata and a deliberate answer
2026-10-08T15:28:57.6253891Z   ---
2026-10-08T15:28:57.6254142Z   duration_ms: 4.251817
2026-10-08T15:28:57.6254388Z   ...
2026-10-08T15:28:57.6254905Z # Subtest: opening a validated lesson makes an independent editable draft and preserves IDs and literals
2026-10-08T15:28:57.6255712Z ok 49 - opening a validated lesson makes an independent editable draft and preserves IDs and literals
2026-10-08T15:28:57.6256185Z   ---
2026-10-08T15:28:57.6256442Z   duration_ms: 0.713079
2026-10-08T15:28:57.6256782Z   ...
2026-10-08T15:28:57.6257281Z # Subtest: correctness follows an option when moved or when a preceding option is removed
2026-10-08T15:28:57.6258127Z ok 50 - correctness follows an option when moved or when a preceding option is removed
2026-10-08T15:28:57.6258524Z   ---
2026-10-08T15:28:57.6258776Z   duration_ms: 0.514379
2026-10-08T15:28:57.6259023Z   ...
2026-10-08T15:28:57.6259459Z # Subtest: option limits refuse without deleting text or changing the answer
2026-10-08T15:28:57.6260003Z ok 51 - option limits refuse without deleting text or changing the answer
2026-10-08T15:28:57.6260345Z   ---
2026-10-08T15:28:57.6260602Z   duration_ms: 0.508013
2026-10-08T15:28:57.6260853Z   ...
2026-10-08T15:28:57.6261355Z # Subtest: concept renaming updates question and prerequisite references while used deletion is refused
2026-10-08T15:28:57.6262169Z ok 52 - concept renaming updates question and prerequisite references while used deletion is refused
2026-10-08T15:28:57.6262611Z   ---
2026-10-08T15:28:57.6262872Z   duration_ms: 0.297556
2026-10-08T15:28:57.6263124Z   ...
2026-10-08T15:28:57.6263581Z # Subtest: cycles, uncovered concepts and duplicate answer text remain repairable drafts
2026-10-08T15:28:57.6264250Z ok 53 - cycles, uncovered concepts and duplicate answer text remain repairable drafts
2026-10-08T15:28:57.6264623Z   ---
2026-10-08T15:28:57.6264868Z   duration_ms: 0.432855
2026-10-08T15:28:57.6265114Z   ...
2026-10-08T15:28:57.6265607Z # Subtest: question reordering and undo restore the removed question without rolling back later edits
2026-10-08T15:28:57.6266348Z ok 54 - question reordering and undo restore the removed question without rolling back later edits
2026-10-08T15:28:57.6266751Z   ---
2026-10-08T15:28:57.6266999Z   duration_ms: 1.250151
2026-10-08T15:28:57.6267247Z   ...
2026-10-08T15:28:57.6298408Z # Subtest: new question IDs do not overwrite IDs from an opened deck
2026-10-08T15:28:57.6299478Z ok 55 - new question IDs do not overwrite IDs from an opened deck
2026-10-08T15:28:57.6300098Z   ---
2026-10-08T15:28:57.6300544Z   duration_ms: 0.502028
2026-10-08T15:28:57.6300940Z   ...
2026-10-08T15:28:57.6301883Z # Subtest: checked snapshots are immutable, deterministic, and separate from later draft edits
2026-10-08T15:28:57.6303430Z ok 56 - checked snapshots are immutable, deterministic, and separate from later draft edits
2026-10-08T15:28:57.6304180Z   ---
2026-10-08T15:28:57.6304522Z   duration_ms: 0.543248
2026-10-08T15:28:57.6304873Z   ...
2026-10-08T15:28:57.6305699Z # Subtest: individually valid multibyte content cannot export a file larger than the importer admits
2026-10-08T15:28:57.6306800Z ok 57 - individually valid multibyte content cannot export a file larger than the importer admits
2026-10-08T15:28:57.6307500Z   ---
2026-10-08T15:28:57.6308110Z   duration_ms: 7.257647
2026-10-08T15:28:57.6308456Z   ...
2026-10-08T15:28:57.6309047Z # Subtest: download filenames are bounded local names
2026-10-08T15:28:57.6309644Z ok 58 - download filenames are bounded local names
2026-10-08T15:28:57.6310112Z   ---
2026-10-08T15:28:57.6310480Z   duration_ms: 0.404263
2026-10-08T15:28:57.6310808Z   ...
2026-10-08T15:28:57.6311453Z # Subtest: the existing bundled deck imports unchanged without a format field
2026-10-08T15:28:57.6312274Z ok 59 - the existing bundled deck imports unchanged without a format field
2026-10-08T15:28:57.6312806Z   ---
2026-10-08T15:28:57.6313128Z   duration_ms: 2.774578
2026-10-08T15:28:57.6313485Z   ...
2026-10-08T15:28:57.6314150Z # Subtest: a deck is an immutable copy, and unknown fields cannot configure the runtime
2026-10-08T15:28:57.6315134Z ok 60 - a deck is an immutable copy, and unknown fields cannot configure the runtime
2026-10-08T15:28:57.6315683Z   ---
2026-10-08T15:28:57.6316003Z   duration_ms: 0.709072
2026-10-08T15:28:57.6316332Z   ...
2026-10-08T15:28:57.6345170Z # Subtest: malformed JSON, unsupported versions and wrong top-level values give actionable errors
2026-10-08T15:28:57.6346387Z ok 61 - malformed JSON, unsupported versions and wrong top-level values give actionable errors
2026-10-08T15:28:57.6347211Z   ---
2026-10-08T15:28:57.6347579Z   duration_ms: 0.31758
2026-10-08T15:28:57.6348029Z   ...
2026-10-08T15:28:57.6348511Z # Subtest: JSON byte limit counts multibyte text and accepts the exact boundary
2026-10-08T15:28:57.6349068Z ok 62 - JSON byte limit counts multibyte text and accepts the exact boundary
2026-10-08T15:28:57.6349433Z   ---
2026-10-08T15:28:57.6349704Z   duration_ms: 2.135435
2026-10-08T15:28:57.6349972Z   ...
2026-10-08T15:28:57.6350420Z # Subtest: required readable metadata and bounded question fields are validated
2026-10-08T15:28:57.6351019Z ok 63 - required readable metadata and bounded question fields are validated
2026-10-08T15:28:57.6351394Z   ---
2026-10-08T15:28:57.6351675Z   duration_ms: 1.424293
2026-10-08T15:28:57.6351938Z   ...
2026-10-08T15:28:57.6352378Z # Subtest: empty and oversized collections and duplicate identities are refused
2026-10-08T15:28:57.6352967Z ok 64 - empty and oversized collections and duplicate identities are refused
2026-10-08T15:28:57.6353333Z   ---
2026-10-08T15:28:57.6353634Z   duration_ms: 0.596062
2026-10-08T15:28:57.6353957Z   ...
2026-10-08T15:28:57.6354379Z # Subtest: every question and prerequisite must name a known covered concept
2026-10-08T15:28:57.6355051Z ok 65 - every question and prerequisite must name a known covered concept
2026-10-08T15:28:57.6355417Z   ---
2026-10-08T15:28:57.6355678Z   duration_ms: 0.347668
2026-10-08T15:28:57.6355931Z   ...
2026-10-08T15:28:57.6356389Z # Subtest: self-requirements and concept cycles across different questions are refused
2026-10-08T15:28:57.6356997Z ok 66 - self-requirements and concept cycles across different questions are refused
2026-10-08T15:28:57.6357405Z   ---
2026-10-08T15:28:57.6358477Z   duration_ms: 0.313425
2026-10-08T15:28:57.6358890Z   ...
2026-10-08T15:28:57.6359670Z # Subtest: choices require distinct readable options and an actual integer answer index
2026-10-08T15:28:57.6360594Z ok 67 - choices require distinct readable options and an actual integer answer index
2026-10-08T15:28:57.6361198Z   ---
2026-10-08T15:28:57.6361530Z   duration_ms: 0.702655
2026-10-08T15:28:57.6362028Z   ...
2026-10-08T15:28:57.6362695Z # Subtest: 100 questions and 32 concepts work through the existing selector to exhaustion
2026-10-08T15:28:57.6363583Z ok 68 - 100 questions and 32 concepts work through the existing selector to exhaustion
2026-10-08T15:28:57.6364198Z   ---
2026-10-08T15:28:57.6364513Z   duration_ms: 138.352747
2026-10-08T15:28:57.6364847Z   ...
2026-10-08T15:28:57.6365566Z # Subtest: imported answer indices, literal text and object-key names survive learning and practice
2026-10-08T15:28:57.6366568Z ok 69 - imported answer indices, literal text and object-key names survive learning and practice
2026-10-08T15:28:57.6367185Z   ---
2026-10-08T15:28:57.6367545Z   duration_ms: 1.171466
2026-10-08T15:28:57.6368029Z   ...
2026-10-08T15:28:57.6368698Z # Subtest: downloadable example round-trips through the import contract with full attribution
2026-10-08T15:28:57.6369663Z ok 70 - downloadable example round-trips through the import contract with full attribution
2026-10-08T15:28:57.6370282Z   ---
2026-10-08T15:28:57.6370656Z   duration_ms: 0.564839
2026-10-08T15:28:57.6370991Z   ...
2026-10-08T15:28:57.6371619Z # Subtest: the exact original course is bounded, admitted, balanced and round-trippable
2026-10-08T15:28:57.6372489Z ok 71 - the exact original course is bounded, admitted, balanced and round-trippable
2026-10-08T15:28:57.6408705Z   ---
2026-10-08T15:28:57.6409319Z   duration_ms: 3.433396
2026-10-08T15:28:57.6409840Z   ...
2026-10-08T15:28:57.6410635Z # Subtest: every stated answer follows the literal graph, with one correct option
2026-10-08T15:28:57.6411405Z     # Subtest: dg-links-1
2026-10-08T15:28:57.6411877Z     ok 1 - dg-links-1
2026-10-08T15:28:57.6412396Z       ---
2026-10-08T15:28:57.6412842Z       duration_ms: 0.526222
2026-10-08T15:28:57.6413333Z       ...
2026-10-08T15:28:57.6413776Z     # Subtest: dg-links-2
2026-10-08T15:28:57.6414403Z     ok 2 - dg-links-2
2026-10-08T15:28:57.6414925Z       ---
2026-10-08T15:28:57.6415349Z       duration_ms: 0.491167
2026-10-08T15:28:57.6415878Z       ...
2026-10-08T15:28:57.6416297Z     # Subtest: dg-links-3
2026-10-08T15:28:57.6416796Z     ok 3 - dg-links-3
2026-10-08T15:28:57.6417288Z       ---
2026-10-08T15:28:57.6417924Z       duration_ms: 1.348528
2026-10-08T15:28:57.6418445Z       ...
2026-10-08T15:28:57.6418859Z     # Subtest: dg-reach-1
2026-10-08T15:28:57.6419367Z     ok 4 - dg-reach-1
2026-10-08T15:28:57.6419811Z       ---
2026-10-08T15:28:57.6420231Z       duration_ms: 0.518811
2026-10-08T15:28:57.6420721Z       ...
2026-10-08T15:28:57.6421124Z     # Subtest: dg-reach-2
2026-10-08T15:28:57.6421618Z     ok 5 - dg-reach-2
2026-10-08T15:28:57.6422066Z       ---
2026-10-08T15:28:57.6422506Z       duration_ms: 0.393235
2026-10-08T15:28:57.6423000Z       ...
2026-10-08T15:28:57.6423455Z     # Subtest: dg-reach-3
2026-10-08T15:28:57.6423946Z     ok 6 - dg-reach-3
2026-10-08T15:28:57.6424430Z       ---
2026-10-08T15:28:57.6424865Z       duration_ms: 0.235926
2026-10-08T15:28:57.6425380Z       ...
2026-10-08T15:28:57.6425847Z     # Subtest: dg-order-1
2026-10-08T15:28:57.6426557Z     ok 7 - dg-order-1
2026-10-08T15:28:57.6463783Z       ---
2026-10-08T15:28:57.6464358Z       duration_ms: 0.289658
2026-10-08T15:28:57.6464874Z       ...
2026-10-08T15:28:57.6465332Z     # Subtest: dg-order-2
2026-10-08T15:28:57.6465860Z     ok 8 - dg-order-2
2026-10-08T15:28:57.6466442Z       ---
2026-10-08T15:28:57.6466826Z       duration_ms: 0.416292
2026-10-08T15:28:57.6467211Z       ...
2026-10-08T15:28:57.6467554Z     # Subtest: dg-order-3
2026-10-08T15:28:57.6468126Z     ok 9 - dg-order-3
2026-10-08T15:28:57.6468555Z       ---
2026-10-08T15:28:57.6468900Z       duration_ms: 0.521918
2026-10-08T15:28:57.6469282Z       ...
2026-10-08T15:28:57.6469622Z     # Subtest: dg-update-1
2026-10-08T15:28:57.6470025Z     ok 10 - dg-update-1
2026-10-08T15:28:57.6470399Z       ---
2026-10-08T15:28:57.6470760Z       duration_ms: 1.156075
2026-10-08T15:28:57.6471133Z       ...
2026-10-08T15:28:57.6471455Z     # Subtest: dg-update-2
2026-10-08T15:28:57.6472014Z     ok 11 - dg-update-2
2026-10-08T15:28:57.6472365Z       ---
2026-10-08T15:28:57.6472674Z       duration_ms: 0.466794
2026-10-08T15:28:57.6473090Z       ...
2026-10-08T15:28:57.6473410Z     # Subtest: dg-update-3
2026-10-08T15:28:57.6473830Z     ok 12 - dg-update-3
2026-10-08T15:28:57.6474177Z       ---
2026-10-08T15:28:57.6474491Z       duration_ms: 0.490869
2026-10-08T15:28:57.6474873Z       ...
2026-10-08T15:28:57.6475225Z     1..12
2026-10-08T15:28:57.6475891Z ok 72 - every stated answer follows the literal graph, with one correct option
2026-10-08T15:28:57.6476460Z   ---
2026-10-08T15:28:57.6476780Z   duration_ms: 9.139781
2026-10-08T15:28:57.6477145Z   ...
2026-10-08T15:28:57.6478045Z # Subtest: structurally valid changed content exposes graph reversal and blocked-descendant mistakes
2026-10-08T15:28:57.6479262Z ok 73 - structurally valid changed content exposes graph reversal and blocked-descendant mistakes
2026-10-08T15:28:57.6479909Z   ---
2026-10-08T15:28:57.6480222Z   duration_ms: 2.342754
2026-10-08T15:28:57.6480608Z   ...
2026-10-08T15:28:57.6481307Z # Subtest: the real selector, review, practice, notes and trace consumer preserve this course
2026-10-08T15:28:57.6482355Z ok 74 - the real selector, review, practice, notes and trace consumer preserve this course
2026-10-08T15:28:57.6482933Z   ---
2026-10-08T15:28:57.6483238Z   duration_ms: 18.10663
2026-10-08T15:28:57.6483615Z   ...
2026-10-08T15:28:57.7073753Z # Subtest: standalone artifact exactly matches sources and contains a valid offline script
2026-10-08T15:28:57.7083209Z ok 75 - standalone artifact exactly matches sources and contains a valid offline script
2026-10-08T15:28:57.7084390Z   ---
2026-10-08T15:28:57.7084928Z   duration_ms: 4.840477
2026-10-08T15:28:57.7085902Z   ...
2026-10-08T15:28:57.7086717Z # Subtest: course survives the existing validator and editable-format round trip
2026-10-08T15:28:57.7087964Z ok 76 - course survives the existing validator and editable-format round trip
2026-10-08T15:28:57.7088780Z   ---
2026-10-08T15:28:57.7089350Z   duration_ms: 1.639694
2026-10-08T15:28:57.7089868Z   ...
2026-10-08T15:28:57.7090703Z # Subtest: literal markup and Unicode in admitted course content cannot close the generated script
2026-10-08T15:28:57.7091902Z ok 77 - literal markup and Unicode in admitted course content cannot close the generated script
2026-10-08T15:28:57.7092636Z   ---
2026-10-08T15:28:57.7093077Z   duration_ms: 16.433349
2026-10-08T15:28:57.7093706Z   ...
2026-10-08T15:28:57.7094431Z # Subtest: check mode reports stale output without replacing a retained artifact
2026-10-08T15:28:57.7097069Z ok 78 - check mode reports stale output without replacing a retained artifact
2026-10-08T15:28:57.7098408Z   ---
2026-10-08T15:28:57.7098968Z   duration_ms: 63.526969
2026-10-08T15:28:57.7099498Z   ...
2026-10-08T15:28:57.7100253Z # Subtest: unexpected UI dependency refuses the build before overwriting its artifact
2026-10-08T15:28:57.7101347Z ok 79 - unexpected UI dependency refuses the build before overwriting its artifact
2026-10-08T15:28:57.7102043Z   ---
2026-10-08T15:28:57.7102501Z   duration_ms: 47.309872
2026-10-08T15:28:57.7103044Z   ...
2026-10-08T15:28:57.7158687Z # Subtest: fictional reversal retains denominators and uses common weights only for reference
2026-10-08T15:28:57.7175234Z ok 80 - fictional reversal retains denominators and uses common weights only for reference
2026-10-08T15:28:57.7187544Z   ---
2026-10-08T15:28:57.7188830Z   duration_ms: 2.700487
2026-10-08T15:28:57.7189352Z   ...
2026-10-08T15:28:57.7190136Z # Subtest: ties and conflicting subgroup directions are not a strict reversal
2026-10-08T15:28:57.7191163Z ok 81 - ties and conflicting subgroup directions are not a strict reversal
2026-10-08T15:28:57.7191796Z   ---
2026-10-08T15:28:57.7192231Z   duration_ms: 0.629585
2026-10-08T15:28:57.7192679Z   ...
2026-10-08T15:28:57.7193430Z # Subtest: empty cells remain unavailable unless their reference weight is exactly zero
2026-10-08T15:28:57.7194700Z ok 82 - empty cells remain unavailable unless their reference weight is exactly zero
2026-10-08T15:28:57.7195382Z   ---
2026-10-08T15:28:57.7195818Z   duration_ms: 0.361717
2026-10-08T15:28:57.7196304Z   ...
2026-10-08T15:28:57.7197017Z # Subtest: an entirely empty option has no pooled rate or inferred group mix
2026-10-08T15:28:57.7198186Z ok 83 - an entirely empty option has no pooled rate or inferred group mix
2026-10-08T15:28:57.7198828Z   ---
2026-10-08T15:28:57.7199604Z   duration_ms: 0.198497
2026-10-08T15:28:57.7200085Z   ...
2026-10-08T15:28:57.7200747Z # Subtest: invalid numeric inputs are refused without truncation or coercion
2026-10-08T15:28:57.7201610Z ok 84 - invalid numeric inputs are refused without truncation or coercion
2026-10-08T15:28:57.7202216Z   ---
2026-10-08T15:28:57.7202654Z   duration_ms: 0.674168
2026-10-08T15:28:57.7203168Z   ...
2026-10-08T15:28:57.7203828Z # Subtest: native count entry distinguishes blank and invalid text from zero
2026-10-08T15:28:57.7204741Z ok 85 - native count entry distinguishes blank and invalid text from zero
2026-10-08T15:28:57.7205352Z   ---
2026-10-08T15:28:57.7205821Z   duration_ms: 12.63004
2026-10-08T15:28:57.7206332Z   ...
2026-10-08T15:28:57.7207059Z # Subtest: a strict difference too small for percentage display is not declared equal
2026-10-08T15:28:57.7208464Z ok 86 - a strict difference too small for percentage display is not declared equal
2026-10-08T15:28:57.7209144Z   ---
2026-10-08T15:28:57.7209642Z   duration_ms: 0.272532
2026-10-08T15:28:57.7210095Z   ...
2026-10-08T15:28:57.7210852Z # Subtest: label and group transformations preserve the intended descriptive quantities
2026-10-08T15:28:57.7211925Z ok 87 - label and group transformations preserve the intended descriptive quantities
2026-10-08T15:28:57.7212655Z   ---
2026-10-08T15:28:57.7213177Z   duration_ms: 1.225441
2026-10-08T15:28:57.7213645Z   ...
2026-10-08T15:28:57.7214468Z # Subtest: shared weights preserve both strict subgroup advantages at every permitted mix
2026-10-08T15:28:57.7215750Z ok 88 - shared weights preserve both strict subgroup advantages at every permitted mix
2026-10-08T15:28:57.7216474Z   ---
2026-10-08T15:28:57.7216985Z   duration_ms: 4.821929
2026-10-08T15:28:57.7217448Z   ...
2026-10-08T15:28:57.7218416Z # Subtest: download contains exact inputs, unavailable values and deterministic recomputable fractions
2026-10-08T15:28:57.7219672Z ok 89 - download contains exact inputs, unavailable values and deterministic recomputable fractions
2026-10-08T15:28:57.7220530Z   ---
2026-10-08T15:28:57.7221007Z   duration_ms: 0.39951
2026-10-08T15:28:57.7221484Z   ...
2026-10-08T15:28:57.7222175Z # Subtest: BKT probabilities stay bounded across repeated evidence
2026-10-08T15:28:57.7223068Z ok 90 - BKT probabilities stay bounded across repeated evidence
2026-10-08T15:28:57.7223747Z   ---
2026-10-08T15:28:57.7224233Z   duration_ms: 6.323248
2026-10-08T15:28:57.7224708Z   ...
2026-10-08T15:28:57.7225565Z # Subtest: correct evidence raises and incorrect evidence lowers posterior for interior prior
2026-10-08T15:28:57.7226884Z ok 91 - correct evidence raises and incorrect evidence lowers posterior for interior prior
2026-10-08T15:28:57.7227823Z   ---
2026-10-08T15:28:57.7228365Z   duration_ms: 1.011531
2026-10-08T15:28:57.7228851Z   ...
2026-10-08T15:28:57.7229542Z # Subtest: parameter validation rejects impossible probabilities
2026-10-08T15:28:57.7230466Z ok 92 - parameter validation rejects impossible probabilities
2026-10-08T15:28:57.7231123Z   ---
2026-10-08T15:28:57.7231604Z   duration_ms: 0.494716
2026-10-08T15:28:57.7232079Z   ...
2026-10-08T15:28:57.7232900Z # Subtest: entropy and information gain have expected bounds and peak near uncertainty
2026-10-08T15:28:57.7234019Z ok 93 - entropy and information gain have expected bounds and peak near uncertainty
2026-10-08T15:28:57.7234847Z   ---
2026-10-08T15:28:57.7235379Z   duration_ms: 2.025948
2026-10-08T15:28:57.7235855Z   ...
2026-10-08T15:28:57.7236641Z # Subtest: selector prioritizes a weak prerequisite and is stable after exhaustion
2026-10-08T15:28:57.7238014Z ok 94 - selector prioritizes a weak prerequisite and is stable after exhaustion
2026-10-08T15:28:57.7238749Z   ---
2026-10-08T15:28:57.7239205Z   duration_ms: 0.549079
2026-10-08T15:28:57.7239679Z   ...
2026-10-08T15:28:57.7240405Z # Subtest: initial mastery creates independent named concept values
2026-10-08T15:28:57.7241273Z ok 95 - initial mastery creates independent named concept values
2026-10-08T15:28:57.7241874Z   ---
2026-10-08T15:28:57.7242312Z   duration_ms: 0.746725
2026-10-08T15:28:57.7242759Z   ...
2026-10-08T15:28:57.7243646Z # Subtest: scripted learner simulation is deterministic, bounded, and distinguishes selector modes
2026-10-08T15:28:57.7244809Z ok 96 - scripted learner simulation is deterministic, bounded, and distinguishes selector modes
2026-10-08T15:28:57.7245552Z   ---
2026-10-08T15:28:57.7245981Z   duration_ms: 0.478861
2026-10-08T15:28:57.7246426Z   ...
2026-10-08T15:28:57.8353810Z # Subtest: mixed partial save preserves exact native prefix, next item, option orders and uninterrupted continuation
2026-10-08T15:28:57.8363856Z ok 97 - mixed partial save preserves exact native prefix, next item, option orders and uninterrupted continuation
2026-10-08T15:28:57.8366193Z   ---
2026-10-08T15:28:57.8366746Z   duration_ms: 15.486677
2026-10-08T15:28:57.8367281Z   ...
2026-10-08T15:28:57.8368539Z # Subtest: a started lesson with no answers restores the first native question and all initial estimates
2026-10-08T15:28:57.8370094Z ok 98 - a started lesson with no answers restores the first native question and all initial estimates
2026-10-08T15:28:57.8370988Z   ---
2026-10-08T15:28:57.8371438Z   duration_ms: 1.846455
2026-10-08T15:28:57.8372040Z   ...
2026-10-08T15:28:57.8373004Z # Subtest: feedback retains the last chosen option while Next remains the next unanswered question
2026-10-08T15:28:57.8374292Z ok 99 - feedback retains the last chosen option while Next remains the next unanswered question
2026-10-08T15:28:57.8375506Z   ---
2026-10-08T15:28:57.8380616Z   duration_ms: 3.580983
2026-10-08T15:28:57.8381135Z   ...
2026-10-08T15:28:57.8381739Z # Subtest: complete sessions remain in the existing trace format, including its separate practice state
2026-10-08T15:28:57.8382515Z ok 100 - complete sessions remain in the existing trace format, including its separate practice state
2026-10-08T15:28:57.8383031Z   ---
2026-10-08T15:28:57.8383381Z   duration_ms: 5.663158
2026-10-08T15:28:57.8383705Z   ...
2026-10-08T15:28:57.8384284Z # Subtest: course content and array order are bound; harmless JSON object key order is accepted
2026-10-08T15:28:57.8384991Z ok 101 - course content and array order are bound; harmless JSON object key order is accepted
2026-10-08T15:28:57.8385502Z   ---
2026-10-08T15:28:57.8385828Z   duration_ms: 9.10505
2026-10-08T15:28:57.8386151Z   ...
2026-10-08T15:28:57.8386631Z # Subtest: model identity and every BKT parameter must match the native model
2026-10-08T15:28:57.8387252Z ok 102 - model identity and every BKT parameter must match the native model
2026-10-08T15:28:57.8387932Z   ---
2026-10-08T15:28:57.8388386Z   duration_ms: 4.30587
2026-10-08T15:28:57.8388740Z   ...
2026-10-08T15:28:57.8389598Z # Subtest: first answers must form the actual native adaptive prefix with canonical option indices
2026-10-08T15:28:57.8409004Z ok 103 - first answers must form the actual native adaptive prefix with canonical option indices
2026-10-08T15:28:57.8409940Z   ---
2026-10-08T15:28:57.8410469Z   duration_ms: 13.954735
2026-10-08T15:28:57.8411007Z   ...
2026-10-08T15:28:57.8412591Z # Subtest: mastery is replayed at full precision and never accepted from rounded or altered values
2026-10-08T15:28:57.8413761Z ok 104 - mastery is replayed at full precision and never accepted from rounded or altered values
2026-10-08T15:28:57.8414601Z   ---
2026-10-08T15:28:57.8415057Z   duration_ms: 5.144019
2026-10-08T15:28:57.8415597Z   ...
2026-10-08T15:28:57.8416471Z # Subtest: question, feedback and complete per-item permutations are checked before restoration
2026-10-08T15:28:57.8417982Z ok 105 - question, feedback and complete per-item permutations are checked before restoration
2026-10-08T15:28:57.8418852Z   ---
2026-10-08T15:28:57.8419319Z   duration_ms: 9.424082
2026-10-08T15:28:57.8419897Z   ...
2026-10-08T15:28:57.8420867Z # Subtest: successful and refused reads leave caller state untouched and return deeply immutable independent copies
2026-10-08T15:28:57.8422190Z ok 106 - successful and refused reads leave caller state untouched and return deeply immutable independent copies
2026-10-08T15:28:57.8423111Z   ---
2026-10-08T15:28:57.8423638Z   duration_ms: 2.32116
2026-10-08T15:28:57.8424325Z   ...
2026-10-08T15:28:57.8425262Z # Subtest: the JSON boundary rejects malformed, unsupported, deep and oversized files with a UTF-8 byte limit
2026-10-08T15:28:57.8426608Z ok 107 - the JSON boundary rejects malformed, unsupported, deep and oversized files with a UTF-8 byte limit
2026-10-08T15:28:57.8427510Z   ---
2026-10-08T15:28:57.8428154Z   duration_ms: 26.330657
2026-10-08T15:28:57.8428648Z   ...
2026-10-08T15:28:57.8435385Z # Subtest: save times are canonical UTC values and invalid save inputs cannot mutate a session
2026-10-08T15:28:57.8458941Z ok 108 - save times are canonical UTC values and invalid save inputs cannot mutate a session
2026-10-08T15:28:57.8459893Z   ---
2026-10-08T15:28:57.8460366Z   duration_ms: 3.694289
2026-10-08T15:28:57.8460879Z   ...
2026-10-08T15:28:57.8461827Z # Subtest: ordinary course identifiers that match object prototype names survive without shared object mutation
2026-10-08T15:28:57.8463131Z ok 109 - ordinary course identifiers that match object prototype names survive without shared object mutation
2026-10-08T15:28:57.8463968Z   ---
2026-10-08T15:28:57.8464402Z   duration_ms: 1.582162
2026-10-08T15:28:57.8464892Z   ...
2026-10-08T15:28:57.8554271Z # Subtest: the original course is admitted by the existing deck contract with all four concepts covered
2026-10-08T15:28:57.8577309Z ok 110 - the original course is admitted by the existing deck contract with all four concepts covered
2026-10-08T15:28:57.8581698Z   ---
2026-10-08T15:28:57.8582451Z   duration_ms: 3.19613
2026-10-08T15:28:57.8583099Z   ...
2026-10-08T15:28:57.8583984Z # Subtest: answer positions are balanced and no correct option is uniquely the longest
2026-10-08T15:28:57.8585101Z ok 111 - answer positions are balanced and no correct option is uniquely the longest
2026-10-08T15:28:57.8585795Z   ---
2026-10-08T15:28:57.8586247Z   duration_ms: 0.362264
2026-10-08T15:28:57.8586755Z   ...
2026-10-08T15:28:57.8587809Z # Subtest: each numerical answer uses the stated correction sign, denominator or independence assumption
2026-10-08T15:28:57.8589096Z ok 112 - each numerical answer uses the stated correction sign, denominator or independence assumption
2026-10-08T15:28:57.8589855Z   ---
2026-10-08T15:28:57.8590279Z   duration_ms: 0.39342
2026-10-08T15:28:57.8590767Z   ...
2026-10-08T15:28:57.8591707Z # Subtest: standalone artifact is deterministic, preserves the exact deck bytes and contains executable classic scripts
2026-10-08T15:28:57.8593002Z ok 113 - standalone artifact is deterministic, preserves the exact deck bytes and contains executable classic scripts
2026-10-08T15:28:57.8593756Z   ---
2026-10-08T15:28:57.8594178Z   duration_ms: 4.715942
2026-10-08T15:28:57.8594660Z   ...
2026-10-08T15:28:57.8595594Z # Subtest: worked four-reading budget distinguishes raw mean, correction, sample scatter and mean uncertainty
2026-10-08T15:28:57.8596812Z ok 114 - worked four-reading budget distinguishes raw mean, correction, sample scatter and mean uncertainty
2026-10-08T15:28:57.8597583Z   ---
2026-10-08T15:28:57.8598152Z   duration_ms: 1.153974
2026-10-08T15:28:57.8598704Z   ...
2026-10-08T15:28:57.8599578Z # Subtest: a shared additive correction shifts the estimate without changing either uncertainty component
2026-10-08T15:28:57.8600771Z ok 115 - a shared additive correction shifts the estimate without changing either uncertainty component
2026-10-08T15:28:57.8601532Z   ---
2026-10-08T15:28:57.8601981Z   duration_ms: 0.199677
2026-10-08T15:28:57.8602660Z   ...
2026-10-08T15:28:57.8603762Z # Subtest: identical readings retain a nonzero shared component and are not rejected for numerical repetition
2026-10-08T15:28:57.8605057Z ok 116 - identical readings retain a nonzero shared component and are not rejected for numerical repetition
2026-10-08T15:28:57.8605940Z   ---
2026-10-08T15:28:57.8606572Z   duration_ms: 0.788824
2026-10-08T15:28:57.8607102Z   ...
2026-10-08T15:28:57.8609187Z # Subtest: future independent sample sizes hold shared calibration fixed while repeatability shrinks by square root
2026-10-08T15:28:57.8610626Z ok 117 - future independent sample sizes hold shared calibration fixed while repeatability shrinks by square root
2026-10-08T15:28:57.8611528Z   ---
2026-10-08T15:28:57.8612002Z   duration_ms: 0.307422
2026-10-08T15:28:57.8612588Z   ...
2026-10-08T15:28:57.8613461Z # Subtest: shared covariance gives the same calibration contribution for a mean of any sample size
2026-10-08T15:28:57.8614727Z ok 118 - shared covariance gives the same calibration contribution for a mean of any sample size
2026-10-08T15:28:57.8615561Z   ---
2026-10-08T15:28:57.8616070Z   duration_ms: 0.173735
2026-10-08T15:28:57.8616560Z   ...
2026-10-08T15:28:57.8617409Z # Subtest: compensated raw means preserve small residuals after large opposing readings cancel
2026-10-08T15:28:57.8619021Z ok 119 - compensated raw means preserve small residuals after large opposing readings cancel
2026-10-08T15:28:57.8619884Z   ---
2026-10-08T15:28:57.8620409Z   duration_ms: 0.224073
2026-10-08T15:28:57.8620992Z   ...
2026-10-08T15:28:57.8621892Z # Subtest: centered scatter remains meaningful for a large shared offset and at supported extremes
2026-10-08T15:28:57.8623183Z ok 120 - centered scatter remains meaningful for a large shared offset and at supported extremes
2026-10-08T15:28:57.8623962Z   ---
2026-10-08T15:28:57.8624466Z   duration_ms: 0.241638
2026-10-08T15:28:57.8624946Z   ...
2026-10-08T15:28:57.8626006Z # Subtest: reordering observations preserves the summary but does not assert statistical independence
2026-10-08T15:28:57.8627284Z ok 121 - reordering observations preserves the summary but does not assert statistical independence
2026-10-08T15:28:57.8628222Z   ---
2026-10-08T15:28:57.8628707Z   duration_ms: 0.703413
2026-10-08T15:28:57.8629191Z   ...
2026-10-08T15:28:57.8630087Z # Subtest: input parsing keeps every observation and refuses malformed or missing comma fields
2026-10-08T15:28:57.8631269Z ok 122 - input parsing keeps every observation and refuses malformed or missing comma fields
2026-10-08T15:28:57.8632056Z   ---
2026-10-08T15:28:57.8632532Z   duration_ms: 1.115012
2026-10-08T15:28:57.8633042Z   ...
2026-10-08T15:28:57.8633840Z # Subtest: supported magnitude and nonnegative half-width boundaries are explicit
2026-10-08T15:28:57.8634893Z ok 123 - supported magnitude and nonnegative half-width boundaries are explicit
2026-10-08T15:28:57.8635650Z   ---
2026-10-08T15:28:57.8636216Z   duration_ms: 0.489669
2026-10-08T15:28:57.8636687Z   ...
2026-10-08T15:28:57.8637494Z # Subtest: public calculations reject missing observations and invalid forecast counts
2026-10-08T15:28:57.8638691Z ok 124 - public calculations reject missing observations and invalid forecast counts
2026-10-08T15:28:57.8639379Z   ---
2026-10-08T15:28:57.8639903Z   duration_ms: 0.318372
2026-10-08T15:28:57.8640387Z   ...
2026-10-08T15:28:57.8641165Z # Subtest: calculation snapshots do not mutate caller arrays or change after later edits
2026-10-08T15:28:57.8642219Z ok 125 - calculation snapshots do not mutate caller arrays or change after later edits
2026-10-08T15:28:57.8642913Z   ---
2026-10-08T15:28:57.8643438Z   duration_ms: 0.159374
2026-10-08T15:28:57.8643929Z   ...
2026-10-08T15:28:57.8699305Z # Subtest: small dyadic arithmetic keeps exact operand and result values
2026-10-08T15:28:57.8709057Z ok 126 - small dyadic arithmetic keeps exact operand and result values
2026-10-08T15:28:57.8710028Z   ---
2026-10-08T15:28:57.8710547Z   duration_ms: 2.220361
2026-10-08T15:28:57.8711047Z   ...
2026-10-08T15:28:57.8712015Z # Subtest: decimal sum retains exact conversion and operation contributions
2026-10-08T15:28:57.8713045Z ok 127 - decimal sum retains exact conversion and operation contributions
2026-10-08T15:28:57.8713746Z   ---
2026-10-08T15:28:57.8714206Z   duration_ms: 0.474161
2026-10-08T15:28:57.8714682Z   ...
2026-10-08T15:28:57.8715476Z # Subtest: conversion can erase a difference while subtraction itself is exact
2026-10-08T15:28:57.8716474Z ok 128 - conversion can erase a difference while subtraction itself is exact
2026-10-08T15:28:57.8717132Z   ---
2026-10-08T15:28:57.8717629Z   duration_ms: 0.278736
2026-10-08T15:28:57.8718287Z   ...
2026-10-08T15:28:57.8719026Z # Subtest: operation rounding can lose an exact integer step
2026-10-08T15:28:57.8720042Z ok 129 - operation rounding can lose an exact integer step
2026-10-08T15:28:57.8720708Z   ---
2026-10-08T15:28:57.8721180Z   duration_ms: 0.342916
2026-10-08T15:28:57.8721655Z   ...
2026-10-08T15:28:57.8722545Z # Subtest: nonzero signed contributions can cancel at an exactly represented result
2026-10-08T15:28:57.8723607Z ok 130 - nonzero signed contributions can cancel at an exactly represented result
2026-10-08T15:28:57.8724328Z   ---
2026-10-08T15:28:57.8724787Z   duration_ms: 0.320699
2026-10-08T15:28:57.8725273Z   ...
2026-10-08T15:28:57.8726252Z # Subtest: individual exact integers outside the safe interval are kept distinct from the API guarantee
2026-10-08T15:28:57.8727472Z ok 131 - individual exact integers outside the safe interval are kept distinct from the API guarantee
2026-10-08T15:28:57.8728515Z   ---
2026-10-08T15:28:57.8728993Z   duration_ms: 0.403581
2026-10-08T15:28:57.8729561Z   ...
2026-10-08T15:28:57.8730251Z # Subtest: signs, exact raw strings and negative zero remain explicit
2026-10-08T15:28:57.8731145Z ok 132 - signs, exact raw strings and negative zero remain explicit
2026-10-08T15:28:57.8731820Z   ---
2026-10-08T15:28:57.8732276Z   duration_ms: 1.424857
2026-10-08T15:28:57.8733014Z   ...
2026-10-08T15:28:57.8733773Z # Subtest: the declared decimal input bounds admit edges and refuse other syntax
2026-10-08T15:28:57.8734771Z ok 133 - the declared decimal input bounds admit edges and refuse other syntax
2026-10-08T15:28:57.8735468Z   ---
2026-10-08T15:28:57.8735947Z   duration_ms: 1.544695
2026-10-08T15:28:57.8736452Z   ...
2026-10-08T15:28:57.8737173Z # Subtest: worked records are complete, deterministic and deeply immutable
2026-10-08T15:28:57.8738411Z ok 134 - worked records are complete, deterministic and deeply immutable
2026-10-08T15:28:57.8739145Z   ---
2026-10-08T15:28:57.8739668Z   duration_ms: 1.945438
2026-10-08T15:28:57.8740167Z   ...
2026-10-08T15:28:57.8741012Z # Subtest: the original lesson passes the unchanged native deck contract with exact export parity
2026-10-08T15:28:57.8742182Z ok 135 - the original lesson passes the unchanged native deck contract with exact export parity
2026-10-08T15:28:57.8742945Z   ---
2026-10-08T15:28:57.8743447Z   duration_ms: 8.68485
2026-10-08T15:28:57.8743919Z   ...
2026-10-08T15:28:57.8744788Z # Subtest: language-specific worked examples agree with actual native Number and BigInt operations
2026-10-08T15:28:57.8746001Z ok 136 - language-specific worked examples agree with actual native Number and BigInt operations
2026-10-08T15:28:57.8746841Z   ---
2026-10-08T15:28:57.8747302Z   duration_ms: 0.279972
2026-10-08T15:28:57.8747970Z   ...
2026-10-08T15:28:57.8748806Z # Subtest: the directly openable explorer is an exact build of its native inputs
2026-10-08T15:28:57.8758444Z ok 137 - the directly openable explorer is an exact build of its native inputs
2026-10-08T15:28:57.8759513Z   ---
2026-10-08T15:28:57.8760028Z   duration_ms: 45.80032
2026-10-08T15:28:57.8760565Z   ...
2026-10-08T15:28:57.8841546Z # Subtest: embedded lesson download preserves exact source bytes
2026-10-08T15:28:57.8843209Z ok 138 - embedded lesson download preserves exact source bytes
2026-10-08T15:28:57.8843762Z   ---
2026-10-08T15:28:57.8859920Z   duration_ms: 14.34954
2026-10-08T15:28:57.8860792Z   ...
2026-10-08T15:28:57.8927437Z # Subtest: question identity survives reordered review, edits and clearing without changing earlier notes
2026-10-08T15:28:57.8929293Z ok 139 - question identity survives reordered review, edits and clearing without changing earlier notes
2026-10-08T15:28:57.8930212Z   ---
2026-10-08T15:28:57.8930741Z   duration_ms: 3.627222
2026-10-08T15:28:57.8931392Z   ...
2026-10-08T15:28:57.8932234Z # Subtest: application writing is separate and a fresh session starts with every field empty
2026-10-08T15:28:57.8933402Z ok 140 - application writing is separate and a fresh session starts with every field empty
2026-10-08T15:28:57.8934182Z   ---
2026-10-08T15:28:57.8934661Z   duration_ms: 0.81582
2026-10-08T15:28:57.8935190Z   ...
2026-10-08T15:28:57.8935962Z # Subtest: unknown or duplicate question identities and non-text edits are refused
2026-10-08T15:28:57.8937042Z ok 141 - unknown or duplicate question identities and non-text edits are refused
2026-10-08T15:28:57.8937989Z   ---
2026-10-08T15:28:57.8938511Z   duration_ms: 0.305183
2026-10-08T15:28:57.8939053Z   ...
2026-10-08T15:28:57.8940050Z # Subtest: actual study notes bind writing to questions while retaining native review, estimates and a paused retry
2026-10-08T15:28:57.8941476Z ok 142 - actual study notes bind writing to questions while retaining native review, estimates and a paused retry
2026-10-08T15:28:57.8942346Z   ---
2026-10-08T15:28:57.8942792Z   duration_ms: 2.021717
2026-10-08T15:28:57.8943313Z   ...
2026-10-08T15:28:57.8944113Z # Subtest: actual export uses the most recent edit and represents cleared fields as unwritten
2026-10-08T15:28:57.8945287Z ok 143 - actual export uses the most recent edit and represents cleared fields as unwritten
2026-10-08T15:28:57.8946027Z   ---
2026-10-08T15:28:57.8946467Z   duration_ms: 1.054743
2026-10-08T15:28:57.8946972Z   ...
2026-10-08T15:28:57.8948091Z # Subtest: export refuses missing, duplicate or foreign notebook identities instead of attaching notes by position
2026-10-08T15:28:57.8953069Z ok 144 - export refuses missing, duplicate or foreign notebook identities instead of attaching notes by position
2026-10-08T15:28:57.8954262Z   ---
2026-10-08T15:28:57.8954720Z   duration_ms: 0.613256
2026-10-08T15:28:57.8955278Z   ...
2026-10-08T15:28:57.8956335Z # Subtest: study notes retain the displayed imported-course application prompt without changing notebook or first-session data
2026-10-08T15:28:57.8958643Z ok 145 - study notes retain the displayed imported-course application prompt without changing notebook or first-session data
2026-10-08T15:28:57.8959643Z   ---
2026-10-08T15:28:57.8960110Z   duration_ms: 0.441068
2026-10-08T15:28:57.8970692Z   ...
2026-10-08T15:28:57.8971602Z # Subtest: a notebook export refuses a missing or non-text displayed application prompt
2026-10-08T15:28:57.8972751Z ok 146 - a notebook export refuses a missing or non-text displayed application prompt
2026-10-08T15:28:57.8973559Z   ---
2026-10-08T15:28:57.8974079Z   duration_ms: 0.287724
2026-10-08T15:28:57.8974566Z   ...
2026-10-08T15:28:57.8996645Z # Subtest: review preserves session order and the actual chosen answer
2026-10-08T15:28:57.9000523Z ok 147 - review preserves session order and the actual chosen answer
2026-10-08T15:28:57.9001358Z   ---
2026-10-08T15:28:57.9001981Z   duration_ms: 1.98048
2026-10-08T15:28:57.9002476Z   ...
2026-10-08T15:28:57.9003291Z # Subtest: review is an immutable snapshot independent of mutable input arrays
2026-10-08T15:28:57.9004448Z ok 148 - review is an immutable snapshot independent of mutable input arrays
2026-10-08T15:28:57.9005165Z   ---
2026-10-08T15:28:57.9005652Z   duration_ms: 0.56601
2026-10-08T15:28:57.9006140Z   ...
2026-10-08T15:28:57.9010741Z # Subtest: a review rejects unknown, duplicate, or invalid first answers
2026-10-08T15:28:57.9012547Z ok 149 - a review rejects unknown, duplicate, or invalid first answers
2026-10-08T15:28:57.9013285Z   ---
2026-10-08T15:28:57.9014129Z   duration_ms: 0.381991
2026-10-08T15:28:57.9014792Z   ...
2026-10-08T15:28:57.9018155Z # Subtest: practice includes only initially missed questions in first-attempt order
2026-10-08T15:28:57.9019496Z ok 150 - practice includes only initially missed questions in first-attempt order
2026-10-08T15:28:57.9020274Z   ---
2026-10-08T15:28:57.9020843Z   duration_ms: 0.316288
2026-10-08T15:28:57.9021371Z   ...
2026-10-08T15:28:57.9023243Z # Subtest: correct and incorrect retries remain separate from the immutable original trace
2026-10-08T15:28:57.9024497Z ok 151 - correct and incorrect retries remain separate from the immutable original trace
2026-10-08T15:28:57.9044212Z   ---
2026-10-08T15:28:57.9068239Z   duration_ms: 0.502168
2026-10-08T15:28:57.9068902Z   ...
2026-10-08T15:28:57.9069728Z # Subtest: practice resumes at the next unanswered question and refuses duplicate or out-of-order writes
2026-10-08T15:28:57.9070900Z ok 152 - practice resumes at the next unanswered question and refuses duplicate or out-of-order writes
2026-10-08T15:28:57.9071698Z   ---
2026-10-08T15:28:57.9072225Z   duration_ms: 0.32498
2026-10-08T15:28:57.9072764Z   ...
2026-10-08T15:28:57.9073546Z # Subtest: an all-correct or empty review has no practice question
2026-10-08T15:28:57.9074649Z ok 153 - an all-correct or empty review has no practice question
2026-10-08T15:28:57.9075583Z   ---
2026-10-08T15:28:57.9076106Z   duration_ms: 0.225618
2026-10-08T15:28:57.9076566Z   ...
2026-10-08T15:28:57.9139212Z # Subtest: the original course survives native validation and serialization with complete connected content
2026-10-08T15:28:57.9168377Z ok 154 - the original course survives native validation and serialization with complete connected content
2026-10-08T15:28:57.9169456Z   ---
2026-10-08T15:28:57.9170000Z   duration_ms: 3.066965
2026-10-08T15:28:57.9170464Z   ...
2026-10-08T15:28:57.9171409Z # Subtest: native item selection reaches all twelve questions and can prioritize the weak sample clock
2026-10-08T15:28:57.9172790Z ok 155 - native item selection reaches all twelve questions and can prioritize the weak sample clock
2026-10-08T15:28:57.9173886Z   ---
2026-10-08T15:28:57.9174365Z   duration_ms: 15.445847
2026-10-08T15:28:57.9174907Z   ...
2026-10-08T15:28:57.9175806Z # Subtest: answer text matches independently stated calculations and explicit sampling assumptions
2026-10-08T15:28:57.9177190Z ok 156 - answer text matches independently stated calculations and explicit sampling assumptions
2026-10-08T15:28:57.9178202Z   ---
2026-10-08T15:28:57.9178696Z   duration_ms: 0.358215
2026-10-08T15:28:57.9179105Z   ...
2026-10-08T15:28:57.9599185Z # Subtest: each supported sample clock uses inclusive endpoints and an actually different matching cosine
2026-10-08T15:28:57.9620562Z ok 157 - each supported sample clock uses inclusive endpoints and an actually different matching cosine
2026-10-08T15:28:57.9656986Z   ---
2026-10-08T15:28:57.9657611Z   duration_ms: 16.811965
2026-10-08T15:28:57.9688435Z   ...
2026-10-08T15:28:57.9700571Z # Subtest: DC, reflected aliases, the half-rate and input limits preserve their distinct meaning
2026-10-08T15:28:57.9718906Z ok 158 - DC, reflected aliases, the half-rate and input limits preserve their distinct meaning
2026-10-08T15:28:57.9728521Z   ---
2026-10-08T15:28:57.9755355Z   duration_ms: 0.356906
2026-10-08T15:28:57.9755909Z   ...
2026-10-08T15:28:57.9756706Z # Subtest: invalid numerical input is refused and snapshots cannot be changed after observation
2026-10-08T15:28:57.9758074Z ok 159 - invalid numerical input is refused and snapshots cannot be changed after observation
2026-10-08T15:28:57.9758803Z   ---
2026-10-08T15:28:57.9759466Z   duration_ms: 1.318894
2026-10-08T15:28:57.9759969Z   ...
2026-10-08T15:28:57.9765851Z # Subtest: CSV carries full precision and current parameter identity, ignoring supplied forged sample rows
2026-10-08T15:28:57.9767110Z ok 160 - CSV carries full precision and current parameter identity, ignoring supplied forged sample rows
2026-10-08T15:28:57.9768060Z   ---
2026-10-08T15:28:57.9768510Z   duration_ms: 1.205322
2026-10-08T15:28:57.9769040Z   ...
2026-10-08T15:28:57.9809158Z # Subtest: notes retain the actual first choices, session order, corrections, transfers, and attribution
2026-10-08T15:28:57.9831307Z ok 161 - notes retain the actual first choices, session order, corrections, transfers, and attribution
2026-10-08T15:28:57.9848531Z   ---
2026-10-08T15:28:57.9858448Z   duration_ms: 2.605374
2026-10-08T15:28:57.9868699Z   ...
2026-10-08T15:28:57.9869890Z # Subtest: paused and completed retries cannot replace the first answers or alter the model
2026-10-08T15:28:57.9871310Z ok 162 - paused and completed retries cannot replace the first answers or alter the model
2026-10-08T15:28:57.9872087Z   ---
2026-10-08T15:28:57.9872561Z   duration_ms: 0.964663
2026-10-08T15:28:57.9873162Z   ...
2026-10-08T15:28:57.9874011Z # Subtest: unstarted, zero-answer paused, and all-correct sessions have honest practice labels
2026-10-08T15:28:57.9875263Z ok 163 - unstarted, zero-answer paused, and all-correct sessions have honest practice labels
2026-10-08T15:28:57.9876059Z   ---
2026-10-08T15:28:57.9876599Z   duration_ms: 1.457917
2026-10-08T15:28:57.9877077Z   ...
2026-10-08T15:28:57.9878109Z # Subtest: incomplete, duplicate, legacy choice-less or malformed traces are refused rather than fabricated
2026-10-08T15:28:57.9879495Z ok 164 - incomplete, duplicate, legacy choice-less or malformed traces are refused rather than fabricated
2026-10-08T15:28:57.9880313Z   ---
2026-10-08T15:28:57.9880956Z   duration_ms: 1.076394
2026-10-08T15:28:57.9881418Z   ...
2026-10-08T15:28:57.9882313Z # Subtest: plain-text output preserves Unicode and literal markup without creating executable content
2026-10-08T15:28:57.9883616Z ok 165 - plain-text output preserves Unicode and literal markup without creating executable content
2026-10-08T15:28:57.9884456Z   ---
2026-10-08T15:28:57.9884943Z   duration_ms: 0.373555
2026-10-08T15:28:57.9885423Z   ...
2026-10-08T15:28:58.0669189Z # Subtest: the original five-vertex example has the hand-calculated settling order and cost-7 route
2026-10-08T15:28:58.0685901Z ok 166 - the original five-vertex example has the hand-calculated settling order and cost-7 route
2026-10-08T15:28:58.0687251Z   ---
2026-10-08T15:28:58.0687641Z   duration_ms: 3.81154
2026-10-08T15:28:58.0688193Z   ...
2026-10-08T15:28:58.0689031Z # Subtest: target discovery remains tentative; the cheaper route is final only on target settlement
2026-10-08T15:28:58.0690065Z ok 167 - target discovery remains tentative; the cheaper route is final only on target settlement
2026-10-08T15:28:58.0690755Z   ---
2026-10-08T15:28:58.0691091Z   duration_ms: 1.600527
2026-10-08T15:28:58.0691428Z   ...
2026-10-08T15:28:58.0692252Z # Subtest: zero weights and equal routes preserve the stated alphabetical and first-predecessor policies
2026-10-08T15:28:58.0693290Z ok 168 - zero weights and equal routes preserve the stated alphabetical and first-predecessor policies
2026-10-08T15:28:58.0694445Z   ---
2026-10-08T15:28:58.0694798Z   duration_ms: 1.145575
2026-10-08T15:28:58.0695176Z   ...
2026-10-08T15:28:58.0695989Z # Subtest: all preset source/target pairs agree with exhaustive simple paths, including reverse direction
2026-10-08T15:28:58.0697096Z ok 169 - all preset source/target pairs agree with exhaustive simple paths, including reverse direction
2026-10-08T15:28:58.0697939Z   ---
2026-10-08T15:28:58.0698247Z   duration_ms: 6.845678
2026-10-08T15:28:58.0698553Z   ...
2026-10-08T15:28:58.0699282Z # Subtest: 80 deterministic bounded graphs agree with a simple-path oracle for every source
2026-10-08T15:28:58.0700214Z ok 170 - 80 deterministic bounded graphs agree with a simple-path oracle for every source
2026-10-08T15:28:58.0700802Z   ---
2026-10-08T15:28:58.0701124Z   duration_ms: 63.923069
2026-10-08T15:28:58.0701458Z   ...
2026-10-08T15:28:58.0702068Z # Subtest: invalid graphs are refused before a runnable state exists
2026-10-08T15:28:58.0702843Z ok 171 - invalid graphs are refused before a runnable state exists
2026-10-08T15:28:58.0703389Z   ---
2026-10-08T15:28:58.0703716Z   duration_ms: 0.941118
2026-10-08T15:28:58.0704142Z   ...
2026-10-08T15:28:58.0705021Z # Subtest: run, graph, presets and trace snapshots cannot be changed by later edits
2026-10-08T15:28:58.0705830Z ok 172 - run, graph, presets and trace snapshots cannot be changed by later edits
2026-10-08T15:28:58.0706444Z   ---
2026-10-08T15:28:58.0706745Z   duration_ms: 0.495113
2026-10-08T15:28:58.0707042Z   ...
2026-10-08T15:28:58.0708696Z # Subtest: the original twelve-question course is valid, canonical and has balanced answer positions
2026-10-08T15:28:58.0709801Z ok 173 - the original twelve-question course is valid, canonical and has balanced answer positions
2026-10-08T15:28:58.0710590Z   ---
2026-10-08T15:28:58.0710912Z   duration_ms: 0.54968
2026-10-08T15:28:58.0711247Z   ...
2026-10-08T15:28:58.0714603Z # Subtest: existing knowledge, review, practice and notes contracts accept the new deck without changing the app
2026-10-08T15:28:58.0715753Z ok 174 - existing knowledge, review, practice and notes contracts accept the new deck without changing the app
2026-10-08T15:28:58.0716629Z   ---
2026-10-08T15:28:58.0728420Z   duration_ms: 9.37007
2026-10-08T15:28:58.0728832Z   ...
2026-10-08T15:28:58.1029571Z # Subtest: the original twelve-item SQL course uses the published import contract without changing its native meaning
2026-10-08T15:28:58.1052824Z ok 175 - the original twelve-item SQL course uses the published import contract without changing its native meaning
2026-10-08T15:28:58.1057216Z   ---
2026-10-08T15:28:58.1057896Z   duration_ms: 2.7963
2026-10-08T15:28:58.1058363Z   ...
2026-10-08T15:28:58.1059280Z # Subtest: actual SQLite regenerates all twenty-two saved queries and their exact course/default bindings
2026-10-08T15:28:58.1060434Z ok 176 - actual SQLite regenerates all twenty-two saved queries and their exact course/default bindings
2026-10-08T15:28:58.1061208Z   ---
2026-10-08T15:28:58.1061600Z   duration_ms: 55.804624
2026-10-08T15:28:58.1062033Z   ...
2026-10-08T15:28:58.1063023Z # Subtest: native adaptive selection, shuffled choices, review, practice and notes preserve all twelve SQL questions
2026-10-08T15:28:58.1064604Z ok 177 - native adaptive selection, shuffled choices, review, practice and notes preserve all twelve SQL questions
2026-10-08T15:28:58.1065452Z   ---
2026-10-08T15:28:58.1065869Z   duration_ms: 12.238113
2026-10-08T15:28:58.1066332Z   ...
2026-10-08T15:28:58.5223978Z # Subtest: a changed answer or invalid query refuses the build and preserves both saved artifacts
2026-10-08T15:28:58.5224917Z ok 178 - a changed answer or invalid query refuses the build and preserves both saved artifacts
2026-10-08T15:28:58.5225446Z   ---
2026-10-08T15:28:58.5225777Z   duration_ms: 423.903678
2026-10-08T15:28:58.5226196Z   ...
2026-10-08T15:28:58.5583734Z # Subtest: a stale generated explorer fails --check without silently replacing the changed file
2026-10-08T15:28:58.5584471Z ok 179 - a stale generated explorer fails --check without silently replacing the changed file
2026-10-08T15:28:58.5584902Z   ---
2026-10-08T15:28:58.5585227Z   duration_ms: 36.026488
2026-10-08T15:28:58.5585549Z   ...
2026-10-08T15:28:58.5635008Z # Subtest: the distant selection exchange crosses equal-key identities
2026-10-08T15:28:58.5635881Z ok 180 - the distant selection exchange crosses equal-key identities
2026-10-08T15:28:58.5636481Z   ---
2026-10-08T15:28:58.5636841Z   duration_ms: 3.067034
2026-10-08T15:28:58.5637243Z   ...
2026-10-08T15:28:58.5638065Z # Subtest: declared counts distinguish sorted, descending and all-equal inputs
2026-10-08T15:28:58.5638939Z ok 181 - declared counts distinguish sorted, descending and all-equal inputs
2026-10-08T15:28:58.5639609Z   ---
2026-10-08T15:28:58.5639948Z   duration_ms: 1.632969
2026-10-08T15:28:58.5640382Z   ...
2026-10-08T15:28:58.5641110Z # Subtest: 360 small-alphabet inputs preserve every record and each declared trace effect
2026-10-08T15:28:58.5642144Z ok 182 - 360 small-alphabet inputs preserve every record and each declared trace effect
2026-10-08T15:28:58.5642824Z   ---
2026-10-08T15:28:58.5643205Z   duration_ms: 127.743994
2026-10-08T15:28:58.5643574Z   ...
2026-10-08T15:28:58.5644624Z # Subtest: duplicate labels, negative zero and permitted literal labels retain distinct identity
2026-10-08T15:28:58.5645755Z ok 183 - duplicate labels, negative zero and permitted literal labels retain distinct identity
2026-10-08T15:28:58.5646486Z   ---
2026-10-08T15:28:58.5646836Z   duration_ms: 0.322619
2026-10-08T15:28:58.5647226Z   ...
2026-10-08T15:28:58.5647994Z # Subtest: the result is deeply immutable, detached and deterministic
2026-10-08T15:28:58.5648804Z ok 184 - the result is deeply immutable, detached and deterministic
2026-10-08T15:28:58.5649341Z   ---
2026-10-08T15:28:58.5649673Z   duration_ms: 0.936961
2026-10-08T15:28:58.5650107Z   ...
2026-10-08T15:28:58.5650850Z # Subtest: sparse, inherited, accessor and additional fields are explicitly rejected without invoking getters
2026-10-08T15:28:58.5651976Z ok 185 - sparse, inherited, accessor and additional fields are explicitly rejected without invoking getters
2026-10-08T15:28:58.5652727Z   ---
2026-10-08T15:28:58.5653095Z   duration_ms: 0.46149
2026-10-08T15:28:58.5653512Z   ...
2026-10-08T15:28:58.5654244Z # Subtest: null-prototype rows and nonenumerable own data properties remain valid
2026-10-08T15:28:58.5655226Z ok 186 - null-prototype rows and nonenumerable own data properties remain valid
2026-10-08T15:28:58.5655817Z   ---
2026-10-08T15:28:58.5656199Z   duration_ms: 0.280405
2026-10-08T15:28:58.5656623Z   ...
2026-10-08T15:28:58.5657307Z # Subtest: numeric and label admission refuses malformed values before producing a comparison
2026-10-08T15:28:58.5658705Z ok 187 - numeric and label admission refuses malformed values before producing a comparison
2026-10-08T15:28:58.5659371Z   ---
2026-10-08T15:28:58.5659746Z   duration_ms: 0.590335
2026-10-08T15:28:58.5660155Z   ...
2026-10-08T15:28:58.5660673Z # Subtest: raw key parsing accepts only the declared decimal form
2026-10-08T15:28:58.5661468Z ok 188 - raw key parsing accepts only the declared decimal form
2026-10-08T15:28:58.5662190Z   ---
2026-10-08T15:28:58.5662555Z   duration_ms: 0.542587
2026-10-08T15:28:58.5662945Z   ...
2026-10-08T15:28:58.5663592Z # Subtest: the original lesson is a current-format validated twelve-item course
2026-10-08T15:28:58.5664544Z ok 189 - the original lesson is a current-format validated twelve-item course
2026-10-08T15:28:58.5665149Z   ---
2026-10-08T15:28:58.5665483Z   duration_ms: 1.470447
2026-10-08T15:28:58.5665845Z   ...
2026-10-08T15:28:58.5666384Z # Subtest: the standalone build is deterministic and embeds the exact course bytes
2026-10-08T15:28:58.5667213Z ok 190 - the standalone build is deterministic and embeds the exact course bytes
2026-10-08T15:28:58.5667895Z   ---
2026-10-08T15:28:58.5668231Z   duration_ms: 49.18163
2026-10-08T15:28:58.5668558Z   ...
2026-10-08T15:28:58.5669208Z # Subtest: original course fits the existing deck contract with all four concepts represented
2026-10-08T15:28:58.5670181Z ok 191 - original course fits the existing deck contract with all four concepts represented
2026-10-08T15:28:58.5670831Z   ---
2026-10-08T15:28:58.5671151Z   duration_ms: 2.855086
2026-10-08T15:28:58.5671433Z   ...
2026-10-08T15:28:58.5672098Z # Subtest: authored answer keys retain the independently worked quantities and conceptual distinctions
2026-10-08T15:28:58.5673238Z ok 192 - authored answer keys retain the independently worked quantities and conceptual distinctions
2026-10-08T15:28:58.5673926Z   ---
2026-10-08T15:28:58.5674253Z   duration_ms: 0.208196
2026-10-08T15:28:58.5674602Z   ...
2026-10-08T15:28:58.5675307Z # Subtest: course completes native selection, correct first answers, review, retry and study notes
2026-10-08T15:28:58.5676334Z ok 193 - course completes native selection, correct first answers, review, retry and study notes
2026-10-08T15:28:58.5677045Z   ---
2026-10-08T15:28:58.5677379Z   duration_ms: 12.812379
2026-10-08T15:28:58.5677962Z   ...
2026-10-08T15:28:58.5678660Z # Subtest: course completes native selection, mixed first answers, review, retry and study notes
2026-10-08T15:28:58.5679792Z ok 194 - course completes native selection, mixed first answers, review, retry and study notes
2026-10-08T15:28:58.5680557Z   ---
2026-10-08T15:28:58.5680870Z   duration_ms: 2.791559
2026-10-08T15:28:58.5681201Z   ...
2026-10-08T15:28:58.5681829Z # Subtest: course completes native selection, missed first answers, review, retry and study notes
2026-10-08T15:28:58.5682907Z ok 195 - course completes native selection, missed first answers, review, retry and study notes
2026-10-08T15:28:58.5683619Z   ---
2026-10-08T15:28:58.5684013Z   duration_ms: 1.576062
2026-10-08T15:28:58.5684418Z   ...
2026-10-08T15:28:58.5685190Z # Subtest: generated direct-open artifact has exact build parity and embeds the qualified course
2026-10-08T15:28:58.5686296Z ok 196 - generated direct-open artifact has exact build parity and embeds the qualified course
2026-10-08T15:28:58.5686962Z   ---
2026-10-08T15:28:58.5687398Z   duration_ms: 55.40736
2026-10-08T15:28:58.5687939Z   ...
2026-10-08T15:28:58.5688785Z # Subtest: standalone rendering keeps embedded source and course text inside their script elements
2026-10-08T15:28:58.5690221Z ok 197 - standalone rendering keeps embedded source and course text inside their script elements
2026-10-08T15:28:58.5690981Z   ---
2026-10-08T15:28:58.5691462Z   duration_ms: 0.559211
2026-10-08T15:28:58.5692053Z   ...
2026-10-08T15:28:58.5692960Z # Subtest: water: 6 / 2 mol → second
2026-10-08T15:28:58.5693678Z ok 198 - water: 6 / 2 mol → second
2026-10-08T15:28:58.5694154Z   ---
2026-10-08T15:28:58.5694738Z   duration_ms: 1.84808
2026-10-08T15:28:58.5695376Z   ...
2026-10-08T15:28:58.5696374Z # Subtest: water: 2 / 2 mol → first
2026-10-08T15:28:58.5696939Z ok 199 - water: 2 / 2 mol → first
2026-10-08T15:28:58.5697282Z   ---
2026-10-08T15:28:58.5697854Z   duration_ms: 0.205476
2026-10-08T15:28:58.5698194Z   ...
2026-10-08T15:28:58.5698741Z # Subtest: water: 4 / 2 mol → matched
2026-10-08T15:28:58.5699239Z ok 200 - water: 4 / 2 mol → matched
2026-10-08T15:28:58.5699830Z   ---
2026-10-08T15:28:58.5700187Z   duration_ms: 0.218472
2026-10-08T15:28:58.5700530Z   ...
2026-10-08T15:28:58.5701084Z # Subtest: water: 0 / 5 mol → no-product
2026-10-08T15:28:58.5701655Z ok 201 - water: 0 / 5 mol → no-product
2026-10-08T15:28:58.5702260Z   ---
2026-10-08T15:28:58.5702628Z   duration_ms: 0.147422
2026-10-08T15:28:58.5702962Z   ...
2026-10-08T15:28:58.5703457Z # Subtest: water: 5 / 0 mol → no-product
2026-10-08T15:28:58.5704002Z ok 202 - water: 5 / 0 mol → no-product
2026-10-08T15:28:58.5704398Z   ---
2026-10-08T15:28:58.5704729Z   duration_ms: 0.27898
2026-10-08T15:28:58.5705139Z   ...
2026-10-08T15:28:58.5705505Z # Subtest: water: 0 / 0 mol → no-product
2026-10-08T15:28:58.5705882Z ok 203 - water: 0 / 0 mol → no-product
2026-10-08T15:28:58.5706156Z   ---
2026-10-08T15:28:58.5706427Z   duration_ms: 0.149497
2026-10-08T15:28:58.5706670Z   ...
2026-10-08T15:28:58.5706991Z # Subtest: ammonia: 2 / 3 mol → second
2026-10-08T15:28:58.5707350Z ok 204 - ammonia: 2 / 3 mol → second
2026-10-08T15:28:58.5708196Z   ---
2026-10-08T15:28:58.5708530Z   duration_ms: 0.178867
2026-10-08T15:28:58.5708888Z   ...
2026-10-08T15:28:58.5709264Z # Subtest: ammonia: 1 / 2.4 mol → second
2026-10-08T15:28:58.5709668Z ok 205 - ammonia: 1 / 2.4 mol → second
2026-10-08T15:28:58.5709967Z   ---
2026-10-08T15:28:58.5710230Z   duration_ms: 0.235909
2026-10-08T15:28:58.5710555Z   ...
2026-10-08T15:28:58.5710986Z # Subtest: ammonia: 2 / 4.8 mol → second
2026-10-08T15:28:58.5711582Z ok 206 - ammonia: 2 / 4.8 mol → second
2026-10-08T15:28:58.5712009Z   ---
2026-10-08T15:28:58.5712273Z   duration_ms: 0.351912
2026-10-08T15:28:58.5712645Z   ...
2026-10-08T15:28:58.5713100Z # Subtest: ammonia: 0.1 / 0.3 mol → matched
2026-10-08T15:28:58.5713499Z ok 207 - ammonia: 0.1 / 0.3 mol → matched
2026-10-08T15:28:58.5713821Z   ---
2026-10-08T15:28:58.5714096Z   duration_ms: 0.287585
2026-10-08T15:28:58.5714390Z   ...
2026-10-08T15:28:58.5714732Z # Subtest: ammonia: 0.001 / 0.001 mol → second
2026-10-08T15:28:58.5715132Z ok 208 - ammonia: 0.001 / 0.001 mol → second
2026-10-08T15:28:58.5715457Z   ---
2026-10-08T15:28:58.5715823Z   duration_ms: 0.211444
2026-10-08T15:28:58.5716123Z   ...
2026-10-08T15:28:58.5716459Z # Subtest: ammonia: 0.001 / 0.003 mol → matched
2026-10-08T15:28:58.5716854Z ok 209 - ammonia: 0.001 / 0.003 mol → matched
2026-10-08T15:28:58.5717180Z   ---
2026-10-08T15:28:58.5717442Z   duration_ms: 0.151875
2026-10-08T15:28:58.5717820Z   ...
2026-10-08T15:28:58.5718230Z # Subtest: ammonia: 0.001 / 0.004 mol → first
2026-10-08T15:28:58.5718612Z ok 210 - ammonia: 0.001 / 0.004 mol → first
2026-10-08T15:28:58.5718944Z   ---
2026-10-08T15:28:58.5719213Z   duration_ms: 0.217193
2026-10-08T15:28:58.5719480Z   ...
2026-10-08T15:28:58.5719814Z # Subtest: magnesium: 1.5 / 1 mol → first
2026-10-08T15:28:58.5720206Z ok 211 - magnesium: 1.5 / 1 mol → first
2026-10-08T15:28:58.5720519Z   ---
2026-10-08T15:28:58.5720777Z   duration_ms: 0.190776
2026-10-08T15:28:58.5721030Z   ...
2026-10-08T15:28:58.5721365Z # Subtest: magnesium: 1 / 0.499 mol → second
2026-10-08T15:28:58.5721761Z ok 212 - magnesium: 1 / 0.499 mol → second
2026-10-08T15:28:58.5722103Z   ---
2026-10-08T15:28:58.5722357Z   duration_ms: 0.369732
2026-10-08T15:28:58.5722611Z   ...
2026-10-08T15:28:58.5722940Z # Subtest: magnesium: 1 / 0.5 mol → matched
2026-10-08T15:28:58.5723326Z ok 213 - magnesium: 1 / 0.5 mol → matched
2026-10-08T15:28:58.5723623Z   ---
2026-10-08T15:28:58.5723911Z   duration_ms: 0.26345
2026-10-08T15:28:58.5724169Z   ...
2026-10-08T15:28:58.5724497Z # Subtest: magnesium: 1 / 0.501 mol → first
2026-10-08T15:28:58.5724881Z ok 214 - magnesium: 1 / 0.501 mol → first
2026-10-08T15:28:58.5725181Z   ---
2026-10-08T15:28:58.5725438Z   duration_ms: 0.153756
2026-10-08T15:28:58.5725739Z   ...
2026-10-08T15:28:58.5726069Z # Subtest: water: 1000 / 1000 mol → first
2026-10-08T15:28:58.5726446Z ok 215 - water: 1000 / 1000 mol → first
2026-10-08T15:28:58.5726745Z   ---
2026-10-08T15:28:58.5727001Z   duration_ms: 0.258971
2026-10-08T15:28:58.5727289Z   ...
2026-10-08T15:28:58.5728036Z # Subtest: authored equations use the declared species and conserve each element
2026-10-08T15:28:58.5728621Z ok 216 - authored equations use the declared species and conserve each element
2026-10-08T15:28:58.5729044Z   ---
2026-10-08T15:28:58.5729286Z   duration_ms: 1.035392
2026-10-08T15:28:58.5729532Z   ...
2026-10-08T15:28:58.5729953Z # Subtest: all admitted decimal spellings resolve to exact millimoles
2026-10-08T15:28:58.5730445Z ok 217 - all admitted decimal spellings resolve to exact millimoles
2026-10-08T15:28:58.5730824Z   ---
2026-10-08T15:28:58.5731057Z   duration_ms: 0.31102
2026-10-08T15:28:58.5731297Z   ...
2026-10-08T15:28:58.5731728Z # Subtest: invalid or ambiguous amount inputs are refused without numeric coercion
2026-10-08T15:28:58.5732309Z ok 218 - invalid or ambiguous amount inputs are refused without numeric coercion
2026-10-08T15:28:58.5732721Z   ---
2026-10-08T15:28:58.5732951Z   duration_ms: 0.939021
2026-10-08T15:28:58.5733187Z   ...
2026-10-08T15:28:58.5733670Z # Subtest: positive amounts straddling an exact ratio are never classified using a floating tolerance
2026-10-08T15:28:58.5734363Z ok 219 - positive amounts straddling an exact ratio are never classified using a floating tolerance
2026-10-08T15:28:58.5734821Z   ---
2026-10-08T15:28:58.5735056Z   duration_ms: 0.192306
2026-10-08T15:28:58.5735298Z   ...
2026-10-08T15:28:58.5735751Z # Subtest: start = used + left and atom inventory is conserved across a changed-input grid
2026-10-08T15:28:58.5736399Z ok 220 - start = used + left and atom inventory is conserved across a changed-input grid
2026-10-08T15:28:58.5736810Z   ---
2026-10-08T15:28:58.5737045Z   duration_ms: 5.178388
2026-10-08T15:28:58.5737278Z   ...
2026-10-08T15:28:58.5738631Z # Subtest: doubling both supplies doubles theoretical product and excess without changing the limiting identity
2026-10-08T15:28:58.5739391Z ok 221 - doubling both supplies doubles theoretical product and excess without changing the limiting identity
2026-10-08T15:28:58.5739925Z   ---
2026-10-08T15:28:58.5740158Z   duration_ms: 0.738582
2026-10-08T15:28:58.5740403Z   ...
2026-10-08T15:28:58.5740973Z # Subtest: reaction definitions and solved records are deeply immutable without changing caller inputs
2026-10-08T15:28:58.5741686Z ok 222 - reaction definitions and solved records are deeply immutable without changing caller inputs
2026-10-08T15:28:58.5742170Z   ---
2026-10-08T15:28:58.5742404Z   duration_ms: 0.327398
2026-10-08T15:28:58.5742647Z   ...
2026-10-08T15:28:58.5743134Z # Subtest: worked record carries this prediction, mole accounting and the explicit theoretical model
2026-10-08T15:28:58.5743815Z ok 223 - worked record carries this prediction, mole accounting and the explicit theoretical model
2026-10-08T15:28:58.5744280Z   ---
2026-10-08T15:28:58.5744512Z   duration_ms: 0.788287
2026-10-08T15:28:58.5744752Z   ...
2026-10-08T15:28:58.5745265Z # Subtest: completed first answers restore in their original adaptive order with exact, unrounded estimates
2026-10-08T15:28:58.5746154Z ok 224 - completed first answers restore in their original adaptive order with exact, unrounded estimates
2026-10-08T15:28:58.5746608Z   ---
2026-10-08T15:28:58.5746849Z   duration_ms: 14.814939
2026-10-08T15:28:58.5747092Z   ...
2026-10-08T15:28:58.5747623Z # Subtest: unstarted, zero-answer, paused and complete practice remain distinct and can resume once
2026-10-08T15:28:58.5748439Z ok 225 - unstarted, zero-answer, paused and complete practice remain distinct and can resume once
2026-10-08T15:28:58.5748879Z   ---
2026-10-08T15:28:58.5749117Z   duration_ms: 5.152562
2026-10-08T15:28:58.5749357Z   ...
2026-10-08T15:28:58.5749814Z # Subtest: all-correct and all-missed completed traces use canonical answer indices
2026-10-08T15:28:58.5750408Z ok 226 - all-correct and all-missed completed traces use canonical answer indices
2026-10-08T15:28:58.5750805Z   ---
2026-10-08T15:28:58.5751043Z   duration_ms: 5.480371
2026-10-08T15:28:58.5751278Z   ...
2026-10-08T15:28:58.5751728Z # Subtest: incomplete, duplicate, unknown and out-of-range first answers are refused
2026-10-08T15:28:58.5752394Z ok 227 - incomplete, duplicate, unknown and out-of-range first answers are refused
2026-10-08T15:28:58.5752791Z   ---
2026-10-08T15:28:58.5753026Z   duration_ms: 6.922434
2026-10-08T15:28:58.5753271Z   ...
2026-10-08T15:28:58.5753779Z # Subtest: a different course revision cannot replace the current deck; property order is immaterial
2026-10-08T15:28:58.5754432Z ok 228 - a different course revision cannot replace the current deck; property order is immaterial
2026-10-08T15:28:58.5754890Z   ---
2026-10-08T15:28:58.5755127Z   duration_ms: 2.448176
2026-10-08T15:28:58.5755361Z   ...
2026-10-08T15:28:58.5755832Z # Subtest: changed model parameters, rounded estimates and incompatible versions are refused
2026-10-08T15:28:58.5756440Z ok 229 - changed model parameters, rounded estimates and incompatible versions are refused
2026-10-08T15:28:58.5756891Z   ---
2026-10-08T15:28:58.5757119Z   duration_ms: 4.663408
2026-10-08T15:28:58.5757381Z   ...
2026-10-08T15:28:58.5757957Z # Subtest: practice replay refuses duplicate, reordered, correct-first and extra answers
2026-10-08T15:28:58.5758567Z ok 230 - practice replay refuses duplicate, reordered, correct-first and extra answers
2026-10-08T15:28:58.5759005Z   ---
2026-10-08T15:28:58.5759240Z   duration_ms: 3.981461
2026-10-08T15:28:58.5759485Z   ...
2026-10-08T15:28:58.5760019Z # Subtest: bounded parsing refuses invalid JSON and oversized UTF-8 before exposing state
2026-10-08T15:28:58.5760604Z ok 231 - bounded parsing refuses invalid JSON and oversized UTF-8 before exposing state
2026-10-08T15:28:58.5761000Z   ---
2026-10-08T15:28:58.5761274Z   duration_ms: 3.1625
2026-10-08T15:28:58.5761530Z   ...
2026-10-08T15:28:58.5761986Z # Subtest: the downloadable course is the exact admitted course, without external dependencies
2026-10-08T15:28:58.5762610Z ok 232 - the downloadable course is the exact admitted course, without external dependencies
2026-10-08T15:28:58.5763019Z   ---
2026-10-08T15:28:58.5763295Z   duration_ms: 2.175846
2026-10-08T15:28:58.5763555Z   ...
2026-10-08T15:28:58.5764037Z # Subtest: rebuilding the embedded course preserves already current standalone bytes
2026-10-08T15:28:58.5764612Z ok 233 - rebuilding the embedded course preserves already current standalone bytes
2026-10-08T15:28:58.5764990Z   ---
2026-10-08T15:28:58.5765232Z   duration_ms: 41.819024
2026-10-08T15:28:58.5765518Z   ...
2026-10-08T15:28:58.5765936Z # Subtest: the course example retains a component and reconstructs the exact original
2026-10-08T15:28:58.5766490Z ok 234 - the course example retains a component and reconstructs the exact original
2026-10-08T15:28:58.5766859Z   ---
2026-10-08T15:28:58.5767110Z   duration_ms: 1.040889
2026-10-08T15:28:58.5767358Z   ...
2026-10-08T15:28:58.5767851Z # Subtest: the geometric line is unchanged by a positive or negative direction rescaling
2026-10-08T15:28:58.5768417Z ok 235 - the geometric line is unchanged by a positive or negative direction rescaling
2026-10-08T15:28:58.5768802Z   ---
2026-10-08T15:28:58.5769057Z   duration_ms: 0.514877
2026-10-08T15:28:58.5769312Z   ...
2026-10-08T15:28:58.5769778Z # Subtest: perpendicular, parallel, axis-aligned and zero-original cases remain defined
2026-10-08T15:28:58.5770373Z ok 236 - perpendicular, parallel, axis-aligned and zero-original cases remain defined
2026-10-08T15:28:58.5770766Z   ---
2026-10-08T15:28:58.5771034Z   duration_ms: 0.471397
2026-10-08T15:28:58.5771292Z   ...
2026-10-08T15:28:58.5771734Z # Subtest: malformed, missing, out-of-domain and zero direction values are refused
2026-10-08T15:28:58.5772292Z ok 237 - malformed, missing, out-of-domain and zero direction values are refused
2026-10-08T15:28:58.5772673Z   ---
2026-10-08T15:28:58.5772938Z   duration_ms: 2.06676
2026-10-08T15:28:58.5773196Z   ...
2026-10-08T15:28:58.5773570Z # Subtest: calculation does not mutate or alias its input coordinates
2026-10-08T15:28:58.5774091Z ok 238 - calculation does not mutate or alias its input coordinates
2026-10-08T15:28:58.5774492Z   ---
2026-10-08T15:28:58.5774766Z   duration_ms: 0.295894
2026-10-08T15:28:58.5775025Z   ...
2026-10-08T15:28:58.5775528Z # Subtest: 2,000 independently checked geometries satisfy the projection characterization and plot bounds
2026-10-08T15:28:58.5776264Z ok 239 - 2,000 independently checked geometries satisfy the projection characterization and plot bounds
2026-10-08T15:28:58.5776730Z   ---
2026-10-08T15:28:58.5776981Z   duration_ms: 25.199079
2026-10-08T15:28:58.5777244Z   ...
2026-10-08T15:28:58.5777860Z # Subtest: course has twelve original items, two per concept, with a balanced canonical answer key
2026-10-08T15:28:58.5778511Z ok 240 - course has twelve original items, two per concept, with a balanced canonical answer key
2026-10-08T15:28:58.5778977Z   ---
2026-10-08T15:28:58.5779220Z   duration_ms: 1.408156
2026-10-08T15:28:58.5779479Z   ...
2026-10-08T15:28:58.5779913Z # Subtest: displacement subtracts the starting point, including its negative component
2026-10-08T15:28:58.5780501Z ok 241 - displacement subtracts the starting point, including its negative component
2026-10-08T15:28:58.5780959Z   ---
2026-10-08T15:28:58.5781209Z   duration_ms: 0.559939
2026-10-08T15:28:58.5781464Z   ...
2026-10-08T15:28:58.5781904Z # Subtest: sequential displacements combine componentwise and retain the same final point
2026-10-08T15:28:58.5782506Z ok 242 - sequential displacements combine componentwise and retain the same final point
2026-10-08T15:28:58.5782916Z   ---
2026-10-08T15:28:58.5783209Z   duration_ms: 0.22517
2026-10-08T15:28:58.5783466Z   ...
2026-10-08T15:28:58.5783874Z # Subtest: Euclidean length is the square root of the sum of squared components
2026-10-08T15:28:58.5784410Z ok 243 - Euclidean length is the square root of the sum of squared components
2026-10-08T15:28:58.5784790Z   ---
2026-10-08T15:28:58.5785081Z   duration_ms: 0.14717
2026-10-08T15:28:58.5785336Z   ...
2026-10-08T15:28:58.5785749Z # Subtest: the unit direction has length one and preserves the original orientation
2026-10-08T15:28:58.5786308Z ok 244 - the unit direction has length one and preserves the original orientation
2026-10-08T15:28:58.5786690Z   ---
2026-10-08T15:28:58.5787006Z   duration_ms: 0.203371
2026-10-08T15:28:58.5787297Z   ...
2026-10-08T15:28:58.5787734Z # Subtest: the two nonzero perpendicular vectors have zero dot product
2026-10-08T15:28:58.5788252Z ok 245 - the two nonzero perpendicular vectors have zero dot product
2026-10-08T15:28:58.5788590Z   ---
2026-10-08T15:28:58.5788846Z   duration_ms: 0.115418
2026-10-08T15:28:58.5789105Z   ...
2026-10-08T15:28:58.5789542Z # Subtest: a unit-axis component retains the sign of the projected displacement
2026-10-08T15:28:58.5790103Z ok 246 - a unit-axis component retains the sign of the projected displacement
2026-10-08T15:28:58.5790466Z   ---
2026-10-08T15:28:58.5790725Z   duration_ms: 0.140982
2026-10-08T15:28:58.5790977Z   ...
2026-10-08T15:28:58.5791468Z # Subtest: the projection lies on the nonunit direction line and leaves an orthogonal residual
2026-10-08T15:28:58.5792101Z ok 247 - the projection lies on the nonunit direction line and leaves an orthogonal residual
2026-10-08T15:28:58.5792494Z   ---
2026-10-08T15:28:58.5792755Z   duration_ms: 0.302326
2026-10-08T15:28:58.5793009Z   ...
2026-10-08T15:28:58.5793405Z # Subtest: the requested residual reconstructs b as well as being perpendicular
2026-10-08T15:28:58.5794007Z ok 248 - the requested residual reconstructs b as well as being perpendicular
2026-10-08T15:28:58.5794366Z   ---
2026-10-08T15:28:58.5794624Z   duration_ms: 0.349869
2026-10-08T15:28:58.5794876Z   ...
2026-10-08T15:28:58.5795269Z # Subtest: row dot products implement the stated column-vector matrix convention
2026-10-08T15:28:58.5795868Z ok 249 - row dot products implement the stated column-vector matrix convention
2026-10-08T15:28:58.5796223Z   ---
2026-10-08T15:28:58.5796478Z   duration_ms: 0.388379
2026-10-08T15:28:58.5796728Z   ...
2026-10-08T15:28:58.5797110Z # Subtest: basis images retain the coefficients of the input linear combination
2026-10-08T15:28:58.5797875Z ok 250 - basis images retain the coefficients of the input linear combination
2026-10-08T15:28:58.5798434Z   ---
2026-10-08T15:28:58.5798706Z   duration_ms: 0.243728
2026-10-08T15:28:58.5798964Z   ...
2026-10-08T15:28:58.5799376Z # Subtest: rotation before horizontal stretch differs from the reverse order
2026-10-08T15:28:58.5799915Z ok 251 - rotation before horizontal stretch differs from the reverse order
2026-10-08T15:28:58.5800305Z   ---
2026-10-08T15:28:58.5800560Z   duration_ms: 0.291212
2026-10-08T15:28:58.5800812Z   ...
2026-10-08T15:28:58.5801199Z # Subtest: the stated distinct inputs collide under the flattening map
2026-10-08T15:28:58.5801728Z ok 252 - the stated distinct inputs collide under the flattening map
2026-10-08T15:28:58.5802392Z   ---
2026-10-08T15:28:58.5802679Z   duration_ms: 0.243588
2026-10-08T15:28:58.5802943Z   ...
2026-10-08T15:28:58.5803188Z 1..252
2026-10-08T15:28:58.5803439Z # tests 264
2026-10-08T15:28:58.5803685Z # suites 0
2026-10-08T15:28:58.5803934Z # pass 264
2026-10-08T15:28:58.5804210Z # fail 0
2026-10-08T15:28:58.5804472Z # cancelled 0
2026-10-08T15:28:58.5804731Z # skipped 0
2026-10-08T15:28:58.5804974Z # todo 0
2026-10-08T15:28:58.5805244Z # duration_ms 1432.947338
2026-10-08T15:28:58.5843002Z ##[group]Run cp demo.html /tmp/demo-before.html
2026-10-08T15:28:58.5843395Z [36;1mcp demo.html /tmp/demo-before.html[0m
2026-10-08T15:28:58.5843781Z [36;1mpython3 tools/make_demo.py[0m
2026-10-08T15:28:58.5844330Z [36;1mcmp /tmp/demo-before.html demo.html || { echo "demo.html is stale: run 'python3 tools/make_demo.py' and commit the result"; exit 1; }[0m
2026-10-08T15:28:58.5881984Z shell: /usr/bin/bash -e {0}
2026-10-08T15:28:58.5882317Z ##[endgroup]
2026-10-08T15:28:58.6139217Z Built /home/runner/work/RecallWeave/RecallWeave/demo.html (97565 bytes)
2026-10-08T15:28:58.6265728Z Post job cleanup.
2026-10-08T15:28:58.7251498Z (node:2559) [DEP0040] DeprecationWarning: The `punycode` module is deprecated. Please use a userland alternative instead.
2026-10-08T15:28:58.7252444Z (Use `node --trace-deprecation ...` to show where the warning was created)
2026-10-08T15:28:58.7383379Z Post job cleanup.
2026-10-08T15:28:58.8096066Z [command]/usr/bin/git version
2026-10-08T15:28:58.8126950Z git version 2.55.0
2026-10-08T15:28:58.8156128Z Temporarily overriding HOME='/home/runner/work/_temp/96921cd1-5926-4e24-bfd1-a50f59e8f13f' before making global git config changes
2026-10-08T15:28:58.8157475Z Adding repository directory to the temporary git global config as a safe directory
2026-10-08T15:28:58.8161488Z [command]/usr/bin/git config --global --add safe.directory /home/runner/work/RecallWeave/RecallWeave
2026-10-08T15:28:58.8190634Z [command]/usr/bin/git config --local --name-only --get-regexp core\.sshCommand
2026-10-08T15:28:58.8219803Z [command]/usr/bin/git submodule foreach --recursive sh -c "git config --local --name-only --get-regexp 'core\.sshCommand' && git config --local --unset-all 'core.sshCommand' || :"
2026-10-08T15:28:58.8405669Z [command]/usr/bin/git config --local --name-only --get-regexp http\.https\:\/\/github\.com\/\.extraheader
2026-10-08T15:28:58.8425064Z http.https://github.com/.extraheader
2026-10-08T15:28:58.8433389Z [command]/usr/bin/git config --local --unset-all http.https://github.com/.extraheader
2026-10-08T15:28:58.8456765Z [command]/usr/bin/git submodule foreach --recursive sh -c "git config --local --name-only --get-regexp 'http\.https\:\/\/github\.com\/\.extraheader' && git config --local --unset-all 'http.https://github.com/.extraheader' || :"
2026-10-08T15:28:58.8629743Z [command]/usr/bin/git config --local --name-only --get-regexp ^includeIf\.gitdir:
2026-10-08T15:28:58.8656187Z [command]/usr/bin/git submodule foreach --recursive git config --local --show-origin --name-only --get-regexp remote.origin.url
2026-10-08T15:28:58.9022158Z Cleaning up orphan processes
2026-10-08T15:28:58.9243612Z ##[warning]Node.js 20 is deprecated. The following actions target Node.js 20 but are being forced to run on Node.js 24: actions/checkout@11d5960a326750d5838078e36cf38b85af677262, actions/setup-node@49933ea5288caeca8642d1e84afbd3f7d6820020. For more information see: https://github.blog/changelog/2025-09-19-deprecation-of-node-20-on-github-actions-runners/
