2026-10-08T19:03:40.7299344Z Current runner version: '2.337.0'
2026-10-08T19:03:40.7325442Z ##[group]Runner Image Provisioner
2026-10-08T19:03:40.7326285Z Hosted Compute Agent
2026-10-08T19:03:40.7326948Z Version: 20261002.596
2026-10-08T19:03:40.7327586Z Commit: c3d12f3313a95f25162a1503be624f3b0617f8c0
2026-10-08T19:03:40.7328287Z Build Date: 2026-10-02T22:28:27Z
2026-10-08T19:03:40.7329069Z Worker ID: {d3d6a56b-dd6c-42cf-818c-65fb47f15e59}
2026-10-08T19:03:40.7329776Z Region: westus
2026-10-08T19:03:40.7330344Z Cloud: Azure
2026-10-08T19:03:40.7330937Z ##[endgroup]
2026-10-08T19:03:40.7332533Z ##[group]Operating System
2026-10-08T19:03:40.7333294Z Ubuntu
2026-10-08T19:03:40.7334031Z 24.04.5
2026-10-08T19:03:40.7334598Z LTS
2026-10-08T19:03:40.7335131Z ##[endgroup]
2026-10-08T19:03:40.7335675Z ##[group]Runner Image
2026-10-08T19:03:40.7336354Z Image: ubuntu-24.04
2026-10-08T19:03:40.7336921Z Version: 20261004.327.1
2026-10-08T19:03:40.7338244Z Included Software: https://github.com/actions/runner-images/blob/ubuntu24/20261004.327/images/ubuntu/Ubuntu2404-Readme.md
2026-10-08T19:03:40.7339763Z Image Release: https://github.com/actions/runner-images/releases/tag/ubuntu24%2F20261004.327
2026-10-08T19:03:40.7341214Z ##[endgroup]
2026-10-08T19:03:40.7342308Z ##[group]GITHUB_TOKEN Permissions
2026-10-08T19:03:40.7344961Z Contents: read
2026-10-08T19:03:40.7345590Z Metadata: read
2026-10-08T19:03:40.7346247Z ##[endgroup]
2026-10-08T19:03:40.7348498Z Secret source: Actions
2026-10-08T19:03:40.7349551Z Cache mode: write
2026-10-08T19:03:40.7350478Z Prepare workflow directory
2026-10-08T19:03:40.7693038Z Prepare all required actions
2026-10-08T19:03:40.7742792Z Getting action download info
2026-10-08T19:03:41.1257614Z Download action repository 'actions/checkout@11d5960a326750d5838078e36cf38b85af677262' (SHA:11d5960a326750d5838078e36cf38b85af677262)
2026-10-08T19:03:41.2157644Z Download action repository 'actions/setup-node@49933ea5288caeca8642d1e84afbd3f7d6820020' (SHA:49933ea5288caeca8642d1e84afbd3f7d6820020)
2026-10-08T19:03:41.4528385Z Complete job name: node-test
2026-10-08T19:03:41.5311210Z ##[group]Run actions/checkout@11d5960a326750d5838078e36cf38b85af677262
2026-10-08T19:03:41.5312307Z with:
2026-10-08T19:03:41.5312775Z   repository: Jacob-Met/RecallWeave
2026-10-08T19:03:41.5316636Z   token: ***
2026-10-08T19:03:41.5317101Z   ssh-strict: true
2026-10-08T19:03:41.5317550Z   ssh-user: git
2026-10-08T19:03:41.5318007Z   persist-credentials: true
2026-10-08T19:03:41.5318521Z   clean: true
2026-10-08T19:03:41.5318973Z   sparse-checkout-cone-mode: true
2026-10-08T19:03:41.5319504Z   fetch-depth: 1
2026-10-08T19:03:41.5319948Z   fetch-tags: false
2026-10-08T19:03:41.5320400Z   show-progress: true
2026-10-08T19:03:41.5320843Z   lfs: false
2026-10-08T19:03:41.5321264Z   submodules: false
2026-10-08T19:03:41.5321715Z   set-safe-directory: true
2026-10-08T19:03:41.5322232Z   allow-unsafe-pr-checkout: false
2026-10-08T19:03:41.5323018Z ##[endgroup]
2026-10-08T19:03:41.6359491Z Syncing repository: Jacob-Met/RecallWeave
2026-10-08T19:03:41.6362309Z ##[group]Getting Git version info
2026-10-08T19:03:41.6363789Z Working directory is '/home/runner/work/RecallWeave/RecallWeave'
2026-10-08T19:03:41.6365599Z [command]/usr/bin/git version
2026-10-08T19:03:41.6434685Z git version 2.55.0
2026-10-08T19:03:41.6459007Z ##[endgroup]
2026-10-08T19:03:41.6483627Z Temporarily overriding HOME='/home/runner/work/_temp/1a69f78f-6f1f-44cc-9a4a-5806e7278cd1' before making global git config changes
2026-10-08T19:03:41.6485997Z Adding repository directory to the temporary git global config as a safe directory
2026-10-08T19:03:41.6493850Z [command]/usr/bin/git config --global --add safe.directory /home/runner/work/RecallWeave/RecallWeave
2026-10-08T19:03:41.6546853Z Deleting the contents of '/home/runner/work/RecallWeave/RecallWeave'
2026-10-08T19:03:41.6552325Z ##[group]Initializing the repository
2026-10-08T19:03:41.6557751Z [command]/usr/bin/git init /home/runner/work/RecallWeave/RecallWeave
2026-10-08T19:03:41.6678905Z hint: Using 'master' as the name for the initial branch. This default branch name
2026-10-08T19:03:41.6681944Z hint: will change to "main" in Git 3.0. To configure the initial branch name
2026-10-08T19:03:41.6684133Z hint: to use in all of your new repositories, which will suppress this warning,
2026-10-08T19:03:41.6686027Z hint: call:
2026-10-08T19:03:41.6687186Z hint:
2026-10-08T19:03:41.6688512Z hint: 	git config --global init.defaultBranch <name>
2026-10-08T19:03:41.6689989Z hint:
2026-10-08T19:03:41.6691348Z hint: Names commonly chosen instead of 'master' are 'main', 'trunk' and
2026-10-08T19:03:41.6693255Z hint: 'development'. The just-created branch can be renamed via this command:
2026-10-08T19:03:41.6695063Z hint:
2026-10-08T19:03:41.6696060Z hint: 	git branch -m <name>
2026-10-08T19:03:41.6697293Z hint:
2026-10-08T19:03:41.6698845Z hint: Disable this message with "git config set advice.defaultBranchName false"
2026-10-08T19:03:41.6701200Z Initialized empty Git repository in /home/runner/work/RecallWeave/RecallWeave/.git/
2026-10-08T19:03:41.6705117Z [command]/usr/bin/git remote add origin https://github.com/Jacob-Met/RecallWeave
2026-10-08T19:03:41.6754902Z ##[endgroup]
2026-10-08T19:03:41.6756121Z ##[group]Disabling automatic garbage collection
2026-10-08T19:03:41.6758897Z [command]/usr/bin/git config --local gc.auto 0
2026-10-08T19:03:41.6794204Z ##[endgroup]
2026-10-08T19:03:41.6795341Z ##[group]Setting up auth
2026-10-08T19:03:41.6801698Z [command]/usr/bin/git config --local --name-only --get-regexp core\.sshCommand
2026-10-08T19:03:41.6843007Z [command]/usr/bin/git submodule foreach --recursive sh -c "git config --local --name-only --get-regexp 'core\.sshCommand' && git config --local --unset-all 'core.sshCommand' || :"
2026-10-08T19:03:41.7270095Z [command]/usr/bin/git config --local --name-only --get-regexp http\.https\:\/\/github\.com\/\.extraheader
2026-10-08T19:03:41.7319214Z [command]/usr/bin/git submodule foreach --recursive sh -c "git config --local --name-only --get-regexp 'http\.https\:\/\/github\.com\/\.extraheader' && git config --local --unset-all 'http.https://github.com/.extraheader' || :"
2026-10-08T19:03:41.7548364Z [command]/usr/bin/git config --local --name-only --get-regexp ^includeIf\.gitdir:
2026-10-08T19:03:41.7587563Z [command]/usr/bin/git submodule foreach --recursive git config --local --show-origin --name-only --get-regexp remote.origin.url
2026-10-08T19:03:41.7819725Z [command]/usr/bin/git config --local http.https://github.com/.extraheader AUTHORIZATION: basic ***
2026-10-08T19:03:41.7867782Z ##[endgroup]
2026-10-08T19:03:41.7880642Z ##[group]Fetching the repository
2026-10-08T19:03:41.7882321Z [command]/usr/bin/git -c protocol.version=2 fetch --no-tags --prune --no-recurse-submodules --depth=1 origin +84d5a718c4075107dc2d0e13ba76e7cda4942532:refs/remotes/origin/main
2026-10-08T19:03:44.2740891Z From https://github.com/Jacob-Met/RecallWeave
2026-10-08T19:03:44.2743806Z  * [new ref]         84d5a718c4075107dc2d0e13ba76e7cda4942532 -> origin/main
2026-10-08T19:03:44.2749361Z ##[endgroup]
2026-10-08T19:03:44.2751559Z ##[group]Determining the checkout info
2026-10-08T19:03:44.2754978Z ##[endgroup]
2026-10-08T19:03:44.2759687Z [command]/usr/bin/git sparse-checkout disable
2026-10-08T19:03:44.2819924Z [command]/usr/bin/git config --local --unset-all extensions.worktreeConfig
2026-10-08T19:03:44.2853856Z ##[group]Checking out the ref
2026-10-08T19:03:44.2858254Z [command]/usr/bin/git checkout --progress --force -B main refs/remotes/origin/main
2026-10-08T19:03:44.6214232Z Switched to a new branch 'main'
2026-10-08T19:03:44.6219304Z branch 'main' set up to track 'origin/main'.
2026-10-08T19:03:44.6246525Z ##[endgroup]
2026-10-08T19:03:44.6291828Z [command]/usr/bin/git log -1 --format=%H
2026-10-08T19:03:44.6318499Z 84d5a718c4075107dc2d0e13ba76e7cda4942532
2026-10-08T19:03:44.6611650Z ##[group]Run actions/setup-node@49933ea5288caeca8642d1e84afbd3f7d6820020
2026-10-08T19:03:44.6612171Z with:
2026-10-08T19:03:44.6612408Z   node-version: 20
2026-10-08T19:03:44.6612670Z   always-auth: false
2026-10-08T19:03:44.6612928Z   check-latest: false
2026-10-08T19:03:44.6615957Z   token: ***
2026-10-08T19:03:44.6616239Z ##[endgroup]
2026-10-08T19:03:44.8269073Z Attempting to download 20...
2026-10-08T19:03:44.8438658Z (node:2273) [DEP0040] DeprecationWarning: The `punycode` module is deprecated. Please use a userland alternative instead.
2026-10-08T19:03:44.8440532Z (Use `node --trace-deprecation ...` to show where the warning was created)
2026-10-08T19:03:45.5333015Z Acquiring 20.20.2 - x64 from https://github.com/actions/node-versions/releases/download/20.20.2-23521894959/node-20.20.2-linux-x64.tar.gz
2026-10-08T19:03:45.9464530Z Extracting ...
2026-10-08T19:03:45.9586266Z [command]/usr/bin/tar xz --strip 1 --warning=no-unknown-keyword --overwrite -C /home/runner/work/_temp/27d91a81-ab77-4f0c-816f-9925ef42938e -f /home/runner/work/_temp/bfbb87a1-bef7-4788-9bc5-fa6ab8c116a3
2026-10-08T19:03:46.9590857Z Adding to the cache ...
2026-10-08T19:03:48.8658133Z ##[group]Environment details
2026-10-08T19:03:49.0930002Z node: v20.20.2
2026-10-08T19:03:49.0930551Z npm: 10.8.2
2026-10-08T19:03:49.0930983Z yarn: 1.22.22
2026-10-08T19:03:49.0931749Z ##[endgroup]
2026-10-08T19:03:49.1109091Z ##[group]Run node --test tests/*.test.mjs
2026-10-08T19:03:49.1109513Z [36;1mnode --test tests/*.test.mjs[0m
2026-10-08T19:03:49.1362948Z shell: /usr/bin/bash -e {0}
2026-10-08T19:03:49.1363343Z ##[endgroup]
2026-10-08T19:03:49.1941713Z TAP version 13
2026-10-08T19:03:49.2573384Z # Subtest: display orders retain every canonical option exactly once and are immutable
2026-10-08T19:03:49.2604814Z ok 1 - display orders retain every canonical option exactly once and are immutable
2026-10-08T19:03:49.2610573Z   ---
2026-10-08T19:03:49.2637331Z   duration_ms: 13.768343
2026-10-08T19:03:49.2673081Z   ...
2026-10-08T19:03:49.2705256Z # Subtest: a stable source replays an order and changed input can put the answer in every display position
2026-10-08T19:03:49.2707092Z ok 2 - a stable source replays an order and changed input can put the answer in every display position
2026-10-08T19:03:49.2708137Z   ---
2026-10-08T19:03:49.2708737Z   duration_ms: 0.973608
2026-10-08T19:03:49.2710499Z   ...
2026-10-08T19:03:49.2711842Z # Subtest: invalid counts or random values cannot produce duplicate, missing, or unaddressable choices
2026-10-08T19:03:49.2713845Z ok 3 - invalid counts or random values cannot produce duplicate, missing, or unaddressable choices
2026-10-08T19:03:49.2715173Z   ---
2026-10-08T19:03:49.2715785Z   duration_ms: 0.487781
2026-10-08T19:03:49.2716385Z   ...
2026-10-08T19:03:49.2717652Z # Subtest: varied displayed choices keep review, corrected practice and study notes tied to their original text
2026-10-08T19:03:49.2719571Z ok 4 - varied displayed choices keep review, corrected practice and study notes tied to their original text
2026-10-08T19:03:49.2720911Z   ---
2026-10-08T19:03:49.2721525Z   duration_ms: 17.165739
2026-10-08T19:03:49.2722178Z   ...
2026-10-08T19:03:49.2832474Z # Subtest: the direct-file author page is generated from all current author modules
2026-10-08T19:03:49.2854868Z ok 5 - the direct-file author page is generated from all current author modules
2026-10-08T19:03:49.2855846Z   ---
2026-10-08T19:03:49.2856235Z   duration_ms: 52.147217
2026-10-08T19:03:49.2856693Z   ...
2026-10-08T19:03:49.3069749Z # Subtest: the binary-search course round-trips through the published deck contract
2026-10-08T19:03:49.3071163Z ok 6 - the binary-search course round-trips through the published deck contract
2026-10-08T19:03:49.3084261Z   ---
2026-10-08T19:03:49.3086119Z   duration_ms: 3.172967
2026-10-08T19:03:49.3114345Z   ...
2026-10-08T19:03:49.3144714Z # Subtest: worked first-occurrence and absent examples agree with an independent linear partition
2026-10-08T19:03:49.3145911Z ok 7 - worked first-occurrence and absent examples agree with an independent linear partition
2026-10-08T19:03:49.3146602Z   ---
2026-10-08T19:03:49.3147103Z   duration_ms: 0.239908
2026-10-08T19:03:49.3147617Z   ...
2026-10-08T19:03:49.3148869Z # Subtest: midpoint and branch answers use the course’s half-open interval convention
2026-10-08T19:03:49.3150499Z ok 8 - midpoint and branch answers use the course’s half-open interval convention
2026-10-08T19:03:49.3173845Z   ---
2026-10-08T19:03:49.3174349Z   duration_ms: 0.268422
2026-10-08T19:03:49.3174766Z   ...
2026-10-08T19:03:49.3175589Z # Subtest: the worked trace and worst-case count follow strictly shrinking intervals
2026-10-08T19:03:49.3176808Z ok 9 - the worked trace and worst-case count follow strictly shrinking intervals
2026-10-08T19:03:49.3177574Z   ---
2026-10-08T19:03:49.3177972Z   duration_ms: 9.112461
2026-10-08T19:03:49.3178398Z   ...
2026-10-08T19:03:49.3179286Z # Subtest: the actual adaptive learner visits every new question and preserves worked feedback
2026-10-08T19:03:49.3180683Z ok 10 - the actual adaptive learner visits every new question and preserves worked feedback
2026-10-08T19:03:49.3181554Z   ---
2026-10-08T19:03:49.3181947Z   duration_ms: 14.89142
2026-10-08T19:03:49.3182388Z   ...
2026-10-08T19:03:49.3541437Z # Subtest: duplicate equality classifies a suffix while retaining the first possible boundary
2026-10-08T19:03:49.3555602Z ok 11 - duplicate equality classifies a suffix while retaining the first possible boundary
2026-10-08T19:03:49.3561991Z   ---
2026-10-08T19:03:49.3562704Z   duration_ms: 2.860354
2026-10-08T19:03:49.3563842Z   ...
2026-10-08T19:03:49.3565175Z # Subtest: empty, before-first and after-end results remain boundaries rather than invented elements
2026-10-08T19:03:49.3566901Z ok 12 - empty, before-first and after-end results remain boundaries rather than invented elements
2026-10-08T19:03:49.3568091Z   ---
2026-10-08T19:03:49.3568735Z   duration_ms: 0.409154
2026-10-08T19:03:49.3569427Z   ...
2026-10-08T19:03:49.3571045Z # Subtest: the guide’s two equal-length paths retain their different ordering-comparison counts
2026-10-08T19:03:49.3573006Z ok 13 - the guide’s two equal-length paths retain their different ordering-comparison counts
2026-10-08T19:03:49.3574485Z   ---
2026-10-08T19:03:49.3575130Z   duration_ms: 0.469878
2026-10-08T19:03:49.3575865Z   ...
2026-10-08T19:03:49.3577013Z # Subtest: a complete 32-value trace is detached and immutable without changing the caller
2026-10-08T19:03:49.3578633Z ok 14 - a complete 32-value trace is detached and immutable without changing the caller
2026-10-08T19:03:49.3579726Z   ---
2026-10-08T19:03:49.3580369Z   duration_ms: 1.74507
2026-10-08T19:03:49.3581052Z   ...
2026-10-08T19:03:49.3582199Z # Subtest: text admission preserves order, allows repeats and refuses an invalid current draft
2026-10-08T19:03:49.3584127Z ok 15 - text admission preserves order, allows repeats and refuses an invalid current draft
2026-10-08T19:03:49.3585219Z   ---
2026-10-08T19:03:49.3585843Z   duration_ms: 0.985882
2026-10-08T19:03:49.3586450Z   ...
2026-10-08T19:03:49.3589416Z # Subtest: every teaching preset is admitted and its complete record survives JSON transport
2026-10-08T19:03:49.3610268Z ok 16 - every teaching preset is admitted and its complete record survives JSON transport
2026-10-08T19:03:49.3616182Z   ---
2026-10-08T19:03:49.3616871Z   duration_ms: 1.154798
2026-10-08T19:03:49.3617487Z   ...
2026-10-08T19:03:49.4205500Z # Subtest: standalone build retains the original course and guide bytes exactly
2026-10-08T19:03:49.4207097Z ok 17 - standalone build retains the original course and guide bytes exactly
2026-10-08T19:03:49.4212768Z   ---
2026-10-08T19:03:49.4213293Z   duration_ms: 72.609246
2026-10-08T19:03:49.4214629Z   ...
2026-10-08T19:03:49.4337009Z # Subtest: the committed direct-file explorer exactly reproduces from its native modules and checked deck
2026-10-08T19:03:49.4385319Z ok 18 - the committed direct-file explorer exactly reproduces from its native modules and checked deck
2026-10-08T19:03:49.4444573Z   ---
2026-10-08T19:03:49.4485877Z   duration_ms: 5.914019
2026-10-08T19:03:49.4486411Z   ...
2026-10-08T19:03:49.4487354Z # Subtest: literal course content cannot close the embedded script and is retained byte-for-byte
2026-10-08T19:03:49.4488718Z ok 19 - literal course content cannot close the embedded script and is retained byte-for-byte
2026-10-08T19:03:49.4490097Z   ---
2026-10-08T19:03:49.4490484Z   duration_ms: 1.631818
2026-10-08T19:03:49.4490877Z   ...
2026-10-08T19:03:49.4491650Z # Subtest: builder refuses invalid decks and ambiguous template/source boundaries
2026-10-08T19:03:49.4492854Z ok 20 - builder refuses invalid decks and ambiguous template/source boundaries
2026-10-08T19:03:49.4493904Z   ---
2026-10-08T19:03:49.4494281Z   duration_ms: 2.089264
2026-10-08T19:03:49.4494662Z   ...
2026-10-08T19:03:49.4495567Z # Subtest: the original course is admitted by the unchanged deck validator with the fixed answer map
2026-10-08T19:03:49.4496932Z ok 21 - the original course is admitted by the unchanged deck validator with the fixed answer map
2026-10-08T19:03:49.4497731Z   ---
2026-10-08T19:03:49.4498082Z   duration_ms: 3.919943
2026-10-08T19:03:49.4498464Z   ...
2026-10-08T19:03:49.4499319Z # Subtest: independent finite assignments establish the nontrivial authored choice witnesses
2026-10-08T19:03:49.4500875Z ok 22 - independent finite assignments establish the nontrivial authored choice witnesses
2026-10-08T19:03:49.4501687Z   ---
2026-10-08T19:03:49.4502040Z   duration_ms: 0.785547
2026-10-08T19:03:49.4502446Z   ...
2026-10-08T19:03:49.4503774Z # Subtest: native selector → review → separate practice → archive/notes preserves the correct course trace
2026-10-08T19:03:49.4504761Z ok 23 - native selector → review → separate practice → archive/notes preserves the correct course trace
2026-10-08T19:03:49.4505262Z   ---
2026-10-08T19:03:49.4505496Z   duration_ms: 18.733397
2026-10-08T19:03:49.4505730Z   ...
2026-10-08T19:03:49.4506381Z # Subtest: native selector → review → separate practice → archive/notes preserves the missed course trace
2026-10-08T19:03:49.4507415Z ok 24 - native selector → review → separate practice → archive/notes preserves the missed course trace
2026-10-08T19:03:49.4507899Z   ---
2026-10-08T19:03:49.4508102Z   duration_ms: 5.468577
2026-10-08T19:03:49.4508325Z   ...
2026-10-08T19:03:49.4508968Z # Subtest: native selector → review → separate practice → archive/notes preserves the mixed course trace
2026-10-08T19:03:49.4509854Z ok 25 - native selector → review → separate practice → archive/notes preserves the mixed course trace
2026-10-08T19:03:49.4510326Z   ---
2026-10-08T19:03:49.4510529Z   duration_ms: 5.616663
2026-10-08T19:03:49.4510746Z   ...
2026-10-08T19:03:49.4511214Z # Subtest: all binary connectives match independently enumerated TT, TF, FT, FF columns
2026-10-08T19:03:49.4511911Z ok 26 - all binary connectives match independently enumerated TT, TF, FT, FF columns
2026-10-08T19:03:49.4512321Z   ---
2026-10-08T19:03:49.4512520Z   duration_ms: 5.644202
2026-10-08T19:03:49.4512742Z   ...
2026-10-08T19:03:49.4513197Z # Subtest: the union is alphabetical, complete and unique even with disjoint variables
2026-10-08T19:03:49.4514847Z ok 27 - the union is alphabetical, complete and unique even with disjoint variables
2026-10-08T19:03:49.4515716Z   ---
2026-10-08T19:03:49.4516119Z   duration_ms: 0.684629
2026-10-08T19:03:49.4516557Z   ...
2026-10-08T19:03:49.4517440Z # Subtest: precedence and grouping are explicit, and implication is right associative
2026-10-08T19:03:49.4518766Z ok 28 - precedence and grouping are explicit, and implication is right associative
2026-10-08T19:03:49.4519550Z   ---
2026-10-08T19:03:49.4519936Z   duration_ms: 0.632121
2026-10-08T19:03:49.4520365Z   ...
2026-10-08T19:03:49.4521170Z # Subtest: case, whitespace and parentheses preserve the same formal expression
2026-10-08T19:03:49.4522368Z ok 29 - case, whitespace and parentheses preserve the same formal expression
2026-10-08T19:03:49.4523106Z   ---
2026-10-08T19:03:49.4523724Z   duration_ms: 0.280544
2026-10-08T19:03:49.4524126Z   ...
2026-10-08T19:03:49.4525119Z # Subtest: equivalence is exhaustive; converse and incorrect De Morgan variants retain counterexamples
2026-10-08T19:03:49.4526607Z ok 30 - equivalence is exhaustive; converse and incorrect De Morgan variants retain counterexamples
2026-10-08T19:03:49.4527772Z   ---
2026-10-08T19:03:49.4528099Z   duration_ms: 0.855628
2026-10-08T19:03:49.4528487Z   ...
2026-10-08T19:03:49.4529398Z # Subtest: valid inference and affirming the consequent differ at a concrete full assignment
2026-10-08T19:03:49.4530714Z ok 31 - valid inference and affirming the consequent differ at a concrete full assignment
2026-10-08T19:03:49.4531518Z   ---
2026-10-08T19:03:49.4531902Z   duration_ms: 0.296795
2026-10-08T19:03:49.4532339Z   ...
2026-10-08T19:03:49.4533159Z # Subtest: constants have one empty assignment, and single-expression mode is distinct
2026-10-08T19:03:49.4534852Z ok 32 - constants have one empty assignment, and single-expression mode is distinct
2026-10-08T19:03:49.4535654Z   ---
2026-10-08T19:03:49.4536037Z   duration_ms: 0.28379
2026-10-08T19:03:49.4536455Z   ...
2026-10-08T19:03:49.4537488Z # Subtest: invalid edits refuse unknown words, partial expressions, code, HTML and unsupported notation
2026-10-08T19:03:49.4539032Z ok 33 - invalid edits refuse unknown words, partial expressions, code, HTML and unsupported notation
2026-10-08T19:03:49.4540192Z   ---
2026-10-08T19:03:49.4540612Z   duration_ms: 2.598314
2026-10-08T19:03:49.4541042Z   ...
2026-10-08T19:03:49.4542127Z # Subtest: boundary inputs admit declared limits and reject the next character, token, parenthesis or operator
2026-10-08T19:03:49.4544029Z ok 34 - boundary inputs admit declared limits and reject the next character, token, parenthesis or operator
2026-10-08T19:03:49.4545000Z   ---
2026-10-08T19:03:49.4545692Z   duration_ms: 1.216372
2026-10-08T19:03:49.4546162Z   ...
2026-10-08T19:03:49.4547112Z # Subtest: returned analysis is deeply immutable and subsequent calls do not alter prior results
2026-10-08T19:03:49.4548558Z ok 35 - returned analysis is deeply immutable and subsequent calls do not alter prior results
2026-10-08T19:03:49.4549665Z   ---
2026-10-08T19:03:49.4550096Z   duration_ms: 0.552001
2026-10-08T19:03:49.4550522Z   ...
2026-10-08T19:03:49.4551483Z # Subtest: CSV uses the current inputs, full union and every row regardless of any display filter
2026-10-08T19:03:49.4552882Z ok 36 - CSV uses the current inputs, full union and every row regardless of any display filter
2026-10-08T19:03:49.4554057Z   ---
2026-10-08T19:03:49.4554409Z   duration_ms: 0.614738
2026-10-08T19:03:49.4554800Z   ...
2026-10-08T19:03:49.4555841Z # Subtest: independent receiving columns challenge right grouping, stronger and, and an unused-in-output variable
2026-10-08T19:03:49.4557575Z ok 37 - independent receiving columns challenge right grouping, stronger and, and an unused-in-output variable
2026-10-08T19:03:49.4558489Z   ---
2026-10-08T19:03:49.4558838Z   duration_ms: 0.681924
2026-10-08T19:03:49.4559306Z   ...
2026-10-08T19:03:49.5332405Z # Subtest: literal text grammar keeps letters, digits and request multiplicity
2026-10-08T19:03:49.5354520Z ok 38 - literal text grammar keeps letters, digits and request multiplicity
2026-10-08T19:03:49.5374667Z   ---
2026-10-08T19:03:49.5424213Z   duration_ms: 1.881194
2026-10-08T19:03:49.5449691Z   ...
2026-10-08T19:03:49.5504752Z # Subtest: text refuses ambiguous tokens, case conversion and bounded overflows
2026-10-08T19:03:49.5534907Z ok 39 - text refuses ambiguous tokens, case conversion and bounded overflows
2026-10-08T19:03:49.5600363Z   ---
2026-10-08T19:03:49.5683251Z   duration_ms: 0.479256
2026-10-08T19:03:49.5729186Z   ...
2026-10-08T19:03:49.5754548Z # Subtest: core rejects unsupported capacity and unexpected outer fields
2026-10-08T19:03:49.5765182Z ok 40 - core rejects unsupported capacity and unexpected outer fields
2026-10-08T19:03:49.5765975Z   ---
2026-10-08T19:03:49.5766369Z   duration_ms: 0.772674
2026-10-08T19:03:49.5766767Z   ...
2026-10-08T19:03:49.5767863Z # Subtest: core refuses sparse arrays, attached metadata and nonliteral page values
2026-10-08T19:03:49.5769061Z ok 41 - core refuses sparse arrays, attached metadata and nonliteral page values
2026-10-08T19:03:49.5769769Z   ---
2026-10-08T19:03:49.5770123Z   duration_ms: 0.31026
2026-10-08T19:03:49.5770522Z   ...
2026-10-08T19:03:49.5797203Z # Subtest: FIFO complete trace keeps insertion order on a hit
2026-10-08T19:03:49.5798233Z ok 42 - FIFO complete trace keeps insertion order on a hit
2026-10-08T19:03:49.5798772Z   ---
2026-10-08T19:03:49.5799098Z   duration_ms: 0.526694
2026-10-08T19:03:49.5799454Z   ...
2026-10-08T19:03:49.5800194Z # Subtest: LRU complete trace refreshes recency and can lose this fixed comparison
2026-10-08T19:03:49.5801262Z ok 43 - LRU complete trace refreshes recency and can lose this fixed comparison
2026-10-08T19:03:49.5801900Z   ---
2026-10-08T19:03:49.5802211Z   duration_ms: 0.325568
2026-10-08T19:03:49.5802559Z   ...
2026-10-08T19:03:49.5803355Z # Subtest: the classic FIFO anomaly retains exact miss positions and capacity totals
2026-10-08T19:03:49.5804626Z ok 44 - the classic FIFO anomaly retains exact miss positions and capacity totals
2026-10-08T19:03:49.5805274Z   ---
2026-10-08T19:03:49.5805587Z   duration_ms: 0.481269
2026-10-08T19:03:49.5805934Z   ...
2026-10-08T19:03:49.5806949Z # Subtest: literal identity, capacity one and a loop that fits retain first-access misses
2026-10-08T19:03:49.5808130Z ok 45 - literal identity, capacity one and a loop that fits retain first-access misses
2026-10-08T19:03:49.5808818Z   ---
2026-10-08T19:03:49.5809133Z   duration_ms: 1.567128
2026-10-08T19:03:49.5809481Z   ...
2026-10-08T19:03:49.5810165Z # Subtest: empty input produces zero counts without a manufactured percentage
2026-10-08T19:03:49.5811162Z ok 46 - empty input produces zero counts without a manufactured percentage
2026-10-08T19:03:49.5811773Z   ---
2026-10-08T19:03:49.5812095Z   duration_ms: 0.743349
2026-10-08T19:03:49.5812444Z   ...
2026-10-08T19:03:49.5813154Z # Subtest: caller mutations cannot change retained input, earlier steps or totals
2026-10-08T19:03:49.5814571Z ok 47 - caller mutations cannot change retained input, earlier steps or totals
2026-10-08T19:03:49.5815418Z   ---
2026-10-08T19:03:49.5815737Z   duration_ms: 0.367246
2026-10-08T19:03:49.5816296Z   ...
2026-10-08T19:03:49.5817190Z # Subtest: every reachable result object is frozen and mutation attempts fail
2026-10-08T19:03:49.5818385Z ok 48 - every reachable result object is frozen and mutation attempts fail
2026-10-08T19:03:49.5819006Z   ---
2026-10-08T19:03:49.5819501Z   duration_ms: 0.58351
2026-10-08T19:03:49.5819856Z   ...
2026-10-08T19:03:49.5820807Z # Subtest: retained prefixes agree with fresh empty-start runs at each selected capacity
2026-10-08T19:03:49.5822129Z ok 49 - retained prefixes agree with fresh empty-start runs at each selected capacity
2026-10-08T19:03:49.5822957Z   ---
2026-10-08T19:03:49.5823280Z   duration_ms: 17.373939
2026-10-08T19:03:49.5823676Z   ...
2026-10-08T19:03:49.5824637Z # Subtest: state transitions conserve requests, slots and resident page identity
2026-10-08T19:03:49.5825884Z ok 50 - state transitions conserve requests, slots and resident page identity
2026-10-08T19:03:49.5826722Z   ---
2026-10-08T19:03:49.5827040Z   duration_ms: 1.132466
2026-10-08T19:03:49.5827579Z   ...
2026-10-08T19:03:49.5828334Z # Subtest: course is admitted by the unchanged importer and exact authoring round trip
2026-10-08T19:03:49.5830076Z ok 51 - course is admitted by the unchanged importer and exact authoring round trip
2026-10-08T19:03:49.5831078Z   ---
2026-10-08T19:03:49.5831429Z   duration_ms: 2.06089
2026-10-08T19:03:49.5831801Z   ...
2026-10-08T19:03:49.5832828Z # Subtest: course keeps its independently solved answer map and unique concept coverage
2026-10-08T19:03:49.5834232Z ok 52 - course keeps its independently solved answer map and unique concept coverage
2026-10-08T19:03:49.5835232Z   ---
2026-10-08T19:03:49.5835816Z   duration_ms: 0.54577
2026-10-08T19:03:49.5836194Z   ...
2026-10-08T19:03:49.5837327Z # Subtest: the real learner selector exhausts this deck once and preserves first tries during practice
2026-10-08T19:03:49.5838921Z ok 53 - the real learner selector exhausts this deck once and preserves first tries during practice
2026-10-08T19:03:49.5839923Z   ---
2026-10-08T19:03:49.5840459Z   duration_ms: 11.910701
2026-10-08T19:03:49.5841101Z   ...
2026-10-08T19:03:49.5842127Z # Subtest: standalone generation is deterministic and the committed file is current
2026-10-08T19:03:49.5843480Z ok 54 - standalone generation is deterministic and the committed file is current
2026-10-08T19:03:49.5844434Z   ---
2026-10-08T19:03:49.5844760Z   duration_ms: 41.021064
2026-10-08T19:03:49.5845353Z   ...
2026-10-08T19:03:49.5846437Z # Subtest: standalone course embedding preserves exact UTF-8 bytes and HTML-like lesson text
2026-10-08T19:03:49.5847939Z ok 55 - standalone course embedding preserves exact UTF-8 bytes and HTML-like lesson text
2026-10-08T19:03:49.5848905Z   ---
2026-10-08T19:03:49.5849225Z   duration_ms: 4.092385
2026-10-08T19:03:49.5850123Z   ...
2026-10-08T19:03:49.5850921Z # Subtest: builder fails closed when template or source import boundaries change
2026-10-08T19:03:49.5852484Z ok 56 - builder fails closed when template or source import boundaries change
2026-10-08T19:03:49.5853166Z   ---
2026-10-08T19:03:49.5853880Z   duration_ms: 1.84697
2026-10-08T19:03:49.5854256Z   ...
2026-10-08T19:03:49.6181939Z # Subtest: catalog keeps exact raw text and an immutable copy of checked metadata
2026-10-08T19:03:49.6184016Z ok 57 - catalog keeps exact raw text and an immutable copy of checked metadata
2026-10-08T19:03:49.6185083Z   ---
2026-10-08T19:03:49.6185679Z   duration_ms: 3.926466
2026-10-08T19:03:49.6186229Z   ...
2026-10-08T19:03:49.6187247Z # Subtest: curated paths reject traversal, external URLs, authoring sources and duplicates
2026-10-08T19:03:49.6188806Z ok 58 - curated paths reject traversal, external URLs, authoring sources and duplicates
2026-10-08T19:03:49.6189816Z   ---
2026-10-08T19:03:49.6190320Z   duration_ms: 1.630456
2026-10-08T19:03:49.6190847Z   ...
2026-10-08T19:03:49.6191808Z # Subtest: search uses title and concept substrings with stable order and trimmed case
2026-10-08T19:03:49.6193239Z ok 59 - search uses title and concept substrings with stable order and trimmed case
2026-10-08T19:03:49.6194486Z   ---
2026-10-08T19:03:49.6195026Z   duration_ms: 0.729453
2026-10-08T19:03:49.6195607Z   ...
2026-10-08T19:03:49.6196708Z # Subtest: standalone build matches checked-in HTML and embeds every original file unchanged
2026-10-08T19:03:49.6198281Z ok 60 - standalone build matches checked-in HTML and embeds every original file unchanged
2026-10-08T19:03:49.6199289Z   ---
2026-10-08T19:03:49.6199880Z   duration_ms: 47.333207
2026-10-08T19:03:49.6200464Z   ...
2026-10-08T19:03:49.6201523Z # Subtest: embedded course text cannot terminate the data script or become executable markup
2026-10-08T19:03:49.6203076Z ok 61 - embedded course text cannot terminate the data script or become executable markup
2026-10-08T19:03:49.6204363Z   ---
2026-10-08T19:03:49.6204876Z   duration_ms: 3.419558
2026-10-08T19:03:49.6205416Z   ...
2026-10-08T19:03:49.6206321Z # Subtest: builder refuses extra arguments before writing the generated page
2026-10-08T19:03:49.6207584Z ok 62 - builder refuses extra arguments before writing the generated page
2026-10-08T19:03:49.6208416Z   ---
2026-10-08T19:03:49.6208906Z   duration_ms: 64.288003
2026-10-08T19:03:49.6209475Z   ...
2026-10-08T19:03:49.6360825Z # Subtest: the standalone Lesson focus file matches its actual modular sources
2026-10-08T19:03:49.6362298Z ok 63 - the standalone Lesson focus file matches its actual modular sources
2026-10-08T19:03:49.6363034Z   ---
2026-10-08T19:03:49.6363738Z   duration_ms: 70.485046
2026-10-08T19:03:49.6364202Z   ...
2026-10-08T19:03:49.6705288Z # Subtest: all questions and both prerequisite branches survive a focused lesson
2026-10-08T19:03:49.6714584Z ok 64 - all questions and both prerequisite branches survive a focused lesson
2026-10-08T19:03:49.6734769Z   ---
2026-10-08T19:03:49.6735424Z   duration_ms: 6.249254
2026-10-08T19:03:49.6736098Z   ...
2026-10-08T19:03:49.6737208Z # Subtest: requested concepts remain explicit when they are also a prerequisite
2026-10-08T19:03:49.6738707Z ok 65 - requested concepts remain explicit when they are also a prerequisite
2026-10-08T19:03:49.6740185Z   ---
2026-10-08T19:03:49.6740814Z   duration_ms: 0.547343
2026-10-08T19:03:49.6741470Z   ...
2026-10-08T19:03:49.6742439Z # Subtest: clearing or changing targets never retains an earlier closure
2026-10-08T19:03:49.6744031Z ok 66 - clearing or changing targets never retains an earlier closure
2026-10-08T19:03:49.6744936Z   ---
2026-10-08T19:03:49.6745521Z   duration_ms: 1.002874
2026-10-08T19:03:49.6746203Z   ...
2026-10-08T19:03:49.6747171Z # Subtest: literal names, answer identities and immutable copied results
2026-10-08T19:03:49.6748533Z ok 67 - literal names, answer identities and immutable copied results
2026-10-08T19:03:49.6749471Z   ---
2026-10-08T19:03:49.6750057Z   duration_ms: 0.499253
2026-10-08T19:03:49.6750737Z   ...
2026-10-08T19:03:49.6751782Z # Subtest: invalid source, selection and title are refused before producing a lesson
2026-10-08T19:03:49.6753185Z ok 68 - invalid source, selection and title are refused before producing a lesson
2026-10-08T19:03:49.6754375Z   ---
2026-10-08T19:03:49.6754944Z   duration_ms: 1.690619
2026-10-08T19:03:49.6756160Z   ...
2026-10-08T19:03:49.6757216Z # Subtest: real supplied courses retain all content when all concepts are chosen
2026-10-08T19:03:49.6758541Z ok 69 - real supplied courses retain all content when all concepts are chosen
2026-10-08T19:03:49.6759457Z   ---
2026-10-08T19:03:49.6759980Z   duration_ms: 5.75898
2026-10-08T19:03:49.6760492Z   ...
2026-10-08T19:03:49.6828792Z # Subtest: compact output fits the real file limit and an oversized result is refused
2026-10-08T19:03:49.6830443Z ok 70 - compact output fits the real file limit and an oversized result is refused
2026-10-08T19:03:49.6831522Z   ---
2026-10-08T19:03:49.6832185Z   duration_ms: 13.094021
2026-10-08T19:03:49.6832903Z   ...
2026-10-08T19:03:49.7205335Z # Subtest: the direct-file handout page is generated from the current validator, document and UI sources
2026-10-08T19:03:49.7234643Z ok 71 - the direct-file handout page is generated from the current validator, document and UI sources
2026-10-08T19:03:49.7315562Z   ---
2026-10-08T19:03:49.7353734Z   duration_ms: 57.823604
2026-10-08T19:03:49.7360084Z   ...
2026-10-08T19:03:49.7565202Z # Subtest: worksheet projection contains only original public question fields in canonical order
2026-10-08T19:03:49.7586179Z ok 72 - worksheet projection contains only original public question fields in canonical order
2026-10-08T19:03:49.7655422Z   ---
2026-10-08T19:03:49.7656245Z   duration_ms: 4.41062
2026-10-08T19:03:49.7656893Z   ...
2026-10-08T19:03:49.7658059Z # Subtest: separate answer key maps B, A and F to the original two, four and six option arrays
2026-10-08T19:03:49.7659654Z ok 73 - separate answer key maps B, A and F to the original two, four and six option arrays
2026-10-08T19:03:49.7660608Z   ---
2026-10-08T19:03:49.7661134Z   duration_ms: 0.539919
2026-10-08T19:03:49.7661726Z   ...
2026-10-08T19:03:49.7662742Z # Subtest: projection is a frozen snapshot and cannot mutate or alias the selected deck
2026-10-08T19:03:49.7664646Z ok 74 - projection is a frozen snapshot and cannot mutate or alias the selected deck
2026-10-08T19:03:49.7665611Z   ---
2026-10-08T19:03:49.7666207Z   duration_ms: 1.622621
2026-10-08T19:03:49.7666868Z   ...
2026-10-08T19:03:49.7667990Z # Subtest: downloaded worksheet JSON and HTML omit authored answers and explanations
2026-10-08T19:03:49.7669453Z ok 75 - downloaded worksheet JSON and HTML omit authored answers and explanations
2026-10-08T19:03:49.7670444Z   ---
2026-10-08T19:03:49.7671050Z   duration_ms: 1.315046
2026-10-08T19:03:49.7671667Z   ...
2026-10-08T19:03:49.7672733Z # Subtest: downloaded answer key carries exact authored answers, explanations and credit
2026-10-08T19:03:49.7674558Z ok 76 - downloaded answer key carries exact authored answers, explanations and credit
2026-10-08T19:03:49.7675568Z   ---
2026-10-08T19:03:49.7676191Z   duration_ms: 0.889922
2026-10-08T19:03:49.7676841Z   ...
2026-10-08T19:03:49.7678172Z # Subtest: literal Unicode, markup, line endings and script delimiters survive JSON without becoming executable markup
2026-10-08T19:03:49.7680670Z ok 77 - literal Unicode, markup, line endings and script delimiters survive JSON without becoming executable markup
2026-10-08T19:03:49.7681941Z   ---
2026-10-08T19:03:49.7682579Z   duration_ms: 3.228291
2026-10-08T19:03:49.7683222Z   ...
2026-10-08T19:03:49.7684544Z # Subtest: real Deck studio checked downloads retain reordered questions and answer identity
2026-10-08T19:03:49.7686139Z ok 78 - real Deck studio checked downloads retain reordered questions and answer identity
2026-10-08T19:03:49.7687203Z   ---
2026-10-08T19:03:49.7687751Z   duration_ms: 1.588507
2026-10-08T19:03:49.7688325Z   ...
2026-10-08T19:03:49.7689349Z # Subtest: real parser rejects malformed, unsupported and oversized local deck input
2026-10-08T19:03:49.7690834Z ok 79 - real parser rejects malformed, unsupported and oversized local deck input
2026-10-08T19:03:49.7691844Z   ---
2026-10-08T19:03:49.7692410Z   duration_ms: 1.726616
2026-10-08T19:03:49.7693089Z   ...
2026-10-08T19:03:49.7694902Z # Subtest: handout creation refuses invalid deck answers instead of producing an untrustworthy key
2026-10-08T19:03:49.7696684Z ok 80 - handout creation refuses invalid deck answers instead of producing an untrustworthy key
2026-10-08T19:03:49.7697794Z   ---
2026-10-08T19:03:49.7698416Z   duration_ms: 0.75995
2026-10-08T19:03:49.7699029Z   ...
2026-10-08T19:03:49.7700171Z # Subtest: document modes are explicit and invalid choices never silently produce an answer key
2026-10-08T19:03:49.7701798Z ok 81 - document modes are explicit and invalid choices never silently produce an answer key
2026-10-08T19:03:49.7702867Z   ---
2026-10-08T19:03:49.7703410Z   duration_ms: 0.820222
2026-10-08T19:03:49.7704434Z   ...
2026-10-08T19:03:49.7705331Z # Subtest: worksheet and key filenames are distinct bounded local names
2026-10-08T19:03:49.7706656Z ok 82 - worksheet and key filenames are distinct bounded local names
2026-10-08T19:03:49.7707533Z   ---
2026-10-08T19:03:49.7708179Z   duration_ms: 0.474185
2026-10-08T19:03:49.7708821Z   ...
2026-10-08T19:03:49.7709905Z # Subtest: repeat exports are deterministic and leave the original selected JSON unchanged
2026-10-08T19:03:49.7711473Z ok 83 - repeat exports are deterministic and leave the original selected JSON unchanged
2026-10-08T19:03:49.7712544Z   ---
2026-10-08T19:03:49.7713133Z   duration_ms: 0.649954
2026-10-08T19:03:49.7714111Z   ...
2026-10-08T19:03:49.7951533Z # Subtest: the existing contract admits twelve original items across four connected concepts
2026-10-08T19:03:49.7956886Z ok 84 - the existing contract admits twelve original items across four connected concepts
2026-10-08T19:03:49.7957932Z   ---
2026-10-08T19:03:49.7958569Z   duration_ms: 3.70443
2026-10-08T19:03:49.7959180Z   ...
2026-10-08T19:03:49.7962213Z # Subtest: canonical correct positions are balanced without a universal longest-answer cue
2026-10-08T19:03:49.7965954Z ok 85 - canonical correct positions are balanced without a universal longest-answer cue
2026-10-08T19:03:49.7976423Z   ---
2026-10-08T19:03:49.8010574Z   duration_ms: 0.421077
2026-10-08T19:03:49.8035584Z   ...
2026-10-08T19:03:49.8063923Z # Subtest: the answer key matches independently worked charge, connection and power values
2026-10-08T19:03:49.8072359Z ok 86 - the answer key matches independently worked charge, connection and power values
2026-10-08T19:03:49.8073849Z   ---
2026-10-08T19:03:49.8074220Z   duration_ms: 0.436245
2026-10-08T19:03:49.8074602Z   ...
2026-10-08T19:03:49.8075484Z # Subtest: existing selection, review, separate retries and study notes retain every course item
2026-10-08T19:03:49.8076715Z ok 87 - existing selection, review, separate retries and study notes retain every course item
2026-10-08T19:03:49.8077470Z   ---
2026-10-08T19:03:49.8077783Z   duration_ms: 16.621422
2026-10-08T19:03:49.8078139Z   ...
2026-10-08T19:03:49.8078962Z # Subtest: the direct-file artifact rebuilds exactly and embeds the original course bytes
2026-10-08T19:03:49.8080198Z ok 88 - the direct-file artifact rebuilds exactly and embeds the original course bytes
2026-10-08T19:03:49.8081313Z   ---
2026-10-08T19:03:49.8081667Z   duration_ms: 3.876231
2026-10-08T19:03:49.8082072Z   ...
2026-10-08T19:03:49.8370454Z # Subtest: 12 V across 100 and 200 ohms agrees with independently worked branch values
2026-10-08T19:03:49.8386872Z ok 89 - 12 V across 100 and 200 ohms agrees with independently worked branch values
2026-10-08T19:03:49.8418043Z   ---
2026-10-08T19:03:49.8418400Z   duration_ms: 2.552819
2026-10-08T19:03:49.8418657Z   ...
2026-10-08T19:03:49.8421813Z # Subtest: zero voltage has finite equivalent resistance and zero current and power
2026-10-08T19:03:49.8423952Z ok 90 - zero voltage has finite equivalent resistance and zero current and power
2026-10-08T19:03:49.8424728Z   ---
2026-10-08T19:03:49.8425084Z   duration_ms: 0.376303
2026-10-08T19:03:49.8425459Z   ...
2026-10-08T19:03:49.8426368Z # Subtest: charge, loop-voltage and power relationships hold throughout a deterministic input grid
2026-10-08T19:03:49.8428192Z ok 91 - charge, loop-voltage and power relationships hold throughout a deterministic input grid
2026-10-08T19:03:49.8429038Z   ---
2026-10-08T19:03:49.8429382Z   duration_ms: 6.725945
2026-10-08T19:03:49.8429756Z   ...
2026-10-08T19:03:49.8430501Z # Subtest: permuting resistors swaps their values without changing source behavior
2026-10-08T19:03:49.8431634Z ok 92 - permuting resistors swaps their values without changing source behavior
2026-10-08T19:03:49.8432482Z   ---
2026-10-08T19:03:49.8432909Z   duration_ms: 0.361555
2026-10-08T19:03:49.8433363Z   ...
2026-10-08T19:03:49.8434476Z # Subtest: a branch change and a voltage change preserve the stated ideal-source assumptions
2026-10-08T19:03:49.8435711Z ok 93 - a branch change and a voltage change preserve the stated ideal-source assumptions
2026-10-08T19:03:49.8436438Z   ---
2026-10-08T19:03:49.8436762Z   duration_ms: 0.295662
2026-10-08T19:03:49.8437119Z   ...
2026-10-08T19:03:49.8438053Z # Subtest: equal resistors use four times as much total power in parallel at fixed nonzero voltage
2026-10-08T19:03:49.8439901Z ok 94 - equal resistors use four times as much total power in parallel at fixed nonzero voltage
2026-10-08T19:03:49.8441407Z   ---
2026-10-08T19:03:49.8442016Z   duration_ms: 0.308617
2026-10-08T19:03:49.8442638Z   ...
2026-10-08T19:03:49.8444066Z # Subtest: model refuses missing, coerced, nonfinite and out-of-domain parameters
2026-10-08T19:03:49.8445565Z ok 95 - model refuses missing, coerced, nonfinite and out-of-domain parameters
2026-10-08T19:03:49.8446544Z   ---
2026-10-08T19:03:49.8447129Z   duration_ms: 1.512435
2026-10-08T19:03:49.8447802Z   ...
2026-10-08T19:03:49.8448824Z # Subtest: text edits require explicit decimal values and never turn a blank into zero
2026-10-08T19:03:49.8450169Z ok 96 - text edits require explicit decimal values and never turn a blank into zero
2026-10-08T19:03:49.8451049Z   ---
2026-10-08T19:03:49.8451559Z   duration_ms: 0.854737
2026-10-08T19:03:49.8452141Z   ...
2026-10-08T19:03:49.8453235Z # Subtest: results are independent immutable snapshots of their input parameters
2026-10-08T19:03:49.8454914Z ok 97 - results are independent immutable snapshots of their input parameters
2026-10-08T19:03:49.8455784Z   ---
2026-10-08T19:03:49.8456283Z   duration_ms: 0.529409
2026-10-08T19:03:49.8456814Z   ...
2026-10-08T19:03:49.8466188Z # Subtest: CSV keeps both modes, physical units and full numeric precision
2026-10-08T19:03:49.8484500Z ok 98 - CSV keeps both modes, physical units and full numeric precision
2026-10-08T19:03:49.8504354Z   ---
2026-10-08T19:03:49.8509088Z   duration_ms: 2.404001
2026-10-08T19:03:49.8509816Z   ...
2026-10-08T19:03:50.2874646Z # Subtest: unfinished and completely empty drafts save without claiming lesson validity
2026-10-08T19:03:50.2904524Z ok 99 - unfinished and completely empty drafts save without claiming lesson validity
2026-10-08T19:03:50.2964024Z   ---
2026-10-08T19:03:50.2984464Z   duration_ms: 6.847893
2026-10-08T19:03:50.2994383Z   ...
2026-10-08T19:03:50.2995752Z # Subtest: duplicate text, cyclic and self prerequisites, and unfinished selections survive for repair
2026-10-08T19:03:50.2997711Z ok 100 - duplicate text, cyclic and self prerequisites, and unfinished selections survive for repair
2026-10-08T19:03:50.2998707Z   ---
2026-10-08T19:03:50.2999117Z   duration_ms: 2.114531
2026-10-08T19:03:50.2999551Z   ...
2026-10-08T19:03:50.3000567Z # Subtest: ready imported lessons retain public IDs, ordered content, answer identity and checked bytes
2026-10-08T19:03:50.3002153Z ok 101 - ready imported lessons retain public IDs, ordered content, answer identity and checked bytes
2026-10-08T19:03:50.3003033Z   ---
2026-10-08T19:03:50.3003403Z   duration_ms: 2.127865
2026-10-08T19:03:50.3004061Z   ...
2026-10-08T19:03:50.3005089Z # Subtest: canonical private keys recover near-limit counters without changing public IDs or live state
2026-10-08T19:03:50.3006595Z ok 102 - canonical private keys recover near-limit counters without changing public IDs or live state
2026-10-08T19:03:50.3007466Z   ---
2026-10-08T19:03:50.3007821Z   duration_ms: 1.096228
2026-10-08T19:03:50.3008442Z   ...
2026-10-08T19:03:50.3009250Z # Subtest: staged drafts are deeply frozen and replacement copies remain editable
2026-10-08T19:03:50.3010449Z ok 103 - staged drafts are deeply frozen and replacement copies remain editable
2026-10-08T19:03:50.3011174Z   ---
2026-10-08T19:03:50.3011525Z   duration_ms: 1.372053
2026-10-08T19:03:50.3011912Z   ...
2026-10-08T19:03:50.3012928Z # Subtest: missing or ambiguous internal references, malformed shape and unsafe counters refuse before admission
2026-10-08T19:03:50.3014897Z ok 104 - missing or ambiguous internal references, malformed shape and unsafe counters refuse before admission
2026-10-08T19:03:50.3015942Z   ---
2026-10-08T19:03:50.3016291Z   duration_ms: 3.422093
2026-10-08T19:03:50.3016828Z   ...
2026-10-08T19:03:50.3017581Z # Subtest: only recognized editor fields cross the draft boundary
2026-10-08T19:03:50.3044729Z ok 105 - only recognized editor fields cross the draft boundary
2026-10-08T19:03:50.3045419Z   ---
2026-10-08T19:03:50.3045827Z   duration_ms: 0.517236
2026-10-08T19:03:50.3046263Z   ...
2026-10-08T19:03:50.3047197Z # Subtest: a lesson larger than its admission limit can be saved as a draft and repaired later
2026-10-08T19:03:50.3048556Z ok 106 - a lesson larger than its admission limit can be saved as a draft and repaired later
2026-10-08T19:03:50.3049423Z   ---
2026-10-08T19:03:50.3049817Z   duration_ms: 16.964993
2026-10-08T19:03:50.3050254Z   ...
2026-10-08T19:03:50.3051212Z # Subtest: draft size limits count actual UTF-8 bytes and failed saving leaves writing intact
2026-10-08T19:03:50.3052668Z ok 107 - draft size limits count actual UTF-8 bytes and failed saving leaves writing intact
2026-10-08T19:03:50.3083867Z   ---
2026-10-08T19:03:50.3084449Z   duration_ms: 70.093696
2026-10-08T19:03:50.3084993Z   ...
2026-10-08T19:03:50.3086091Z # Subtest: compact drafts remain saveable near and exactly at the byte limit without added whitespace
2026-10-08T19:03:50.3087792Z ok 108 - compact drafts remain saveable near and exactly at the byte limit without added whitespace
2026-10-08T19:03:50.3088776Z   ---
2026-10-08T19:03:50.3089230Z   duration_ms: 304.238046
2026-10-08T19:03:50.3089759Z   ...
2026-10-08T19:03:50.3090765Z # Subtest: a file whose canonical private keys exceed the saved limit is refused before admission
2026-10-08T19:03:50.3092326Z ok 109 - a file whose canonical private keys exceed the saved limit is refused before admission
2026-10-08T19:03:50.3093294Z   ---
2026-10-08T19:03:50.3093976Z   duration_ms: 52.283654
2026-10-08T19:03:50.3094441Z   ...
2026-10-08T19:03:50.3279702Z # Subtest: a valid deck stages without touching authored text and commits once with full immutable content
2026-10-08T19:03:50.3334844Z ok 110 - a valid deck stages without touching authored text and commits once with full immutable content
2026-10-08T19:03:50.3368975Z   ---
2026-10-08T19:03:50.3369983Z   duration_ms: 11.146246
2026-10-08T19:03:50.3370612Z   ...
2026-10-08T19:03:50.3372117Z # Subtest: invalid JSON, invalid answer, oversized file and unreadable file preserve the draft and allow retry
2026-10-08T19:03:50.3374183Z ok 111 - invalid JSON, invalid answer, oversized file and unreadable file preserve the draft and allow retry
2026-10-08T19:03:50.3375260Z   ---
2026-10-08T19:03:50.3375760Z   duration_ms: 7.002421
2026-10-08T19:03:50.3376384Z   ...
2026-10-08T19:03:50.3377569Z # Subtest: unfinished and cyclic draft files stage visibly and replace once with an immutable editable state
2026-10-08T19:03:50.3379287Z ok 112 - unfinished and cyclic draft files stage visibly and replace once with an immutable editable state
2026-10-08T19:03:50.3380348Z   ---
2026-10-08T19:03:50.3380849Z   duration_ms: 2.824266
2026-10-08T19:03:50.3381355Z   ...
2026-10-08T19:03:50.3382389Z # Subtest: a draft suffix cannot admit an oversized lesson deck through the larger draft-file limit
2026-10-08T19:03:50.3384250Z ok 113 - a draft suffix cannot admit an oversized lesson deck through the larger draft-file limit
2026-10-08T19:03:50.3385259Z   ---
2026-10-08T19:03:50.3386072Z   duration_ms: 5.713003
2026-10-08T19:03:50.3386709Z   ...
2026-10-08T19:03:50.3387848Z # Subtest: malformed and unsupported editable drafts preserve the old draft and retire pending previews
2026-10-08T19:03:50.3389554Z ok 114 - malformed and unsupported editable drafts preserve the old draft and retire pending previews
2026-10-08T19:03:50.3390615Z   ---
2026-10-08T19:03:50.3391087Z   duration_ms: 4.422472
2026-10-08T19:03:50.3391591Z   ...
2026-10-08T19:03:50.3392586Z # Subtest: newest selected format wins across slow draft-to-deck and deck-to-draft reads
2026-10-08T19:03:50.3394568Z ok 115 - newest selected format wins across slow draft-to-deck and deck-to-draft reads
2026-10-08T19:03:50.3395499Z   ---
2026-10-08T19:03:50.3395943Z   duration_ms: 4.242796
2026-10-08T19:03:50.3396410Z   ...
2026-10-08T19:03:50.3397376Z # Subtest: explicit Keep current draft clears staged replacement and restores the open control focus
2026-10-08T19:03:50.3398983Z ok 116 - explicit Keep current draft clears staged replacement and restores the open control focus
2026-10-08T19:03:50.3399942Z   ---
2026-10-08T19:03:50.3400383Z   duration_ms: 1.212685
2026-10-08T19:03:50.3400879Z   ...
2026-10-08T19:03:50.3401867Z # Subtest: opening another chooser invalidates its old preview even when the chooser is cancelled
2026-10-08T19:03:50.3403400Z ok 117 - opening another chooser invalidates its old preview even when the chooser is cancelled
2026-10-08T19:03:50.3404605Z   ---
2026-10-08T19:03:50.3405048Z   duration_ms: 1.741273
2026-10-08T19:03:50.3405510Z   ...
2026-10-08T19:03:50.3406297Z # Subtest: a newer valid choice wins over an earlier slow success or failure
2026-10-08T19:03:50.3407432Z ok 118 - a newer valid choice wins over an earlier slow success or failure
2026-10-08T19:03:50.3408224Z   ---
2026-10-08T19:03:50.3408662Z   duration_ms: 2.718238
2026-10-08T19:03:50.3409150Z   ...
2026-10-08T19:03:50.3410073Z # Subtest: cancelled or empty file selection prevents a late read from reopening a preview
2026-10-08T19:03:50.3411430Z ok 119 - cancelled or empty file selection prevents a late read from reopening a preview
2026-10-08T19:03:50.3412303Z   ---
2026-10-08T19:03:50.3412733Z   duration_ms: 1.767191
2026-10-08T19:03:50.3413197Z   ...
2026-10-08T19:03:50.3414250Z # Subtest: invalid newer files invalidate an earlier pending or staged valid deck
2026-10-08T19:03:50.3415473Z ok 120 - invalid newer files invalidate an earlier pending or staged valid deck
2026-10-08T19:03:50.3416293Z   ---
2026-10-08T19:03:50.3416761Z   duration_ms: 1.918293
2026-10-08T19:03:50.3417246Z   ...
2026-10-08T19:03:50.3418328Z # Subtest: undo restores all writing while clearing only references to deliberately removed concepts
2026-10-08T19:03:50.3419844Z ok 121 - undo restores all writing while clearing only references to deliberately removed concepts
2026-10-08T19:03:50.3420775Z   ---
2026-10-08T19:03:50.3421219Z   duration_ms: 3.193065
2026-10-08T19:03:50.3421701Z   ...
2026-10-08T19:03:50.3423032Z # Subtest: undo retains known selections and even unfinished self links while removing a missing prerequisite
2026-10-08T19:03:50.3425100Z ok 122 - undo retains known selections and even unfinished self links while removing a missing prerequisite
2026-10-08T19:03:50.3426266Z   ---
2026-10-08T19:03:50.3426778Z   duration_ms: 0.298949
2026-10-08T19:03:50.3427303Z   ...
2026-10-08T19:03:50.3428129Z # Subtest: blank editor requires authored metadata and a deliberate answer
2026-10-08T19:03:50.3429407Z ok 123 - blank editor requires authored metadata and a deliberate answer
2026-10-08T19:03:50.3430355Z   ---
2026-10-08T19:03:50.3430827Z   duration_ms: 5.327883
2026-10-08T19:03:50.3431351Z   ...
2026-10-08T19:03:50.3432457Z # Subtest: opening a validated lesson makes an independent editable draft and preserves IDs and literals
2026-10-08T19:03:50.3434307Z ok 124 - opening a validated lesson makes an independent editable draft and preserves IDs and literals
2026-10-08T19:03:50.3435406Z   ---
2026-10-08T19:03:50.3435930Z   duration_ms: 1.362686
2026-10-08T19:03:50.3436560Z   ...
2026-10-08T19:03:50.3437773Z # Subtest: correctness follows an option when moved or when a preceding option is removed
2026-10-08T19:03:50.3439236Z ok 125 - correctness follows an option when moved or when a preceding option is removed
2026-10-08T19:03:50.3440160Z   ---
2026-10-08T19:03:50.3440659Z   duration_ms: 1.173593
2026-10-08T19:03:50.3441141Z   ...
2026-10-08T19:03:50.3441908Z # Subtest: option limits refuse without deleting text or changing the answer
2026-10-08T19:03:50.3443053Z ok 126 - option limits refuse without deleting text or changing the answer
2026-10-08T19:03:50.3444184Z   ---
2026-10-08T19:03:50.3444660Z   duration_ms: 0.929767
2026-10-08T19:03:50.3445151Z   ...
2026-10-08T19:03:50.3446260Z # Subtest: concept renaming updates question and prerequisite references while used deletion is refused
2026-10-08T19:03:50.3447976Z ok 127 - concept renaming updates question and prerequisite references while used deletion is refused
2026-10-08T19:03:50.3449037Z   ---
2026-10-08T19:03:50.3449532Z   duration_ms: 0.634024
2026-10-08T19:03:50.3450061Z   ...
2026-10-08T19:03:50.3451027Z # Subtest: cycles, uncovered concepts and duplicate answer text remain repairable drafts
2026-10-08T19:03:50.3452504Z ok 128 - cycles, uncovered concepts and duplicate answer text remain repairable drafts
2026-10-08T19:03:50.3453424Z   ---
2026-10-08T19:03:50.3454182Z   duration_ms: 0.842735
2026-10-08T19:03:50.3454684Z   ...
2026-10-08T19:03:50.3455728Z # Subtest: question reordering and undo restore the removed question without rolling back later edits
2026-10-08T19:03:50.3457369Z ok 129 - question reordering and undo restore the removed question without rolling back later edits
2026-10-08T19:03:50.3458342Z   ---
2026-10-08T19:03:50.3458833Z   duration_ms: 1.772391
2026-10-08T19:03:50.3459372Z   ...
2026-10-08T19:03:50.3460182Z # Subtest: new question IDs do not overwrite IDs from an opened deck
2026-10-08T19:03:50.3461283Z ok 130 - new question IDs do not overwrite IDs from an opened deck
2026-10-08T19:03:50.3462045Z   ---
2026-10-08T19:03:50.3462536Z   duration_ms: 0.600722
2026-10-08T19:03:50.3463958Z   ...
2026-10-08T19:03:50.3465015Z # Subtest: checked snapshots are immutable, deterministic, and separate from later draft edits
2026-10-08T19:03:50.3467554Z ok 131 - checked snapshots are immutable, deterministic, and separate from later draft edits
2026-10-08T19:03:50.3468432Z   ---
2026-10-08T19:03:50.3468778Z   duration_ms: 0.693636
2026-10-08T19:03:50.3469143Z   ...
2026-10-08T19:03:50.3470049Z # Subtest: individually valid multibyte content cannot export a file larger than the importer admits
2026-10-08T19:03:50.3471422Z ok 132 - individually valid multibyte content cannot export a file larger than the importer admits
2026-10-08T19:03:50.3472198Z   ---
2026-10-08T19:03:50.3472529Z   duration_ms: 11.633934
2026-10-08T19:03:50.3472894Z   ...
2026-10-08T19:03:50.3473394Z # Subtest: download filenames are bounded local names
2026-10-08T19:03:50.3474598Z ok 133 - download filenames are bounded local names
2026-10-08T19:03:50.3475119Z   ---
2026-10-08T19:03:50.3475434Z   duration_ms: 0.496958
2026-10-08T19:03:50.3475783Z   ...
2026-10-08T19:03:50.3476456Z # Subtest: the existing bundled deck imports unchanged without a format field
2026-10-08T19:03:50.3477508Z ok 134 - the existing bundled deck imports unchanged without a format field
2026-10-08T19:03:50.3478158Z   ---
2026-10-08T19:03:50.3478498Z   duration_ms: 3.98244
2026-10-08T19:03:50.3478863Z   ...
2026-10-08T19:03:50.3479621Z # Subtest: a deck is an immutable copy, and unknown fields cannot configure the runtime
2026-10-08T19:03:50.3480749Z ok 135 - a deck is an immutable copy, and unknown fields cannot configure the runtime
2026-10-08T19:03:50.3481424Z   ---
2026-10-08T19:03:50.3481742Z   duration_ms: 0.945666
2026-10-08T19:03:50.3482102Z   ...
2026-10-08T19:03:50.3482953Z # Subtest: malformed JSON, unsupported versions and wrong top-level values give actionable errors
2026-10-08T19:03:50.3484753Z ok 136 - malformed JSON, unsupported versions and wrong top-level values give actionable errors
2026-10-08T19:03:50.3485570Z   ---
2026-10-08T19:03:50.3485895Z   duration_ms: 0.464488
2026-10-08T19:03:50.3486274Z   ...
2026-10-08T19:03:50.3487054Z # Subtest: JSON byte limit counts multibyte text and accepts the exact boundary
2026-10-08T19:03:50.3488200Z ok 137 - JSON byte limit counts multibyte text and accepts the exact boundary
2026-10-08T19:03:50.3489029Z   ---
2026-10-08T19:03:50.3489364Z   duration_ms: 3.568256
2026-10-08T19:03:50.3489724Z   ...
2026-10-08T19:03:50.3490420Z # Subtest: required readable metadata and bounded question fields are validated
2026-10-08T19:03:50.3491484Z ok 138 - required readable metadata and bounded question fields are validated
2026-10-08T19:03:50.3492136Z   ---
2026-10-08T19:03:50.3492454Z   duration_ms: 2.531539
2026-10-08T19:03:50.3492820Z   ...
2026-10-08T19:03:50.3493827Z # Subtest: empty and oversized collections and duplicate identities are refused
2026-10-08T19:03:50.3494935Z ok 139 - empty and oversized collections and duplicate identities are refused
2026-10-08T19:03:50.3495598Z   ---
2026-10-08T19:03:50.3495920Z   duration_ms: 0.716328
2026-10-08T19:03:50.3496279Z   ...
2026-10-08T19:03:50.3496975Z # Subtest: every question and prerequisite must name a known covered concept
2026-10-08T19:03:50.3497993Z ok 140 - every question and prerequisite must name a known covered concept
2026-10-08T19:03:50.3498624Z   ---
2026-10-08T19:03:50.3498960Z   duration_ms: 0.39611
2026-10-08T19:03:50.3499321Z   ...
2026-10-08T19:03:50.3500076Z # Subtest: self-requirements and concept cycles across different questions are refused
2026-10-08T19:03:50.3501288Z ok 141 - self-requirements and concept cycles across different questions are refused
2026-10-08T19:03:50.3501990Z   ---
2026-10-08T19:03:50.3502315Z   duration_ms: 0.396882
2026-10-08T19:03:50.3502676Z   ...
2026-10-08T19:03:50.3503638Z # Subtest: choices require distinct readable options and an actual integer answer index
2026-10-08T19:03:50.3504825Z ok 142 - choices require distinct readable options and an actual integer answer index
2026-10-08T19:03:50.3505531Z   ---
2026-10-08T19:03:50.3505837Z   duration_ms: 0.758006
2026-10-08T19:03:50.3506189Z   ...
2026-10-08T19:03:50.3506955Z # Subtest: 100 questions and 32 concepts work through the existing selector to exhaustion
2026-10-08T19:03:50.3508191Z ok 143 - 100 questions and 32 concepts work through the existing selector to exhaustion
2026-10-08T19:03:50.3508885Z   ---
2026-10-08T19:03:50.3509216Z   duration_ms: 180.282469
2026-10-08T19:03:50.3509605Z   ...
2026-10-08T19:03:50.3510471Z # Subtest: imported answer indices, literal text and object-key names survive learning and practice
2026-10-08T19:03:50.3511793Z ok 144 - imported answer indices, literal text and object-key names survive learning and practice
2026-10-08T19:03:50.3512564Z   ---
2026-10-08T19:03:50.3512885Z   duration_ms: 1.010157
2026-10-08T19:03:50.3513245Z   ...
2026-10-08T19:03:50.3514268Z # Subtest: downloadable example round-trips through the import contract with full attribution
2026-10-08T19:03:50.3515747Z ok 145 - downloadable example round-trips through the import contract with full attribution
2026-10-08T19:03:50.3516499Z   ---
2026-10-08T19:03:50.3516809Z   duration_ms: 0.755499
2026-10-08T19:03:50.3517166Z   ...
2026-10-08T19:03:50.3517908Z # Subtest: the exact original course is bounded, admitted, balanced and round-trippable
2026-10-08T19:03:50.3519035Z ok 146 - the exact original course is bounded, admitted, balanced and round-trippable
2026-10-08T19:03:50.3519732Z   ---
2026-10-08T19:03:50.3520043Z   duration_ms: 3.769241
2026-10-08T19:03:50.3520391Z   ...
2026-10-08T19:03:50.3521082Z # Subtest: every stated answer follows the literal graph, with one correct option
2026-10-08T19:03:50.3521772Z     # Subtest: dg-links-1
2026-10-08T19:03:50.3522152Z     ok 1 - dg-links-1
2026-10-08T19:03:50.3522519Z       ---
2026-10-08T19:03:50.3522850Z       duration_ms: 0.570255
2026-10-08T19:03:50.3523218Z       ...
2026-10-08T19:03:50.3523854Z     # Subtest: dg-links-2
2026-10-08T19:03:50.3524459Z     ok 2 - dg-links-2
2026-10-08T19:03:50.3524848Z       ---
2026-10-08T19:03:50.3525197Z       duration_ms: 0.510553
2026-10-08T19:03:50.3525598Z       ...
2026-10-08T19:03:50.3525923Z     # Subtest: dg-links-3
2026-10-08T19:03:50.3526295Z     ok 3 - dg-links-3
2026-10-08T19:03:50.3526639Z       ---
2026-10-08T19:03:50.3527000Z       duration_ms: 1.404363
2026-10-08T19:03:50.3527381Z       ...
2026-10-08T19:03:50.3527705Z     # Subtest: dg-reach-1
2026-10-08T19:03:50.3528179Z     ok 4 - dg-reach-1
2026-10-08T19:03:50.3528538Z       ---
2026-10-08T19:03:50.3528884Z       duration_ms: 0.489285
2026-10-08T19:03:50.3529266Z       ...
2026-10-08T19:03:50.3529605Z     # Subtest: dg-reach-2
2026-10-08T19:03:50.3530019Z     ok 5 - dg-reach-2
2026-10-08T19:03:50.3530432Z       ---
2026-10-08T19:03:50.3530778Z       duration_ms: 0.455912
2026-10-08T19:03:50.3531179Z       ...
2026-10-08T19:03:50.3531525Z     # Subtest: dg-reach-3
2026-10-08T19:03:50.3531953Z     ok 6 - dg-reach-3
2026-10-08T19:03:50.3532311Z       ---
2026-10-08T19:03:50.3532663Z       duration_ms: 0.244747
2026-10-08T19:03:50.3533069Z       ...
2026-10-08T19:03:50.3533408Z     # Subtest: dg-order-1
2026-10-08T19:03:50.3534635Z     ok 7 - dg-order-1
2026-10-08T19:03:50.3535020Z       ---
2026-10-08T19:03:50.3535364Z       duration_ms: 0.339424
2026-10-08T19:03:50.3535764Z       ...
2026-10-08T19:03:50.3536088Z     # Subtest: dg-order-2
2026-10-08T19:03:50.3536491Z     ok 8 - dg-order-2
2026-10-08T19:03:50.3536860Z       ---
2026-10-08T19:03:50.3537211Z       duration_ms: 0.421156
2026-10-08T19:03:50.3537608Z       ...
2026-10-08T19:03:50.3537945Z     # Subtest: dg-order-3
2026-10-08T19:03:50.3538404Z     ok 9 - dg-order-3
2026-10-08T19:03:50.3538795Z       ---
2026-10-08T19:03:50.3539155Z       duration_ms: 0.587437
2026-10-08T19:03:50.3539573Z       ...
2026-10-08T19:03:50.3539909Z     # Subtest: dg-update-1
2026-10-08T19:03:50.3540282Z     ok 10 - dg-update-1
2026-10-08T19:03:50.3540629Z       ---
2026-10-08T19:03:50.3540952Z       duration_ms: 1.360822
2026-10-08T19:03:50.3541325Z       ...
2026-10-08T19:03:50.3541662Z     # Subtest: dg-update-2
2026-10-08T19:03:50.3542083Z     ok 11 - dg-update-2
2026-10-08T19:03:50.3542478Z       ---
2026-10-08T19:03:50.3542823Z       duration_ms: 0.517006
2026-10-08T19:03:50.3543223Z       ...
2026-10-08T19:03:50.3543855Z     # Subtest: dg-update-3
2026-10-08T19:03:50.3544303Z     ok 12 - dg-update-3
2026-10-08T19:03:50.3544706Z       ---
2026-10-08T19:03:50.3545059Z       duration_ms: 0.618455
2026-10-08T19:03:50.3545477Z       ...
2026-10-08T19:03:50.3545809Z     1..12
2026-10-08T19:03:50.3546556Z ok 147 - every stated answer follows the literal graph, with one correct option
2026-10-08T19:03:50.3547277Z   ---
2026-10-08T19:03:50.3547638Z   duration_ms: 10.134973
2026-10-08T19:03:50.3548041Z   ...
2026-10-08T19:03:50.3548992Z # Subtest: structurally valid changed content exposes graph reversal and blocked-descendant mistakes
2026-10-08T19:03:50.3550736Z ok 148 - structurally valid changed content exposes graph reversal and blocked-descendant mistakes
2026-10-08T19:03:50.3551599Z   ---
2026-10-08T19:03:50.3551957Z   duration_ms: 2.910718
2026-10-08T19:03:50.3552347Z   ...
2026-10-08T19:03:50.3553213Z # Subtest: the real selector, review, practice, notes and trace consumer preserve this course
2026-10-08T19:03:50.3554887Z ok 149 - the real selector, review, practice, notes and trace consumer preserve this course
2026-10-08T19:03:50.3555726Z   ---
2026-10-08T19:03:50.3556133Z   duration_ms: 21.413374
2026-10-08T19:03:50.3556534Z   ...
2026-10-08T19:03:50.3643767Z # Subtest: literal input preserves case, Unicode and prototype-like names
2026-10-08T19:03:50.3647184Z ok 150 - literal input preserves case, Unicode and prototype-like names
2026-10-08T19:03:50.3648091Z   ---
2026-10-08T19:03:50.3648600Z   duration_ms: 4.989932
2026-10-08T19:03:50.3649203Z   ...
2026-10-08T19:03:50.3665311Z # Subtest: bounded input rejects ambiguity, duplicate arrows and unknown names
2026-10-08T19:03:50.3667037Z ok 151 - bounded input rejects ambiguity, duplicate arrows and unknown names
2026-10-08T19:03:50.3667995Z   ---
2026-10-08T19:03:50.3668557Z   duration_ms: 3.159141
2026-10-08T19:03:50.3669164Z   ...
2026-10-08T19:03:50.3670158Z # Subtest: the graph model copies and freezes input instead of sharing mutable arrays
2026-10-08T19:03:50.3671551Z ok 152 - the graph model copies and freezes input instead of sharing mutable arrays
2026-10-08T19:03:50.3672516Z   ---
2026-10-08T19:03:50.3673073Z   duration_ms: 1.941306
2026-10-08T19:03:50.3674052Z   ...
2026-10-08T19:03:50.3675079Z # Subtest: completion requires every prerequisite and never permits a repeated job
2026-10-08T19:03:50.3676596Z ok 153 - completion requires every prerequisite and never permits a repeated job
2026-10-08T19:03:50.3677668Z   ---
2026-10-08T19:03:50.3678292Z   duration_ms: 2.29142
2026-10-08T19:03:50.3678873Z   ...
2026-10-08T19:03:50.3682087Z # Subtest: undo and reset retain the graph and earlier completion order
2026-10-08T19:03:50.3686105Z ok 154 - undo and reset retain the graph and earlier completion order
2026-10-08T19:03:50.3686825Z   ---
2026-10-08T19:03:50.3710667Z   duration_ms: 1.59501
2026-10-08T19:03:50.3744160Z   ...
2026-10-08T19:03:50.3815676Z # Subtest: a downstream blocked job is not mislabeled as part of a cycle
2026-10-08T19:03:50.3854332Z ok 155 - a downstream blocked job is not mislabeled as part of a cycle
2026-10-08T19:03:50.3855336Z   ---
2026-10-08T19:03:50.3855892Z   duration_ms: 1.296211
2026-10-08T19:03:50.3856535Z   ...
2026-10-08T19:03:50.3857741Z # Subtest: separate strongly connected groups, a self-loop and their descendants stay distinct
2026-10-08T19:03:50.3859485Z ok 156 - separate strongly connected groups, a self-loop and their descendants stay distinct
2026-10-08T19:03:50.3860544Z   ---
2026-10-08T19:03:50.3861095Z   duration_ms: 0.776731
2026-10-08T19:03:50.3861712Z   ...
2026-10-08T19:03:50.3862659Z # Subtest: reachability follows direction and counts positive-length paths
2026-10-08T19:03:50.3864466Z ok 157 - reachability follows direction and counts positive-length paths
2026-10-08T19:03:50.3865441Z   ---
2026-10-08T19:03:50.3866056Z   duration_ms: 1.719994
2026-10-08T19:03:50.3866679Z   ...
2026-10-08T19:03:50.3867774Z # Subtest: order enumeration extends the exact prefix and reports a cap only when exceeded
2026-10-08T19:03:50.3869352Z ok 158 - order enumeration extends the exact prefix and reports a cap only when exceeded
2026-10-08T19:03:50.3870397Z   ---
2026-10-08T19:03:50.3870955Z   duration_ms: 1.122097
2026-10-08T19:03:50.3871574Z   ...
2026-10-08T19:03:50.3872485Z # Subtest: eight independent jobs produce bounded, stable complete orders
2026-10-08T19:03:50.3874099Z ok 159 - eight independent jobs produce bounded, stable complete orders
2026-10-08T19:03:50.3875050Z   ---
2026-10-08T19:03:50.3875620Z   duration_ms: 0.880265
2026-10-08T19:03:50.3876195Z   ...
2026-10-08T19:03:50.3877208Z # Subtest: the standalone build and original course download retain exact source text
2026-10-08T19:03:50.3879202Z ok 160 - the standalone build and original course download retain exact source text
2026-10-08T19:03:50.3880189Z   ---
2026-10-08T19:03:50.3880709Z   duration_ms: 5.535681
2026-10-08T19:03:50.3881276Z   ...
2026-10-08T19:03:50.3882396Z # Subtest: the builder escapes source text for HTML while recovering the original UTF-8 string
2026-10-08T19:03:50.3884244Z ok 161 - the builder escapes source text for HTML while recovering the original UTF-8 string
2026-10-08T19:03:50.3885355Z   ---
2026-10-08T19:03:50.3885927Z   duration_ms: 2.07166
2026-10-08T19:03:50.3886531Z   ...
2026-10-08T19:03:50.3887714Z # Subtest: unsupported module changes and missing or duplicated build markers fail explicitly
2026-10-08T19:03:50.3889305Z ok 162 - unsupported module changes and missing or duplicated build markers fail explicitly
2026-10-08T19:03:50.3890349Z   ---
2026-10-08T19:03:50.3890888Z   duration_ms: 69.090021
2026-10-08T19:03:50.3891493Z   ...
2026-10-08T19:03:50.4615465Z # Subtest: timing exports the admitted API and preserves every tied critical branch
2026-10-08T19:03:50.4617795Z ok 163 - timing exports the admitted API and preserves every tied critical branch
2026-10-08T19:03:50.4618796Z   ---
2026-10-08T19:03:50.4619278Z   duration_ms: 9.007808
2026-10-08T19:03:50.4619855Z   ...
2026-10-08T19:03:50.4620882Z # Subtest: all three-job DAGs and binary duration vectors match enumerated maximal paths
2026-10-08T19:03:50.4622309Z ok 164 - all three-job DAGs and binary duration vectors match enumerated maximal paths
2026-10-08T19:03:50.4623340Z   ---
2026-10-08T19:03:50.4624162Z   duration_ms: 113.619858
2026-10-08T19:03:50.4624789Z   ...
2026-10-08T19:03:50.4625816Z # Subtest: zero milestones and disconnected jobs use the global project deadline
2026-10-08T19:03:50.4627220Z ok 165 - zero milestones and disconnected jobs use the global project deadline
2026-10-08T19:03:50.4628217Z   ---
2026-10-08T19:03:50.4628743Z   duration_ms: 1.008894
2026-10-08T19:03:50.4629332Z   ...
2026-10-08T19:03:50.4630383Z # Subtest: eight-job bounds retain exact integer arithmetic and all tight zero branches
2026-10-08T19:03:50.4631863Z ok 166 - eight-job bounds retain exact integer arithmetic and all tight zero branches
2026-10-08T19:03:50.4632908Z   ---
2026-10-08T19:03:50.4633690Z   duration_ms: 25.577563
2026-10-08T19:03:50.4634350Z   ...
2026-10-08T19:03:50.4664904Z # Subtest: cyclic projects retain separate SCC, blocked-descendant and ready-job explanations
2026-10-08T19:03:50.4685174Z ok 167 - cyclic projects retain separate SCC, blocked-descendant and ready-job explanations
2026-10-08T19:03:50.4686206Z   ---
2026-10-08T19:03:50.4686761Z   duration_ms: 0.925199
2026-10-08T19:03:50.4687338Z   ...
2026-10-08T19:03:50.4688382Z # Subtest: duration records are complete, exact-own-key, strict integer inputs even for cycles
2026-10-08T19:03:50.4689957Z ok 168 - duration records are complete, exact-own-key, strict integer inputs even for cycles
2026-10-08T19:03:50.4690940Z   ---
2026-10-08T19:03:50.4691448Z   duration_ms: 6.24147
2026-10-08T19:03:50.4691992Z   ...
2026-10-08T19:03:50.4692997Z # Subtest: literal Unicode and prototype-like job names preserve exact identities and order
2026-10-08T19:03:50.4694691Z ok 169 - literal Unicode and prototype-like job names preserve exact identities and order
2026-10-08T19:03:50.4695560Z   ---
2026-10-08T19:03:50.4696007Z   duration_ms: 1.224327
2026-10-08T19:03:50.4696503Z   ...
2026-10-08T19:03:50.4697426Z # Subtest: graph refusal remains delegated to the unchanged original admission contract
2026-10-08T19:03:50.4698772Z ok 170 - graph refusal remains delegated to the unchanged original admission contract
2026-10-08T19:03:50.4699594Z   ---
2026-10-08T19:03:50.4700025Z   duration_ms: 0.528378
2026-10-08T19:03:50.4700484Z   ...
2026-10-08T19:03:50.4701368Z # Subtest: returned timing is detached and deeply frozen without freezing caller input
2026-10-08T19:03:50.4702677Z ok 171 - returned timing is detached and deeply frozen without freezing caller input
2026-10-08T19:03:50.4704183Z   ---
2026-10-08T19:03:50.4704612Z   duration_ms: 2.228894
2026-10-08T19:03:50.4705094Z   ...
2026-10-08T19:03:50.4706006Z # Subtest: duration admission refuses accessors without executing getters or coercion
2026-10-08T19:03:50.4707259Z ok 172 - duration admission refuses accessors without executing getters or coercion
2026-10-08T19:03:50.4708095Z   ---
2026-10-08T19:03:50.4708525Z   duration_ms: 6.897987
2026-10-08T19:03:50.4708982Z   ...
2026-10-08T19:03:50.4754667Z # Subtest: the checked-in timing page exactly matches the native builder output
2026-10-08T19:03:50.4756201Z ok 173 - the checked-in timing page exactly matches the native builder output
2026-10-08T19:03:50.4774691Z   ---
2026-10-08T19:03:50.4775271Z   duration_ms: 20.157067
2026-10-08T19:03:50.4775861Z   ...
2026-10-08T19:03:50.4884258Z # Subtest: the committed standalone page exactly matches its native source builder
2026-10-08T19:03:50.4885817Z ok 174 - the committed standalone page exactly matches its native source builder
2026-10-08T19:03:50.4891281Z   ---
2026-10-08T19:03:50.4891893Z   duration_ms: 7.713009
2026-10-08T19:03:50.4892912Z   ...
2026-10-08T19:03:50.4894546Z # Subtest: the actual embedded course text retains the qualified twelve-question identity byte for byte
2026-10-08T19:03:50.4896367Z ok 175 - the actual embedded course text retains the qualified twelve-question identity byte for byte
2026-10-08T19:03:50.4897390Z   ---
2026-10-08T19:03:50.4897943Z   duration_ms: 3.134546
2026-10-08T19:03:50.4898579Z   ...
2026-10-08T19:03:50.4899534Z # Subtest: the fixed uninhibited enzyme reproduces the existing course example
2026-10-08T19:03:50.4900783Z ok 176 - the fixed uninhibited enzyme reproduces the existing course example
2026-10-08T19:03:50.4901649Z   ---
2026-10-08T19:03:50.4902167Z   duration_ms: 3.135588
2026-10-08T19:03:50.4902727Z   ...
2026-10-08T19:03:50.4904627Z # Subtest: one independently worked comparison distinguishes rate, fraction and apparent parameters
2026-10-08T19:03:50.4906372Z ok 177 - one independently worked comparison distinguishes rate, fraction and apparent parameters
2026-10-08T19:03:50.4907475Z   ---
2026-10-08T19:03:50.4908027Z   duration_ms: 0.382966
2026-10-08T19:03:50.4908633Z   ...
2026-10-08T19:03:50.4909714Z # Subtest: zero substrate yields zero rates and undefined fractions, including with zero inhibitor
2026-10-08T19:03:50.4911157Z ok 178 - zero substrate yields zero rates and undefined fractions, including with zero inhibitor
2026-10-08T19:03:50.4912089Z   ---
2026-10-08T19:03:50.4912583Z   duration_ms: 0.570947
2026-10-08T19:03:50.4913177Z   ...
2026-10-08T19:03:50.4916598Z # Subtest: zero inhibitor makes all cases coincide; each Km locates its own half limiting rate
2026-10-08T19:03:50.4918342Z ok 179 - zero inhibitor makes all cases coincide; each Km locates its own half limiting rate
2026-10-08T19:03:50.4919384Z   ---
2026-10-08T19:03:50.4919951Z   duration_ms: 0.635427
2026-10-08T19:03:50.4920648Z   ...
2026-10-08T19:03:50.4921863Z # Subtest: adding substrate reduces competitive fractional loss while the pure special case stays proportional
2026-10-08T19:03:50.4924049Z ok 180 - adding substrate reduces competitive fractional loss while the pure special case stays proportional
2026-10-08T19:03:50.4925363Z   ---
2026-10-08T19:03:50.4925892Z   duration_ms: 0.297196
2026-10-08T19:03:50.4926501Z   ...
2026-10-08T19:03:50.4927651Z # Subtest: a deterministic domain grid preserves saturation, ordering and fixed baseline parameters
2026-10-08T19:03:50.4929275Z ok 181 - a deterministic domain grid preserves saturation, ordering and fixed baseline parameters
2026-10-08T19:03:50.4930235Z   ---
2026-10-08T19:03:50.4930736Z   duration_ms: 1.191456
2026-10-08T19:03:50.4931296Z   ...
2026-10-08T19:03:50.4932292Z # Subtest: invalid or coerced inputs and incomplete text never silently reuse a prior comparison
2026-10-08T19:03:50.4934056Z ok 182 - invalid or coerced inputs and incomplete text never silently reuse a prior comparison
2026-10-08T19:03:50.4935053Z   ---
2026-10-08T19:03:50.4935536Z   duration_ms: 1.795154
2026-10-08T19:03:50.4936429Z   ...
2026-10-08T19:03:50.4937581Z # Subtest: snapshots are independent and the sampled curve includes exact endpoints and course points
2026-10-08T19:03:50.4939205Z ok 183 - snapshots are independent and the sampled curve includes exact endpoints and course points
2026-10-08T19:03:50.4940226Z   ---
2026-10-08T19:03:50.4940736Z   duration_ms: 2.310767
2026-10-08T19:03:50.4941269Z   ...
2026-10-08T19:03:50.4942286Z # Subtest: CSV exports the current point, complete sample grid, units and explicit undefined cells
2026-10-08T19:03:50.4944000Z ok 184 - CSV exports the current point, complete sample grid, units and explicit undefined cells
2026-10-08T19:03:50.4944979Z   ---
2026-10-08T19:03:50.4945493Z   duration_ms: 8.424679
2026-10-08T19:03:50.4946027Z   ...
2026-10-08T19:03:50.4947126Z # Subtest: positive subnormal substrate retains analytic fractions instead of a quotient of quantized rates
2026-10-08T19:03:50.4948792Z ok 185 - positive subnormal substrate retains analytic fractions instead of a quotient of quantized rates
2026-10-08T19:03:50.4949842Z   ---
2026-10-08T19:03:50.4950547Z   duration_ms: 2.65468
2026-10-08T19:03:50.4951113Z   ...
2026-10-08T19:03:50.5511538Z # Subtest: the original course imports through the unchanged learner contract and round trips
2026-10-08T19:03:50.5516966Z ok 186 - the original course imports through the unchanged learner contract and round trips
2026-10-08T19:03:50.5518098Z   ---
2026-10-08T19:03:50.5518624Z   duration_ms: 4.094209
2026-10-08T19:03:50.5519170Z   ...
2026-10-08T19:03:50.5528400Z # Subtest: the course explicitly teaches the hand-calculated update, multiplier and strict boundary
2026-10-08T19:03:50.5530000Z ok 187 - the course explicitly teaches the hand-calculated update, multiplier and strict boundary
2026-10-08T19:03:50.5554386Z   ---
2026-10-08T19:03:50.5554940Z   duration_ms: 1.482179
2026-10-08T19:03:50.5555624Z   ...
2026-10-08T19:03:50.5576281Z # Subtest: the generated explorer contains the exact course bytes and current model source
2026-10-08T19:03:50.5579351Z ok 188 - the generated explorer contains the exact course bytes and current model source
2026-10-08T19:03:50.5580217Z   ---
2026-10-08T19:03:50.5594678Z   duration_ms: 67.162701
2026-10-08T19:03:50.5595358Z   ...
2026-10-08T19:03:50.5702553Z # Subtest: the default rule follows a hand-calculated update and approaches 2/3, not r=1
2026-10-08T19:03:50.5706953Z ok 189 - the default rule follows a hand-calculated update and approaches 2/3, not r=1
2026-10-08T19:03:50.5707951Z   ---
2026-10-08T19:03:50.5708466Z   duration_ms: 2.369065
2026-10-08T19:03:50.5709031Z   ...
2026-10-08T19:03:50.5709981Z # Subtest: two starts obey the signed geometric separation and cancel common forcing
2026-10-08T19:03:50.5711322Z ok 190 - two starts obey the signed geometric separation and cancel common forcing
2026-10-08T19:03:50.5712227Z   ---
2026-10-08T19:03:50.5712739Z   duration_ms: 1.268771
2026-10-08T19:03:50.5713290Z   ...
2026-10-08T19:03:50.5714747Z # Subtest: q=0 reaches the same unique fixed point after one update
2026-10-08T19:03:50.5715896Z ok 191 - q=0 reaches the same unique fixed point after one update
2026-10-08T19:03:50.5716671Z   ---
2026-10-08T19:03:50.5717185Z   duration_ms: 0.254526
2026-10-08T19:03:50.5717724Z   ...
2026-10-08T19:03:50.5718750Z # Subtest: boundary cases distinguish persistent separation, drift and repeating deviations
2026-10-08T19:03:50.5720281Z ok 192 - boundary cases distinguish persistent separation, drift and repeating deviations
2026-10-08T19:03:50.5721199Z   ---
2026-10-08T19:03:50.5721691Z   duration_ms: 0.616141
2026-10-08T19:03:50.5722211Z   ...
2026-10-08T19:03:50.5723016Z # Subtest: an exact equilibrium can stay flat while a nearby start grows
2026-10-08T19:03:50.5724502Z ok 193 - an exact equilibrium can stay flat while a nearby start grows
2026-10-08T19:03:50.5725367Z   ---
2026-10-08T19:03:50.5725861Z   duration_ms: 0.257341
2026-10-08T19:03:50.5726381Z   ...
2026-10-08T19:03:50.5727262Z # Subtest: constant input and reference move the fixed point without changing q
2026-10-08T19:03:50.5728963Z ok 194 - constant input and reference move the fixed point without changing q
2026-10-08T19:03:50.5729790Z   ---
2026-10-08T19:03:50.5730273Z   duration_ms: 0.281376
2026-10-08T19:03:50.5730791Z   ...
2026-10-08T19:03:50.5731752Z # Subtest: the admitted longest extreme trajectories remain finite and follow a closed form
2026-10-08T19:03:50.5733153Z ok 195 - the admitted longest extreme trajectories remain finite and follow a closed form
2026-10-08T19:03:50.5734475Z   ---
2026-10-08T19:03:50.5734950Z   duration_ms: 1.78222
2026-10-08T19:03:50.5735514Z   ...
2026-10-08T19:03:50.5736643Z # Subtest: validation rejects unbounded, fractional, empty and nonnumeric settings without changing the input
2026-10-08T19:03:50.5738315Z ok 196 - validation rejects unbounded, fractional, empty and nonnumeric settings without changing the input
2026-10-08T19:03:50.5739302Z   ---
2026-10-08T19:03:50.5739787Z   duration_ms: 0.838286
2026-10-08T19:03:50.5740291Z   ...
2026-10-08T19:03:50.5741464Z # Subtest: terminal CSV fields mean N updates and N+1 states; settings survive every row
2026-10-08T19:03:50.5742812Z ok 197 - terminal CSV fields mean N updates and N+1 states; settings survive every row
2026-10-08T19:03:50.5744077Z   ---
2026-10-08T19:03:50.5744565Z   duration_ms: 0.78681
2026-10-08T19:03:50.5745074Z   ...
2026-10-08T19:03:50.5746020Z # Subtest: finite-precision subtraction remains distinct from the analytical separation
2026-10-08T19:03:50.5747375Z ok 198 - finite-precision subtraction remains distinct from the analytical separation
2026-10-08T19:03:50.5748245Z   ---
2026-10-08T19:03:50.5748715Z   duration_ms: 0.2731
2026-10-08T19:03:50.5749227Z   ...
2026-10-08T19:03:50.5945027Z # Subtest: the original twelve-question course satisfies the current public deck contract
2026-10-08T19:03:50.5974562Z ok 199 - the original twelve-question course satisfies the current public deck contract
2026-10-08T19:03:50.6004018Z   ---
2026-10-08T19:03:50.6034048Z   duration_ms: 3.116182
2026-10-08T19:03:50.6054218Z   ...
2026-10-08T19:03:50.6055506Z # Subtest: course answer identities agree with separately specified arithmetic and conventions
2026-10-08T19:03:50.6057119Z ok 200 - course answer identities agree with separately specified arithmetic and conventions
2026-10-08T19:03:50.6057937Z   ---
2026-10-08T19:03:50.6058409Z   duration_ms: 0.596174
2026-10-08T19:03:50.6058953Z   ...
2026-10-08T19:03:50.6060027Z # Subtest: the actual adaptive, review, retry, and study-note consumers receive all course content
2026-10-08T19:03:50.6064566Z ok 201 - the actual adaptive, review, retry, and study-note consumers receive all course content
2026-10-08T19:03:50.6065447Z   ---
2026-10-08T19:03:50.6065824Z   duration_ms: 18.550605
2026-10-08T19:03:50.6066227Z   ...
2026-10-08T19:03:50.6067054Z # Subtest: the direct-file lab is an exact build with the original downloadable course bytes
2026-10-08T19:03:50.6068337Z ok 202 - the direct-file lab is an exact build with the original downloadable course bytes
2026-10-08T19:03:50.6069107Z   ---
2026-10-08T19:03:50.6069450Z   duration_ms: 3.725099
2026-10-08T19:03:50.6069850Z   ...
2026-10-08T19:03:50.6297826Z # Subtest: full signed convolution retains cancellation and the final product
2026-10-08T19:03:50.6314752Z ok 203 - full signed convolution retains cancellation and the final product
2026-10-08T19:03:50.6344498Z   ---
2026-10-08T19:03:50.6374208Z   duration_ms: 2.971662
2026-10-08T19:03:50.6404102Z   ...
2026-10-08T19:03:50.6405194Z # Subtest: each selected index exposes reversed kernel indices and outside-list zeros
2026-10-08T19:03:50.6415016Z ok 204 - each selected index exposes reversed kernel indices and outside-list zeros
2026-10-08T19:03:50.6415882Z   ---
2026-10-08T19:03:50.6416319Z   duration_ms: 1.247831
2026-10-08T19:03:50.6416816Z   ...
2026-10-08T19:03:50.6417660Z # Subtest: convolution is distinguished from the declared zero-lag correlation
2026-10-08T19:03:50.6418888Z ok 205 - convolution is distinguished from the declared zero-lag correlation
2026-10-08T19:03:50.6420158Z   ---
2026-10-08T19:03:50.6420659Z   duration_ms: 1.983977
2026-10-08T19:03:50.6421211Z   ...
2026-10-08T19:03:50.6422131Z # Subtest: impulses preserve origin, delays, and the declared full zero padding
2026-10-08T19:03:50.6423715Z ok 206 - impulses preserve origin, delays, and the declared full zero padding
2026-10-08T19:03:50.6424633Z   ---
2026-10-08T19:03:50.6425119Z   duration_ms: 0.38552
2026-10-08T19:03:50.6425749Z   ...
2026-10-08T19:03:50.6426583Z # Subtest: averaging and differencing include both finite boundaries
2026-10-08T19:03:50.6427776Z ok 207 - averaging and differencing include both finite boundaries
2026-10-08T19:03:50.6428593Z   ---
2026-10-08T19:03:50.6429109Z   duration_ms: 0.303026
2026-10-08T19:03:50.6429673Z   ...
2026-10-08T19:03:50.6430697Z # Subtest: fixed-kernel superposition and operand exchange hold on distinct signed cases
2026-10-08T19:03:50.6432106Z ok 208 - fixed-kernel superposition and operand exchange hold on distinct signed cases
2026-10-08T19:03:50.6433130Z   ---
2026-10-08T19:03:50.6433879Z   duration_ms: 0.689909
2026-10-08T19:03:50.6434786Z   ...
2026-10-08T19:03:50.6435836Z # Subtest: four-place inputs preserve eight-place signed products and exact cancellation
2026-10-08T19:03:50.6437331Z ok 209 - four-place inputs preserve eight-place signed products and exact cancellation
2026-10-08T19:03:50.6438394Z   ---
2026-10-08T19:03:50.6438946Z   duration_ms: 0.539468
2026-10-08T19:03:50.6439529Z   ...
2026-10-08T19:03:50.6440471Z # Subtest: the maximum admitted lists retain 47 finite outputs and the exact peak
2026-10-08T19:03:50.6441835Z ok 210 - the maximum admitted lists retain 47 finite outputs and the exact peak
2026-10-08T19:03:50.6442733Z   ---
2026-10-08T19:03:50.6443218Z   duration_ms: 0.732058
2026-10-08T19:03:50.6444180Z   ...
2026-10-08T19:03:50.6445195Z # Subtest: text admission keeps literal values and refuses ambiguous or out-of-domain input
2026-10-08T19:03:50.6446646Z ok 211 - text admission keeps literal values and refuses ambiguous or out-of-domain input
2026-10-08T19:03:50.6447588Z   ---
2026-10-08T19:03:50.6448095Z   duration_ms: 1.915598
2026-10-08T19:03:50.6448642Z   ...
2026-10-08T19:03:50.6449760Z # Subtest: direct numerical callers cannot admit holes, non-numbers, extra precision, or invalid indices
2026-10-08T19:03:50.6451439Z ok 212 - direct numerical callers cannot admit holes, non-numbers, extra precision, or invalid indices
2026-10-08T19:03:50.6452520Z   ---
2026-10-08T19:03:50.6453078Z   duration_ms: 1.102299
2026-10-08T19:03:50.6454084Z   ...
2026-10-08T19:03:50.6454977Z # Subtest: a recorded calculation owns immutable inputs, outputs, and per-index terms
2026-10-08T19:03:50.6456282Z ok 213 - a recorded calculation owns immutable inputs, outputs, and per-index terms
2026-10-08T19:03:50.6457123Z   ---
2026-10-08T19:03:50.6457591Z   duration_ms: 0.993626
2026-10-08T19:03:50.6458081Z   ...
2026-10-08T19:03:50.6577755Z # Subtest: standalone artifact exactly matches sources and contains a valid offline script
2026-10-08T19:03:50.6601690Z ok 214 - standalone artifact exactly matches sources and contains a valid offline script
2026-10-08T19:03:50.6603975Z   ---
2026-10-08T19:03:50.6604305Z   duration_ms: 11.092142
2026-10-08T19:03:50.6604673Z   ...
2026-10-08T19:03:50.6605379Z # Subtest: course survives the existing validator and editable-format round trip
2026-10-08T19:03:50.6606422Z ok 215 - course survives the existing validator and editable-format round trip
2026-10-08T19:03:50.6607053Z   ---
2026-10-08T19:03:50.6607360Z   duration_ms: 2.167489
2026-10-08T19:03:50.6607701Z   ...
2026-10-08T19:03:51.6024928Z # Subtest: literal markup and Unicode in admitted course content cannot close the generated script
2026-10-08T19:03:51.6032026Z ok 216 - literal markup and Unicode in admitted course content cannot close the generated script
2026-10-08T19:03:51.6033230Z   ---
2026-10-08T19:03:51.6034388Z   duration_ms: 21.126508
2026-10-08T19:03:51.6107021Z   ...
2026-10-08T19:03:51.6108090Z # Subtest: check mode reports stale output without replacing a retained artifact
2026-10-08T19:03:51.6109914Z ok 217 - check mode reports stale output without replacing a retained artifact
2026-10-08T19:03:51.6110866Z   ---
2026-10-08T19:03:51.6111420Z   duration_ms: 51.17335
2026-10-08T19:03:51.6112013Z   ...
2026-10-08T19:03:51.6113058Z # Subtest: unexpected UI dependency refuses the build before overwriting its artifact
2026-10-08T19:03:51.6114773Z ok 218 - unexpected UI dependency refuses the build before overwriting its artifact
2026-10-08T19:03:51.6115717Z   ---
2026-10-08T19:03:51.6116222Z   duration_ms: 47.324944
2026-10-08T19:03:51.6116784Z   ...
2026-10-08T19:03:51.6117725Z # Subtest: direct entry paths run the same check, refusal and rebuild commands
2026-10-08T19:03:51.6118647Z     # Subtest: canonical
2026-10-08T19:03:51.6119280Z     ok 1 - canonical
2026-10-08T19:03:51.6119858Z       ---
2026-10-08T19:03:51.6120394Z       duration_ms: 228.815966
2026-10-08T19:03:51.6120989Z       ...
2026-10-08T19:03:51.6121595Z     # Subtest: directory alias
2026-10-08T19:03:51.6122352Z     ok 2 - directory alias
2026-10-08T19:03:51.6123201Z       ---
2026-10-08T19:03:51.6124050Z       duration_ms: 235.473391
2026-10-08T19:03:51.6124638Z       ...
2026-10-08T19:03:51.6125165Z     # Subtest: file alias
2026-10-08T19:03:51.6125732Z     ok 3 - file alias
2026-10-08T19:03:51.6126257Z       ---
2026-10-08T19:03:51.6126756Z       duration_ms: 207.54488
2026-10-08T19:03:51.6127297Z       ...
2026-10-08T19:03:51.6127789Z     1..3
2026-10-08T19:03:51.6128642Z ok 219 - direct entry paths run the same check, refusal and rebuild commands
2026-10-08T19:03:51.6129496Z   ---
2026-10-08T19:03:51.6130002Z   duration_ms: 672.98723
2026-10-08T19:03:51.6130564Z   ...
2026-10-08T19:03:51.6168059Z # Subtest: ordinary imports and missing caller entries do not execute the CLI
2026-10-08T19:03:51.6169453Z ok 220 - ordinary imports and missing caller entries do not execute the CLI
2026-10-08T19:03:51.6170314Z   ---
2026-10-08T19:03:51.6170821Z   duration_ms: 160.636512
2026-10-08T19:03:51.6171395Z   ...
2026-10-08T19:03:51.6342706Z # Subtest: fictional reversal retains denominators and uses common weights only for reference
2026-10-08T19:03:51.6364933Z ok 221 - fictional reversal retains denominators and uses common weights only for reference
2026-10-08T19:03:51.6391352Z   ---
2026-10-08T19:03:51.6394742Z   duration_ms: 5.522051
2026-10-08T19:03:51.6395338Z   ...
2026-10-08T19:03:51.6396257Z # Subtest: ties and conflicting subgroup directions are not a strict reversal
2026-10-08T19:03:51.6397533Z ok 222 - ties and conflicting subgroup directions are not a strict reversal
2026-10-08T19:03:51.6398341Z   ---
2026-10-08T19:03:51.6398860Z   duration_ms: 1.346536
2026-10-08T19:03:51.6399402Z   ...
2026-10-08T19:03:51.6400376Z # Subtest: empty cells remain unavailable unless their reference weight is exactly zero
2026-10-08T19:03:51.6401770Z ok 223 - empty cells remain unavailable unless their reference weight is exactly zero
2026-10-08T19:03:51.6402682Z   ---
2026-10-08T19:03:51.6403191Z   duration_ms: 0.809012
2026-10-08T19:03:51.6404004Z   ...
2026-10-08T19:03:51.6404834Z # Subtest: an entirely empty option has no pooled rate or inferred group mix
2026-10-08T19:03:51.6405986Z ok 224 - an entirely empty option has no pooled rate or inferred group mix
2026-10-08T19:03:51.6406816Z   ---
2026-10-08T19:03:51.6407342Z   duration_ms: 0.335998
2026-10-08T19:03:51.6407874Z   ...
2026-10-08T19:03:51.6408753Z # Subtest: invalid numeric inputs are refused without truncation or coercion
2026-10-08T19:03:51.6409979Z ok 225 - invalid numeric inputs are refused without truncation or coercion
2026-10-08T19:03:51.6410816Z   ---
2026-10-08T19:03:51.6411330Z   duration_ms: 1.265794
2026-10-08T19:03:51.6411861Z   ...
2026-10-08T19:03:51.6412736Z # Subtest: native count entry distinguishes blank and invalid text from zero
2026-10-08T19:03:51.6414184Z ok 226 - native count entry distinguishes blank and invalid text from zero
2026-10-08T19:03:51.6487315Z   ---
2026-10-08T19:03:51.6487744Z   duration_ms: 25.124226
2026-10-08T19:03:51.6512549Z   ...
2026-10-08T19:03:51.6525114Z # Subtest: a strict difference too small for percentage display is not declared equal
2026-10-08T19:03:51.6526441Z ok 227 - a strict difference too small for percentage display is not declared equal
2026-10-08T19:03:51.6527248Z   ---
2026-10-08T19:03:51.6527686Z   duration_ms: 0.531673
2026-10-08T19:03:51.6528153Z   ...
2026-10-08T19:03:51.6529030Z # Subtest: label and group transformations preserve the intended descriptive quantities
2026-10-08T19:03:51.6530323Z ok 228 - label and group transformations preserve the intended descriptive quantities
2026-10-08T19:03:51.6531142Z   ---
2026-10-08T19:03:51.6531579Z   duration_ms: 1.801165
2026-10-08T19:03:51.6532054Z   ...
2026-10-08T19:03:51.6532976Z # Subtest: shared weights preserve both strict subgroup advantages at every permitted mix
2026-10-08T19:03:51.6534569Z ok 229 - shared weights preserve both strict subgroup advantages at every permitted mix
2026-10-08T19:03:51.6535414Z   ---
2026-10-08T19:03:51.6535848Z   duration_ms: 9.075134
2026-10-08T19:03:51.6536309Z   ...
2026-10-08T19:03:51.6537548Z # Subtest: download contains exact inputs, unavailable values and deterministic recomputable fractions
2026-10-08T19:03:51.6539105Z ok 230 - download contains exact inputs, unavailable values and deterministic recomputable fractions
2026-10-08T19:03:51.6540042Z   ---
2026-10-08T19:03:51.6540476Z   duration_ms: 0.780538
2026-10-08T19:03:51.6540935Z   ...
2026-10-08T19:03:51.6541663Z # Subtest: signed homes, exact admission and canonical copies
2026-10-08T19:03:51.6542570Z ok 231 - signed homes, exact admission and canonical copies
2026-10-08T19:03:51.6543215Z   ---
2026-10-08T19:03:51.6543915Z   duration_ms: 3.889486
2026-10-08T19:03:51.6544350Z   ...
2026-10-08T19:03:51.6545119Z # Subtest: search crosses a tombstone and insertion reuses it only after absence proof
2026-10-08T19:03:51.6546241Z ok 232 - search crosses a tombstone and insertion reuses it only after absence proof
2026-10-08T19:03:51.6546664Z   ---
2026-10-08T19:03:51.6546863Z   duration_ms: 2.359158
2026-10-08T19:03:51.6547079Z   ...
2026-10-08T19:03:51.6547451Z # Subtest: a tombstone before an existing key does not create a duplicate
2026-10-08T19:03:51.6547998Z ok 233 - a tombstone before an existing key does not create a duplicate
2026-10-08T19:03:51.6548349Z   ---
2026-10-08T19:03:51.6548528Z   duration_ms: 0.872991
2026-10-08T19:03:51.6548740Z   ...
2026-10-08T19:03:51.6549171Z # Subtest: wraparound, full refusal, duplicate success and full-cycle tombstone reuse
2026-10-08T19:03:51.6549807Z ok 234 - wraparound, full refusal, duplicate success and full-cycle tombstone reuse
2026-10-08T19:03:51.6550197Z   ---
2026-10-08T19:03:51.6550392Z   duration_ms: 0.917203
2026-10-08T19:03:51.6550590Z   ...
2026-10-08T19:03:51.6550988Z # Subtest: probe frames observe the pre-state; only a result frame applies changes
2026-10-08T19:03:51.6551614Z ok 235 - probe frames observe the pre-state; only a result frame applies changes
2026-10-08T19:03:51.6551995Z   ---
2026-10-08T19:03:51.6552180Z   duration_ms: 1.145099
2026-10-08T19:03:51.6552380Z   ...
2026-10-08T19:03:51.6552986Z # Subtest: the original course passes the existing importer and preserves its permission
2026-10-08T19:03:51.6554238Z ok 236 - the original course passes the existing importer and preserves its permission
2026-10-08T19:03:51.6554970Z   ---
2026-10-08T19:03:51.6555301Z   duration_ms: 16.136006
2026-10-08T19:03:51.6555661Z   ...
2026-10-08T19:03:51.6556403Z # Subtest: standalone page is reproducible and embeds the exact downloadable deck text
2026-10-08T19:03:51.6557525Z ok 237 - standalone page is reproducible and embeds the exact downloadable deck text
2026-10-08T19:03:51.6558197Z   ---
2026-10-08T19:03:51.6558510Z   duration_ms: 60.265435
2026-10-08T19:03:51.6558868Z   ...
2026-10-08T19:03:51.6559459Z # Subtest: BKT probabilities stay bounded across repeated evidence
2026-10-08T19:03:51.6560322Z ok 238 - BKT probabilities stay bounded across repeated evidence
2026-10-08T19:03:51.6560884Z   ---
2026-10-08T19:03:51.6561430Z   duration_ms: 8.578967
2026-10-08T19:03:51.6561772Z   ...
2026-10-08T19:03:51.6562574Z # Subtest: correct evidence raises and incorrect evidence lowers posterior for interior prior
2026-10-08T19:03:51.6564155Z ok 239 - correct evidence raises and incorrect evidence lowers posterior for interior prior
2026-10-08T19:03:51.6564913Z   ---
2026-10-08T19:03:51.6565237Z   duration_ms: 0.197208
2026-10-08T19:03:51.6565593Z   ...
2026-10-08T19:03:51.6566205Z # Subtest: parameter validation rejects impossible probabilities
2026-10-08T19:03:51.6567080Z ok 240 - parameter validation rejects impossible probabilities
2026-10-08T19:03:51.6567642Z   ---
2026-10-08T19:03:51.6567959Z   duration_ms: 0.591796
2026-10-08T19:03:51.6568312Z   ...
2026-10-08T19:03:51.6569073Z # Subtest: entropy and information gain have expected bounds and peak near uncertainty
2026-10-08T19:03:51.6570232Z ok 241 - entropy and information gain have expected bounds and peak near uncertainty
2026-10-08T19:03:51.6570927Z   ---
2026-10-08T19:03:51.6571251Z   duration_ms: 1.817155
2026-10-08T19:03:51.6571614Z   ...
2026-10-08T19:03:51.6572566Z # Subtest: selector prioritizes a weak prerequisite and is stable after exhaustion
2026-10-08T19:03:51.6573927Z ok 242 - selector prioritizes a weak prerequisite and is stable after exhaustion
2026-10-08T19:03:51.6574633Z   ---
2026-10-08T19:03:51.6574953Z   duration_ms: 0.36375
2026-10-08T19:03:51.6575307Z   ...
2026-10-08T19:03:51.6575923Z # Subtest: initial mastery creates independent named concept values
2026-10-08T19:03:51.6576822Z ok 243 - initial mastery creates independent named concept values
2026-10-08T19:03:51.6577397Z   ---
2026-10-08T19:03:51.6577715Z   duration_ms: 0.852122
2026-10-08T19:03:51.6578069Z   ...
2026-10-08T19:03:51.6578918Z # Subtest: scripted learner simulation is deterministic, bounded, and distinguishes selector modes
2026-10-08T19:03:51.6580265Z ok 244 - scripted learner simulation is deterministic, bounded, and distinguishes selector modes
2026-10-08T19:03:51.6581047Z   ---
2026-10-08T19:03:51.6581395Z   duration_ms: 0.668769
2026-10-08T19:03:51.6581752Z   ...
2026-10-08T19:03:51.6582497Z # Subtest: written scalars retain exact decimal/fraction intent and bounded admission
2026-10-08T19:03:51.6583951Z ok 245 - written scalars retain exact decimal/fraction intent and bounded admission
2026-10-08T19:03:51.6584642Z   ---
2026-10-08T19:03:51.6584963Z   duration_ms: 2.211752
2026-10-08T19:03:51.6585315Z   ...
2026-10-08T19:03:51.6586068Z # Subtest: noisy example has exact coefficients, each residual, and the minimum identity
2026-10-08T19:03:51.6587229Z ok 246 - noisy example has exact coefficients, each residual, and the minimum identity
2026-10-08T19:03:51.6587921Z   ---
2026-10-08T19:03:51.6588234Z   duration_ms: 1.503339
2026-10-08T19:03:51.6588595Z   ...
2026-10-08T19:03:51.6589497Z # Subtest: changing the middle point changes the intercept and flips residuals without inventing zero SSE
2026-10-08T19:03:51.6590893Z ok 247 - changing the middle point changes the intercept and flips residuals without inventing zero SSE
2026-10-08T19:03:51.6591693Z   ---
2026-10-08T19:03:51.6592010Z   duration_ms: 0.474797
2026-10-08T19:03:51.6592358Z   ...
2026-10-08T19:03:51.6593016Z # Subtest: all authored examples have independently worked exact outcomes
2026-10-08T19:03:51.6594228Z ok 248 - all authored examples have independently worked exact outcomes
2026-10-08T19:03:51.6594850Z   ---
2026-10-08T19:03:51.6595164Z   duration_ms: 2.225047
2026-10-08T19:03:51.6595517Z   ...
2026-10-08T19:03:51.6596347Z # Subtest: all-equal x determines the shared fitted value and minimum, not arbitrary coefficients
2026-10-08T19:03:51.6597634Z ok 249 - all-equal x determines the shared fitted value and minimum, not arbitrary coefficients
2026-10-08T19:03:51.6598376Z   ---
2026-10-08T19:03:51.6598689Z   duration_ms: 1.205812
2026-10-08T19:03:51.6599038Z   ...
2026-10-08T19:03:51.6599966Z # Subtest: ordinary repeated x and duplicate points count as rows; constant y is a valid unique horizontal fit
2026-10-08T19:03:51.6601631Z ok 250 - ordinary repeated x and duplicate points count as rows; constant y is a valid unique horizontal fit
2026-10-08T19:03:51.6602447Z   ---
2026-10-08T19:03:51.6602756Z   duration_ms: 1.203649
2026-10-08T19:03:51.6603100Z   ...
2026-10-08T19:03:51.6604156Z # Subtest: translation, x-unit change and row permutation preserve the appropriate exact quantities
2026-10-08T19:03:51.6605489Z ok 251 - translation, x-unit change and row permutation preserve the appropriate exact quantities
2026-10-08T19:03:51.6606245Z   ---
2026-10-08T19:03:51.6606559Z   duration_ms: 1.063637
2026-10-08T19:03:51.6606907Z   ...
2026-10-08T19:03:51.6607768Z # Subtest: extreme admitted geometry produces copyable exact coefficients without display rounding
2026-10-08T19:03:51.6609106Z ok 252 - extreme admitted geometry produces copyable exact coefficients without display rounding
2026-10-08T19:03:51.6609912Z   ---
2026-10-08T19:03:51.6610263Z   duration_ms: 2.316883
2026-10-08T19:03:51.6610629Z   ...
2026-10-08T19:03:51.6611565Z # Subtest: prediction location uses exact rational comparison at both endpoints
2026-10-08T19:03:51.6612972Z ok 253 - prediction location uses exact rational comparison at both endpoints
2026-10-08T19:03:51.6614040Z   ---
2026-10-08T19:03:51.6614423Z   duration_ms: 1.042938
2026-10-08T19:03:51.6614821Z   ...
2026-10-08T19:03:51.6615528Z # Subtest: zero signed error alone does not minimize the squared criterion
2026-10-08T19:03:51.6616559Z ok 254 - zero signed error alone does not minimize the squared criterion
2026-10-08T19:03:51.6617218Z   ---
2026-10-08T19:03:51.6617568Z   duration_ms: 0.541021
2026-10-08T19:03:51.6617955Z   ...
2026-10-08T19:03:51.6618946Z # Subtest: bounded changed-input corpus satisfies normal equations and direct numerical score comparison
2026-10-08T19:03:51.6620462Z ok 255 - bounded changed-input corpus satisfies normal equations and direct numerical score comparison
2026-10-08T19:03:51.6621345Z   ---
2026-10-08T19:03:51.6621708Z   duration_ms: 59.29895
2026-10-08T19:03:51.6622202Z   ...
2026-10-08T19:03:51.6623064Z # Subtest: invalid inputs refuse without mutating caller rows or leaving a writable result
2026-10-08T19:03:51.6624537Z ok 256 - invalid inputs refuse without mutating caller rows or leaving a writable result
2026-10-08T19:03:51.6625277Z   ---
2026-10-08T19:03:51.6625605Z   duration_ms: 2.882004
2026-10-08T19:03:51.6625994Z   ...
2026-10-08T19:03:51.6626879Z # Subtest: the emitted course uses the real learner format and retains all original worked items
2026-10-08T19:03:51.6628255Z ok 257 - the emitted course uses the real learner format and retains all original worked items
2026-10-08T19:03:51.6629075Z   ---
2026-10-08T19:03:51.6629445Z   duration_ms: 26.762086
2026-10-08T19:03:51.6629848Z   ...
2026-10-08T19:03:51.6630847Z # Subtest: the standalone artifact embeds exact course and guide bytes with no unresolved module dependency
2026-10-08T19:03:51.6632397Z ok 258 - the standalone artifact embeds exact course and guide bytes with no unresolved module dependency
2026-10-08T19:03:51.6633297Z   ---
2026-10-08T19:03:51.6633939Z   duration_ms: 5.128411
2026-10-08T19:03:51.6634352Z   ...
2026-10-08T19:03:51.6635413Z # Subtest: mixed partial save preserves exact native prefix, next item, option orders and uninterrupted continuation
2026-10-08T19:03:51.6637101Z ok 259 - mixed partial save preserves exact native prefix, next item, option orders and uninterrupted continuation
2026-10-08T19:03:51.6638051Z   ---
2026-10-08T19:03:51.6638427Z   duration_ms: 14.411032
2026-10-08T19:03:51.6638825Z   ...
2026-10-08T19:03:51.6639774Z # Subtest: a started lesson with no answers restores the first native question and all initial estimates
2026-10-08T19:03:51.6641233Z ok 260 - a started lesson with no answers restores the first native question and all initial estimates
2026-10-08T19:03:51.6642085Z   ---
2026-10-08T19:03:51.6642454Z   duration_ms: 2.055941
2026-10-08T19:03:51.6642840Z   ...
2026-10-08T19:03:51.6644051Z # Subtest: feedback retains the last chosen option while Next remains the next unanswered question
2026-10-08T19:03:51.6645751Z ok 261 - feedback retains the last chosen option while Next remains the next unanswered question
2026-10-08T19:03:51.6646581Z   ---
2026-10-08T19:03:51.6646922Z   duration_ms: 2.989375
2026-10-08T19:03:51.6647309Z   ...
2026-10-08T19:03:51.6648257Z # Subtest: complete sessions remain in the existing trace format, including its separate practice state
2026-10-08T19:03:51.6649748Z ok 262 - complete sessions remain in the existing trace format, including its separate practice state
2026-10-08T19:03:51.6650630Z   ---
2026-10-08T19:03:51.6650995Z   duration_ms: 8.080275
2026-10-08T19:03:51.6651387Z   ...
2026-10-08T19:03:51.6652272Z # Subtest: course content and array order are bound; harmless JSON object key order is accepted
2026-10-08T19:03:51.6653862Z ok 263 - course content and array order are bound; harmless JSON object key order is accepted
2026-10-08T19:03:51.6654678Z   ---
2026-10-08T19:03:51.6655037Z   duration_ms: 12.545519
2026-10-08T19:03:51.6655451Z   ...
2026-10-08T19:03:51.6656467Z # Subtest: model identity and every BKT parameter must match the native model
2026-10-08T19:03:51.6657557Z ok 264 - model identity and every BKT parameter must match the native model
2026-10-08T19:03:51.6658213Z   ---
2026-10-08T19:03:51.6658542Z   duration_ms: 3.240742
2026-10-08T19:03:51.6658926Z   ...
2026-10-08T19:03:51.6659837Z # Subtest: first answers must form the actual native adaptive prefix with canonical option indices
2026-10-08T19:03:51.6661196Z ok 265 - first answers must form the actual native adaptive prefix with canonical option indices
2026-10-08T19:03:51.6662036Z   ---
2026-10-08T19:03:51.6662404Z   duration_ms: 17.082393
2026-10-08T19:03:51.6662807Z   ...
2026-10-08T19:03:51.6663972Z # Subtest: mastery is replayed at full precision and never accepted from rounded or altered values
2026-10-08T19:03:51.6665408Z ok 266 - mastery is replayed at full precision and never accepted from rounded or altered values
2026-10-08T19:03:51.6666245Z   ---
2026-10-08T19:03:51.6666633Z   duration_ms: 5.453671
2026-10-08T19:03:51.6667039Z   ...
2026-10-08T19:03:51.6667948Z # Subtest: question, feedback and complete per-item permutations are checked before restoration
2026-10-08T19:03:51.6669325Z ok 267 - question, feedback and complete per-item permutations are checked before restoration
2026-10-08T19:03:51.6670110Z   ---
2026-10-08T19:03:51.6670462Z   duration_ms: 15.880677
2026-10-08T19:03:51.6670846Z   ...
2026-10-08T19:03:51.6671892Z # Subtest: successful and refused reads leave caller state untouched and return deeply immutable independent copies
2026-10-08T19:03:51.6673885Z ok 268 - successful and refused reads leave caller state untouched and return deeply immutable independent copies
2026-10-08T19:03:51.6674820Z   ---
2026-10-08T19:03:51.6675227Z   duration_ms: 8.611386
2026-10-08T19:03:51.6675594Z   ...
2026-10-08T19:03:51.6676628Z # Subtest: the JSON boundary rejects malformed, unsupported, deep and oversized files with a UTF-8 byte limit
2026-10-08T19:03:51.6678198Z ok 269 - the JSON boundary rejects malformed, unsupported, deep and oversized files with a UTF-8 byte limit
2026-10-08T19:03:51.6679113Z   ---
2026-10-08T19:03:51.6679458Z   duration_ms: 28.650276
2026-10-08T19:03:51.6679819Z   ...
2026-10-08T19:03:51.6680706Z # Subtest: save times are canonical UTC values and invalid save inputs cannot mutate a session
2026-10-08T19:03:51.6682122Z ok 270 - save times are canonical UTC values and invalid save inputs cannot mutate a session
2026-10-08T19:03:51.6683002Z   ---
2026-10-08T19:03:51.6683372Z   duration_ms: 2.746331
2026-10-08T19:03:51.6683932Z   ...
2026-10-08T19:03:51.6684971Z # Subtest: ordinary course identifiers that match object prototype names survive without shared object mutation
2026-10-08T19:03:51.6686604Z ok 271 - ordinary course identifiers that match object prototype names survive without shared object mutation
2026-10-08T19:03:51.6687552Z   ---
2026-10-08T19:03:51.6687915Z   duration_ms: 1.823667
2026-10-08T19:03:51.6688324Z   ...
2026-10-08T19:03:51.6689532Z # Subtest: the original fourteen-question course passes the real bounded importer and reviewed key
2026-10-08T19:03:51.6690990Z ok 272 - the original fourteen-question course passes the real bounded importer and reviewed key
2026-10-08T19:03:51.6691846Z   ---
2026-10-08T19:03:51.6692208Z   duration_ms: 12.240427
2026-10-08T19:03:51.6692622Z   ...
2026-10-08T19:03:51.6693742Z # Subtest: integer percentages reject malformed input instead of parsing a numeric prefix
2026-10-08T19:03:51.6695441Z ok 273 - integer percentages reject malformed input instead of parsing a numeric prefix
2026-10-08T19:03:51.6696370Z   ---
2026-10-08T19:03:51.6696764Z   duration_ms: 0.992725
2026-10-08T19:03:51.6697194Z   ...
2026-10-08T19:03:51.6698191Z # Subtest: matrix and initial admission reject shape, type, sparse values and wrong totals
2026-10-08T19:03:51.6699421Z ok 274 - matrix and initial admission reject shape, type, sparse values and wrong totals
2026-10-08T19:03:51.6701372Z   ---
2026-10-08T19:03:51.6701763Z   duration_ms: 1.128388
2026-10-08T19:03:51.6702161Z   ...
2026-10-08T19:03:51.6703356Z # Subtest: every preset and independent custom system agree with exact rational weights through step 30
2026-10-08T19:03:51.6705266Z ok 275 - every preset and independent custom system agree with exact rational weights through step 30
2026-10-08T19:03:51.6706139Z   ---
2026-10-08T19:03:51.6706482Z   duration_ms: 10.120275
2026-10-08T19:03:51.6706849Z   ...
2026-10-08T19:03:51.6707626Z # Subtest: mixing has the original worked values and an independent closed-form solution
2026-10-08T19:03:51.6708854Z ok 276 - mixing has the original worked values and an independent closed-form solution
2026-10-08T19:03:51.6709618Z   ---
2026-10-08T19:03:51.6709970Z   duration_ms: 0.753778
2026-10-08T19:03:51.6710370Z   ...
2026-10-08T19:03:51.6711139Z # Subtest: alternation is periodic while its stationary distribution remains fixed
2026-10-08T19:03:51.6712287Z ok 277 - alternation is periodic while its stationary distribution remains fixed
2026-10-08T19:03:51.6713028Z   ---
2026-10-08T19:03:51.6713369Z   duration_ms: 1.662275
2026-10-08T19:03:51.6714007Z   ...
2026-10-08T19:03:51.6714901Z # Subtest: absorbing and two-closed-state systems preserve reachability and initial dependence
2026-10-08T19:03:51.6716304Z ok 278 - absorbing and two-closed-state systems preserve reachability and initial dependence
2026-10-08T19:03:51.6717101Z   ---
2026-10-08T19:03:51.6717459Z   duration_ms: 1.395587
2026-10-08T19:03:51.6717844Z   ...
2026-10-08T19:03:51.6718721Z # Subtest: step zero, bounds, copied inputs and deep immutability keep an observation coherent
2026-10-08T19:03:51.6720029Z ok 279 - step zero, bounds, copied inputs and deep immutability keep an observation coherent
2026-10-08T19:03:51.6720893Z   ---
2026-10-08T19:03:51.6721246Z   duration_ms: 0.691912
2026-10-08T19:03:51.6728389Z   ...
2026-10-08T19:03:51.6729024Z # Subtest: observation export binds applied inputs, selected step and full computed precision
2026-10-08T19:03:51.6729877Z ok 280 - observation export binds applied inputs, selected step and full computed precision
2026-10-08T19:03:51.6730606Z   ---
2026-10-08T19:03:51.6730931Z   duration_ms: 2.699703
2026-10-08T19:03:51.6731286Z   ...
2026-10-08T19:03:51.6731810Z # Subtest: the direct-open explorer contains exact course bytes and matches the maintained builder
2026-10-08T19:03:51.6732590Z ok 281 - the direct-open explorer contains exact course bytes and matches the maintained builder
2026-10-08T19:03:51.6733045Z   ---
2026-10-08T19:03:51.6733240Z   duration_ms: 46.541366
2026-10-08T19:03:51.6733744Z   ...
2026-10-08T19:03:51.6734369Z # Independent arithmetic cases: 1458; finite rows received: 14580
2026-10-08T19:03:51.6735377Z # Subtest: six worked examples distinguish base, step and finite evidence
2026-10-08T19:03:51.6736379Z ok 282 - six worked examples distinguish base, step and finite evidence
2026-10-08T19:03:51.6737020Z   ---
2026-10-08T19:03:51.6737359Z   duration_ms: 5.975043
2026-10-08T19:03:51.6737714Z   ...
2026-10-08T19:03:51.6738751Z # Subtest: independent finite sums and differences receive 1458 bounded exact certificates
2026-10-08T19:03:51.6739956Z ok 283 - independent finite sums and differences receive 1458 bounded exact certificates
2026-10-08T19:03:51.6740701Z   ---
2026-10-08T19:03:51.6741052Z   duration_ms: 136.336958
2026-10-08T19:03:51.6741459Z   ...
2026-10-08T19:03:51.6742234Z # Subtest: coefficient extremes and denominator bounds preserve exact arithmetic
2026-10-08T19:03:51.6743339Z ok 284 - coefficient extremes and denominator bounds preserve exact arithmetic
2026-10-08T19:03:51.6744361Z   ---
2026-10-08T19:03:51.6744712Z   duration_ms: 1.673938
2026-10-08T19:03:51.6745097Z   ...
2026-10-08T19:03:51.6745779Z # Subtest: equivalent rational representation and zero denominator refusal
2026-10-08T19:03:51.6746862Z ok 285 - equivalent rational representation and zero denominator refusal
2026-10-08T19:03:51.6747576Z   ---
2026-10-08T19:03:51.6747927Z   duration_ms: 0.729443
2026-10-08T19:03:51.6748301Z   ...
2026-10-08T19:03:51.6749321Z # Subtest: strict admission rejects malformed, missing, fractional and out-of-range inputs
2026-10-08T19:03:51.6750617Z ok 286 - strict admission rejects malformed, missing, fractional and out-of-range inputs
2026-10-08T19:03:51.6751406Z   ---
2026-10-08T19:03:51.6751771Z   duration_ms: 1.37586
2026-10-08T19:03:51.6752157Z   ...
2026-10-08T19:03:51.6752862Z # Subtest: accepted inputs and every exported record branch are immutable
2026-10-08T19:03:51.6754159Z ok 287 - accepted inputs and every exported record branch are immutable
2026-10-08T19:03:51.6754764Z   ---
2026-10-08T19:03:51.6755078Z   duration_ms: 0.695409
2026-10-08T19:03:51.6755431Z   ...
2026-10-08T19:03:51.6756267Z # Subtest: course uses unchanged native deck contract and frozen independent question wording
2026-10-08T19:03:51.6757493Z ok 288 - course uses unchanged native deck contract and frozen independent question wording
2026-10-08T19:03:51.6758244Z   ---
2026-10-08T19:03:51.6758573Z   duration_ms: 13.462971
2026-10-08T19:03:51.6758957Z   ...
2026-10-08T19:03:51.6759866Z # Subtest: the original course is admitted by the existing deck contract with all four concepts covered
2026-10-08T19:03:51.6761232Z ok 289 - the original course is admitted by the existing deck contract with all four concepts covered
2026-10-08T19:03:51.6762038Z   ---
2026-10-08T19:03:51.6762378Z   duration_ms: 3.113296
2026-10-08T19:03:51.6762744Z   ...
2026-10-08T19:03:51.6763977Z # Subtest: answer positions are balanced and no correct option is uniquely the longest
2026-10-08T19:03:51.6765231Z ok 290 - answer positions are balanced and no correct option is uniquely the longest
2026-10-08T19:03:51.6765975Z   ---
2026-10-08T19:03:51.6766345Z   duration_ms: 0.415216
2026-10-08T19:03:51.6766746Z   ...
2026-10-08T19:03:51.6767707Z # Subtest: each numerical answer uses the stated correction sign, denominator or independence assumption
2026-10-08T19:03:51.6769223Z ok 291 - each numerical answer uses the stated correction sign, denominator or independence assumption
2026-10-08T19:03:51.6770103Z   ---
2026-10-08T19:03:51.6770454Z   duration_ms: 0.483733
2026-10-08T19:03:51.6770823Z   ...
2026-10-08T19:03:51.6771889Z # Subtest: standalone artifact is deterministic, preserves the exact deck bytes and contains executable classic scripts
2026-10-08T19:03:51.6773844Z ok 292 - standalone artifact is deterministic, preserves the exact deck bytes and contains executable classic scripts
2026-10-08T19:03:51.6774862Z   ---
2026-10-08T19:03:51.6775226Z   duration_ms: 5.647791
2026-10-08T19:03:51.6775641Z   ...
2026-10-08T19:03:51.6776691Z # Subtest: worked four-reading budget distinguishes raw mean, correction, sample scatter and mean uncertainty
2026-10-08T19:03:51.6778334Z ok 293 - worked four-reading budget distinguishes raw mean, correction, sample scatter and mean uncertainty
2026-10-08T19:03:51.6779261Z   ---
2026-10-08T19:03:51.6779637Z   duration_ms: 2.299996
2026-10-08T19:03:51.6780042Z   ...
2026-10-08T19:03:51.6781016Z # Subtest: a shared additive correction shifts the estimate without changing either uncertainty component
2026-10-08T19:03:51.6782793Z ok 294 - a shared additive correction shifts the estimate without changing either uncertainty component
2026-10-08T19:03:51.6783926Z   ---
2026-10-08T19:03:51.6784256Z   duration_ms: 0.387023
2026-10-08T19:03:51.6784626Z   ...
2026-10-08T19:03:51.6785597Z # Subtest: identical readings retain a nonzero shared component and are not rejected for numerical repetition
2026-10-08T19:03:51.6787106Z ok 295 - identical readings retain a nonzero shared component and are not rejected for numerical repetition
2026-10-08T19:03:51.6787969Z   ---
2026-10-08T19:03:51.6788287Z   duration_ms: 1.703953
2026-10-08T19:03:51.6788652Z   ...
2026-10-08T19:03:51.6789653Z # Subtest: future independent sample sizes hold shared calibration fixed while repeatability shrinks by square root
2026-10-08T19:03:51.6791257Z ok 296 - future independent sample sizes hold shared calibration fixed while repeatability shrinks by square root
2026-10-08T19:03:51.6792163Z   ---
2026-10-08T19:03:51.6792501Z   duration_ms: 0.543445
2026-10-08T19:03:51.6793083Z   ...
2026-10-08T19:03:51.6794231Z # Subtest: shared covariance gives the same calibration contribution for a mean of any sample size
2026-10-08T19:03:51.6795556Z ok 297 - shared covariance gives the same calibration contribution for a mean of any sample size
2026-10-08T19:03:51.6796334Z   ---
2026-10-08T19:03:51.6796662Z   duration_ms: 0.378076
2026-10-08T19:03:51.6797023Z   ...
2026-10-08T19:03:51.6797868Z # Subtest: compensated raw means preserve small residuals after large opposing readings cancel
2026-10-08T19:03:51.6799168Z ok 298 - compensated raw means preserve small residuals after large opposing readings cancel
2026-10-08T19:03:51.6799953Z   ---
2026-10-08T19:03:51.6800283Z   duration_ms: 0.322273
2026-10-08T19:03:51.6800642Z   ...
2026-10-08T19:03:51.6801518Z # Subtest: centered scatter remains meaningful for a large shared offset and at supported extremes
2026-10-08T19:03:51.6802874Z ok 299 - centered scatter remains meaningful for a large shared offset and at supported extremes
2026-10-08T19:03:51.6804038Z   ---
2026-10-08T19:03:51.6804454Z   duration_ms: 0.406108
2026-10-08T19:03:51.6804872Z   ...
2026-10-08T19:03:51.6805855Z # Subtest: reordering observations preserves the summary but does not assert statistical independence
2026-10-08T19:03:51.6807397Z ok 300 - reordering observations preserves the summary but does not assert statistical independence
2026-10-08T19:03:51.6808239Z   ---
2026-10-08T19:03:51.6808590Z   duration_ms: 1.051033
2026-10-08T19:03:51.6808995Z   ...
2026-10-08T19:03:51.6809862Z # Subtest: input parsing keeps every observation and refuses malformed or missing comma fields
2026-10-08T19:03:51.6811157Z ok 301 - input parsing keeps every observation and refuses malformed or missing comma fields
2026-10-08T19:03:51.6811940Z   ---
2026-10-08T19:03:51.6812298Z   duration_ms: 1.69691
2026-10-08T19:03:51.6812672Z   ...
2026-10-08T19:03:51.6813681Z # Subtest: supported magnitude and nonnegative half-width boundaries are explicit
2026-10-08T19:03:51.6814881Z ok 302 - supported magnitude and nonnegative half-width boundaries are explicit
2026-10-08T19:03:51.6815601Z   ---
2026-10-08T19:03:51.6815943Z   duration_ms: 0.770258
2026-10-08T19:03:51.6816333Z   ...
2026-10-08T19:03:51.6817150Z # Subtest: public calculations reject missing observations and invalid forecast counts
2026-10-08T19:03:51.6818348Z ok 303 - public calculations reject missing observations and invalid forecast counts
2026-10-08T19:03:51.6819067Z   ---
2026-10-08T19:03:51.6819396Z   duration_ms: 0.600952
2026-10-08T19:03:51.6819760Z   ...
2026-10-08T19:03:51.6820540Z # Subtest: calculation snapshots do not mutate caller arrays or change after later edits
2026-10-08T19:03:51.6821735Z ok 304 - calculation snapshots do not mutate caller arrays or change after later edits
2026-10-08T19:03:51.6822546Z   ---
2026-10-08T19:03:51.6822885Z   duration_ms: 0.314307
2026-10-08T19:03:51.6823249Z   ...
2026-10-08T19:03:51.6824446Z # Subtest: the original twelve-item course has native schema, prerequisite closure and exact export/reopen
2026-10-08T19:03:51.6826161Z ok 305 - the original twelve-item course has native schema, prerequisite closure and exact export/reopen
2026-10-08T19:03:51.6826993Z   ---
2026-10-08T19:03:51.6827324Z   duration_ms: 3.952314
2026-10-08T19:03:51.6827686Z   ...
2026-10-08T19:03:51.6828623Z # Subtest: correct course answers complete the actual selector, separate practice and literal study notes
2026-10-08T19:03:51.6830077Z ok 306 - correct course answers complete the actual selector, separate practice and literal study notes
2026-10-08T19:03:51.6830915Z   ---
2026-10-08T19:03:51.6831251Z   duration_ms: 17.940184
2026-10-08T19:03:51.6831629Z   ...
2026-10-08T19:03:51.6832537Z # Subtest: mixed course answers complete the actual selector, separate practice and literal study notes
2026-10-08T19:03:51.6834184Z ok 307 - mixed course answers complete the actual selector, separate practice and literal study notes
2026-10-08T19:03:51.6835068Z   ---
2026-10-08T19:03:51.6835423Z   duration_ms: 2.912531
2026-10-08T19:03:51.6836026Z   ...
2026-10-08T19:03:51.6836993Z # Subtest: missed course answers complete the actual selector, separate practice and literal study notes
2026-10-08T19:03:51.6838439Z ok 308 - missed course answers complete the actual selector, separate practice and literal study notes
2026-10-08T19:03:51.6839277Z   ---
2026-10-08T19:03:51.6839636Z   duration_ms: 1.966474
2026-10-08T19:03:51.6840008Z   ...
2026-10-08T19:03:51.6840866Z # Subtest: the direct-open artifact is deterministic and embeds the exact validated course text
2026-10-08T19:03:51.6842187Z ok 309 - the direct-open artifact is deterministic and embeds the exact validated course text
2026-10-08T19:03:51.6842961Z   ---
2026-10-08T19:03:51.6843292Z   duration_ms: 2.830999
2026-10-08T19:03:51.6843965Z   ...
2026-10-08T19:03:51.6844870Z # Subtest: CLI check through a symlink refuses stale output and accepts the exact current artifact
2026-10-08T19:03:51.6846309Z ok 310 - CLI check through a symlink refuses stale output and accepts the exact current artifact
2026-10-08T19:03:51.6847144Z   ---
2026-10-08T19:03:51.6847522Z   duration_ms: 97.069063
2026-10-08T19:03:51.6847925Z   ...
2026-10-08T19:03:51.6848678Z # Subtest: gametes carry one allele per locus and preserve equal segregation
2026-10-08T19:03:51.6849704Z ok 311 - gametes carry one allele per locus and preserve equal segregation
2026-10-08T19:03:51.6850336Z   ---
2026-10-08T19:03:51.6850658Z   duration_ms: 2.989925
2026-10-08T19:03:51.6851013Z   ...
2026-10-08T19:03:51.6852216Z # Subtest: Aa × Aa keeps both heterozygote routes and distinguishes genotype from phenotype
2026-10-08T19:03:51.6853881Z ok 312 - Aa × Aa keeps both heterozygote routes and distinguishes genotype from phenotype
2026-10-08T19:03:51.6854664Z   ---
2026-10-08T19:03:51.6855023Z   duration_ms: 1.139269
2026-10-08T19:03:51.6855341Z   ...
2026-10-08T19:03:51.6855954Z # Subtest: test crosses and complementary homozygotes have their own outcomes
2026-10-08T19:03:51.6856914Z ok 313 - test crosses and complementary homozygotes have their own outcomes
2026-10-08T19:03:51.6857496Z   ---
2026-10-08T19:03:51.6857796Z   duration_ms: 2.113508
2026-10-08T19:03:51.6858145Z   ...
2026-10-08T19:03:51.6858992Z # Subtest: the sixteen-route cross gives nine genotypes and 9:3:3:1 only under its stated assumptions
2026-10-08T19:03:51.6860371Z ok 314 - the sixteen-route cross gives nine genotypes and 9:3:3:1 only under its stated assumptions
2026-10-08T19:03:51.6861192Z   ---
2026-10-08T19:03:51.6861538Z   duration_ms: 0.698726
2026-10-08T19:03:51.6861907Z   ...
2026-10-08T19:03:51.6862830Z # Subtest: asymmetric AABb × Aabb derives the course answer without a memorized ratio
2026-10-08T19:03:51.6864474Z ok 315 - asymmetric AABb × Aabb derives the course answer without a memorized ratio
2026-10-08T19:03:51.6865187Z   ---
2026-10-08T19:03:51.6865531Z   duration_ms: 0.530361
2026-10-08T19:03:51.6865900Z   ...
2026-10-08T19:03:51.6866814Z # Subtest: all 90 bounded parent pairs agree with the allele-copy oracle, conserve probability and commute
2026-10-08T19:03:51.6868526Z ok 316 - all 90 bounded parent pairs agree with the allele-copy oracle, conserve probability and commute
2026-10-08T19:03:51.6869377Z   ---
2026-10-08T19:03:51.6869731Z   duration_ms: 22.990958
2026-10-08T19:03:51.6870128Z   ...
2026-10-08T19:03:51.6870801Z # Subtest: unsupported inputs cannot become a silently different cross
2026-10-08T19:03:51.6871817Z ok 317 - unsupported inputs cannot become a silently different cross
2026-10-08T19:03:51.6872444Z   ---
2026-10-08T19:03:51.6872788Z   duration_ms: 1.126474
2026-10-08T19:03:51.6873165Z   ...
2026-10-08T19:03:51.6874242Z # Subtest: a saved cross is a complete immutable record with explicit model boundaries
2026-10-08T19:03:51.6875439Z ok 318 - a saved cross is a complete immutable record with explicit model boundaries
2026-10-08T19:03:51.6876163Z   ---
2026-10-08T19:03:51.6876519Z   duration_ms: 0.951788
2026-10-08T19:03:51.6876910Z   ...
2026-10-08T19:03:52.6921766Z # Subtest: rerouting cancels one exact original edge and increases total flow
2026-10-08T19:03:52.6927985Z ok 319 - rerouting cancels one exact original edge and increases total flow
2026-10-08T19:03:52.6930010Z   ---
2026-10-08T19:03:52.6931860Z   duration_ms: 4.02011
2026-10-08T19:03:52.6933272Z   ...
2026-10-08T19:03:52.6935297Z # Subtest: all worked presets meet independent cuts and conservation
2026-10-08T19:03:52.6938895Z ok 320 - all worked presets meet independent cuts and conservation
2026-10-08T19:03:52.6941227Z   ---
2026-10-08T19:03:52.6943741Z   duration_ms: 4.435165
2026-10-08T19:03:52.6945155Z   ...
2026-10-08T19:03:52.6947087Z # Subtest: opposite original edge and cancellation remain two residual options
2026-10-08T19:03:52.6950447Z ok 321 - opposite original edge and cancellation remain two residual options
2026-10-08T19:03:52.6952651Z   ---
2026-10-08T19:03:52.6955935Z   duration_ms: 0.488643
2026-10-08T19:03:52.6958565Z   ...
2026-10-08T19:03:52.6964231Z # Subtest: all 4096 directed unit-capacity four-vertex networks match exhaustive cuts
2026-10-08T19:03:52.6968593Z ok 322 - all 4096 directed unit-capacity four-vertex networks match exhaustive cuts
2026-10-08T19:03:52.6970096Z   ---
2026-10-08T19:03:52.6970765Z   duration_ms: 746.102391
2026-10-08T19:03:52.6971458Z   ...
2026-10-08T19:03:52.6972527Z # Subtest: seeded integer networks up to eight vertices match cut enumeration
2026-10-08T19:03:52.6974068Z ok 323 - seeded integer networks up to eight vertices match cut enumeration
2026-10-08T19:03:52.6975069Z   ---
2026-10-08T19:03:52.6975752Z   duration_ms: 418.879634
2026-10-08T19:03:52.6976359Z   ...
2026-10-08T19:03:52.6977325Z # Subtest: empty, direct, zero and irrelevant source/sink reverse edges
2026-10-08T19:03:52.6978516Z ok 324 - empty, direct, zero and irrelevant source/sink reverse edges
2026-10-08T19:03:52.6979249Z   ---
2026-10-08T19:03:52.6979874Z   duration_ms: 0.342921
2026-10-08T19:03:52.6980572Z   ...
2026-10-08T19:03:52.6981368Z # Subtest: input and every retained snapshot are detached and immutable
2026-10-08T19:03:52.6982750Z ok 325 - input and every retained snapshot are detached and immutable
2026-10-08T19:03:52.6983321Z   ---
2026-10-08T19:03:52.6984134Z   duration_ms: 1.189593
2026-10-08T19:03:52.6984511Z   ...
2026-10-08T19:03:52.6985174Z # Subtest: structural and numeric refusals happen before solving
2026-10-08T19:03:52.6986071Z ok 326 - structural and numeric refusals happen before solving
2026-10-08T19:03:52.6986662Z   ---
2026-10-08T19:03:52.6986992Z   duration_ms: 0.97954
2026-10-08T19:03:52.6987356Z   ...
2026-10-08T19:03:52.6988092Z # Subtest: text parsing and observation downloads preserve the applied inputs
2026-10-08T19:03:52.6989186Z ok 327 - text parsing and observation downloads preserve the applied inputs
2026-10-08T19:03:52.6989898Z   ---
2026-10-08T19:03:52.6990192Z   duration_ms: 2.838653
2026-10-08T19:03:52.6990425Z   ...
2026-10-08T19:03:52.6990830Z # Subtest: original course is accepted by the unchanged native deck validator
2026-10-08T19:03:52.6991724Z ok 328 - original course is accepted by the unchanged native deck validator
2026-10-08T19:03:52.6992094Z   ---
2026-10-08T19:03:52.6992282Z   duration_ms: 1.445881
2026-10-08T19:03:52.6992486Z   ...
2026-10-08T19:03:52.6992837Z # Subtest: the standalone explorer matches its exact maintained inputs
2026-10-08T19:03:52.6993379Z ok 329 - the standalone explorer matches its exact maintained inputs
2026-10-08T19:03:52.6994100Z   ---
2026-10-08T19:03:52.6994292Z   duration_ms: 39.48527
2026-10-08T19:03:52.6994504Z   ...
2026-10-08T19:03:52.7167034Z # Subtest: small dyadic arithmetic keeps exact operand and result values
2026-10-08T19:03:52.7184826Z ok 330 - small dyadic arithmetic keeps exact operand and result values
2026-10-08T19:03:52.7185524Z   ---
2026-10-08T19:03:52.7185885Z   duration_ms: 3.417534
2026-10-08T19:03:52.7186291Z   ...
2026-10-08T19:03:52.7187011Z # Subtest: decimal sum retains exact conversion and operation contributions
2026-10-08T19:03:52.7188081Z ok 331 - decimal sum retains exact conversion and operation contributions
2026-10-08T19:03:52.7188776Z   ---
2026-10-08T19:03:52.7189488Z   duration_ms: 0.618395
2026-10-08T19:03:52.7189879Z   ...
2026-10-08T19:03:52.7190599Z # Subtest: conversion can erase a difference while subtraction itself is exact
2026-10-08T19:03:52.7191703Z ok 332 - conversion can erase a difference while subtraction itself is exact
2026-10-08T19:03:52.7192407Z   ---
2026-10-08T19:03:52.7192765Z   duration_ms: 0.452195
2026-10-08T19:03:52.7193134Z   ...
2026-10-08T19:03:52.7194062Z # Subtest: operation rounding can lose an exact integer step
2026-10-08T19:03:52.7194889Z ok 333 - operation rounding can lose an exact integer step
2026-10-08T19:03:52.7195452Z   ---
2026-10-08T19:03:52.7195774Z   duration_ms: 0.515614
2026-10-08T19:03:52.7196140Z   ...
2026-10-08T19:03:52.7197138Z # Subtest: nonzero signed contributions can cancel at an exactly represented result
2026-10-08T19:03:52.7198357Z ok 334 - nonzero signed contributions can cancel at an exactly represented result
2026-10-08T19:03:52.7199098Z   ---
2026-10-08T19:03:52.7199460Z   duration_ms: 0.542132
2026-10-08T19:03:52.7199845Z   ...
2026-10-08T19:03:52.7200790Z # Subtest: individual exact integers outside the safe interval are kept distinct from the API guarantee
2026-10-08T19:03:52.7202233Z ok 335 - individual exact integers outside the safe interval are kept distinct from the API guarantee
2026-10-08T19:03:52.7203060Z   ---
2026-10-08T19:03:52.7203429Z   duration_ms: 0.675291
2026-10-08T19:03:52.7204512Z   ...
2026-10-08T19:03:52.7205199Z # Subtest: signs, exact raw strings and negative zero remain explicit
2026-10-08T19:03:52.7206207Z ok 336 - signs, exact raw strings and negative zero remain explicit
2026-10-08T19:03:52.7206844Z   ---
2026-10-08T19:03:52.7207177Z   duration_ms: 1.404393
2026-10-08T19:03:52.7207555Z   ...
2026-10-08T19:03:52.7208276Z # Subtest: the declared decimal input bounds admit edges and refuse other syntax
2026-10-08T19:03:52.7209384Z ok 337 - the declared decimal input bounds admit edges and refuse other syntax
2026-10-08T19:03:52.7210155Z   ---
2026-10-08T19:03:52.7210512Z   duration_ms: 2.239885
2026-10-08T19:03:52.7210895Z   ...
2026-10-08T19:03:52.7225069Z # Subtest: worked records are complete, deterministic and deeply immutable
2026-10-08T19:03:52.7226227Z ok 338 - worked records are complete, deterministic and deeply immutable
2026-10-08T19:03:52.7226861Z   ---
2026-10-08T19:03:52.7227215Z   duration_ms: 3.062892
2026-10-08T19:03:52.7227599Z   ...
2026-10-08T19:03:52.7228502Z # Subtest: the original lesson passes the unchanged native deck contract with exact export parity
2026-10-08T19:03:52.7229841Z ok 339 - the original lesson passes the unchanged native deck contract with exact export parity
2026-10-08T19:03:52.7230590Z   ---
2026-10-08T19:03:52.7230935Z   duration_ms: 16.718594
2026-10-08T19:03:52.7231319Z   ...
2026-10-08T19:03:52.7232214Z # Subtest: language-specific worked examples agree with actual native Number and BigInt operations
2026-10-08T19:03:52.7233991Z ok 340 - language-specific worked examples agree with actual native Number and BigInt operations
2026-10-08T19:03:52.7235159Z   ---
2026-10-08T19:03:52.7235501Z   duration_ms: 0.381172
2026-10-08T19:03:52.7235880Z   ...
2026-10-08T19:03:52.7236616Z # Subtest: the directly openable explorer is an exact build of its native inputs
2026-10-08T19:03:52.7237712Z ok 341 - the directly openable explorer is an exact build of its native inputs
2026-10-08T19:03:52.7238469Z   ---
2026-10-08T19:03:52.7238835Z   duration_ms: 69.111306
2026-10-08T19:03:52.7239238Z   ...
2026-10-08T19:03:52.7239886Z # Subtest: embedded lesson download preserves exact source bytes
2026-10-08T19:03:52.7240789Z ok 342 - embedded lesson download preserves exact source bytes
2026-10-08T19:03:52.7241399Z   ---
2026-10-08T19:03:52.7241757Z   duration_ms: 20.332555
2026-10-08T19:03:52.7242146Z   ...
2026-10-08T19:03:52.7242875Z # Subtest: the original phasor course meets the complete native deck contract
2026-10-08T19:03:52.7244221Z ok 343 - the original phasor course meets the complete native deck contract
2026-10-08T19:03:52.7244871Z   ---
2026-10-08T19:03:52.7245411Z   duration_ms: 5.028524
2026-10-08T19:03:52.7245743Z   ...
2026-10-08T19:03:52.7246531Z # Subtest: the unchanged native selector reaches every imported item with bounded mastery estimates
2026-10-08T19:03:52.7247790Z ok 344 - the unchanged native selector reaches every imported item with bounded mastery estimates
2026-10-08T19:03:52.7250892Z   ---
2026-10-08T19:03:52.7251181Z   duration_ms: 17.663358
2026-10-08T19:03:52.7251511Z   ...
2026-10-08T19:03:52.7252309Z # Subtest: course answer identities agree with the separately solved blind receiving key
2026-10-08T19:03:52.7253744Z ok 345 - course answer identities agree with the separately solved blind receiving key
2026-10-08T19:03:52.7254468Z   ---
2026-10-08T19:03:52.7254802Z   duration_ms: 0.502689
2026-10-08T19:03:52.7255166Z   ...
2026-10-08T19:03:52.7256101Z # Subtest: the 3 + 4i example has amplitude five and the independently derived cosine projections
2026-10-08T19:03:52.7257409Z ok 346 - the 3 + 4i example has amplitude five and the independently derived cosine projections
2026-10-08T19:03:52.7258169Z   ---
2026-10-08T19:03:52.7258509Z   duration_ms: 5.496267
2026-10-08T19:03:52.7258882Z   ...
2026-10-08T19:03:52.7259673Z # Subtest: admission refuses omitted, blank, nonfinite, coerced and out-of-range settings
2026-10-08T19:03:52.7260859Z ok 347 - admission refuses omitted, blank, nonfinite, coerced and out-of-range settings
2026-10-08T19:03:52.7261562Z   ---
2026-10-08T19:03:52.7261888Z   duration_ms: 17.880363
2026-10-08T19:03:52.7262243Z   ...
2026-10-08T19:03:52.7263077Z # Subtest: equal opposite waves cancel exactly at arbitrary common rotations and both half-turn signs
2026-10-08T19:03:52.7264791Z ok 348 - equal opposite waves cancel exactly at arbitrary common rotations and both half-turn signs
2026-10-08T19:03:52.7265599Z   ---
2026-10-08T19:03:52.7265937Z   duration_ms: 9.493977
2026-10-08T19:03:52.7266355Z   ...
2026-10-08T19:03:52.7267209Z # Subtest: zero input and one absent component have distinct well-defined amplitude behavior
2026-10-08T19:03:52.7268455Z ok 349 - zero input and one absent component have distinct well-defined amplitude behavior
2026-10-08T19:03:52.7269209Z   ---
2026-10-08T19:03:52.7269545Z   duration_ms: 1.363177
2026-10-08T19:03:52.7269909Z   ...
2026-10-08T19:03:52.7270685Z # Subtest: a small real residual is retained instead of being relabeled exact cancellation
2026-10-08T19:03:52.7271882Z ok 350 - a small real residual is retained instead of being relabeled exact cancellation
2026-10-08T19:03:52.7272608Z   ---
2026-10-08T19:03:52.7272939Z   duration_ms: 6.385921
2026-10-08T19:03:52.7273316Z   ...
2026-10-08T19:03:52.7274508Z # Subtest: common rotation preserves magnitude and cycle average while moving the real projection
2026-10-08T19:03:52.7275863Z ok 351 - common rotation preserves magnitude and cycle average while moving the real projection
2026-10-08T19:03:52.7276634Z   ---
2026-10-08T19:03:52.7276958Z   duration_ms: 0.692293
2026-10-08T19:03:52.7277689Z   ...
2026-10-08T19:03:52.7278547Z # Subtest: principal phase respects the branch cut and zero never acquires a fabricated angle
2026-10-08T19:03:52.7279835Z ok 352 - principal phase respects the branch cut and zero never acquires a fabricated angle
2026-10-08T19:03:52.7280623Z   ---
2026-10-08T19:03:52.7280954Z   duration_ms: 1.817696
2026-10-08T19:03:52.7281325Z   ...
2026-10-08T19:03:52.7282217Z # Subtest: independent real-signal equations, amplitude law and full-cycle numerical averages agree
2026-10-08T19:03:52.7283993Z ok 353 - independent real-signal equations, amplitude law and full-cycle numerical averages agree
2026-10-08T19:03:52.7284824Z   ---
2026-10-08T19:03:52.7285160Z   duration_ms: 86.793256
2026-10-08T19:03:52.7285540Z   ...
2026-10-08T19:03:52.7286320Z # Subtest: changing frequency changes seconds but keeps every fixed-cycle signal value
2026-10-08T19:03:52.7287499Z ok 354 - changing frequency changes seconds but keeps every fixed-cycle signal value
2026-10-08T19:03:52.7288215Z   ---
2026-10-08T19:03:52.7288767Z   duration_ms: 1.680911
2026-10-08T19:03:52.7289150Z   ...
2026-10-08T19:03:52.7289841Z # Subtest: cursor changes select a point without rewriting the two-cycle trace
2026-10-08T19:03:52.7290835Z ok 355 - cursor changes select a point without rewriting the two-cycle trace
2026-10-08T19:03:52.7291463Z   ---
2026-10-08T19:03:52.7291780Z   duration_ms: 1.683485
2026-10-08T19:03:52.7292119Z   ...
2026-10-08T19:03:52.7292771Z # Subtest: a snapshot copies inputs and freezes all nested numerical results
2026-10-08T19:03:52.7294110Z ok 356 - a snapshot copies inputs and freezes all nested numerical results
2026-10-08T19:03:52.7294750Z   ---
2026-10-08T19:03:52.7295072Z   duration_ms: 0.866308
2026-10-08T19:03:52.7295402Z   ...
2026-10-08T19:03:52.7296195Z # Subtest: JSON exports the checked snapshot, explicit assumptions and undefined zero phase as null
2026-10-08T19:03:52.7297423Z ok 357 - JSON exports the checked snapshot, explicit assumptions and undefined zero phase as null
2026-10-08T19:03:52.7298167Z   ---
2026-10-08T19:03:52.7298493Z   duration_ms: 6.409463
2026-10-08T19:03:52.7298877Z   ...
2026-10-08T19:03:52.7299588Z # Subtest: CSV preserves all 129 full-precision samples and all six experiment settings
2026-10-08T19:03:52.7300734Z ok 358 - CSV preserves all 129 full-precision samples and all six experiment settings
2026-10-08T19:03:52.7301420Z   ---
2026-10-08T19:03:52.7301745Z   duration_ms: 5.634106
2026-10-08T19:03:52.7302100Z   ...
2026-10-08T19:03:52.7302839Z # Subtest: display formatting retains zero sign policy and small nonzero values
2026-10-08T19:03:52.7304153Z ok 359 - display formatting retains zero sign policy and small nonzero values
2026-10-08T19:03:52.7304798Z   ---
2026-10-08T19:03:52.7305117Z   duration_ms: 0.307004
2026-10-08T19:03:52.7305469Z   ...
2026-10-08T19:03:52.7306200Z # Subtest: constant rate accumulates with units and negative rate retains direction
2026-10-08T19:03:52.7307323Z ok 360 - constant rate accumulates with units and negative rate retains direction
2026-10-08T19:03:52.7307994Z   ---
2026-10-08T19:03:52.7308311Z   duration_ms: 5.996563
2026-10-08T19:03:52.7308645Z   ...
2026-10-08T19:03:52.7309349Z # Subtest: out-and-back prefixes retain signed and absolute accumulation separately
2026-10-08T19:03:52.7310487Z ok 361 - out-and-back prefixes retain signed and absolute accumulation separately
2026-10-08T19:03:52.7311153Z   ---
2026-10-08T19:03:52.7311468Z   duration_ms: 1.807296
2026-10-08T19:03:52.7311810Z   ...
2026-10-08T19:03:52.7312385Z # Subtest: an interior zero is split before distance accumulation
2026-10-08T19:03:52.7313211Z ok 362 - an interior zero is split before distance accumulation
2026-10-08T19:03:52.7313983Z   ---
2026-10-08T19:03:52.7314304Z   duration_ms: 1.537522
2026-10-08T19:03:52.7314661Z   ...
2026-10-08T19:03:52.7315179Z # Subtest: a non-grid zero retains exact rational area
2026-10-08T19:03:52.7315895Z ok 363 - a non-grid zero retains exact rational area
2026-10-08T19:03:52.7316377Z   ---
2026-10-08T19:03:52.7316906Z   duration_ms: 0.569434
2026-10-08T19:03:52.7317253Z   ...
2026-10-08T19:03:52.7317866Z # Subtest: zero duration, complete rest and touching zero are distinct
2026-10-08T19:03:52.7318783Z ok 364 - zero duration, complete rest and touching zero are distinct
2026-10-08T19:03:52.7319372Z   ---
2026-10-08T19:03:52.7319685Z   duration_ms: 0.613206
2026-10-08T19:03:52.7320037Z   ...
2026-10-08T19:03:52.7320827Z # Subtest: acceleration records corners, straight inserted knots and one-sided boundaries
2026-10-08T19:03:52.7322017Z ok 365 - acceleration records corners, straight inserted knots and one-sided boundaries
2026-10-08T19:03:52.7322730Z   ---
2026-10-08T19:03:52.7323047Z   duration_ms: 4.303828
2026-10-08T19:03:52.7323405Z   ...
2026-10-08T19:03:52.7324372Z # Subtest: covered segment rows agree with manually worked rest and cruise prefixes
2026-10-08T19:03:52.7325472Z ok 366 - covered segment rows agree with manually worked rest and cruise prefixes
2026-10-08T19:03:52.7326143Z   ---
2026-10-08T19:03:52.7326468Z   duration_ms: 1.320356
2026-10-08T19:03:52.7327011Z   ...
2026-10-08T19:03:52.7327796Z # Subtest: sign reversal negates signed values but preserves distance over many prefixes
2026-10-08T19:03:52.7328966Z ok 367 - sign reversal negates signed values but preserves distance over many prefixes
2026-10-08T19:03:52.7329676Z   ---
2026-10-08T19:03:52.7329998Z   duration_ms: 66.702709
2026-10-08T19:03:52.7330367Z   ...
2026-10-08T19:03:52.7331376Z # Subtest: all declared edges are admitted and all invalid inputs are refused before a result
2026-10-08T19:03:52.7332679Z ok 368 - all declared edges are admitted and all invalid inputs are refused before a result
2026-10-08T19:03:52.7333668Z   ---
2026-10-08T19:03:52.7334051Z   duration_ms: 4.610734
2026-10-08T19:03:52.7334439Z   ...
2026-10-08T19:03:52.7335199Z # Subtest: records are immutable, deterministic and retain complete authored input
2026-10-08T19:03:52.7336405Z ok 369 - records are immutable, deterministic and retain complete authored input
2026-10-08T19:03:52.7337134Z   ---
2026-10-08T19:03:52.7337477Z   duration_ms: 1.185895
2026-10-08T19:03:52.7337859Z   ...
2026-10-08T19:03:52.7338618Z # Subtest: the original course passes unchanged deck admission and balanced answer positions
2026-10-08T19:03:52.7339816Z ok 370 - the original course passes unchanged deck admission and balanced answer positions
2026-10-08T19:03:52.7340545Z   ---
2026-10-08T19:03:52.7340871Z   duration_ms: 27.187125
2026-10-08T19:03:52.7341259Z   ...
2026-10-08T19:03:52.7341898Z # Subtest: standalone parity and embedded exact course/guide bytes
2026-10-08T19:03:52.7342846Z ok 371 - standalone parity and embedded exact course/guide bytes
2026-10-08T19:03:52.7344125Z   ---
2026-10-08T19:03:52.7344489Z   duration_ms: 59.157093
2026-10-08T19:03:52.7344889Z   ...
2026-10-08T19:03:52.7345716Z # Subtest: the twelve-question course is an exact native importer/serializer round trip
2026-10-08T19:03:52.7346992Z ok 372 - the twelve-question course is an exact native importer/serializer round trip
2026-10-08T19:03:52.7347754Z   ---
2026-10-08T19:03:52.7348081Z   duration_ms: 6.024345
2026-10-08T19:03:52.7348449Z   ...
2026-10-08T19:03:52.7349111Z # Subtest: base cases and the unreachable countdown use their declared inputs
2026-10-08T19:03:52.7350140Z ok 373 - base cases and the unreachable countdown use their declared inputs
2026-10-08T19:03:52.7350804Z   ---
2026-10-08T19:03:52.7351134Z   duration_ms: 0.479306
2026-10-08T19:03:52.7351498Z   ...
2026-10-08T19:03:52.7352346Z # Subtest: waiting-parent, completion-order and second-child answers preserve unfinished work
2026-10-08T19:03:52.7353846Z ok 374 - waiting-parent, completion-order and second-child answers preserve unfinished work
2026-10-08T19:03:52.7354590Z   ---
2026-10-08T19:03:52.7354899Z   duration_ms: 0.291775
2026-10-08T19:03:52.7355234Z   ...
2026-10-08T19:03:52.7355990Z # Subtest: chain and branching call counts agree with independent products and binomial sums
2026-10-08T19:03:52.7357151Z ok 375 - chain and branching call counts agree with independent products and binomial sums
2026-10-08T19:03:52.7358086Z   ---
2026-10-08T19:03:52.7358387Z   duration_ms: 0.38516
2026-10-08T19:03:52.7358720Z   ...
2026-10-08T19:03:52.7359547Z # Subtest: fresh-cache answers account for every invocation and preserve a stored zero
2026-10-08T19:03:52.7360654Z ok 376 - fresh-cache answers account for every invocation and preserve a stored zero
2026-10-08T19:03:52.7361314Z   ---
2026-10-08T19:03:52.7361633Z   duration_ms: 0.529609
2026-10-08T19:03:52.7361972Z   ...
2026-10-08T19:03:52.7362626Z # Subtest: every numeric Fibonacci guide row matches the separate reference
2026-10-08T19:03:52.7363778Z ok 377 - every numeric Fibonacci guide row matches the separate reference
2026-10-08T19:03:52.7364390Z   ---
2026-10-08T19:03:52.7364693Z   duration_ms: 0.478824
2026-10-08T19:03:52.7365031Z   ...
2026-10-08T19:03:52.7365812Z # Subtest: the existing author conversion can reopen and check every content field without loss
2026-10-08T19:03:52.7367191Z ok 378 - the existing author conversion can reopen and check every content field without loss
2026-10-08T19:03:52.7367901Z   ---
2026-10-08T19:03:52.7368200Z   duration_ms: 1.932801
2026-10-08T19:03:52.7368539Z   ...
2026-10-08T19:03:52.7369345Z # Subtest: actual selection, review, practice and study notes retain the imported answer identity
2026-10-08T19:03:52.7370576Z ok 379 - actual selection, review, practice and study notes retain the imported answer identity
2026-10-08T19:03:52.7371295Z   ---
2026-10-08T19:03:52.7371600Z   duration_ms: 23.848242
2026-10-08T19:03:52.7371949Z   ...
2026-10-08T19:03:52.7372741Z # Subtest: a damaged late answer or an explorer trace format is refused by the unmodified importer
2026-10-08T19:03:52.7374157Z ok 380 - a damaged late answer or an explorer trace format is refused by the unmodified importer
2026-10-08T19:03:52.7374898Z   ---
2026-10-08T19:03:52.7375204Z   duration_ms: 2.438075
2026-10-08T19:03:52.7375540Z   ...
2026-10-08T19:03:52.7376275Z # Subtest: all 33 bounded runs agree with independent numeric and invocation-count oracles
2026-10-08T19:03:52.7377404Z ok 381 - all 33 bounded runs agree with independent numeric and invocation-count oracles
2026-10-08T19:03:52.7378075Z   ---
2026-10-08T19:03:52.7378381Z   duration_ms: 60.581509
2026-10-08T19:03:52.7378729Z   ...
2026-10-08T19:03:52.7379652Z # Subtest: every prefix preserves stack identity, parent ownership, monotone counters, and exact return delivery
2026-10-08T19:03:52.7381103Z ok 382 - every prefix preserves stack identity, parent ownership, monotone counters, and exact return delivery
2026-10-08T19:03:52.7381912Z   ---
2026-10-08T19:03:52.7382212Z   duration_ms: 60.042865
2026-10-08T19:03:52.7382563Z   ...
2026-10-08T19:03:52.7383775Z # Subtest: factorial unwinds in actual return order and retains each multiplication until its child returns
2026-10-08T19:03:52.7385172Z ok 383 - factorial unwinds in actual return order and retains each multiplication until its child returns
2026-10-08T19:03:52.7385949Z   ---
2026-10-08T19:03:52.7386259Z   duration_ms: 0.701862
2026-10-08T19:03:52.7386602Z   ...
2026-10-08T19:03:52.7387385Z # Subtest: Fibonacci completes the left child first and preserves it across the right branch
2026-10-08T19:03:52.7388563Z ok 384 - Fibonacci completes the left child first and preserves it across the right branch
2026-10-08T19:03:52.7389253Z   ---
2026-10-08T19:03:52.7389553Z   duration_ms: 0.575234
2026-10-08T19:03:52.7389891Z   ...
2026-10-08T19:03:52.7390771Z # Subtest: memoization starts empty, caches bases, counts cache-hit frames, and never shares a previous run
2026-10-08T19:03:52.7392149Z ok 385 - memoization starts empty, caches bases, counts cache-hit frames, and never shares a previous run
2026-10-08T19:03:52.7392920Z   ---
2026-10-08T19:03:52.7393220Z   duration_ms: 5.92565
2026-10-08T19:03:52.7393744Z   ...
2026-10-08T19:03:52.7394580Z # Subtest: inspection is reversible, immutable, and exported cursor binds the exact displayed state
2026-10-08T19:03:52.7395854Z ok 386 - inspection is reversible, immutable, and exported cursor binds the exact displayed state
2026-10-08T19:03:52.7396762Z   ---
2026-10-08T19:03:52.7397068Z   duration_ms: 12.721217
2026-10-08T19:03:52.7397421Z   ...
2026-10-08T19:03:52.7397978Z # Subtest: invalid and ambiguous input is refused before tracing
2026-10-08T19:03:52.7398779Z ok 387 - invalid and ambiguous input is refused before tracing
2026-10-08T19:03:52.7399311Z   ---
2026-10-08T19:03:52.7399613Z   duration_ms: 0.598999
2026-10-08T19:03:52.7399954Z   ...
2026-10-08T19:03:52.7400758Z # Subtest: checked-in direct-file page reproduces exactly and contains no runtime module imports
2026-10-08T19:03:52.7401997Z ok 388 - checked-in direct-file page reproduces exactly and contains no runtime module imports
2026-10-08T19:03:52.7402719Z   ---
2026-10-08T19:03:52.7403037Z   duration_ms: 81.501247
2026-10-08T19:03:52.7403656Z   ...
2026-10-08T19:03:52.7404609Z # Subtest: question identity survives reordered review, edits and clearing without changing earlier notes
2026-10-08T19:03:52.7406236Z ok 389 - question identity survives reordered review, edits and clearing without changing earlier notes
2026-10-08T19:03:52.7407061Z   ---
2026-10-08T19:03:52.7407373Z   duration_ms: 2.929102
2026-10-08T19:03:52.7407739Z   ...
2026-10-08T19:03:52.7408529Z # Subtest: application writing is separate and a fresh session starts with every field empty
2026-10-08T19:03:52.7409728Z ok 390 - application writing is separate and a fresh session starts with every field empty
2026-10-08T19:03:52.7410540Z   ---
2026-10-08T19:03:52.7410852Z   duration_ms: 1.283037
2026-10-08T19:03:52.7411203Z   ...
2026-10-08T19:03:52.7411913Z # Subtest: unknown or duplicate question identities and non-text edits are refused
2026-10-08T19:03:52.7412968Z ok 391 - unknown or duplicate question identities and non-text edits are refused
2026-10-08T19:03:52.7413839Z   ---
2026-10-08T19:03:52.7414143Z   duration_ms: 0.456944
2026-10-08T19:03:52.7414492Z   ...
2026-10-08T19:03:52.7415469Z # Subtest: actual study notes bind writing to questions while retaining native review, estimates and a paused retry
2026-10-08T19:03:52.7417006Z ok 392 - actual study notes bind writing to questions while retaining native review, estimates and a paused retry
2026-10-08T19:03:52.7417853Z   ---
2026-10-08T19:03:52.7418161Z   duration_ms: 3.394221
2026-10-08T19:03:52.7418509Z   ...
2026-10-08T19:03:52.7419293Z # Subtest: actual export uses the most recent edit and represents cleared fields as unwritten
2026-10-08T19:03:52.7420505Z ok 393 - actual export uses the most recent edit and represents cleared fields as unwritten
2026-10-08T19:03:52.7421222Z   ---
2026-10-08T19:03:52.7421541Z   duration_ms: 1.609837
2026-10-08T19:03:52.7421895Z   ...
2026-10-08T19:03:52.7422863Z # Subtest: export refuses missing, duplicate or foreign notebook identities instead of attaching notes by position
2026-10-08T19:03:52.7424601Z ok 394 - export refuses missing, duplicate or foreign notebook identities instead of attaching notes by position
2026-10-08T19:03:52.7425518Z   ---
2026-10-08T19:03:52.7425832Z   duration_ms: 0.847283
2026-10-08T19:03:52.7426189Z   ...
2026-10-08T19:03:52.7427284Z # Subtest: study notes retain the displayed imported-course application prompt without changing notebook or first-session data
2026-10-08T19:03:52.7429033Z ok 395 - study notes retain the displayed imported-course application prompt without changing notebook or first-session data
2026-10-08T19:03:52.7429986Z   ---
2026-10-08T19:03:52.7430303Z   duration_ms: 0.861609
2026-10-08T19:03:52.7430657Z   ...
2026-10-08T19:03:52.7431407Z # Subtest: a notebook export refuses a missing or non-text displayed application prompt
2026-10-08T19:03:52.7432569Z ok 396 - a notebook export refuses a missing or non-text displayed application prompt
2026-10-08T19:03:52.7433286Z   ---
2026-10-08T19:03:52.7433828Z   duration_ms: 0.522676
2026-10-08T19:03:52.7434199Z   ...
2026-10-08T19:03:52.7434829Z # Subtest: review preserves session order and the actual chosen answer
2026-10-08T19:03:52.7435775Z ok 397 - review preserves session order and the actual chosen answer
2026-10-08T19:03:52.7436585Z   ---
2026-10-08T19:03:52.7436909Z   duration_ms: 2.941475
2026-10-08T19:03:52.7437263Z   ...
2026-10-08T19:03:52.7437959Z # Subtest: review is an immutable snapshot independent of mutable input arrays
2026-10-08T19:03:52.7438981Z ok 398 - review is an immutable snapshot independent of mutable input arrays
2026-10-08T19:03:52.7439617Z   ---
2026-10-08T19:03:52.7439930Z   duration_ms: 0.783613
2026-10-08T19:03:52.7440277Z   ...
2026-10-08T19:03:52.7440908Z # Subtest: a review rejects unknown, duplicate, or invalid first answers
2026-10-08T19:03:52.7441862Z ok 399 - a review rejects unknown, duplicate, or invalid first answers
2026-10-08T19:03:52.7442482Z   ---
2026-10-08T19:03:52.7442793Z   duration_ms: 0.553764
2026-10-08T19:03:52.7443143Z   ...
2026-10-08T19:03:52.7444094Z # Subtest: practice includes only initially missed questions in first-attempt order
2026-10-08T19:03:52.7445223Z ok 400 - practice includes only initially missed questions in first-attempt order
2026-10-08T19:03:52.7446139Z   ---
2026-10-08T19:03:52.7446463Z   duration_ms: 0.467653
2026-10-08T19:03:52.7446813Z   ...
2026-10-08T19:03:52.7447594Z # Subtest: correct and incorrect retries remain separate from the immutable original trace
2026-10-08T19:03:52.7448804Z ok 401 - correct and incorrect retries remain separate from the immutable original trace
2026-10-08T19:03:52.7449524Z   ---
2026-10-08T19:03:52.7449838Z   duration_ms: 0.530421
2026-10-08T19:03:52.7450181Z   ...
2026-10-08T19:03:52.7451091Z # Subtest: practice resumes at the next unanswered question and refuses duplicate or out-of-order writes
2026-10-08T19:03:52.7452492Z ok 402 - practice resumes at the next unanswered question and refuses duplicate or out-of-order writes
2026-10-08T19:03:52.7453299Z   ---
2026-10-08T19:03:52.7453824Z   duration_ms: 0.484575
2026-10-08T19:03:52.7454180Z   ...
2026-10-08T19:03:52.7454797Z # Subtest: an all-correct or empty review has no practice question
2026-10-08T19:03:52.7455710Z ok 403 - an all-correct or empty review has no practice question
2026-10-08T19:03:52.7456313Z   ---
2026-10-08T19:03:52.7456641Z   duration_ms: 0.327812
2026-10-08T19:03:52.7457020Z   ...
2026-10-08T19:03:52.7457968Z # Subtest: the original course survives native validation and serialization with complete connected content
2026-10-08T19:03:52.7459458Z ok 404 - the original course survives native validation and serialization with complete connected content
2026-10-08T19:03:52.7460293Z   ---
2026-10-08T19:03:52.7460610Z   duration_ms: 4.596958
2026-10-08T19:03:52.7460968Z   ...
2026-10-08T19:03:52.7461865Z # Subtest: native item selection reaches all twelve questions and can prioritize the weak sample clock
2026-10-08T19:03:52.7463250Z ok 405 - native item selection reaches all twelve questions and can prioritize the weak sample clock
2026-10-08T19:03:52.7464307Z   ---
2026-10-08T19:03:52.7464628Z   duration_ms: 18.919514
2026-10-08T19:03:52.7465011Z   ...
2026-10-08T19:03:52.7465902Z # Subtest: answer text matches independently stated calculations and explicit sampling assumptions
2026-10-08T19:03:52.7467276Z ok 406 - answer text matches independently stated calculations and explicit sampling assumptions
2026-10-08T19:03:52.7468063Z   ---
2026-10-08T19:03:52.7468385Z   duration_ms: 0.527265
2026-10-08T19:03:52.7468741Z   ...
2026-10-08T19:03:52.7469661Z # Subtest: each supported sample clock uses inclusive endpoints and an actually different matching cosine
2026-10-08T19:03:52.7471092Z ok 407 - each supported sample clock uses inclusive endpoints and an actually different matching cosine
2026-10-08T19:03:52.7471911Z   ---
2026-10-08T19:03:52.7472230Z   duration_ms: 17.883049
2026-10-08T19:03:52.7472602Z   ...
2026-10-08T19:03:52.7473646Z # Subtest: DC, reflected aliases, the half-rate and input limits preserve their distinct meaning
2026-10-08T19:03:52.7474945Z ok 408 - DC, reflected aliases, the half-rate and input limits preserve their distinct meaning
2026-10-08T19:03:52.7475700Z   ---
2026-10-08T19:03:52.7476230Z   duration_ms: 0.354382
2026-10-08T19:03:52.7476594Z   ...
2026-10-08T19:03:52.7477745Z # Subtest: invalid numerical input is refused and snapshots cannot be changed after observation
2026-10-08T19:03:52.7479085Z ok 409 - invalid numerical input is refused and snapshots cannot be changed after observation
2026-10-08T19:03:52.7479832Z   ---
2026-10-08T19:03:52.7480180Z   duration_ms: 0.860277
2026-10-08T19:03:52.7480557Z   ...
2026-10-08T19:03:52.7481486Z # Subtest: CSV carries full precision and current parameter identity, ignoring supplied forged sample rows
2026-10-08T19:03:52.7482929Z ok 410 - CSV carries full precision and current parameter identity, ignoring supplied forged sample rows
2026-10-08T19:03:52.7483948Z   ---
2026-10-08T19:03:52.7484270Z   duration_ms: 1.353499
2026-10-08T19:03:52.7484648Z   ...
2026-10-08T19:03:52.7485536Z # Subtest: notes retain the actual first choices, session order, corrections, transfers, and attribution
2026-10-08T19:03:52.7487098Z ok 411 - notes retain the actual first choices, session order, corrections, transfers, and attribution
2026-10-08T19:03:52.7487925Z   ---
2026-10-08T19:03:52.7488241Z   duration_ms: 4.822018
2026-10-08T19:03:52.7488594Z   ...
2026-10-08T19:03:52.7489412Z # Subtest: paused and completed retries cannot replace the first answers or alter the model
2026-10-08T19:03:52.7490636Z ok 412 - paused and completed retries cannot replace the first answers or alter the model
2026-10-08T19:03:52.7491360Z   ---
2026-10-08T19:03:52.7491672Z   duration_ms: 3.858198
2026-10-08T19:03:52.7492026Z   ...
2026-10-08T19:03:52.7492856Z # Subtest: unstarted, zero-answer paused, and all-correct sessions have honest practice labels
2026-10-08T19:03:52.7494351Z ok 413 - unstarted, zero-answer paused, and all-correct sessions have honest practice labels
2026-10-08T19:03:52.7495119Z   ---
2026-10-08T19:03:52.7495433Z   duration_ms: 3.705753
2026-10-08T19:03:52.7495789Z   ...
2026-10-08T19:03:52.7496709Z # Subtest: incomplete, duplicate, legacy choice-less or malformed traces are refused rather than fabricated
2026-10-08T19:03:52.7498195Z ok 414 - incomplete, duplicate, legacy choice-less or malformed traces are refused rather than fabricated
2026-10-08T19:03:52.7499012Z   ---
2026-10-08T19:03:52.7499320Z   duration_ms: 3.180461
2026-10-08T19:03:52.7499667Z   ...
2026-10-08T19:03:52.7500552Z # Subtest: plain-text output preserves Unicode and literal markup without creating executable content
2026-10-08T19:03:52.7501935Z ok 415 - plain-text output preserves Unicode and literal markup without creating executable content
2026-10-08T19:03:52.7502768Z   ---
2026-10-08T19:03:52.7503113Z   duration_ms: 1.67557
2026-10-08T19:03:52.7503715Z   ...
2026-10-08T19:03:52.7504654Z # Subtest: the original five-vertex example has the hand-calculated settling order and cost-7 route
2026-10-08T19:03:52.7506151Z ok 416 - the original five-vertex example has the hand-calculated settling order and cost-7 route
2026-10-08T19:03:52.7507006Z   ---
2026-10-08T19:03:52.7507357Z   duration_ms: 5.130144
2026-10-08T19:03:52.7507746Z   ...
2026-10-08T19:03:52.7508675Z # Subtest: target discovery remains tentative; the cheaper route is final only on target settlement
2026-10-08T19:03:52.7510186Z ok 417 - target discovery remains tentative; the cheaper route is final only on target settlement
2026-10-08T19:03:52.7511032Z   ---
2026-10-08T19:03:52.7511390Z   duration_ms: 2.03388
2026-10-08T19:03:52.7511768Z   ...
2026-10-08T19:03:52.7512740Z # Subtest: zero weights and equal routes preserve the stated alphabetical and first-predecessor policies
2026-10-08T19:03:52.7514541Z ok 418 - zero weights and equal routes preserve the stated alphabetical and first-predecessor policies
2026-10-08T19:03:52.7515428Z   ---
2026-10-08T19:03:52.7515796Z   duration_ms: 1.291633
2026-10-08T19:03:52.7516206Z   ...
2026-10-08T19:03:52.7517088Z # Subtest: all preset source/target pairs agree with exhaustive simple paths, including reverse direction
2026-10-08T19:03:52.7518563Z ok 419 - all preset source/target pairs agree with exhaustive simple paths, including reverse direction
2026-10-08T19:03:52.7519720Z   ---
2026-10-08T19:03:52.7520082Z   duration_ms: 7.966172
2026-10-08T19:03:52.7520481Z   ...
2026-10-08T19:03:52.7521367Z # Subtest: 80 deterministic bounded graphs agree with a simple-path oracle for every source
2026-10-08T19:03:52.7522697Z ok 420 - 80 deterministic bounded graphs agree with a simple-path oracle for every source
2026-10-08T19:03:52.7523732Z   ---
2026-10-08T19:03:52.7524107Z   duration_ms: 144.356288
2026-10-08T19:03:52.7524515Z   ...
2026-10-08T19:03:52.7525191Z # Subtest: invalid graphs are refused before a runnable state exists
2026-10-08T19:03:52.7526169Z ok 421 - invalid graphs are refused before a runnable state exists
2026-10-08T19:03:52.7526843Z   ---
2026-10-08T19:03:52.7527203Z   duration_ms: 1.592866
2026-10-08T19:03:52.7527616Z   ...
2026-10-08T19:03:52.7528458Z # Subtest: run, graph, presets and trace snapshots cannot be changed by later edits
2026-10-08T19:03:52.7529630Z ok 422 - run, graph, presets and trace snapshots cannot be changed by later edits
2026-10-08T19:03:52.7530603Z   ---
2026-10-08T19:03:52.7530988Z   duration_ms: 0.654553
2026-10-08T19:03:52.7531380Z   ...
2026-10-08T19:03:52.7532297Z # Subtest: the original twelve-question course is valid, canonical and has balanced answer positions
2026-10-08T19:03:52.7534038Z ok 423 - the original twelve-question course is valid, canonical and has balanced answer positions
2026-10-08T19:03:52.7534933Z   ---
2026-10-08T19:03:52.7535322Z   duration_ms: 0.716819
2026-10-08T19:03:52.7535731Z   ...
2026-10-08T19:03:52.7536791Z # Subtest: existing knowledge, review, practice and notes contracts accept the new deck without changing the app
2026-10-08T19:03:52.7538381Z ok 424 - existing knowledge, review, practice and notes contracts accept the new deck without changing the app
2026-10-08T19:03:52.7539325Z   ---
2026-10-08T19:03:52.7539677Z   duration_ms: 17.389115
2026-10-08T19:03:52.7540062Z   ...
2026-10-08T19:03:52.7910046Z # Subtest: the original twelve-item SQL course uses the published import contract without changing its native meaning
2026-10-08T19:03:52.7916255Z ok 425 - the original twelve-item SQL course uses the published import contract without changing its native meaning
2026-10-08T19:03:52.7917577Z   ---
2026-10-08T19:03:52.7918258Z   duration_ms: 4.231545
2026-10-08T19:03:52.7918894Z   ...
2026-10-08T19:03:52.7922243Z # Subtest: actual SQLite regenerates all twenty-two saved queries and their exact course/default bindings
2026-10-08T19:03:52.7953871Z ok 426 - actual SQLite regenerates all twenty-two saved queries and their exact course/default bindings
2026-10-08T19:03:52.7957553Z   ---
2026-10-08T19:03:52.7959019Z   duration_ms: 211.888715
2026-10-08T19:03:52.7961264Z   ...
2026-10-08T19:03:52.7962482Z # Subtest: native adaptive selection, shuffled choices, review, practice and notes preserve all twelve SQL questions
2026-10-08T19:03:52.7964569Z ok 427 - native adaptive selection, shuffled choices, review, practice and notes preserve all twelve SQL questions
2026-10-08T19:03:52.7994260Z   ---
2026-10-08T19:03:52.7994611Z   duration_ms: 16.500445
2026-10-08T19:03:52.7994980Z   ...
2026-10-08T19:03:53.7428822Z # Subtest: a changed answer or invalid query refuses the build and preserves both saved artifacts
2026-10-08T19:03:53.7430106Z ok 428 - a changed answer or invalid query refuses the build and preserves both saved artifacts
2026-10-08T19:03:53.7431160Z   ---
2026-10-08T19:03:53.7431582Z   duration_ms: 954.948168
2026-10-08T19:03:53.7431952Z   ...
2026-10-08T19:03:53.7917971Z # Subtest: a stale generated explorer fails --check without silently replacing the changed file
2026-10-08T19:03:53.7918994Z ok 429 - a stale generated explorer fails --check without silently replacing the changed file
2026-10-08T19:03:53.7919500Z   ---
2026-10-08T19:03:53.7919715Z   duration_ms: 48.953674
2026-10-08T19:03:53.7919959Z   ...
2026-10-08T19:03:53.7995258Z # Subtest: original course fits the existing deck contract with all four concepts represented
2026-10-08T19:03:53.7997113Z ok 430 - original course fits the existing deck contract with all four concepts represented
2026-10-08T19:03:53.7997928Z   ---
2026-10-08T19:03:53.7998297Z   duration_ms: 6.688866
2026-10-08T19:03:53.7998705Z   ...
2026-10-08T19:03:53.7999662Z # Subtest: authored answer keys retain the independently worked quantities and conceptual distinctions
2026-10-08T19:03:53.8001164Z ok 431 - authored answer keys retain the independently worked quantities and conceptual distinctions
2026-10-08T19:03:53.8002053Z   ---
2026-10-08T19:03:53.8002417Z   duration_ms: 0.423752
2026-10-08T19:03:53.8002837Z   ...
2026-10-08T19:03:53.8004006Z # Subtest: course completes native selection, correct first answers, review, retry and study notes
2026-10-08T19:03:53.8005481Z ok 432 - course completes native selection, correct first answers, review, retry and study notes
2026-10-08T19:03:53.8006290Z   ---
2026-10-08T19:03:53.8006691Z   duration_ms: 16.36918
2026-10-08T19:03:53.8007120Z   ...
2026-10-08T19:03:53.8008298Z # Subtest: course completes native selection, mixed first answers, review, retry and study notes
2026-10-08T19:03:53.8009698Z ok 433 - course completes native selection, mixed first answers, review, retry and study notes
2026-10-08T19:03:53.8010548Z   ---
2026-10-08T19:03:53.8010907Z   duration_ms: 3.536056
2026-10-08T19:03:53.8011309Z   ...
2026-10-08T19:03:53.8012210Z # Subtest: course completes native selection, missed first answers, review, retry and study notes
2026-10-08T19:03:53.8013818Z ok 434 - course completes native selection, missed first answers, review, retry and study notes
2026-10-08T19:03:53.8014637Z   ---
2026-10-08T19:03:53.8014998Z   duration_ms: 2.801173
2026-10-08T19:03:53.8015388Z   ...
2026-10-08T19:03:53.8016278Z # Subtest: generated direct-open artifact has exact build parity and embeds the qualified course
2026-10-08T19:03:53.8017648Z ok 435 - generated direct-open artifact has exact build parity and embeds the qualified course
2026-10-08T19:03:53.8018452Z   ---
2026-10-08T19:03:53.8018829Z   duration_ms: 59.248596
2026-10-08T19:03:53.8019240Z   ...
2026-10-08T19:03:53.8020143Z # Subtest: standalone rendering keeps embedded source and course text inside their script elements
2026-10-08T19:03:53.8021543Z ok 436 - standalone rendering keeps embedded source and course text inside their script elements
2026-10-08T19:03:53.8022329Z   ---
2026-10-08T19:03:53.8022640Z   duration_ms: 0.539979
2026-10-08T19:03:53.8022977Z   ...
2026-10-08T19:03:53.8024382Z # Subtest: water: 6 / 2 mol → second
2026-10-08T19:03:53.8024942Z ok 437 - water: 6 / 2 mol → second
2026-10-08T19:03:53.8025353Z   ---
2026-10-08T19:03:53.8025692Z   duration_ms: 2.255674
2026-10-08T19:03:53.8026038Z   ...
2026-10-08T19:03:53.8026503Z # Subtest: water: 2 / 2 mol → first
2026-10-08T19:03:53.8027101Z ok 438 - water: 2 / 2 mol → first
2026-10-08T19:03:53.8027507Z   ---
2026-10-08T19:03:53.8027827Z   duration_ms: 0.207578
2026-10-08T19:03:53.8028192Z   ...
2026-10-08T19:03:53.8028672Z # Subtest: water: 4 / 2 mol → matched
2026-10-08T19:03:53.8029282Z ok 439 - water: 4 / 2 mol → matched
2026-10-08T19:03:53.8029702Z   ---
2026-10-08T19:03:53.8030015Z   duration_ms: 0.349683
2026-10-08T19:03:53.8030360Z   ...
2026-10-08T19:03:53.8030835Z # Subtest: water: 0 / 5 mol → no-product
2026-10-08T19:03:53.8031431Z ok 440 - water: 0 / 5 mol → no-product
2026-10-08T19:03:53.8031813Z   ---
2026-10-08T19:03:53.8032100Z   duration_ms: 0.322412
2026-10-08T19:03:53.8032422Z   ...
2026-10-08T19:03:53.8032851Z # Subtest: water: 5 / 0 mol → no-product
2026-10-08T19:03:53.8033659Z ok 441 - water: 5 / 0 mol → no-product
2026-10-08T19:03:53.8034055Z   ---
2026-10-08T19:03:53.8034341Z   duration_ms: 0.587017
2026-10-08T19:03:53.8034692Z   ...
2026-10-08T19:03:53.8035159Z # Subtest: water: 0 / 0 mol → no-product
2026-10-08T19:03:53.8035694Z ok 442 - water: 0 / 0 mol → no-product
2026-10-08T19:03:53.8036052Z   ---
2026-10-08T19:03:53.8036324Z   duration_ms: 0.214581
2026-10-08T19:03:53.8036621Z   ...
2026-10-08T19:03:53.8037021Z # Subtest: ammonia: 2 / 3 mol → second
2026-10-08T19:03:53.8037793Z ok 443 - ammonia: 2 / 3 mol → second
2026-10-08T19:03:53.8038156Z   ---
2026-10-08T19:03:53.8038430Z   duration_ms: 0.224039
2026-10-08T19:03:53.8038747Z   ...
2026-10-08T19:03:53.8039183Z # Subtest: ammonia: 1 / 2.4 mol → second
2026-10-08T19:03:53.8039739Z ok 444 - ammonia: 1 / 2.4 mol → second
2026-10-08T19:03:53.8040126Z   ---
2026-10-08T19:03:53.8040412Z   duration_ms: 0.271227
2026-10-08T19:03:53.8040729Z   ...
2026-10-08T19:03:53.8041175Z # Subtest: ammonia: 2 / 4.8 mol → second
2026-10-08T19:03:53.8041752Z ok 445 - ammonia: 2 / 4.8 mol → second
2026-10-08T19:03:53.8042143Z   ---
2026-10-08T19:03:53.8042454Z   duration_ms: 0.39063
2026-10-08T19:03:53.8042801Z   ...
2026-10-08T19:03:53.8043300Z # Subtest: ammonia: 0.1 / 0.3 mol → matched
2026-10-08T19:03:53.8044177Z ok 446 - ammonia: 0.1 / 0.3 mol → matched
2026-10-08T19:03:53.8044622Z   ---
2026-10-08T19:03:53.8045020Z   duration_ms: 0.360203
2026-10-08T19:03:53.8045436Z   ...
2026-10-08T19:03:53.8046099Z # Subtest: ammonia: 0.001 / 0.001 mol → second
2026-10-08T19:03:53.8047186Z ok 447 - ammonia: 0.001 / 0.001 mol → second
2026-10-08T19:03:53.8048542Z   ---
2026-10-08T19:03:53.8048913Z   duration_ms: 0.237353
2026-10-08T19:03:53.8049331Z   ...
2026-10-08T19:03:53.8050023Z # Subtest: ammonia: 0.001 / 0.003 mol → matched
2026-10-08T19:03:53.8050832Z ok 448 - ammonia: 0.001 / 0.003 mol → matched
2026-10-08T19:03:53.8051341Z   ---
2026-10-08T19:03:53.8051720Z   duration_ms: 0.195054
2026-10-08T19:03:53.8052113Z   ...
2026-10-08T19:03:53.8052733Z # Subtest: ammonia: 0.001 / 0.004 mol → first
2026-10-08T19:03:53.8053734Z ok 449 - ammonia: 0.001 / 0.004 mol → first
2026-10-08T19:03:53.8054303Z   ---
2026-10-08T19:03:53.8054657Z   duration_ms: 0.298869
2026-10-08T19:03:53.8055049Z   ...
2026-10-08T19:03:53.8055639Z # Subtest: magnesium: 1.5 / 1 mol → first
2026-10-08T19:03:53.8056359Z ok 450 - magnesium: 1.5 / 1 mol → first
2026-10-08T19:03:53.8056842Z   ---
2026-10-08T19:03:53.8057195Z   duration_ms: 0.251239
2026-10-08T19:03:53.8057601Z   ...
2026-10-08T19:03:53.8058206Z # Subtest: magnesium: 1 / 0.499 mol → second
2026-10-08T19:03:53.8058949Z ok 451 - magnesium: 1 / 0.499 mol → second
2026-10-08T19:03:53.8059425Z   ---
2026-10-08T19:03:53.8059792Z   duration_ms: 0.201366
2026-10-08T19:03:53.8060179Z   ...
2026-10-08T19:03:53.8060773Z # Subtest: magnesium: 1 / 0.5 mol → matched
2026-10-08T19:03:53.8061517Z ok 452 - magnesium: 1 / 0.5 mol → matched
2026-10-08T19:03:53.8062013Z   ---
2026-10-08T19:03:53.8062364Z   duration_ms: 0.259876
2026-10-08T19:03:53.8062764Z   ...
2026-10-08T19:03:53.8063366Z # Subtest: magnesium: 1 / 0.501 mol → first
2026-10-08T19:03:53.8064355Z ok 453 - magnesium: 1 / 0.501 mol → first
2026-10-08T19:03:53.8064837Z   ---
2026-10-08T19:03:53.8065190Z   duration_ms: 0.209932
2026-10-08T19:03:53.8065581Z   ...
2026-10-08T19:03:53.8066149Z # Subtest: water: 1000 / 1000 mol → first
2026-10-08T19:03:53.8066850Z ok 454 - water: 1000 / 1000 mol → first
2026-10-08T19:03:53.8067324Z   ---
2026-10-08T19:03:53.8067687Z   duration_ms: 0.296494
2026-10-08T19:03:53.8068053Z   ...
2026-10-08T19:03:53.8068827Z # Subtest: authored equations use the declared species and conserve each element
2026-10-08T19:03:53.8069952Z ok 455 - authored equations use the declared species and conserve each element
2026-10-08T19:03:53.8070652Z   ---
2026-10-08T19:03:53.8071002Z   duration_ms: 1.237602
2026-10-08T19:03:53.8071387Z   ...
2026-10-08T19:03:53.8072043Z # Subtest: all admitted decimal spellings resolve to exact millimoles
2026-10-08T19:03:53.8073008Z ok 456 - all admitted decimal spellings resolve to exact millimoles
2026-10-08T19:03:53.8073946Z   ---
2026-10-08T19:03:53.8074313Z   duration_ms: 0.325217
2026-10-08T19:03:53.8074720Z   ...
2026-10-08T19:03:53.8075497Z # Subtest: invalid or ambiguous amount inputs are refused without numeric coercion
2026-10-08T19:03:53.8076645Z ok 457 - invalid or ambiguous amount inputs are refused without numeric coercion
2026-10-08T19:03:53.8077356Z   ---
2026-10-08T19:03:53.8077989Z   duration_ms: 1.0061
2026-10-08T19:03:53.8078371Z   ...
2026-10-08T19:03:53.8079299Z # Subtest: positive amounts straddling an exact ratio are never classified using a floating tolerance
2026-10-08T19:03:53.8080718Z ok 458 - positive amounts straddling an exact ratio are never classified using a floating tolerance
2026-10-08T19:03:53.8081535Z   ---
2026-10-08T19:03:53.8081894Z   duration_ms: 0.226323
2026-10-08T19:03:53.8082281Z   ...
2026-10-08T19:03:53.8083085Z # Subtest: start = used + left and atom inventory is conserved across a changed-input grid
2026-10-08T19:03:53.8084646Z ok 459 - start = used + left and atom inventory is conserved across a changed-input grid
2026-10-08T19:03:53.8085383Z   ---
2026-10-08T19:03:53.8085730Z   duration_ms: 9.162018
2026-10-08T19:03:53.8086125Z   ...
2026-10-08T19:03:53.8087145Z # Subtest: doubling both supplies doubles theoretical product and excess without changing the limiting identity
2026-10-08T19:03:53.8088718Z ok 460 - doubling both supplies doubles theoretical product and excess without changing the limiting identity
2026-10-08T19:03:53.8089840Z   ---
2026-10-08T19:03:53.8090222Z   duration_ms: 1.171509
2026-10-08T19:03:53.8090616Z   ...
2026-10-08T19:03:53.8091557Z # Subtest: reaction definitions and solved records are deeply immutable without changing caller inputs
2026-10-08T19:03:53.8093011Z ok 461 - reaction definitions and solved records are deeply immutable without changing caller inputs
2026-10-08T19:03:53.8094102Z   ---
2026-10-08T19:03:53.8094455Z   duration_ms: 0.355815
2026-10-08T19:03:53.8094848Z   ...
2026-10-08T19:03:53.8095773Z # Subtest: worked record carries this prediction, mole accounting and the explicit theoretical model
2026-10-08T19:03:53.8097175Z ok 462 - worked record carries this prediction, mole accounting and the explicit theoretical model
2026-10-08T19:03:53.8098010Z   ---
2026-10-08T19:03:53.8098361Z   duration_ms: 0.896175
2026-10-08T19:03:53.8098744Z   ...
2026-10-08T19:03:53.8099731Z # Subtest: completed first answers restore in their original adaptive order with exact, unrounded estimates
2026-10-08T19:03:53.8101299Z ok 463 - completed first answers restore in their original adaptive order with exact, unrounded estimates
2026-10-08T19:03:53.8112440Z   ---
2026-10-08T19:03:53.8112836Z   duration_ms: 14.493055
2026-10-08T19:03:53.8113254Z   ...
2026-10-08T19:03:53.8114443Z # Subtest: unstarted, zero-answer, paused and complete practice remain distinct and can resume once
2026-10-08T19:03:53.8115823Z ok 464 - unstarted, zero-answer, paused and complete practice remain distinct and can resume once
2026-10-08T19:03:53.8116666Z   ---
2026-10-08T19:03:53.8117044Z   duration_ms: 4.305434
2026-10-08T19:03:53.8117437Z   ...
2026-10-08T19:03:53.8118241Z # Subtest: all-correct and all-missed completed traces use canonical answer indices
2026-10-08T19:03:53.8119428Z ok 465 - all-correct and all-missed completed traces use canonical answer indices
2026-10-08T19:03:53.8120171Z   ---
2026-10-08T19:03:53.8120541Z   duration_ms: 2.902663
2026-10-08T19:03:53.8120933Z   ...
2026-10-08T19:03:53.8121691Z # Subtest: incomplete, duplicate, unknown and out-of-range first answers are refused
2026-10-08T19:03:53.8122382Z ok 466 - incomplete, duplicate, unknown and out-of-range first answers are refused
2026-10-08T19:03:53.8122801Z   ---
2026-10-08T19:03:53.8122993Z   duration_ms: 9.169743
2026-10-08T19:03:53.8123204Z   ...
2026-10-08T19:03:53.8124059Z # Subtest: a different course revision cannot replace the current deck; property order is immaterial
2026-10-08T19:03:53.8124871Z ok 467 - a different course revision cannot replace the current deck; property order is immaterial
2026-10-08T19:03:53.8125334Z   ---
2026-10-08T19:03:53.8125532Z   duration_ms: 2.903664
2026-10-08T19:03:53.8125744Z   ...
2026-10-08T19:03:53.8126212Z # Subtest: changed model parameters, rounded estimates and incompatible versions are refused
2026-10-08T19:03:53.8126943Z ok 468 - changed model parameters, rounded estimates and incompatible versions are refused
2026-10-08T19:03:53.8127373Z   ---
2026-10-08T19:03:53.8127771Z   duration_ms: 5.39694
2026-10-08T19:03:53.8127989Z   ...
2026-10-08T19:03:53.8128428Z # Subtest: practice replay refuses duplicate, reordered, correct-first and extra answers
2026-10-08T19:03:53.8129107Z ok 469 - practice replay refuses duplicate, reordered, correct-first and extra answers
2026-10-08T19:03:53.8129520Z   ---
2026-10-08T19:03:53.8129704Z   duration_ms: 7.821411
2026-10-08T19:03:53.8129908Z   ...
2026-10-08T19:03:53.8130338Z # Subtest: bounded parsing refuses invalid JSON and oversized UTF-8 before exposing state
2026-10-08T19:03:53.8130999Z ok 470 - bounded parsing refuses invalid JSON and oversized UTF-8 before exposing state
2026-10-08T19:03:53.8131457Z   ---
2026-10-08T19:03:53.8131652Z   duration_ms: 3.643116
2026-10-08T19:03:53.8131857Z   ...
2026-10-08T19:03:53.8132363Z # Subtest: identical completed files inspect independently with no invented differences or chronology
2026-10-08T19:03:53.8133212Z ok 471 - identical completed files inspect independently with no invented differences or chronology
2026-10-08T19:03:53.8134104Z   ---
2026-10-08T19:03:53.8134469Z   duration_ms: 9.080874
2026-10-08T19:03:53.8134701Z   ...
2026-10-08T19:03:53.8135232Z # Subtest: canonical joins preserve both orders, all correctness transitions and two different wrong answers
2026-10-08T19:03:53.8136053Z ok 472 - canonical joins preserve both orders, all correctness transitions and two different wrong answers
2026-10-08T19:03:53.8136522Z   ---
2026-10-08T19:03:53.8136707Z   duration_ms: 1.869042
2026-10-08T19:03:53.8136917Z   ...
2026-10-08T19:03:53.8137265Z # Subtest: changed question order alone is not an answer difference
2026-10-08T19:03:53.8137769Z ok 473 - changed question order alone is not an answer difference
2026-10-08T19:03:53.8138097Z   ---
2026-10-08T19:03:53.8138282Z   duration_ms: 1.232643
2026-10-08T19:03:53.8138485Z   ...
2026-10-08T19:03:53.8138963Z # Subtest: unstarted, pending, incorrect retry and correct retry remain separate from first answers
2026-10-08T19:03:53.8139711Z ok 474 - unstarted, pending, incorrect retry and correct retry remain separate from first answers
2026-10-08T19:03:53.8140151Z   ---
2026-10-08T19:03:53.8140333Z   duration_ms: 4.226299
2026-10-08T19:03:53.8140537Z   ...
2026-10-08T19:03:53.8141005Z # Subtest: the current raw bundled deck remains compatible without normalizing its archive identity
2026-10-08T19:03:53.8141736Z ok 475 - the current raw bundled deck remains compatible without normalizing its archive identity
2026-10-08T19:03:53.8142168Z   ---
2026-10-08T19:03:53.8142355Z   duration_ms: 5.399377
2026-10-08T19:03:53.8142561Z   ...
2026-10-08T19:03:53.8143047Z # Subtest: object property ordering preserves identity while changed course content refuses the pair
2026-10-08T19:03:53.8144116Z ok 476 - object property ordering preserves identity while changed course content refuses the pair
2026-10-08T19:03:53.8144575Z   ---
2026-10-08T19:03:53.8144763Z   duration_ms: 5.940988
2026-10-08T19:03:53.8144971Z   ...
2026-10-08T19:03:53.8145467Z # Subtest: incomplete, malformed, changed-model and altered-estimate inputs keep the native refusals
2026-10-08T19:03:53.8146238Z ok 477 - incomplete, malformed, changed-model and altered-estimate inputs keep the native refusals
2026-10-08T19:03:53.8146691Z   ---
2026-10-08T19:03:53.8146872Z   duration_ms: 6.902385
2026-10-08T19:03:53.8147081Z   ...
2026-10-08T19:03:53.8147534Z # Subtest: inspection validates bounded deck content before using an archived deck as context
2026-10-08T19:03:53.8148234Z ok 478 - inspection validates bounded deck content before using an archived deck as context
2026-10-08T19:03:53.8148655Z   ---
2026-10-08T19:03:53.8148841Z   duration_ms: 6.18239
2026-10-08T19:03:53.8149042Z   ...
2026-10-08T19:03:53.8149521Z # Subtest: literal course content and prototype-looking IDs survive without mutable returned records
2026-10-08T19:03:53.8150272Z ok 479 - literal course content and prototype-looking IDs survive without mutable returned records
2026-10-08T19:03:53.8150715Z   ---
2026-10-08T19:03:53.8151035Z   duration_ms: 1.575633
2026-10-08T19:03:53.8151242Z   ...
2026-10-08T19:03:53.8151629Z # Subtest: independent concurrent file reads only publish their current pair
2026-10-08T19:03:53.8152210Z ok 480 - independent concurrent file reads only publish their current pair
2026-10-08T19:03:53.8152579Z   ---
2026-10-08T19:03:53.8152761Z   duration_ms: 2.809399
2026-10-08T19:03:53.8152964Z   ...
2026-10-08T19:03:53.8153648Z # Subtest: a replacement retires the old pair immediately and a superseded read cannot overwrite it
2026-10-08T19:03:53.8154390Z ok 481 - a replacement retires the old pair immediately and a superseded read cannot overwrite it
2026-10-08T19:03:53.8154833Z   ---
2026-10-08T19:03:53.8155013Z   duration_ms: 8.97383
2026-10-08T19:03:53.8155215Z   ...
2026-10-08T19:03:53.8155671Z # Subtest: clearing a pending file or receiving its late failure cannot restore comparison state
2026-10-08T19:03:53.8156385Z ok 482 - clearing a pending file or receiving its late failure cannot restore comparison state
2026-10-08T19:03:53.8156818Z   ---
2026-10-08T19:03:53.8157119Z   duration_ms: 2.677833
2026-10-08T19:03:53.8157327Z   ...
2026-10-08T19:03:53.8157794Z # Subtest: rejected or incompatible replacements clear paired output and permit ordinary recovery
2026-10-08T19:03:53.8158523Z ok 483 - rejected or incompatible replacements clear paired output and permit ordinary recovery
2026-10-08T19:03:53.8158958Z   ---
2026-10-08T19:03:53.8159139Z   duration_ms: 4.990654
2026-10-08T19:03:53.8159343Z   ...
2026-10-08T19:03:53.8159831Z # Subtest: file admission refuses oversized metadata before reading and rejects malformed UTF-8 bytes
2026-10-08T19:03:53.8160585Z ok 484 - file admission refuses oversized metadata before reading and rejects malformed UTF-8 bytes
2026-10-08T19:03:53.8161037Z   ---
2026-10-08T19:03:53.8161219Z   duration_ms: 1.149718
2026-10-08T19:03:53.8161420Z   ...
2026-10-08T19:03:53.8161869Z # Subtest: cancelled selection preserves accepted files and the immutable paired snapshot
2026-10-08T19:03:53.8162556Z ok 485 - cancelled selection preserves accepted files and the immutable paired snapshot
2026-10-08T19:03:53.8162968Z   ---
2026-10-08T19:03:53.8163153Z   duration_ms: 2.133897
2026-10-08T19:03:53.8163353Z   ...
2026-10-08T19:03:53.8163980Z # Subtest: the checked-in offline explorer contains the current source and exact admitted lesson
2026-10-08T19:03:53.8164714Z ok 486 - the checked-in offline explorer contains the current source and exact admitted lesson
2026-10-08T19:03:53.8165141Z   ---
2026-10-08T19:03:53.8165323Z   duration_ms: 5.764557
2026-10-08T19:03:53.8165534Z   ...
2026-10-08T19:03:53.8165940Z # Subtest: linear conversions keep the quantity while changing the numerical value
2026-10-08T19:03:53.8166556Z ok 487 - linear conversions keep the quantity while changing the numerical value
2026-10-08T19:03:53.8166937Z   ---
2026-10-08T19:03:53.8167118Z   duration_ms: 4.107774
2026-10-08T19:03:53.8167324Z   ...
2026-10-08T19:03:53.8167614Z # Subtest: a prefix scales every powered dimension
2026-10-08T19:03:53.8168009Z ok 488 - a prefix scales every powered dimension
2026-10-08T19:03:53.8168299Z   ---
2026-10-08T19:03:53.8168488Z   duration_ms: 0.993967
2026-10-08T19:03:53.8168698Z   ...
2026-10-08T19:03:53.8169092Z # Subtest: both numerator and denominator scales participate in rates and density
2026-10-08T19:03:53.8169705Z ok 489 - both numerator and denominator scales participate in rates and density
2026-10-08T19:03:53.8170087Z   ---
2026-10-08T19:03:53.8170273Z   duration_ms: 0.758337
2026-10-08T19:03:53.8170481Z   ...
2026-10-08T19:03:53.8170801Z # Subtest: derived units reduce to their stated m/kg/s powers
2026-10-08T19:03:53.8171264Z ok 490 - derived units reduce to their stated m/kg/s powers
2026-10-08T19:03:53.8171586Z   ---
2026-10-08T19:03:53.8171769Z   duration_ms: 0.797981
2026-10-08T19:03:53.8171972Z   ...
2026-10-08T19:03:53.8172361Z # Subtest: cancellation retains scale even when the resulting dimension is one
2026-10-08T19:03:53.8172950Z ok 491 - cancellation retains scale even when the resulting dimension is one
2026-10-08T19:03:53.8173642Z   ---
2026-10-08T19:03:53.8174005Z   duration_ms: 1.144619
2026-10-08T19:03:53.8174239Z   ...
2026-10-08T19:03:53.8174675Z # Subtest: division is left-associative and parentheses change denominator grouping
2026-10-08T19:03:53.8175315Z ok 492 - division is left-associative and parentheses change denominator grouping
2026-10-08T19:03:53.8175705Z   ---
2026-10-08T19:03:53.8175894Z   duration_ms: 0.325919
2026-10-08T19:03:53.8176104Z   ...
2026-10-08T19:03:53.8176517Z # Subtest: Unicode conveniences are explicit and whitespace is not multiplication
2026-10-08T19:03:53.8177140Z ok 493 - Unicode conveniences are explicit and whitespace is not multiplication
2026-10-08T19:03:53.8177527Z   ---
2026-10-08T19:03:53.8177714Z   duration_ms: 0.889712
2026-10-08T19:03:53.8177919Z   ...
2026-10-08T19:03:53.8178261Z # Subtest: zero does not make incompatible dimensions convertible
2026-10-08T19:03:53.8178744Z ok 494 - zero does not make incompatible dimensions convertible
2026-10-08T19:03:53.8179087Z   ---
2026-10-08T19:03:53.8179406Z   duration_ms: 0.511827
2026-10-08T19:03:53.8179616Z   ...
2026-10-08T19:03:53.8179988Z # Subtest: repeating ratios remain exact and displayed rounding is explicit
2026-10-08T19:03:53.8180563Z ok 495 - repeating ratios remain exact and displayed rounding is explicit
2026-10-08T19:03:53.8180931Z   ---
2026-10-08T19:03:53.8181116Z   duration_ms: 0.582288
2026-10-08T19:03:53.8181320Z   ...
2026-10-08T19:03:53.8181801Z # Subtest: large entered integers and small decimal distinctions survive without Number conversion
2026-10-08T19:03:53.8182541Z ok 496 - large entered integers and small decimal distinctions survive without Number conversion
2026-10-08T19:03:53.8182985Z   ---
2026-10-08T19:03:53.8183177Z   duration_ms: 0.49773
2026-10-08T19:03:53.8183388Z   ...
2026-10-08T19:03:53.8183995Z # Subtest: quantity parsing requires complete bounded decimal text
2026-10-08T19:03:53.8184511Z ok 497 - quantity parsing requires complete bounded decimal text
2026-10-08T19:03:53.8184846Z   ---
2026-10-08T19:03:53.8185033Z   duration_ms: 0.355624
2026-10-08T19:03:53.8185240Z   ...
2026-10-08T19:03:53.8185659Z # Subtest: the unit grammar rejects incomplete, excessive and unsupported expressions
2026-10-08T19:03:53.8186299Z ok 498 - the unit grammar rejects incomplete, excessive and unsupported expressions
2026-10-08T19:03:53.8186696Z   ---
2026-10-08T19:03:53.8186877Z   duration_ms: 0.691461
2026-10-08T19:03:53.8187080Z   ...
2026-10-08T19:03:53.8187446Z # Subtest: returned records are immutable JSON with exact rational strings
2026-10-08T19:03:53.8187997Z ok 499 - returned records are immutable JSON with exact rational strings
2026-10-08T19:03:53.8188356Z   ---
2026-10-08T19:03:53.8188545Z   duration_ms: 0.627692
2026-10-08T19:03:53.8188746Z   ...
2026-10-08T19:03:53.8189208Z # Subtest: normalized expressions retain every grouping and remain valid within the input bound
2026-10-08T19:03:53.8189932Z ok 500 - normalized expressions retain every grouping and remain valid within the input bound
2026-10-08T19:03:53.8190367Z   ---
2026-10-08T19:03:53.8190551Z   duration_ms: 1.302563
2026-10-08T19:03:53.8190760Z   ...
2026-10-08T19:03:53.8191206Z # Subtest: the downloadable course is the exact admitted course, without external dependencies
2026-10-08T19:03:53.8191897Z ok 501 - the downloadable course is the exact admitted course, without external dependencies
2026-10-08T19:03:53.8192314Z   ---
2026-10-08T19:03:53.8192496Z   duration_ms: 1.836771
2026-10-08T19:03:53.8192699Z   ...
2026-10-08T19:03:53.8193116Z # Subtest: rebuilding the embedded course preserves already current standalone bytes
2026-10-08T19:03:53.8193895Z ok 502 - rebuilding the embedded course preserves already current standalone bytes
2026-10-08T19:03:53.8194291Z   ---
2026-10-08T19:03:53.8194489Z   duration_ms: 205.781743
2026-10-08T19:03:53.8194704Z   ...
2026-10-08T19:03:53.8195114Z # Subtest: the course example retains a component and reconstructs the exact original
2026-10-08T19:03:53.8195747Z ok 503 - the course example retains a component and reconstructs the exact original
2026-10-08T19:03:53.8196274Z   ---
2026-10-08T19:03:53.8196458Z   duration_ms: 0.95806
2026-10-08T19:03:53.8196660Z   ...
2026-10-08T19:03:53.8197081Z # Subtest: the geometric line is unchanged by a positive or negative direction rescaling
2026-10-08T19:03:53.8197717Z ok 504 - the geometric line is unchanged by a positive or negative direction rescaling
2026-10-08T19:03:53.8198118Z   ---
2026-10-08T19:03:53.8198299Z   duration_ms: 0.349994
2026-10-08T19:03:53.8198505Z   ...
2026-10-08T19:03:53.8198935Z # Subtest: perpendicular, parallel, axis-aligned and zero-original cases remain defined
2026-10-08T19:03:53.8199581Z ok 505 - perpendicular, parallel, axis-aligned and zero-original cases remain defined
2026-10-08T19:03:53.8199988Z   ---
2026-10-08T19:03:53.8200169Z   duration_ms: 0.414194
2026-10-08T19:03:53.8200371Z   ...
2026-10-08T19:03:53.8200767Z # Subtest: malformed, missing, out-of-domain and zero direction values are refused
2026-10-08T19:03:53.8201496Z ok 506 - malformed, missing, out-of-domain and zero direction values are refused
2026-10-08T19:03:53.8201879Z   ---
2026-10-08T19:03:53.8202059Z   duration_ms: 1.531682
2026-10-08T19:03:53.8202265Z   ...
2026-10-08T19:03:53.8202608Z # Subtest: calculation does not mutate or alias its input coordinates
2026-10-08T19:03:53.8203124Z ok 507 - calculation does not mutate or alias its input coordinates
2026-10-08T19:03:53.8203594Z   ---
2026-10-08T19:03:53.8203780Z   duration_ms: 0.228046
2026-10-08T19:03:53.8203981Z   ...
2026-10-08T19:03:53.8204492Z # Subtest: 2,000 independently checked geometries satisfy the projection characterization and plot bounds
2026-10-08T19:03:53.8205333Z ok 508 - 2,000 independently checked geometries satisfy the projection characterization and plot bounds
2026-10-08T19:03:53.8205800Z   ---
2026-10-08T19:03:53.8205988Z   duration_ms: 21.891527
2026-10-08T19:03:53.8206204Z   ...
2026-10-08T19:03:53.8206679Z # Subtest: course has twelve original items, two per concept, with a balanced canonical answer key
2026-10-08T19:03:53.8207416Z ok 509 - course has twelve original items, two per concept, with a balanced canonical answer key
2026-10-08T19:03:53.8207847Z   ---
2026-10-08T19:03:53.8208030Z   duration_ms: 1.98042
2026-10-08T19:03:53.8208235Z   ...
2026-10-08T19:03:53.8208657Z # Subtest: displacement subtracts the starting point, including its negative component
2026-10-08T19:03:53.8209315Z ok 510 - displacement subtracts the starting point, including its negative component
2026-10-08T19:03:53.8209711Z   ---
2026-10-08T19:03:53.8209893Z   duration_ms: 0.68522
2026-10-08T19:03:53.8210096Z   ...
2026-10-08T19:03:53.8210580Z # Subtest: sequential displacements combine componentwise and retain the same final point
2026-10-08T19:03:53.8211769Z ok 511 - sequential displacements combine componentwise and retain the same final point
2026-10-08T19:03:53.8212490Z   ---
2026-10-08T19:03:53.8212865Z   duration_ms: 0.295512
2026-10-08T19:03:53.8213226Z   ...
2026-10-08T19:03:53.8214143Z # Subtest: Euclidean length is the square root of the sum of squared components
2026-10-08T19:03:53.8215077Z ok 512 - Euclidean length is the square root of the sum of squared components
2026-10-08T19:03:53.8215685Z   ---
2026-10-08T19:03:53.8215997Z   duration_ms: 0.264304
2026-10-08T19:03:53.8216338Z   ...
2026-10-08T19:03:53.8217013Z # Subtest: the unit direction has length one and preserves the original orientation
2026-10-08T19:03:53.8218097Z ok 513 - the unit direction has length one and preserves the original orientation
2026-10-08T19:03:53.8218764Z   ---
2026-10-08T19:03:53.8219121Z   duration_ms: 0.317233
2026-10-08T19:03:53.8219509Z   ...
2026-10-08T19:03:53.8220190Z # Subtest: the two nonzero perpendicular vectors have zero dot product
2026-10-08T19:03:53.8221226Z ok 514 - the two nonzero perpendicular vectors have zero dot product
2026-10-08T19:03:53.8221844Z   ---
2026-10-08T19:03:53.8222181Z   duration_ms: 0.193611
2026-10-08T19:03:53.8222546Z   ...
2026-10-08T19:03:53.8223909Z # Subtest: a unit-axis component retains the sign of the projected displacement
2026-10-08T19:03:53.8225060Z ok 515 - a unit-axis component retains the sign of the projected displacement
2026-10-08T19:03:53.8225758Z   ---
2026-10-08T19:03:53.8226093Z   duration_ms: 0.237784
2026-10-08T19:03:53.8226472Z   ...
2026-10-08T19:03:53.8227302Z # Subtest: the projection lies on the nonunit direction line and leaves an orthogonal residual
2026-10-08T19:03:53.8228592Z ok 516 - the projection lies on the nonunit direction line and leaves an orthogonal residual
2026-10-08T19:03:53.8229385Z   ---
2026-10-08T19:03:53.8229731Z   duration_ms: 0.322582
2026-10-08T19:03:53.8230133Z   ...
2026-10-08T19:03:53.8230934Z # Subtest: the requested residual reconstructs b as well as being perpendicular
2026-10-08T19:03:53.8232153Z ok 517 - the requested residual reconstructs b as well as being perpendicular
2026-10-08T19:03:53.8232866Z   ---
2026-10-08T19:03:53.8233179Z   duration_ms: 0.329044
2026-10-08T19:03:53.8233798Z   ...
2026-10-08T19:03:53.8234833Z # Subtest: row dot products implement the stated column-vector matrix convention
2026-10-08T19:03:53.8236041Z ok 518 - row dot products implement the stated column-vector matrix convention
2026-10-08T19:03:53.8236768Z   ---
2026-10-08T19:03:53.8237153Z   duration_ms: 0.368589
2026-10-08T19:03:53.8237566Z   ...
2026-10-08T19:03:53.8238356Z # Subtest: basis images retain the coefficients of the input linear combination
2026-10-08T19:03:53.8239603Z ok 519 - basis images retain the coefficients of the input linear combination
2026-10-08T19:03:53.8240350Z   ---
2026-10-08T19:03:53.8240721Z   duration_ms: 0.224129
2026-10-08T19:03:53.8241131Z   ...
2026-10-08T19:03:53.8241898Z # Subtest: rotation before horizontal stretch differs from the reverse order
2026-10-08T19:03:53.8243014Z ok 520 - rotation before horizontal stretch differs from the reverse order
2026-10-08T19:03:53.8243925Z   ---
2026-10-08T19:03:53.8244295Z   duration_ms: 0.279743
2026-10-08T19:03:53.8244707Z   ...
2026-10-08T19:03:53.8245464Z # Subtest: the stated distinct inputs collide under the flattening map
2026-10-08T19:03:53.8246570Z ok 521 - the stated distinct inputs collide under the flattening map
2026-10-08T19:03:53.8247354Z   ---
2026-10-08T19:03:53.8247787Z   duration_ms: 0.283199
2026-10-08T19:03:53.8248280Z   ...
2026-10-08T19:03:53.8249364Z # Subtest: the authored greedy counterexample has the complete expected table and schedule
2026-10-08T19:03:53.8250701Z ok 522 - the authored greedy counterexample has the complete expected table and schedule
2026-10-08T19:03:53.8251407Z   ---
2026-10-08T19:03:53.8251745Z   duration_ms: 2.249823
2026-10-08T19:03:53.8252090Z   ...
2026-10-08T19:03:53.8252865Z # Subtest: a changed value recomputes the selected prefix and does not mutate the example
2026-10-08T19:03:53.8254376Z ok 523 - a changed value recomputes the selected prefix and does not mutate the example
2026-10-08T19:03:53.8255059Z   ---
2026-10-08T19:03:53.8255350Z   duration_ms: 0.384969
2026-10-08T19:03:53.8255677Z   ...
2026-10-08T19:03:53.8256409Z # Subtest: touching endpoints are compatible and a positive overlap changes that decision
2026-10-08T19:03:53.8257548Z ok 524 - touching endpoints are compatible and a positive overlap changes that decision
2026-10-08T19:03:53.8258225Z   ---
2026-10-08T19:03:53.8258523Z   duration_ms: 0.382876
2026-10-08T19:03:53.8258854Z   ...
2026-10-08T19:03:53.8259509Z # Subtest: backtracking from a smaller prefix can differ from the complete optimum
2026-10-08T19:03:53.8260502Z ok 525 - backtracking from a smaller prefix can differ from the complete optimum
2026-10-08T19:03:53.8261107Z   ---
2026-10-08T19:03:53.8261422Z   duration_ms: 0.255628
2026-10-08T19:03:53.8261774Z   ...
2026-10-08T19:03:53.8262515Z # Subtest: equal alternatives keep the previous prefix under the declared stable order
2026-10-08T19:03:53.8263862Z ok 526 - equal alternatives keep the previous prefix under the declared stable order
2026-10-08T19:03:53.8264558Z   ---
2026-10-08T19:03:53.8264859Z   duration_ms: 0.398715
2026-10-08T19:03:53.8265396Z   ...
2026-10-08T19:03:53.8266098Z # Subtest: a predecessor row supplies its best prefix, not necessarily its own activity
2026-10-08T19:03:53.8267213Z ok 527 - a predecessor row supplies its best prefix, not necessarily its own activity
2026-10-08T19:03:53.8267903Z   ---
2026-10-08T19:03:53.8268258Z   duration_ms: 0.20884
2026-10-08T19:03:53.8268625Z   ...
2026-10-08T19:03:53.8269251Z # Subtest: empty and zero-valued inputs return a real empty optimum
2026-10-08T19:03:53.8270155Z ok 528 - empty and zero-valued inputs return a real empty optimum
2026-10-08T19:03:53.8270734Z   ---
2026-10-08T19:03:53.8271056Z   duration_ms: 0.338142
2026-10-08T19:03:53.8271408Z   ...
2026-10-08T19:03:53.8271980Z # Subtest: the admitted bounds and code-unit ID tie order are exact
2026-10-08T19:03:53.8272535Z ok 529 - the admitted bounds and code-unit ID tie order are exact
2026-10-08T19:03:53.8272866Z   ---
2026-10-08T19:03:53.8273048Z   duration_ms: 0.233817
2026-10-08T19:03:53.8273255Z   ...
2026-10-08T19:03:53.8274251Z # Subtest: invalid representable activity inputs are refused without changing supplied data
2026-10-08T19:03:53.8275249Z ok 530 - invalid representable activity inputs are refused without changing supplied data
2026-10-08T19:03:53.8276027Z   ---
2026-10-08T19:03:53.8276651Z   duration_ms: 1.033991
2026-10-08T19:03:53.8277012Z   ...
2026-10-08T19:03:53.8277742Z # Subtest: results are detached from both admitted inputs and future solver calls
2026-10-08T19:03:53.8278378Z ok 531 - results are detached from both admitted inputs and future solver calls
2026-10-08T19:03:53.8278763Z   ---
2026-10-08T19:03:53.8278965Z   duration_ms: 0.278801
2026-10-08T19:03:53.8279179Z   ...
2026-10-08T19:03:53.8279604Z # Subtest: the original twelve-question course is canonical and covers every concept
2026-10-08T19:03:53.8280245Z ok 532 - the original twelve-question course is canonical and covers every concept
2026-10-08T19:03:53.8280652Z   ---
2026-10-08T19:03:53.8280844Z   duration_ms: 0.465048
2026-10-08T19:03:53.8281071Z   ...
2026-10-08T19:03:53.8281559Z # Subtest: the deck goes through the existing adaptive learner, review, practice and notes consumers
2026-10-08T19:03:53.8282308Z ok 533 - the deck goes through the existing adaptive learner, review, practice and notes consumers
2026-10-08T19:03:53.8282749Z   ---
2026-10-08T19:03:53.8282937Z   duration_ms: 10.345727
2026-10-08T19:03:53.8283155Z   ...
2026-10-08T19:03:53.8283863Z # Subtest: the direct-file page matches the maintained builder and original deck download
2026-10-08T19:03:53.8284558Z ok 534 - the direct-file page matches the maintained builder and original deck download
2026-10-08T19:03:53.8284976Z   ---
2026-10-08T19:03:53.8285171Z   duration_ms: 52.932256
2026-10-08T19:03:53.8285397Z   ...
2026-10-08T19:03:53.8285577Z 1..534
2026-10-08T19:03:53.8285765Z # tests 549
2026-10-08T19:03:53.8285949Z # suites 0
2026-10-08T19:03:53.8286138Z # pass 549
2026-10-08T19:03:53.8286320Z # fail 0
2026-10-08T19:03:53.8286505Z # cancelled 0
2026-10-08T19:03:53.8286709Z # skipped 0
2026-10-08T19:03:53.8286892Z # todo 0
2026-10-08T19:03:53.8287110Z # duration_ms 4627.420494
2026-10-08T19:03:53.8325025Z ##[group]Run cp demo.html /tmp/demo-before.html
2026-10-08T19:03:53.8325438Z [36;1mcp demo.html /tmp/demo-before.html[0m
2026-10-08T19:03:53.8325763Z [36;1mpython3 tools/make_demo.py[0m
2026-10-08T19:03:53.8326364Z [36;1mcmp /tmp/demo-before.html demo.html || { echo "demo.html is stale: run 'python3 tools/make_demo.py' and commit the result"; exit 1; }[0m
2026-10-08T19:03:53.8392750Z shell: /usr/bin/bash -e {0}
2026-10-08T19:03:53.8393032Z ##[endgroup]
2026-10-08T19:03:53.8745742Z Built /home/runner/work/RecallWeave/RecallWeave/demo.html (97716 bytes)
2026-10-08T19:03:53.8905605Z Post job cleanup.
2026-10-08T19:03:54.0184618Z (node:3387) [DEP0040] DeprecationWarning: The `punycode` module is deprecated. Please use a userland alternative instead.
2026-10-08T19:03:54.0185617Z (Use `node --trace-deprecation ...` to show where the warning was created)
2026-10-08T19:03:54.0408250Z Post job cleanup.
2026-10-08T19:03:54.1337087Z [command]/usr/bin/git version
2026-10-08T19:03:54.1385920Z git version 2.55.0
2026-10-08T19:03:54.1429307Z Temporarily overriding HOME='/home/runner/work/_temp/c805f098-8652-4a98-a0a0-247971b71c34' before making global git config changes
2026-10-08T19:03:54.1431133Z Adding repository directory to the temporary git global config as a safe directory
2026-10-08T19:03:54.1435952Z [command]/usr/bin/git config --global --add safe.directory /home/runner/work/RecallWeave/RecallWeave
2026-10-08T19:03:54.1480936Z [command]/usr/bin/git config --local --name-only --get-regexp core\.sshCommand
2026-10-08T19:03:54.1534188Z [command]/usr/bin/git submodule foreach --recursive sh -c "git config --local --name-only --get-regexp 'core\.sshCommand' && git config --local --unset-all 'core.sshCommand' || :"
2026-10-08T19:03:54.1797739Z [command]/usr/bin/git config --local --name-only --get-regexp http\.https\:\/\/github\.com\/\.extraheader
2026-10-08T19:03:54.1833259Z http.https://github.com/.extraheader
2026-10-08T19:03:54.1850814Z [command]/usr/bin/git config --local --unset-all http.https://github.com/.extraheader
2026-10-08T19:03:54.1889162Z [command]/usr/bin/git submodule foreach --recursive sh -c "git config --local --name-only --get-regexp 'http\.https\:\/\/github\.com\/\.extraheader' && git config --local --unset-all 'http.https://github.com/.extraheader' || :"
2026-10-08T19:03:54.2177573Z [command]/usr/bin/git config --local --name-only --get-regexp ^includeIf\.gitdir:
2026-10-08T19:03:54.2214945Z [command]/usr/bin/git submodule foreach --recursive git config --local --show-origin --name-only --get-regexp remote.origin.url
2026-10-08T19:03:54.2620938Z Cleaning up orphan processes
2026-10-08T19:03:54.2928954Z ##[warning]Node.js 20 is deprecated. The following actions target Node.js 20 but are being forced to run on Node.js 24: actions/checkout@11d5960a326750d5838078e36cf38b85af677262, actions/setup-node@49933ea5288caeca8642d1e84afbd3f7d6820020. For more information see: https://github.blog/changelog/2025-09-19-deprecation-of-node-20-on-github-actions-runners/
