2026-10-08T20:45:17.9715864Z Current runner version: '2.337.0'
2026-10-08T20:45:17.9750199Z ##[group]Runner Image Provisioner
2026-10-08T20:45:17.9751523Z Hosted Compute Agent
2026-10-08T20:45:17.9752707Z Version: 20261002.596
2026-10-08T20:45:17.9753851Z Commit: c3d12f3313a95f25162a1503be624f3b0617f8c0
2026-10-08T20:45:17.9755022Z Build Date: 2026-10-02T22:28:27Z
2026-10-08T20:45:17.9756145Z Worker ID: {f465257c-c3d0-412f-b23d-1c7251e32eeb}
2026-10-08T20:45:17.9757240Z Region: northcentralus
2026-10-08T20:45:17.9758138Z Cloud: Azure
2026-10-08T20:45:17.9759004Z ##[endgroup]
2026-10-08T20:45:17.9761112Z ##[group]Operating System
2026-10-08T20:45:17.9762029Z Ubuntu
2026-10-08T20:45:17.9763096Z 24.04.5
2026-10-08T20:45:17.9763873Z LTS
2026-10-08T20:45:17.9764824Z ##[endgroup]
2026-10-08T20:45:17.9765688Z ##[group]Runner Image
2026-10-08T20:45:17.9766753Z Image: ubuntu-24.04
2026-10-08T20:45:17.9767655Z Version: 20261004.327.1
2026-10-08T20:45:17.9769773Z Included Software: https://github.com/actions/runner-images/blob/ubuntu24/20261004.327/images/ubuntu/Ubuntu2404-Readme.md
2026-10-08T20:45:17.9772343Z Image Release: https://github.com/actions/runner-images/releases/tag/ubuntu24%2F20261004.327
2026-10-08T20:45:17.9774447Z ##[endgroup]
2026-10-08T20:45:17.9776152Z ##[group]GITHUB_TOKEN Permissions
2026-10-08T20:45:17.9779189Z Contents: read
2026-10-08T20:45:17.9780104Z Metadata: read
2026-10-08T20:45:17.9780990Z ##[endgroup]
2026-10-08T20:45:17.9784220Z Secret source: Actions
2026-10-08T20:45:17.9785663Z Cache mode: write
2026-10-08T20:45:17.9787331Z Prepare workflow directory
2026-10-08T20:45:18.0210938Z Prepare all required actions
2026-10-08T20:45:18.0280311Z Getting action download info
2026-10-08T20:45:18.2467011Z Download action repository 'actions/checkout@11d5960a326750d5838078e36cf38b85af677262' (SHA:11d5960a326750d5838078e36cf38b85af677262)
2026-10-08T20:45:18.3260281Z Download action repository 'actions/setup-node@49933ea5288caeca8642d1e84afbd3f7d6820020' (SHA:49933ea5288caeca8642d1e84afbd3f7d6820020)
2026-10-08T20:45:18.5202028Z Complete job name: node-test
2026-10-08T20:45:18.6041693Z ##[group]Run actions/checkout@11d5960a326750d5838078e36cf38b85af677262
2026-10-08T20:45:18.6043190Z with:
2026-10-08T20:45:18.6043671Z   repository: Jacob-Met/RecallWeave
2026-10-08T20:45:18.6047960Z   token: ***
2026-10-08T20:45:18.6048409Z   ssh-strict: true
2026-10-08T20:45:18.6048859Z   ssh-user: git
2026-10-08T20:45:18.6049318Z   persist-credentials: true
2026-10-08T20:45:18.6049807Z   clean: true
2026-10-08T20:45:18.6050262Z   sparse-checkout-cone-mode: true
2026-10-08T20:45:18.6050789Z   fetch-depth: 1
2026-10-08T20:45:18.6051223Z   fetch-tags: false
2026-10-08T20:45:18.6051678Z   show-progress: true
2026-10-08T20:45:18.6052125Z   lfs: false
2026-10-08T20:45:18.6052696Z   submodules: false
2026-10-08T20:45:18.6053149Z   set-safe-directory: true
2026-10-08T20:45:18.6053648Z   allow-unsafe-pr-checkout: false
2026-10-08T20:45:18.6054431Z ##[endgroup]
2026-10-08T20:45:18.7119720Z Syncing repository: Jacob-Met/RecallWeave
2026-10-08T20:45:18.7122876Z ##[group]Getting Git version info
2026-10-08T20:45:18.7124107Z Working directory is '/home/runner/work/RecallWeave/RecallWeave'
2026-10-08T20:45:18.7125788Z [command]/usr/bin/git version
2026-10-08T20:45:18.7151953Z git version 2.55.0
2026-10-08T20:45:18.7173000Z ##[endgroup]
2026-10-08T20:45:18.7188962Z Temporarily overriding HOME='/home/runner/work/_temp/3b72a86c-ec0b-4c8b-86cc-3bec15ba5939' before making global git config changes
2026-10-08T20:45:18.7191287Z Adding repository directory to the temporary git global config as a safe directory
2026-10-08T20:45:18.7194679Z [command]/usr/bin/git config --global --add safe.directory /home/runner/work/RecallWeave/RecallWeave
2026-10-08T20:45:18.7244279Z Deleting the contents of '/home/runner/work/RecallWeave/RecallWeave'
2026-10-08T20:45:18.7254310Z ##[group]Initializing the repository
2026-10-08T20:45:18.7255679Z [command]/usr/bin/git init /home/runner/work/RecallWeave/RecallWeave
2026-10-08T20:45:18.7339318Z hint: Using 'master' as the name for the initial branch. This default branch name
2026-10-08T20:45:18.7341296Z hint: will change to "main" in Git 3.0. To configure the initial branch name
2026-10-08T20:45:18.7342987Z hint: to use in all of your new repositories, which will suppress this warning,
2026-10-08T20:45:18.7344162Z hint: call:
2026-10-08T20:45:18.7344776Z hint:
2026-10-08T20:45:18.7345554Z hint: 	git config --global init.defaultBranch <name>
2026-10-08T20:45:18.7346510Z hint:
2026-10-08T20:45:18.7347417Z hint: Names commonly chosen instead of 'master' are 'main', 'trunk' and
2026-10-08T20:45:18.7348886Z hint: 'development'. The just-created branch can be renamed via this command:
2026-10-08T20:45:18.7350051Z hint:
2026-10-08T20:45:18.7350687Z hint: 	git branch -m <name>
2026-10-08T20:45:18.7351424Z hint:
2026-10-08T20:45:18.7352400Z hint: Disable this message with "git config set advice.defaultBranchName false"
2026-10-08T20:45:18.7354603Z Initialized empty Git repository in /home/runner/work/RecallWeave/RecallWeave/.git/
2026-10-08T20:45:18.7357414Z [command]/usr/bin/git remote add origin https://github.com/Jacob-Met/RecallWeave
2026-10-08T20:45:18.7399947Z ##[endgroup]
2026-10-08T20:45:18.7401211Z ##[group]Disabling automatic garbage collection
2026-10-08T20:45:18.7404886Z [command]/usr/bin/git config --local gc.auto 0
2026-10-08T20:45:18.7440119Z ##[endgroup]
2026-10-08T20:45:18.7441306Z ##[group]Setting up auth
2026-10-08T20:45:18.7447337Z [command]/usr/bin/git config --local --name-only --get-regexp core\.sshCommand
2026-10-08T20:45:18.7484351Z [command]/usr/bin/git submodule foreach --recursive sh -c "git config --local --name-only --get-regexp 'core\.sshCommand' && git config --local --unset-all 'core.sshCommand' || :"
2026-10-08T20:45:18.7834967Z [command]/usr/bin/git config --local --name-only --get-regexp http\.https\:\/\/github\.com\/\.extraheader
2026-10-08T20:45:18.7878666Z [command]/usr/bin/git submodule foreach --recursive sh -c "git config --local --name-only --get-regexp 'http\.https\:\/\/github\.com\/\.extraheader' && git config --local --unset-all 'http.https://github.com/.extraheader' || :"
2026-10-08T20:45:18.8144931Z [command]/usr/bin/git config --local --name-only --get-regexp ^includeIf\.gitdir:
2026-10-08T20:45:18.8185754Z [command]/usr/bin/git submodule foreach --recursive git config --local --show-origin --name-only --get-regexp remote.origin.url
2026-10-08T20:45:18.8437219Z [command]/usr/bin/git config --local http.https://github.com/.extraheader AUTHORIZATION: basic ***
2026-10-08T20:45:18.8483535Z ##[endgroup]
2026-10-08T20:45:18.8484445Z ##[group]Fetching the repository
2026-10-08T20:45:18.8493827Z [command]/usr/bin/git -c protocol.version=2 fetch --no-tags --prune --no-recurse-submodules --depth=1 origin +302159b5bb992a5c2d8b79849d270b352c856087:refs/remotes/pull/152/merge
2026-10-08T20:45:21.2194307Z From https://github.com/Jacob-Met/RecallWeave
2026-10-08T20:45:21.2196545Z  * [new ref]         302159b5bb992a5c2d8b79849d270b352c856087 -> pull/152/merge
2026-10-08T20:45:21.2202657Z ##[endgroup]
2026-10-08T20:45:21.2204772Z ##[group]Determining the checkout info
2026-10-08T20:45:21.2207077Z ##[endgroup]
2026-10-08T20:45:21.2208518Z [command]/usr/bin/git sparse-checkout disable
2026-10-08T20:45:21.2266670Z [command]/usr/bin/git config --local --unset-all extensions.worktreeConfig
2026-10-08T20:45:21.2313207Z ##[group]Checking out the ref
2026-10-08T20:45:21.2317424Z [command]/usr/bin/git checkout --progress --force refs/remotes/pull/152/merge
2026-10-08T20:45:21.6897075Z Note: switching to 'refs/remotes/pull/152/merge'.
2026-10-08T20:45:21.6898310Z 
2026-10-08T20:45:21.6898595Z You are in 'detached HEAD' state. You can look around, make experimental
2026-10-08T20:45:21.6899175Z changes and commit them, and you can discard any commits you make in this
2026-10-08T20:45:21.6899738Z state without impacting any branches by switching back to a branch.
2026-10-08T20:45:21.6900068Z 
2026-10-08T20:45:21.6900308Z If you want to create a new branch to retain commits you create, you may
2026-10-08T20:45:21.6900896Z do so (now or later) by using -c with the switch command. Example:
2026-10-08T20:45:21.6901473Z 
2026-10-08T20:45:21.6901613Z   git switch -c <new-branch-name>
2026-10-08T20:45:21.6901823Z 
2026-10-08T20:45:21.6901966Z Or undo this operation with:
2026-10-08T20:45:21.6902162Z 
2026-10-08T20:45:21.6902276Z   git switch -
2026-10-08T20:45:21.6902725Z 
2026-10-08T20:45:21.6903032Z Turn off this advice by setting config variable advice.detachedHead to false
2026-10-08T20:45:21.6903360Z 
2026-10-08T20:45:21.6903738Z HEAD is now at 302159b Merge 060c6a42f47d7c67b2e29cf432df68508932d4a0 into 0079c0d690369ee63328afcd4714f77b5f7d3095
2026-10-08T20:45:21.6926267Z ##[endgroup]
2026-10-08T20:45:21.6976488Z [command]/usr/bin/git log -1 --format=%H
2026-10-08T20:45:21.7006197Z 302159b5bb992a5c2d8b79849d270b352c856087
2026-10-08T20:45:21.7298761Z ##[group]Run actions/setup-node@49933ea5288caeca8642d1e84afbd3f7d6820020
2026-10-08T20:45:21.7299249Z with:
2026-10-08T20:45:21.7299522Z   node-version: 20
2026-10-08T20:45:21.7299801Z   always-auth: false
2026-10-08T20:45:21.7300095Z   check-latest: false
2026-10-08T20:45:21.7303174Z   token: ***
2026-10-08T20:45:21.7303441Z ##[endgroup]
2026-10-08T20:45:21.8878404Z Attempting to download 20...
2026-10-08T20:45:21.9026788Z (node:2299) [DEP0040] DeprecationWarning: The `punycode` module is deprecated. Please use a userland alternative instead.
2026-10-08T20:45:21.9027600Z (Use `node --trace-deprecation ...` to show where the warning was created)
2026-10-08T20:45:22.5306911Z Acquiring 20.20.2 - x64 from https://github.com/actions/node-versions/releases/download/20.20.2-23521894959/node-20.20.2-linux-x64.tar.gz
2026-10-08T20:45:22.9084418Z Extracting ...
2026-10-08T20:45:22.9205841Z [command]/usr/bin/tar xz --strip 1 --warning=no-unknown-keyword --overwrite -C /home/runner/work/_temp/10050926-6fcd-4120-b710-41124bd683bb -f /home/runner/work/_temp/ea4ccfd9-0826-4232-966d-a40462227a66
2026-10-08T20:45:24.0142207Z Adding to the cache ...
2026-10-08T20:45:25.6028262Z ##[group]Environment details
2026-10-08T20:45:25.8280138Z node: v20.20.2
2026-10-08T20:45:25.8280767Z npm: 10.8.2
2026-10-08T20:45:25.8281042Z yarn: 1.22.22
2026-10-08T20:45:25.8281915Z ##[endgroup]
2026-10-08T20:45:25.8468703Z ##[group]Run node --test tests/*.test.mjs
2026-10-08T20:45:25.8469151Z [36;1mnode --test tests/*.test.mjs[0m
2026-10-08T20:45:25.8699983Z shell: /usr/bin/bash -e {0}
2026-10-08T20:45:25.8700329Z ##[endgroup]
2026-10-08T20:45:25.9295236Z TAP version 13
2026-10-08T20:45:25.9864688Z # Subtest: display orders retain every canonical option exactly once and are immutable
2026-10-08T20:45:25.9886413Z ok 1 - display orders retain every canonical option exactly once and are immutable
2026-10-08T20:45:25.9887329Z   ---
2026-10-08T20:45:25.9887889Z   duration_ms: 6.644456
2026-10-08T20:45:25.9888452Z   ...
2026-10-08T20:45:25.9889495Z # Subtest: a stable source replays an order and changed input can put the answer in every display position
2026-10-08T20:45:25.9891184Z ok 2 - a stable source replays an order and changed input can put the answer in every display position
2026-10-08T20:45:25.9892155Z   ---
2026-10-08T20:45:25.9892899Z   duration_ms: 0.785786
2026-10-08T20:45:25.9893533Z   ...
2026-10-08T20:45:25.9894604Z # Subtest: invalid counts or random values cannot produce duplicate, missing, or unaddressable choices
2026-10-08T20:45:25.9896101Z ok 3 - invalid counts or random values cannot produce duplicate, missing, or unaddressable choices
2026-10-08T20:45:25.9897035Z   ---
2026-10-08T20:45:25.9897595Z   duration_ms: 0.396378
2026-10-08T20:45:25.9898198Z   ...
2026-10-08T20:45:25.9950196Z # Subtest: varied displayed choices keep review, corrected practice and study notes tied to their original text
2026-10-08T20:45:25.9951980Z ok 4 - varied displayed choices keep review, corrected practice and study notes tied to their original text
2026-10-08T20:45:25.9953510Z   ---
2026-10-08T20:45:25.9954170Z   duration_ms: 12.573002
2026-10-08T20:45:25.9954764Z   ...
2026-10-08T20:45:26.0254148Z # Subtest: the direct-file author page is generated from all current author modules
2026-10-08T20:45:26.0260550Z ok 5 - the direct-file author page is generated from all current author modules
2026-10-08T20:45:26.0261600Z   ---
2026-10-08T20:45:26.0262143Z   duration_ms: 57.53023
2026-10-08T20:45:26.0262953Z   ...
2026-10-08T20:45:26.0395417Z # Subtest: sixteen original items round trip through current native deck and authoring APIs
2026-10-08T20:45:26.0414062Z ok 6 - sixteen original items round trip through current native deck and authoring APIs
2026-10-08T20:45:26.0419025Z   ---
2026-10-08T20:45:26.0419675Z   duration_ms: 5.271244
2026-10-08T20:45:26.0420255Z   ...
2026-10-08T20:45:26.0421162Z # Subtest: displayed vector answers satisfy the independent stated arithmetic
2026-10-08T20:45:26.0422373Z ok 7 - displayed vector answers satisfy the independent stated arithmetic
2026-10-08T20:45:26.0424441Z   ---
2026-10-08T20:45:26.0425018Z   duration_ms: 0.549419
2026-10-08T20:45:26.0425588Z   ...
2026-10-08T20:45:26.0427183Z # Subtest: subdivision keys preserve traversal and explicitly map local parameters
2026-10-08T20:45:26.0428713Z ok 8 - subdivision keys preserve traversal and explicitly map local parameters
2026-10-08T20:45:26.0429660Z   ---
2026-10-08T20:45:26.0430216Z   duration_ms: 0.216657
2026-10-08T20:45:26.0430808Z   ...
2026-10-08T20:45:26.0431779Z # Subtest: qualitative claims retain the stated hypotheses and degeneracy distinctions
2026-10-08T20:45:26.0433405Z ok 9 - qualitative claims retain the stated hypotheses and degeneracy distinctions
2026-10-08T20:45:26.0434301Z   ---
2026-10-08T20:45:26.0434885Z   duration_ms: 0.201423
2026-10-08T20:45:26.0435498Z   ...
2026-10-08T20:45:26.0436567Z # Subtest: current learner, review, practice and study notes consume every new course item
2026-10-08T20:45:26.0438040Z ok 10 - current learner, review, practice and study notes consume every new course item
2026-10-08T20:45:26.0439057Z   ---
2026-10-08T20:45:26.0439943Z   duration_ms: 19.163777
2026-10-08T20:45:26.0440831Z   ...
2026-10-08T20:45:26.1904302Z # Subtest: worked quadratic retains every level and correctly ordered subcurve controls
2026-10-08T20:45:26.1906542Z ok 11 - worked quadratic retains every level and correctly ordered subcurve controls
2026-10-08T20:45:26.1907613Z   ---
2026-10-08T20:45:26.1908247Z   duration_ms: 3.058785
2026-10-08T20:45:26.1908830Z   ...
2026-10-08T20:45:26.1919045Z # Subtest: direct Bernstein and differentiated-polynomial oracles agree on 504 changed cases
2026-10-08T20:45:26.1943975Z ok 12 - direct Bernstein and differentiated-polynomial oracles agree on 504 changed cases
2026-10-08T20:45:26.1951696Z   ---
2026-10-08T20:45:26.1952168Z   duration_ms: 96.004802
2026-10-08T20:45:26.1952868Z   ...
2026-10-08T20:45:26.1953836Z # Subtest: subdivision polygons reproduce the original polynomial under both local parameter maps
2026-10-08T20:45:26.1955251Z ok 13 - subdivision polygons reproduce the original polynomial under both local parameter maps
2026-10-08T20:45:26.1955937Z   ---
2026-10-08T20:45:26.1956264Z   duration_ms: 24.110451
2026-10-08T20:45:26.1956625Z   ...
2026-10-08T20:45:26.1957518Z # Subtest: reversing controls reverses the parameter and derivative; translating preserves construction
2026-10-08T20:45:26.1958816Z ok 14 - reversing controls reverses the parameter and derivative; translating preserves construction
2026-10-08T20:45:26.1959556Z   ---
2026-10-08T20:45:26.1959860Z   duration_ms: 0.689441
2026-10-08T20:45:26.1960197Z   ...
2026-10-08T20:45:26.1960956Z # Subtest: stationary endpoint, constant curve, and collinear nonuniform speed remain distinct
2026-10-08T20:45:26.1962073Z ok 15 - stationary endpoint, constant curve, and collinear nonuniform speed remain distinct
2026-10-08T20:45:26.1962933Z   ---
2026-10-08T20:45:26.1963240Z   duration_ms: 0.411731
2026-10-08T20:45:26.1963568Z   ...
2026-10-08T20:45:26.1964164Z # Subtest: parser admits exact text grammar and reduces only in the trace
2026-10-08T20:45:26.1965025Z ok 16 - parser admits exact text grammar and reduces only in the trace
2026-10-08T20:45:26.1965604Z   ---
2026-10-08T20:45:26.1966231Z   duration_ms: 3.2241
2026-10-08T20:45:26.1966583Z   ...
2026-10-08T20:45:26.1967252Z # Subtest: malformed and out-of-domain text is refused with an actionable field
2026-10-08T20:45:26.1968239Z ok 17 - malformed and out-of-domain text is refused with an actionable field
2026-10-08T20:45:26.1968851Z   ---
2026-10-08T20:45:26.1969163Z   duration_ms: 1.095433
2026-10-08T20:45:26.1969508Z   ...
2026-10-08T20:45:26.1970225Z # Subtest: public model rejects coercion, sparse arrays and invalid parameter records
2026-10-08T20:45:26.1971252Z ok 18 - public model rejects coercion, sparse arrays and invalid parameter records
2026-10-08T20:45:26.1971860Z   ---
2026-10-08T20:45:26.1972174Z   duration_ms: 0.788269
2026-10-08T20:45:26.1973714Z   ...
2026-10-08T20:45:26.1974565Z # Subtest: all result state is detached and frozen; repeated calls are deterministic
2026-10-08T20:45:26.1985166Z ok 19 - all result state is detached and frozen; repeated calls are deterministic
2026-10-08T20:45:26.1985851Z   ---
2026-10-08T20:45:26.1986243Z   duration_ms: 0.713637
2026-10-08T20:45:26.1986616Z   ...
2026-10-08T20:45:26.2124663Z # Subtest: the binary-search course round-trips through the published deck contract
2026-10-08T20:45:26.2133712Z ok 20 - the binary-search course round-trips through the published deck contract
2026-10-08T20:45:26.2158555Z   ---
2026-10-08T20:45:26.2183309Z   duration_ms: 4.475593
2026-10-08T20:45:26.2220210Z   ...
2026-10-08T20:45:26.2222824Z # Subtest: worked first-occurrence and absent examples agree with an independent linear partition
2026-10-08T20:45:26.2224342Z ok 21 - worked first-occurrence and absent examples agree with an independent linear partition
2026-10-08T20:45:26.2225541Z   ---
2026-10-08T20:45:26.2226239Z   duration_ms: 0.315076
2026-10-08T20:45:26.2226672Z   ...
2026-10-08T20:45:26.2228125Z # Subtest: midpoint and branch answers use the course’s half-open interval convention
2026-10-08T20:45:26.2229358Z ok 22 - midpoint and branch answers use the course’s half-open interval convention
2026-10-08T20:45:26.2230092Z   ---
2026-10-08T20:45:26.2230446Z   duration_ms: 0.350459
2026-10-08T20:45:26.2230855Z   ...
2026-10-08T20:45:26.2232092Z # Subtest: the worked trace and worst-case count follow strictly shrinking intervals
2026-10-08T20:45:26.2233550Z ok 23 - the worked trace and worst-case count follow strictly shrinking intervals
2026-10-08T20:45:26.2234307Z   ---
2026-10-08T20:45:26.2234672Z   duration_ms: 9.609029
2026-10-08T20:45:26.2235056Z   ...
2026-10-08T20:45:26.2235972Z # Subtest: the actual adaptive learner visits every new question and preserves worked feedback
2026-10-08T20:45:26.2237303Z ok 24 - the actual adaptive learner visits every new question and preserves worked feedback
2026-10-08T20:45:26.2237952Z   ---
2026-10-08T20:45:26.2238257Z   duration_ms: 20.814558
2026-10-08T20:45:26.2238609Z   ...
2026-10-08T20:45:26.2239440Z # Subtest: duplicate equality classifies a suffix while retaining the first possible boundary
2026-10-08T20:45:26.2240607Z ok 25 - duplicate equality classifies a suffix while retaining the first possible boundary
2026-10-08T20:45:26.2241299Z   ---
2026-10-08T20:45:26.2241616Z   duration_ms: 2.49858
2026-10-08T20:45:26.2241968Z   ...
2026-10-08T20:45:26.2242992Z # Subtest: empty, before-first and after-end results remain boundaries rather than invented elements
2026-10-08T20:45:26.2244254Z ok 26 - empty, before-first and after-end results remain boundaries rather than invented elements
2026-10-08T20:45:26.2245000Z   ---
2026-10-08T20:45:26.2245312Z   duration_ms: 0.343459
2026-10-08T20:45:26.2245655Z   ...
2026-10-08T20:45:26.2246723Z # Subtest: the guide’s two equal-length paths retain their different ordering-comparison counts
2026-10-08T20:45:26.2248058Z ok 27 - the guide’s two equal-length paths retain their different ordering-comparison counts
2026-10-08T20:45:26.2248751Z   ---
2026-10-08T20:45:26.2249059Z   duration_ms: 0.419964
2026-10-08T20:45:26.2249398Z   ...
2026-10-08T20:45:26.2250142Z # Subtest: a complete 32-value trace is detached and immutable without changing the caller
2026-10-08T20:45:26.2251522Z ok 28 - a complete 32-value trace is detached and immutable without changing the caller
2026-10-08T20:45:26.2252161Z   ---
2026-10-08T20:45:26.2261054Z   duration_ms: 2.226229
2026-10-08T20:45:26.2261535Z   ...
2026-10-08T20:45:26.2262359Z # Subtest: text admission preserves order, allows repeats and refuses an invalid current draft
2026-10-08T20:45:26.2263718Z ok 29 - text admission preserves order, allows repeats and refuses an invalid current draft
2026-10-08T20:45:26.2264470Z   ---
2026-10-08T20:45:26.2264800Z   duration_ms: 0.933048
2026-10-08T20:45:26.2265145Z   ...
2026-10-08T20:45:26.2265930Z # Subtest: every teaching preset is admitted and its complete record survives JSON transport
2026-10-08T20:45:26.2267101Z ok 30 - every teaching preset is admitted and its complete record survives JSON transport
2026-10-08T20:45:26.2267792Z   ---
2026-10-08T20:45:26.2268111Z   duration_ms: 0.914971
2026-10-08T20:45:26.2268463Z   ...
2026-10-08T20:45:26.2269193Z # Subtest: standalone build retains the original course and guide bytes exactly
2026-10-08T20:45:26.2270232Z ok 31 - standalone build retains the original course and guide bytes exactly
2026-10-08T20:45:26.2270837Z   ---
2026-10-08T20:45:26.2271163Z   duration_ms: 94.406149
2026-10-08T20:45:26.2271516Z   ...
2026-10-08T20:45:26.2272407Z # Subtest: the committed direct-file explorer exactly reproduces from its native modules and checked deck
2026-10-08T20:45:26.2274003Z ok 32 - the committed direct-file explorer exactly reproduces from its native modules and checked deck
2026-10-08T20:45:26.2274772Z   ---
2026-10-08T20:45:26.2275084Z   duration_ms: 10.547606
2026-10-08T20:45:26.2275450Z   ...
2026-10-08T20:45:26.2276284Z # Subtest: literal course content cannot close the embedded script and is retained byte-for-byte
2026-10-08T20:45:26.2277534Z ok 33 - literal course content cannot close the embedded script and is retained byte-for-byte
2026-10-08T20:45:26.2278346Z   ---
2026-10-08T20:45:26.2278804Z   duration_ms: 1.98176
2026-10-08T20:45:26.2279154Z   ...
2026-10-08T20:45:26.2280139Z # Subtest: builder refuses invalid decks and ambiguous template/source boundaries
2026-10-08T20:45:26.2281209Z ok 34 - builder refuses invalid decks and ambiguous template/source boundaries
2026-10-08T20:45:26.2281841Z   ---
2026-10-08T20:45:26.2282163Z   duration_ms: 2.649218
2026-10-08T20:45:26.2282796Z   ...
2026-10-08T20:45:26.3064606Z # Subtest: the original course is admitted by the unchanged deck validator with the fixed answer map
2026-10-08T20:45:26.3077613Z ok 35 - the original course is admitted by the unchanged deck validator with the fixed answer map
2026-10-08T20:45:26.3078766Z   ---
2026-10-08T20:45:26.3079431Z   duration_ms: 3.403526
2026-10-08T20:45:26.3080183Z   ...
2026-10-08T20:45:26.3081105Z # Subtest: independent finite assignments establish the nontrivial authored choice witnesses
2026-10-08T20:45:26.3082389Z ok 36 - independent finite assignments establish the nontrivial authored choice witnesses
2026-10-08T20:45:26.3083434Z   ---
2026-10-08T20:45:26.3083770Z   duration_ms: 0.684493
2026-10-08T20:45:26.3084138Z   ...
2026-10-08T20:45:26.3085566Z # Subtest: native selector → review → separate practice → archive/notes preserves the correct course trace
2026-10-08T20:45:26.3087192Z ok 37 - native selector → review → separate practice → archive/notes preserves the correct course trace
2026-10-08T20:45:26.3087980Z   ---
2026-10-08T20:45:26.3088317Z   duration_ms: 19.918847
2026-10-08T20:45:26.3088684Z   ...
2026-10-08T20:45:26.3090076Z # Subtest: native selector → review → separate practice → archive/notes preserves the missed course trace
2026-10-08T20:45:26.3091889Z ok 38 - native selector → review → separate practice → archive/notes preserves the missed course trace
2026-10-08T20:45:26.3093108Z   ---
2026-10-08T20:45:26.3093778Z   duration_ms: 4.156212
2026-10-08T20:45:26.3094423Z   ...
2026-10-08T20:45:26.3106935Z # Subtest: native selector → review → separate practice → archive/notes preserves the mixed course trace
2026-10-08T20:45:26.3109386Z ok 39 - native selector → review → separate practice → archive/notes preserves the mixed course trace
2026-10-08T20:45:26.3110567Z   ---
2026-10-08T20:45:26.3111161Z   duration_ms: 3.999235
2026-10-08T20:45:26.3111699Z   ...
2026-10-08T20:45:26.3279487Z # Subtest: all binary connectives match independently enumerated TT, TF, FT, FF columns
2026-10-08T20:45:26.3281261Z ok 40 - all binary connectives match independently enumerated TT, TF, FT, FF columns
2026-10-08T20:45:26.3282289Z   ---
2026-10-08T20:45:26.3283370Z   duration_ms: 4.376755
2026-10-08T20:45:26.3284022Z   ...
2026-10-08T20:45:26.3285040Z # Subtest: the union is alphabetical, complete and unique even with disjoint variables
2026-10-08T20:45:26.3286438Z ok 41 - the union is alphabetical, complete and unique even with disjoint variables
2026-10-08T20:45:26.3287421Z   ---
2026-10-08T20:45:26.3288002Z   duration_ms: 0.588098
2026-10-08T20:45:26.3288602Z   ...
2026-10-08T20:45:26.3289621Z # Subtest: precedence and grouping are explicit, and implication is right associative
2026-10-08T20:45:26.3291072Z ok 42 - precedence and grouping are explicit, and implication is right associative
2026-10-08T20:45:26.3291966Z   ---
2026-10-08T20:45:26.3292712Z   duration_ms: 0.518462
2026-10-08T20:45:26.3293299Z   ...
2026-10-08T20:45:26.3294225Z # Subtest: case, whitespace and parentheses preserve the same formal expression
2026-10-08T20:45:26.3325596Z ok 43 - case, whitespace and parentheses preserve the same formal expression
2026-10-08T20:45:26.3363183Z   ---
2026-10-08T20:45:26.3383397Z   duration_ms: 0.285852
2026-10-08T20:45:26.3384325Z   ...
2026-10-08T20:45:26.3385547Z # Subtest: equivalence is exhaustive; converse and incorrect De Morgan variants retain counterexamples
2026-10-08T20:45:26.3387133Z ok 44 - equivalence is exhaustive; converse and incorrect De Morgan variants retain counterexamples
2026-10-08T20:45:26.3388081Z   ---
2026-10-08T20:45:26.3388618Z   duration_ms: 0.638884
2026-10-08T20:45:26.3389167Z   ...
2026-10-08T20:45:26.3390197Z # Subtest: valid inference and affirming the consequent differ at a concrete full assignment
2026-10-08T20:45:26.3391982Z ok 45 - valid inference and affirming the consequent differ at a concrete full assignment
2026-10-08T20:45:26.3393074Z   ---
2026-10-08T20:45:26.3393571Z   duration_ms: 0.272822
2026-10-08T20:45:26.3394121Z   ...
2026-10-08T20:45:26.3395069Z # Subtest: constants have one empty assignment, and single-expression mode is distinct
2026-10-08T20:45:26.3396425Z ok 46 - constants have one empty assignment, and single-expression mode is distinct
2026-10-08T20:45:26.3397263Z   ---
2026-10-08T20:45:26.3397757Z   duration_ms: 0.301735
2026-10-08T20:45:26.3398294Z   ...
2026-10-08T20:45:26.3399389Z # Subtest: invalid edits refuse unknown words, partial expressions, code, HTML and unsupported notation
2026-10-08T20:45:26.3400926Z ok 47 - invalid edits refuse unknown words, partial expressions, code, HTML and unsupported notation
2026-10-08T20:45:26.3401867Z   ---
2026-10-08T20:45:26.3402369Z   duration_ms: 1.850042
2026-10-08T20:45:26.3403068Z   ...
2026-10-08T20:45:26.3404227Z # Subtest: boundary inputs admit declared limits and reject the next character, token, parenthesis or operator
2026-10-08T20:45:26.3405856Z ok 48 - boundary inputs admit declared limits and reject the next character, token, parenthesis or operator
2026-10-08T20:45:26.3406815Z   ---
2026-10-08T20:45:26.3407321Z   duration_ms: 0.971195
2026-10-08T20:45:26.3407854Z   ...
2026-10-08T20:45:26.3408875Z # Subtest: returned analysis is deeply immutable and subsequent calls do not alter prior results
2026-10-08T20:45:26.3410365Z ok 49 - returned analysis is deeply immutable and subsequent calls do not alter prior results
2026-10-08T20:45:26.3411267Z   ---
2026-10-08T20:45:26.3411762Z   duration_ms: 0.380834
2026-10-08T20:45:26.3412285Z   ...
2026-10-08T20:45:26.3413432Z # Subtest: CSV uses the current inputs, full union and every row regardless of any display filter
2026-10-08T20:45:26.3414847Z ok 50 - CSV uses the current inputs, full union and every row regardless of any display filter
2026-10-08T20:45:26.3415953Z   ---
2026-10-08T20:45:26.3416473Z   duration_ms: 0.45713
2026-10-08T20:45:26.3416990Z   ...
2026-10-08T20:45:26.3418168Z # Subtest: independent receiving columns challenge right grouping, stronger and, and an unused-in-output variable
2026-10-08T20:45:26.3419873Z ok 51 - independent receiving columns challenge right grouping, stronger and, and an unused-in-output variable
2026-10-08T20:45:26.3420868Z   ---
2026-10-08T20:45:26.3421374Z   duration_ms: 0.420995
2026-10-08T20:45:26.3421905Z   ...
2026-10-08T20:45:26.3643012Z # Subtest: literal text grammar keeps letters, digits and request multiplicity
2026-10-08T20:45:26.3663794Z ok 52 - literal text grammar keeps letters, digits and request multiplicity
2026-10-08T20:45:26.3697198Z   ---
2026-10-08T20:45:26.3753181Z   duration_ms: 2.561856
2026-10-08T20:45:26.3813259Z   ...
2026-10-08T20:45:26.3850788Z # Subtest: text refuses ambiguous tokens, case conversion and bounded overflows
2026-10-08T20:45:26.3882169Z ok 53 - text refuses ambiguous tokens, case conversion and bounded overflows
2026-10-08T20:45:26.3883409Z   ---
2026-10-08T20:45:26.3883974Z   duration_ms: 0.673135
2026-10-08T20:45:26.3884564Z   ...
2026-10-08T20:45:26.3885471Z # Subtest: core rejects unsupported capacity and unexpected outer fields
2026-10-08T20:45:26.3886705Z ok 54 - core rejects unsupported capacity and unexpected outer fields
2026-10-08T20:45:26.3887545Z   ---
2026-10-08T20:45:26.3888082Z   duration_ms: 0.934881
2026-10-08T20:45:26.3888657Z   ...
2026-10-08T20:45:26.3889743Z # Subtest: core refuses sparse arrays, attached metadata and nonliteral page values
2026-10-08T20:45:26.3891118Z ok 55 - core refuses sparse arrays, attached metadata and nonliteral page values
2026-10-08T20:45:26.3892025Z   ---
2026-10-08T20:45:26.3892805Z   duration_ms: 0.366603
2026-10-08T20:45:26.3893514Z   ...
2026-10-08T20:45:26.3894319Z # Subtest: FIFO complete trace keeps insertion order on a hit
2026-10-08T20:45:26.3899161Z ok 56 - FIFO complete trace keeps insertion order on a hit
2026-10-08T20:45:26.3923126Z   ---
2026-10-08T20:45:26.3954199Z   duration_ms: 0.728319
2026-10-08T20:45:26.3978333Z   ...
2026-10-08T20:45:26.3979448Z # Subtest: LRU complete trace refreshes recency and can lose this fixed comparison
2026-10-08T20:45:26.3980793Z ok 57 - LRU complete trace refreshes recency and can lose this fixed comparison
2026-10-08T20:45:26.3981664Z   ---
2026-10-08T20:45:26.3982206Z   duration_ms: 0.483099
2026-10-08T20:45:26.3982987Z   ...
2026-10-08T20:45:26.3983969Z # Subtest: the classic FIFO anomaly retains exact miss positions and capacity totals
2026-10-08T20:45:26.3985247Z ok 58 - the classic FIFO anomaly retains exact miss positions and capacity totals
2026-10-08T20:45:26.3986078Z   ---
2026-10-08T20:45:26.3986587Z   duration_ms: 0.740257
2026-10-08T20:45:26.3987117Z   ...
2026-10-08T20:45:26.3988089Z # Subtest: literal identity, capacity one and a loop that fits retain first-access misses
2026-10-08T20:45:26.3989433Z ok 59 - literal identity, capacity one and a loop that fits retain first-access misses
2026-10-08T20:45:26.3990278Z   ---
2026-10-08T20:45:26.3990792Z   duration_ms: 2.21349
2026-10-08T20:45:26.3991337Z   ...
2026-10-08T20:45:26.3992255Z # Subtest: empty input produces zero counts without a manufactured percentage
2026-10-08T20:45:26.3993670Z ok 60 - empty input produces zero counts without a manufactured percentage
2026-10-08T20:45:26.3994514Z   ---
2026-10-08T20:45:26.3995058Z   duration_ms: 0.790773
2026-10-08T20:45:26.3995672Z   ...
2026-10-08T20:45:26.3996637Z # Subtest: caller mutations cannot change retained input, earlier steps or totals
2026-10-08T20:45:26.3997920Z ok 61 - caller mutations cannot change retained input, earlier steps or totals
2026-10-08T20:45:26.3998754Z   ---
2026-10-08T20:45:26.3999268Z   duration_ms: 0.512283
2026-10-08T20:45:26.3999814Z   ...
2026-10-08T20:45:26.4000706Z # Subtest: every reachable result object is frozen and mutation attempts fail
2026-10-08T20:45:26.4002196Z ok 62 - every reachable result object is frozen and mutation attempts fail
2026-10-08T20:45:26.4003241Z   ---
2026-10-08T20:45:26.4003757Z   duration_ms: 0.752745
2026-10-08T20:45:26.4004293Z   ...
2026-10-08T20:45:26.4005268Z # Subtest: retained prefixes agree with fresh empty-start runs at each selected capacity
2026-10-08T20:45:26.4006653Z ok 63 - retained prefixes agree with fresh empty-start runs at each selected capacity
2026-10-08T20:45:26.4007535Z   ---
2026-10-08T20:45:26.4008050Z   duration_ms: 27.662782
2026-10-08T20:45:26.4008587Z   ...
2026-10-08T20:45:26.4009486Z # Subtest: state transitions conserve requests, slots and resident page identity
2026-10-08T20:45:26.4010714Z ok 64 - state transitions conserve requests, slots and resident page identity
2026-10-08T20:45:26.4011540Z   ---
2026-10-08T20:45:26.4012057Z   duration_ms: 1.069674
2026-10-08T20:45:26.4012830Z   ...
2026-10-08T20:45:26.4013788Z # Subtest: course is admitted by the unchanged importer and exact authoring round trip
2026-10-08T20:45:26.4015433Z ok 65 - course is admitted by the unchanged importer and exact authoring round trip
2026-10-08T20:45:26.4016422Z   ---
2026-10-08T20:45:26.4016963Z   duration_ms: 2.020879
2026-10-08T20:45:26.4017543Z   ...
2026-10-08T20:45:26.4018506Z # Subtest: course keeps its independently solved answer map and unique concept coverage
2026-10-08T20:45:26.4019877Z ok 66 - course keeps its independently solved answer map and unique concept coverage
2026-10-08T20:45:26.4020743Z   ---
2026-10-08T20:45:26.4021266Z   duration_ms: 2.922059
2026-10-08T20:45:26.4021814Z   ...
2026-10-08T20:45:26.4023077Z # Subtest: the real learner selector exhausts this deck once and preserves first tries during practice
2026-10-08T20:45:26.4024599Z ok 67 - the real learner selector exhausts this deck once and preserves first tries during practice
2026-10-08T20:45:26.4025537Z   ---
2026-10-08T20:45:26.4026020Z   duration_ms: 15.902355
2026-10-08T20:45:26.4026595Z   ...
2026-10-08T20:45:26.4029231Z # Subtest: standalone generation is deterministic and the committed file is current
2026-10-08T20:45:26.4030870Z ok 68 - standalone generation is deterministic and the committed file is current
2026-10-08T20:45:26.4031798Z   ---
2026-10-08T20:45:26.4032340Z   duration_ms: 40.477067
2026-10-08T20:45:26.4033123Z   ...
2026-10-08T20:45:26.4034188Z # Subtest: standalone course embedding preserves exact UTF-8 bytes and HTML-like lesson text
2026-10-08T20:45:26.4035663Z ok 69 - standalone course embedding preserves exact UTF-8 bytes and HTML-like lesson text
2026-10-08T20:45:26.4038418Z   ---
2026-10-08T20:45:26.4038970Z   duration_ms: 2.58488
2026-10-08T20:45:26.4039565Z   ...
2026-10-08T20:45:26.4040557Z # Subtest: builder fails closed when template or source import boundaries change
2026-10-08T20:45:26.4041913Z ok 70 - builder fails closed when template or source import boundaries change
2026-10-08T20:45:26.4042901Z   ---
2026-10-08T20:45:26.4043413Z   duration_ms: 1.967078
2026-10-08T20:45:26.4043970Z   ...
2026-10-08T20:45:26.4373621Z # Subtest: the original twelve-question lesson passes the current unchanged importer contract
2026-10-08T20:45:26.4375941Z ok 71 - the original twelve-question lesson passes the current unchanged importer contract
2026-10-08T20:45:26.4377218Z   ---
2026-10-08T20:45:26.4377988Z   duration_ms: 11.999347
2026-10-08T20:45:26.4378835Z   ...
2026-10-08T20:45:26.4380229Z # Subtest: the actual standalone builder passes parity and embeds the exact downloadable lesson
2026-10-08T20:45:26.4381868Z ok 72 - the actual standalone builder passes parity and embeds the exact downloadable lesson
2026-10-08T20:45:26.4383006Z   ---
2026-10-08T20:45:26.4383759Z   duration_ms: 71.061708
2026-10-08T20:45:26.4384426Z   ...
2026-10-08T20:45:26.4433749Z # Subtest: successive integer products retain a distinct starting point and multiplier
2026-10-08T20:45:26.4435520Z ok 73 - successive integer products retain a distinct starting point and multiplier
2026-10-08T20:45:26.4441086Z   ---
2026-10-08T20:45:26.4463372Z   duration_ms: 11.004645
2026-10-08T20:45:26.4473405Z   ...
2026-10-08T20:45:26.4474519Z # Subtest: zero steps mean one explicitly assigned initial row, including zero multiplier
2026-10-08T20:45:26.4475968Z ok 74 - zero steps mean one explicitly assigned initial row, including zero multiplier
2026-10-08T20:45:26.4476887Z   ---
2026-10-08T20:45:26.4477404Z   duration_ms: 0.543931
2026-10-08T20:45:26.4477929Z   ...
2026-10-08T20:45:26.4478835Z # Subtest: a returning quarter-turn sequence retains repeated indexed positions
2026-10-08T20:45:26.4480100Z ok 75 - a returning quarter-turn sequence retains repeated indexed positions
2026-10-08T20:45:26.4480946Z   ---
2026-10-08T20:45:26.4481462Z   duration_ms: 1.461125
2026-10-08T20:45:26.4482001Z   ...
2026-10-08T20:45:26.4483229Z # Subtest: zero starting points and zero multipliers keep their different defined quantities
2026-10-08T20:45:26.4484737Z ok 76 - zero starting points and zero multipliers keep their different defined quantities
2026-10-08T20:45:26.4485737Z   ---
2026-10-08T20:45:26.4486306Z   duration_ms: 0.526474
2026-10-08T20:45:26.4486871Z   ...
2026-10-08T20:45:26.4487954Z # Subtest: bounded fractional coordinates keep full numeric output and remain finite at both limits
2026-10-08T20:45:26.4489516Z ok 77 - bounded fractional coordinates keep full numeric output and remain finite at both limits
2026-10-08T20:45:26.4490456Z   ---
2026-10-08T20:45:26.4490967Z   duration_ms: 0.750703
2026-10-08T20:45:26.4491502Z   ...
2026-10-08T20:45:26.4492884Z # Subtest: invalid and partial coordinate text and unsupported counts refuse the whole experiment
2026-10-08T20:45:26.4494421Z ok 78 - invalid and partial coordinate text and unsupported counts refuse the whole experiment
2026-10-08T20:45:26.4495358Z   ---
2026-10-08T20:45:26.4495854Z   duration_ms: 1.209816
2026-10-08T20:45:26.4496375Z   ...
2026-10-08T20:45:26.4497358Z # Subtest: plot units are equal, imaginary-positive is upward, and every indexed point fits
2026-10-08T20:45:26.4498682Z ok 79 - plot units are equal, imaginary-positive is upward, and every indexed point fits
2026-10-08T20:45:26.4499564Z   ---
2026-10-08T20:45:26.4500634Z   duration_ms: 0.928801
2026-10-08T20:45:26.4501467Z   ...
2026-10-08T20:45:26.4502460Z # Subtest: principal angles, signed zero and approximate formatting have declared behavior
2026-10-08T20:45:26.4503989Z ok 80 - principal angles, signed zero and approximate formatting have declared behavior
2026-10-08T20:45:26.4504865Z   ---
2026-10-08T20:45:26.4505366Z   duration_ms: 0.383569
2026-10-08T20:45:26.4505901Z   ...
2026-10-08T20:45:26.4506872Z # Subtest: accepted snapshots are immutable and JSON retains all unrounded computed values
2026-10-08T20:45:26.4508232Z ok 81 - accepted snapshots are immutable and JSON retains all unrounded computed values
2026-10-08T20:45:26.4509132Z   ---
2026-10-08T20:45:26.4509625Z   duration_ms: 0.92104
2026-10-08T20:45:26.4510168Z   ...
2026-10-08T20:45:27.0597028Z # Subtest: every small-set outcome and count agrees with filtered position assignments
2026-10-08T20:45:27.0624159Z ok 82 - every small-set outcome and count agrees with filtered position assignments
2026-10-08T20:45:27.0646199Z   ---
2026-10-08T20:45:27.0646756Z   duration_ms: 60.58178
2026-10-08T20:45:27.0647487Z   ...
2026-10-08T20:45:27.0648485Z # Subtest: largest allowed inputs preserve complete counts and distant outcome addresses
2026-10-08T20:45:27.0654214Z ok 83 - largest allowed inputs preserve complete counts and distant outcome addresses
2026-10-08T20:45:27.0656821Z   ---
2026-10-08T20:45:27.0662455Z   duration_ms: 440.456989
2026-10-08T20:45:27.0663450Z   ...
2026-10-08T20:45:27.0664388Z # Subtest: empty and impossible selections are different, with explicit zero boundaries
2026-10-08T20:45:27.0681052Z ok 84 - empty and impossible selections are different, with explicit zero boundaries
2026-10-08T20:45:27.0681864Z   ---
2026-10-08T20:45:27.0682636Z   duration_ms: 1.092619
2026-10-08T20:45:27.0683092Z   ...
2026-10-08T20:45:27.0683969Z # Subtest: multiset representations retain repeated labels and explain unequal group sizes
2026-10-08T20:45:27.0685731Z ok 85 - multiset representations retain repeated labels and explain unequal group sizes
2026-10-08T20:45:27.0686557Z   ---
2026-10-08T20:45:27.0686974Z   duration_ms: 0.60347
2026-10-08T20:45:27.0719647Z   ...
2026-10-08T20:45:27.0721692Z # Subtest: decimal drafts and programmatic inputs reject unsupported numeric forms and models
2026-10-08T20:45:27.0723373Z ok 86 - decimal drafts and programmatic inputs reject unsupported numeric forms and models
2026-10-08T20:45:27.0724079Z   ---
2026-10-08T20:45:27.0724388Z   duration_ms: 1.016784
2026-10-08T20:45:27.0724721Z   ...
2026-10-08T20:45:27.0725395Z # Subtest: page and outcome addresses are bounded and wrong types cannot silently round
2026-10-08T20:45:27.0726398Z ok 87 - page and outcome addresses are bounded and wrong types cannot silently round
2026-10-08T20:45:27.0727001Z   ---
2026-10-08T20:45:27.0727259Z   duration_ms: 0.615539
2026-10-08T20:45:27.0727587Z   ...
2026-10-08T20:45:27.0727936Z # Subtest: result copies stay stable and fully JSON serializable
2026-10-08T20:45:27.0728447Z ok 88 - result copies stay stable and fully JSON serializable
2026-10-08T20:45:27.0728770Z   ---
2026-10-08T20:45:27.0728976Z   duration_ms: 0.971816
2026-10-08T20:45:27.0729202Z   ...
2026-10-08T20:45:27.0729636Z # Subtest: the twelve original questions validate through the published deck contract
2026-10-08T20:45:27.0730264Z ok 89 - the twelve original questions validate through the published deck contract
2026-10-08T20:45:27.0730647Z   ---
2026-10-08T20:45:27.0730835Z   duration_ms: 1.431951
2026-10-08T20:45:27.0731047Z   ...
2026-10-08T20:45:27.0731541Z # Subtest: the generated offline page is current, contains the exact course, and has a parseable script
2026-10-08T20:45:27.0732285Z ok 90 - the generated offline page is current, contains the exact course, and has a parseable script
2026-10-08T20:45:27.0733043Z   ---
2026-10-08T20:45:27.0733334Z   duration_ms: 61.057838
2026-10-08T20:45:27.0733662Z   ...
2026-10-08T20:45:27.0786047Z # Subtest: catalog keeps exact raw text and an immutable copy of checked metadata
2026-10-08T20:45:27.0794192Z ok 91 - catalog keeps exact raw text and an immutable copy of checked metadata
2026-10-08T20:45:27.0795073Z   ---
2026-10-08T20:45:27.0795565Z   duration_ms: 3.057904
2026-10-08T20:45:27.0796087Z   ...
2026-10-08T20:45:27.0796995Z # Subtest: curated paths reject traversal, external URLs, authoring sources and duplicates
2026-10-08T20:45:27.0814455Z ok 92 - curated paths reject traversal, external URLs, authoring sources and duplicates
2026-10-08T20:45:27.0833374Z   ---
2026-10-08T20:45:27.0837296Z   duration_ms: 1.569178
2026-10-08T20:45:27.0837883Z   ...
2026-10-08T20:45:27.0838894Z # Subtest: search uses title and concept substrings with stable order and trimmed case
2026-10-08T20:45:27.0839953Z ok 93 - search uses title and concept substrings with stable order and trimmed case
2026-10-08T20:45:27.0840507Z   ---
2026-10-08T20:45:27.0846899Z   duration_ms: 0.644222
2026-10-08T20:45:27.0847253Z   ...
2026-10-08T20:45:27.0847998Z # Subtest: standalone build matches checked-in HTML and embeds every original file unchanged
2026-10-08T20:45:27.0849224Z ok 94 - standalone build matches checked-in HTML and embeds every original file unchanged
2026-10-08T20:45:27.0849912Z   ---
2026-10-08T20:45:27.0850223Z   duration_ms: 39.457814
2026-10-08T20:45:27.0850548Z   ...
2026-10-08T20:45:27.0851260Z # Subtest: embedded course text cannot terminate the data script or become executable markup
2026-10-08T20:45:27.0852327Z ok 95 - embedded course text cannot terminate the data script or become executable markup
2026-10-08T20:45:27.0853131Z   ---
2026-10-08T20:45:27.0853409Z   duration_ms: 2.554775
2026-10-08T20:45:27.0853720Z   ...
2026-10-08T20:45:27.0854278Z # Subtest: builder refuses extra arguments before writing the generated page
2026-10-08T20:45:27.0855143Z ok 96 - builder refuses extra arguments before writing the generated page
2026-10-08T20:45:27.0855636Z   ---
2026-10-08T20:45:27.0855883Z   duration_ms: 52.54042
2026-10-08T20:45:27.0856476Z   ...
2026-10-08T20:45:27.0857060Z # Subtest: the standalone Lesson focus file matches its actual modular sources
2026-10-08T20:45:27.0857963Z ok 97 - the standalone Lesson focus file matches its actual modular sources
2026-10-08T20:45:27.0858555Z   ---
2026-10-08T20:45:27.0858856Z   duration_ms: 57.389593
2026-10-08T20:45:27.0859208Z   ...
2026-10-08T20:45:27.0859885Z # Subtest: all questions and both prerequisite branches survive a focused lesson
2026-10-08T20:45:27.0913712Z ok 98 - all questions and both prerequisite branches survive a focused lesson
2026-10-08T20:45:27.0914356Z   ---
2026-10-08T20:45:27.0914693Z   duration_ms: 5.822716
2026-10-08T20:45:27.0915034Z   ...
2026-10-08T20:45:27.0915690Z # Subtest: requested concepts remain explicit when they are also a prerequisite
2026-10-08T20:45:27.0916676Z ok 99 - requested concepts remain explicit when they are also a prerequisite
2026-10-08T20:45:27.0917278Z   ---
2026-10-08T20:45:27.0917583Z   duration_ms: 0.701419
2026-10-08T20:45:27.0917948Z   ...
2026-10-08T20:45:27.0918553Z # Subtest: clearing or changing targets never retains an earlier closure
2026-10-08T20:45:27.0919425Z ok 100 - clearing or changing targets never retains an earlier closure
2026-10-08T20:45:27.0919977Z   ---
2026-10-08T20:45:27.0920288Z   duration_ms: 1.295675
2026-10-08T20:45:27.0920607Z   ...
2026-10-08T20:45:27.0921188Z # Subtest: literal names, answer identities and immutable copied results
2026-10-08T20:45:27.0922042Z ok 101 - literal names, answer identities and immutable copied results
2026-10-08T20:45:27.0953018Z   ---
2026-10-08T20:45:27.0953366Z   duration_ms: 0.680497
2026-10-08T20:45:27.0953707Z   ...
2026-10-08T20:45:27.0954387Z # Subtest: invalid source, selection and title are refused before producing a lesson
2026-10-08T20:45:27.0955453Z ok 102 - invalid source, selection and title are refused before producing a lesson
2026-10-08T20:45:27.0956092Z   ---
2026-10-08T20:45:27.0956406Z   duration_ms: 2.196174
2026-10-08T20:45:27.0956769Z   ...
2026-10-08T20:45:27.0957433Z # Subtest: real supplied courses retain all content when all concepts are chosen
2026-10-08T20:45:27.0958797Z ok 103 - real supplied courses retain all content when all concepts are chosen
2026-10-08T20:45:27.0959426Z   ---
2026-10-08T20:45:27.0959737Z   duration_ms: 6.606369
2026-10-08T20:45:27.0960080Z   ...
2026-10-08T20:45:27.0960766Z # Subtest: compact output fits the real file limit and an oversized result is refused
2026-10-08T20:45:27.0961804Z ok 104 - compact output fits the real file limit and an oversized result is refused
2026-10-08T20:45:27.0962447Z   ---
2026-10-08T20:45:27.0963068Z   duration_ms: 11.169303
2026-10-08T20:45:27.0963404Z   ...
2026-10-08T20:45:27.0964222Z # Subtest: the direct-file handout page is generated from the current validator, document and UI sources
2026-10-08T20:45:27.0965484Z ok 105 - the direct-file handout page is generated from the current validator, document and UI sources
2026-10-08T20:45:27.0966210Z   ---
2026-10-08T20:45:27.0966525Z   duration_ms: 55.029917
2026-10-08T20:45:27.0966873Z   ...
2026-10-08T20:45:27.0967668Z # Subtest: worksheet projection contains only original public question fields in canonical order
2026-10-08T20:45:27.0968871Z ok 106 - worksheet projection contains only original public question fields in canonical order
2026-10-08T20:45:27.0969585Z   ---
2026-10-08T20:45:27.0969891Z   duration_ms: 3.772723
2026-10-08T20:45:27.0970241Z   ...
2026-10-08T20:45:27.0970987Z # Subtest: separate answer key maps B, A and F to the original two, four and six option arrays
2026-10-08T20:45:27.0972101Z ok 107 - separate answer key maps B, A and F to the original two, four and six option arrays
2026-10-08T20:45:27.0972943Z   ---
2026-10-08T20:45:27.0973257Z   duration_ms: 0.474646
2026-10-08T20:45:27.0973605Z   ...
2026-10-08T20:45:27.0974325Z # Subtest: projection is a frozen snapshot and cannot mutate or alias the selected deck
2026-10-08T20:45:27.0975401Z ok 108 - projection is a frozen snapshot and cannot mutate or alias the selected deck
2026-10-08T20:45:27.0976334Z   ---
2026-10-08T20:45:27.0976637Z   duration_ms: 1.19264
2026-10-08T20:45:27.0976975Z   ...
2026-10-08T20:45:27.0977660Z # Subtest: downloaded worksheet JSON and HTML omit authored answers and explanations
2026-10-08T20:45:27.0978728Z ok 109 - downloaded worksheet JSON and HTML omit authored answers and explanations
2026-10-08T20:45:27.0979339Z   ---
2026-10-08T20:45:27.0979630Z   duration_ms: 0.92725
2026-10-08T20:45:27.0979949Z   ...
2026-10-08T20:45:27.0980655Z # Subtest: downloaded answer key carries exact authored answers, explanations and credit
2026-10-08T20:45:27.0981727Z ok 110 - downloaded answer key carries exact authored answers, explanations and credit
2026-10-08T20:45:27.0982367Z   ---
2026-10-08T20:45:27.1013219Z   duration_ms: 0.568378
2026-10-08T20:45:27.1013594Z   ...
2026-10-08T20:45:27.1014606Z # Subtest: literal Unicode, markup, line endings and script delimiters survive JSON without becoming executable markup
2026-10-08T20:45:27.1016141Z ok 111 - literal Unicode, markup, line endings and script delimiters survive JSON without becoming executable markup
2026-10-08T20:45:27.1016975Z   ---
2026-10-08T20:45:27.1017284Z   duration_ms: 2.333271
2026-10-08T20:45:27.1017619Z   ...
2026-10-08T20:45:27.1018359Z # Subtest: real Deck studio checked downloads retain reordered questions and answer identity
2026-10-08T20:45:27.1019489Z ok 112 - real Deck studio checked downloads retain reordered questions and answer identity
2026-10-08T20:45:27.1020162Z   ---
2026-10-08T20:45:27.1020465Z   duration_ms: 1.121052
2026-10-08T20:45:27.1020796Z   ...
2026-10-08T20:45:27.1021470Z # Subtest: real parser rejects malformed, unsupported and oversized local deck input
2026-10-08T20:45:27.1022646Z ok 113 - real parser rejects malformed, unsupported and oversized local deck input
2026-10-08T20:45:27.1023388Z   ---
2026-10-08T20:45:27.1023678Z   duration_ms: 1.395416
2026-10-08T20:45:27.1024018Z   ...
2026-10-08T20:45:27.1024804Z # Subtest: handout creation refuses invalid deck answers instead of producing an untrustworthy key
2026-10-08T20:45:27.1026307Z ok 114 - handout creation refuses invalid deck answers instead of producing an untrustworthy key
2026-10-08T20:45:27.1027019Z   ---
2026-10-08T20:45:27.1027319Z   duration_ms: 0.425321
2026-10-08T20:45:27.1027647Z   ...
2026-10-08T20:45:27.1028403Z # Subtest: document modes are explicit and invalid choices never silently produce an answer key
2026-10-08T20:45:27.1029543Z ok 115 - document modes are explicit and invalid choices never silently produce an answer key
2026-10-08T20:45:27.1030224Z   ---
2026-10-08T20:45:27.1030513Z   duration_ms: 0.531352
2026-10-08T20:45:27.1030834Z   ...
2026-10-08T20:45:27.1031421Z # Subtest: worksheet and key filenames are distinct bounded local names
2026-10-08T20:45:27.1032290Z ok 116 - worksheet and key filenames are distinct bounded local names
2026-10-08T20:45:27.1032981Z   ---
2026-10-08T20:45:27.1033275Z   duration_ms: 0.339432
2026-10-08T20:45:27.1033609Z   ...
2026-10-08T20:45:27.1034337Z # Subtest: repeat exports are deterministic and leave the original selected JSON unchanged
2026-10-08T20:45:27.1035444Z ok 117 - repeat exports are deterministic and leave the original selected JSON unchanged
2026-10-08T20:45:27.1036111Z   ---
2026-10-08T20:45:27.1036400Z   duration_ms: 0.376168
2026-10-08T20:45:27.1036727Z   ...
2026-10-08T20:45:27.1037456Z # Subtest: the existing contract admits twelve original items across four connected concepts
2026-10-08T20:45:27.1038568Z ok 118 - the existing contract admits twelve original items across four connected concepts
2026-10-08T20:45:27.1039229Z   ---
2026-10-08T20:45:27.1039532Z   duration_ms: 3.391869
2026-10-08T20:45:27.1039857Z   ...
2026-10-08T20:45:27.1040571Z # Subtest: canonical correct positions are balanced without a universal longest-answer cue
2026-10-08T20:45:27.1041688Z ok 119 - canonical correct positions are balanced without a universal longest-answer cue
2026-10-08T20:45:27.1042358Z   ---
2026-10-08T20:45:27.1042801Z   duration_ms: 0.426363
2026-10-08T20:45:27.1043334Z   ...
2026-10-08T20:45:27.1044051Z # Subtest: the answer key matches independently worked charge, connection and power values
2026-10-08T20:45:27.1045128Z ok 120 - the answer key matches independently worked charge, connection and power values
2026-10-08T20:45:27.1045836Z   ---
2026-10-08T20:45:27.1046128Z   duration_ms: 1.203917
2026-10-08T20:45:27.1046449Z   ...
2026-10-08T20:45:27.1047307Z # Subtest: existing selection, review, separate retries and study notes retain every course item
2026-10-08T20:45:27.1048518Z ok 121 - existing selection, review, separate retries and study notes retain every course item
2026-10-08T20:45:27.1049244Z   ---
2026-10-08T20:45:27.1049566Z   duration_ms: 14.784459
2026-10-08T20:45:27.1049923Z   ...
2026-10-08T20:45:27.1050661Z # Subtest: the direct-file artifact rebuilds exactly and embeds the original course bytes
2026-10-08T20:45:27.1051764Z ok 122 - the direct-file artifact rebuilds exactly and embeds the original course bytes
2026-10-08T20:45:27.1052455Z   ---
2026-10-08T20:45:27.1052906Z   duration_ms: 3.77771
2026-10-08T20:45:27.1053245Z   ...
2026-10-08T20:45:27.1053935Z # Subtest: 12 V across 100 and 200 ohms agrees with independently worked branch values
2026-10-08T20:45:27.1054967Z ok 123 - 12 V across 100 and 200 ohms agrees with independently worked branch values
2026-10-08T20:45:27.1055594Z   ---
2026-10-08T20:45:27.1055886Z   duration_ms: 1.754137
2026-10-08T20:45:27.1056233Z   ...
2026-10-08T20:45:27.1056910Z # Subtest: zero voltage has finite equivalent resistance and zero current and power
2026-10-08T20:45:27.1057936Z ok 124 - zero voltage has finite equivalent resistance and zero current and power
2026-10-08T20:45:27.1058586Z   ---
2026-10-08T20:45:27.1058891Z   duration_ms: 0.236497
2026-10-08T20:45:27.1059234Z   ...
2026-10-08T20:45:27.1060052Z # Subtest: charge, loop-voltage and power relationships hold throughout a deterministic input grid
2026-10-08T20:45:27.1061303Z ok 125 - charge, loop-voltage and power relationships hold throughout a deterministic input grid
2026-10-08T20:45:27.1062037Z   ---
2026-10-08T20:45:27.1062349Z   duration_ms: 3.178937
2026-10-08T20:45:27.1063122Z   ...
2026-10-08T20:45:27.1063816Z # Subtest: permuting resistors swaps their values without changing source behavior
2026-10-08T20:45:27.1064851Z ok 126 - permuting resistors swaps their values without changing source behavior
2026-10-08T20:45:27.1065494Z   ---
2026-10-08T20:45:27.1065800Z   duration_ms: 0.331851
2026-10-08T20:45:27.1066135Z   ...
2026-10-08T20:45:27.1066871Z # Subtest: a branch change and a voltage change preserve the stated ideal-source assumptions
2026-10-08T20:45:27.1068000Z ok 127 - a branch change and a voltage change preserve the stated ideal-source assumptions
2026-10-08T20:45:27.1068696Z   ---
2026-10-08T20:45:27.1068993Z   duration_ms: 0.28516
2026-10-08T20:45:27.1069343Z   ...
2026-10-08T20:45:27.1070139Z # Subtest: equal resistors use four times as much total power in parallel at fixed nonzero voltage
2026-10-08T20:45:27.1071341Z ok 128 - equal resistors use four times as much total power in parallel at fixed nonzero voltage
2026-10-08T20:45:27.1072051Z   ---
2026-10-08T20:45:27.1072359Z   duration_ms: 0.17876
2026-10-08T20:45:27.1072839Z   ...
2026-10-08T20:45:27.1073534Z # Subtest: model refuses missing, coerced, nonfinite and out-of-domain parameters
2026-10-08T20:45:27.1074595Z ok 129 - model refuses missing, coerced, nonfinite and out-of-domain parameters
2026-10-08T20:45:27.1075240Z   ---
2026-10-08T20:45:27.1075543Z   duration_ms: 0.909692
2026-10-08T20:45:27.1075890Z   ...
2026-10-08T20:45:27.1076588Z # Subtest: text edits require explicit decimal values and never turn a blank into zero
2026-10-08T20:45:27.1077680Z ok 130 - text edits require explicit decimal values and never turn a blank into zero
2026-10-08T20:45:27.1078337Z   ---
2026-10-08T20:45:27.1078643Z   duration_ms: 0.586615
2026-10-08T20:45:27.1078990Z   ...
2026-10-08T20:45:27.1079670Z # Subtest: results are independent immutable snapshots of their input parameters
2026-10-08T20:45:27.1080879Z ok 131 - results are independent immutable snapshots of their input parameters
2026-10-08T20:45:27.1081529Z   ---
2026-10-08T20:45:27.1081830Z   duration_ms: 0.316748
2026-10-08T20:45:27.1082166Z   ...
2026-10-08T20:45:27.1082921Z # Subtest: CSV keeps both modes, physical units and full numeric precision
2026-10-08T20:45:27.1083836Z ok 132 - CSV keeps both modes, physical units and full numeric precision
2026-10-08T20:45:27.1084420Z   ---
2026-10-08T20:45:27.1084727Z   duration_ms: 1.179831
2026-10-08T20:45:27.1085059Z   ...
2026-10-08T20:45:27.2638775Z # Subtest: unfinished and completely empty drafts save without claiming lesson validity
2026-10-08T20:45:27.2645148Z ok 133 - unfinished and completely empty drafts save without claiming lesson validity
2026-10-08T20:45:27.2646165Z   ---
2026-10-08T20:45:27.2646685Z   duration_ms: 6.034265
2026-10-08T20:45:27.2647214Z   ...
2026-10-08T20:45:27.2648265Z # Subtest: duplicate text, cyclic and self prerequisites, and unfinished selections survive for repair
2026-10-08T20:45:27.2649874Z ok 134 - duplicate text, cyclic and self prerequisites, and unfinished selections survive for repair
2026-10-08T20:45:27.2650826Z   ---
2026-10-08T20:45:27.2651328Z   duration_ms: 1.620725
2026-10-08T20:45:27.2651875Z   ...
2026-10-08T20:45:27.2690798Z # Subtest: ready imported lessons retain public IDs, ordered content, answer identity and checked bytes
2026-10-08T20:45:27.2715093Z ok 135 - ready imported lessons retain public IDs, ordered content, answer identity and checked bytes
2026-10-08T20:45:27.2716247Z   ---
2026-10-08T20:45:27.2716780Z   duration_ms: 1.774928
2026-10-08T20:45:27.2717323Z   ...
2026-10-08T20:45:27.2718381Z # Subtest: canonical private keys recover near-limit counters without changing public IDs or live state
2026-10-08T20:45:27.2719877Z ok 136 - canonical private keys recover near-limit counters without changing public IDs or live state
2026-10-08T20:45:27.2720846Z   ---
2026-10-08T20:45:27.2721343Z   duration_ms: 2.411939
2026-10-08T20:45:27.2721890Z   ...
2026-10-08T20:45:27.2723364Z # Subtest: staged drafts are deeply frozen and replacement copies remain editable
2026-10-08T20:45:27.2724671Z ok 137 - staged drafts are deeply frozen and replacement copies remain editable
2026-10-08T20:45:27.2725548Z   ---
2026-10-08T20:45:27.2726079Z   duration_ms: 0.458852
2026-10-08T20:45:27.2726634Z   ...
2026-10-08T20:45:27.2727748Z # Subtest: missing or ambiguous internal references, malformed shape and unsafe counters refuse before admission
2026-10-08T20:45:27.2729300Z ok 138 - missing or ambiguous internal references, malformed shape and unsafe counters refuse before admission
2026-10-08T20:45:27.2730187Z   ---
2026-10-08T20:45:27.2730617Z   duration_ms: 2.684801
2026-10-08T20:45:27.2731144Z   ...
2026-10-08T20:45:27.2731915Z # Subtest: only recognized editor fields cross the draft boundary
2026-10-08T20:45:27.2737382Z ok 139 - only recognized editor fields cross the draft boundary
2026-10-08T20:45:27.2738164Z   ---
2026-10-08T20:45:27.2738677Z   duration_ms: 0.514676
2026-10-08T20:45:27.2739194Z   ...
2026-10-08T20:45:27.2740058Z # Subtest: a lesson larger than its admission limit can be saved as a draft and repaired later
2026-10-08T20:45:27.2741278Z ok 140 - a lesson larger than its admission limit can be saved as a draft and repaired later
2026-10-08T20:45:27.2742079Z   ---
2026-10-08T20:45:27.2742802Z   duration_ms: 16.043088
2026-10-08T20:45:27.2743327Z   ...
2026-10-08T20:45:27.2744233Z # Subtest: draft size limits count actual UTF-8 bytes and failed saving leaves writing intact
2026-10-08T20:45:27.2745539Z ok 141 - draft size limits count actual UTF-8 bytes and failed saving leaves writing intact
2026-10-08T20:45:27.2746726Z   ---
2026-10-08T20:45:27.2747460Z   duration_ms: 73.252684
2026-10-08T20:45:27.2748348Z   ...
2026-10-08T20:45:27.2749323Z # Subtest: compact drafts remain saveable near and exactly at the byte limit without added whitespace
2026-10-08T20:45:27.2759727Z ok 142 - compact drafts remain saveable near and exactly at the byte limit without added whitespace
2026-10-08T20:45:27.2761158Z   ---
2026-10-08T20:45:27.2761760Z   duration_ms: 233.844523
2026-10-08T20:45:27.2762403Z   ...
2026-10-08T20:45:27.2763887Z # Subtest: a file whose canonical private keys exceed the saved limit is refused before admission
2026-10-08T20:45:27.2765554Z ok 143 - a file whose canonical private keys exceed the saved limit is refused before admission
2026-10-08T20:45:27.2766669Z   ---
2026-10-08T20:45:27.2767329Z   duration_ms: 34.324253
2026-10-08T20:45:27.2768119Z   ...
2026-10-08T20:45:27.2957218Z # Subtest: a valid deck stages without touching authored text and commits once with full immutable content
2026-10-08T20:45:27.2983918Z ok 144 - a valid deck stages without touching authored text and commits once with full immutable content
2026-10-08T20:45:27.3003232Z   ---
2026-10-08T20:45:27.3003983Z   duration_ms: 13.756759
2026-10-08T20:45:27.3004574Z   ...
2026-10-08T20:45:27.3005647Z # Subtest: invalid JSON, invalid answer, oversized file and unreadable file preserve the draft and allow retry
2026-10-08T20:45:27.3007282Z ok 145 - invalid JSON, invalid answer, oversized file and unreadable file preserve the draft and allow retry
2026-10-08T20:45:27.3008029Z   ---
2026-10-08T20:45:27.3008482Z   duration_ms: 10.658173
2026-10-08T20:45:27.3009075Z   ...
2026-10-08T20:45:27.3009839Z # Subtest: unfinished and cyclic draft files stage visibly and replace once with an immutable editable state
2026-10-08T20:45:27.3011108Z ok 146 - unfinished and cyclic draft files stage visibly and replace once with an immutable editable state
2026-10-08T20:45:27.3011933Z   ---
2026-10-08T20:45:27.3012403Z   duration_ms: 4.081729
2026-10-08T20:45:27.3013080Z   ...
2026-10-08T20:45:27.3013846Z # Subtest: a draft suffix cannot admit an oversized lesson deck through the larger draft-file limit
2026-10-08T20:45:27.3015013Z ok 147 - a draft suffix cannot admit an oversized lesson deck through the larger draft-file limit
2026-10-08T20:45:27.3015689Z   ---
2026-10-08T20:45:27.3016053Z   duration_ms: 8.631965
2026-10-08T20:45:27.3016379Z   ...
2026-10-08T20:45:27.3017567Z # Subtest: malformed and unsupported editable drafts preserve the old draft and retire pending previews
2026-10-08T20:45:27.3018564Z ok 148 - malformed and unsupported editable drafts preserve the old draft and retire pending previews
2026-10-08T20:45:27.3019046Z   ---
2026-10-08T20:45:27.3019254Z   duration_ms: 6.294458
2026-10-08T20:45:27.3019477Z   ...
2026-10-08T20:45:27.3019915Z # Subtest: newest selected format wins across slow draft-to-deck and deck-to-draft reads
2026-10-08T20:45:27.3020557Z ok 149 - newest selected format wins across slow draft-to-deck and deck-to-draft reads
2026-10-08T20:45:27.3020950Z   ---
2026-10-08T20:45:27.3021142Z   duration_ms: 3.095011
2026-10-08T20:45:27.3021346Z   ...
2026-10-08T20:45:27.3021845Z # Subtest: explicit Keep current draft clears staged replacement and restores the open control focus
2026-10-08T20:45:27.3022918Z ok 150 - explicit Keep current draft clears staged replacement and restores the open control focus
2026-10-08T20:45:27.3023376Z   ---
2026-10-08T20:45:27.3023566Z   duration_ms: 1.759615
2026-10-08T20:45:27.3023782Z   ...
2026-10-08T20:45:27.3024255Z # Subtest: opening another chooser invalidates its old preview even when the chooser is cancelled
2026-10-08T20:45:27.3024993Z ok 151 - opening another chooser invalidates its old preview even when the chooser is cancelled
2026-10-08T20:45:27.3025432Z   ---
2026-10-08T20:45:27.3025624Z   duration_ms: 1.847108
2026-10-08T20:45:27.3025832Z   ...
2026-10-08T20:45:27.3026204Z # Subtest: a newer valid choice wins over an earlier slow success or failure
2026-10-08T20:45:27.3026758Z ok 152 - a newer valid choice wins over an earlier slow success or failure
2026-10-08T20:45:27.3027116Z   ---
2026-10-08T20:45:27.3027306Z   duration_ms: 9.594317
2026-10-08T20:45:27.3027517Z   ...
2026-10-08T20:45:27.3027954Z # Subtest: cancelled or empty file selection prevents a late read from reopening a preview
2026-10-08T20:45:27.3028770Z ok 153 - cancelled or empty file selection prevents a late read from reopening a preview
2026-10-08T20:45:27.3029176Z   ---
2026-10-08T20:45:27.3029367Z   duration_ms: 2.747296
2026-10-08T20:45:27.3029579Z   ...
2026-10-08T20:45:27.3029974Z # Subtest: invalid newer files invalidate an earlier pending or staged valid deck
2026-10-08T20:45:27.3030557Z ok 154 - invalid newer files invalidate an earlier pending or staged valid deck
2026-10-08T20:45:27.3030928Z   ---
2026-10-08T20:45:27.3031123Z   duration_ms: 2.346911
2026-10-08T20:45:27.3031337Z   ...
2026-10-08T20:45:27.3031824Z # Subtest: undo restores all writing while clearing only references to deliberately removed concepts
2026-10-08T20:45:27.3032743Z ok 155 - undo restores all writing while clearing only references to deliberately removed concepts
2026-10-08T20:45:27.3033422Z   ---
2026-10-08T20:45:27.3033732Z   duration_ms: 3.573192
2026-10-08T20:45:27.3034060Z   ...
2026-10-08T20:45:27.3034972Z # Subtest: undo retains known selections and even unfinished self links while removing a missing prerequisite
2026-10-08T20:45:27.3036288Z ok 156 - undo retains known selections and even unfinished self links while removing a missing prerequisite
2026-10-08T20:45:27.3037020Z   ---
2026-10-08T20:45:27.3037295Z   duration_ms: 0.430831
2026-10-08T20:45:27.3037601Z   ...
2026-10-08T20:45:27.3038154Z # Subtest: blank editor requires authored metadata and a deliberate answer
2026-10-08T20:45:27.3038968Z ok 157 - blank editor requires authored metadata and a deliberate answer
2026-10-08T20:45:27.3039501Z   ---
2026-10-08T20:45:27.3039799Z   duration_ms: 5.333729
2026-10-08T20:45:27.3040120Z   ...
2026-10-08T20:45:27.3041015Z # Subtest: opening a validated lesson makes an independent editable draft and preserves IDs and literals
2026-10-08T20:45:27.3043031Z ok 158 - opening a validated lesson makes an independent editable draft and preserves IDs and literals
2026-10-08T20:45:27.3043882Z   ---
2026-10-08T20:45:27.3044209Z   duration_ms: 1.274263
2026-10-08T20:45:27.3044582Z   ...
2026-10-08T20:45:27.3045387Z # Subtest: correctness follows an option when moved or when a preceding option is removed
2026-10-08T20:45:27.3047177Z ok 159 - correctness follows an option when moved or when a preceding option is removed
2026-10-08T20:45:27.3047990Z   ---
2026-10-08T20:45:27.3048285Z   duration_ms: 1.07402
2026-10-08T20:45:27.3048604Z   ...
2026-10-08T20:45:27.3049182Z # Subtest: option limits refuse without deleting text or changing the answer
2026-10-08T20:45:27.3050033Z ok 160 - option limits refuse without deleting text or changing the answer
2026-10-08T20:45:27.3050601Z   ---
2026-10-08T20:45:27.3050886Z   duration_ms: 0.874089
2026-10-08T20:45:27.3051212Z   ...
2026-10-08T20:45:27.3051993Z # Subtest: concept renaming updates question and prerequisite references while used deletion is refused
2026-10-08T20:45:27.3053441Z ok 161 - concept renaming updates question and prerequisite references while used deletion is refused
2026-10-08T20:45:27.3054178Z   ---
2026-10-08T20:45:27.3054491Z   duration_ms: 0.56977
2026-10-08T20:45:27.3054806Z   ...
2026-10-08T20:45:27.3055506Z # Subtest: cycles, uncovered concepts and duplicate answer text remain repairable drafts
2026-10-08T20:45:27.3056569Z ok 162 - cycles, uncovered concepts and duplicate answer text remain repairable drafts
2026-10-08T20:45:27.3057202Z   ---
2026-10-08T20:45:27.3057492Z   duration_ms: 0.812336
2026-10-08T20:45:27.3057829Z   ...
2026-10-08T20:45:27.3058608Z # Subtest: question reordering and undo restore the removed question without rolling back later edits
2026-10-08T20:45:27.3059811Z ok 163 - question reordering and undo restore the removed question without rolling back later edits
2026-10-08T20:45:27.3060506Z   ---
2026-10-08T20:45:27.3060792Z   duration_ms: 2.296956
2026-10-08T20:45:27.3061117Z   ...
2026-10-08T20:45:27.3061669Z # Subtest: new question IDs do not overwrite IDs from an opened deck
2026-10-08T20:45:27.3062456Z ok 164 - new question IDs do not overwrite IDs from an opened deck
2026-10-08T20:45:27.3063281Z   ---
2026-10-08T20:45:27.3063548Z   duration_ms: 0.609099
2026-10-08T20:45:27.3063862Z   ...
2026-10-08T20:45:27.3064554Z # Subtest: checked snapshots are immutable, deterministic, and separate from later draft edits
2026-10-08T20:45:27.3065627Z ok 165 - checked snapshots are immutable, deterministic, and separate from later draft edits
2026-10-08T20:45:27.3066266Z   ---
2026-10-08T20:45:27.3066549Z   duration_ms: 0.670132
2026-10-08T20:45:27.3066866Z   ...
2026-10-08T20:45:27.3067590Z # Subtest: individually valid multibyte content cannot export a file larger than the importer admits
2026-10-08T20:45:27.3068745Z ok 166 - individually valid multibyte content cannot export a file larger than the importer admits
2026-10-08T20:45:27.3069448Z   ---
2026-10-08T20:45:27.3069721Z   duration_ms: 10.828079
2026-10-08T20:45:27.3070040Z   ...
2026-10-08T20:45:27.3070482Z # Subtest: download filenames are bounded local names
2026-10-08T20:45:27.3071071Z ok 167 - download filenames are bounded local names
2026-10-08T20:45:27.3071502Z   ---
2026-10-08T20:45:27.3071800Z   duration_ms: 0.49702
2026-10-08T20:45:27.3072127Z   ...
2026-10-08T20:45:27.3074404Z # Subtest: the existing bundled deck imports unchanged without a format field
2026-10-08T20:45:27.3075330Z ok 168 - the existing bundled deck imports unchanged without a format field
2026-10-08T20:45:27.3075898Z   ---
2026-10-08T20:45:27.3076194Z   duration_ms: 3.854456
2026-10-08T20:45:27.3076518Z   ...
2026-10-08T20:45:27.3077181Z # Subtest: a deck is an immutable copy, and unknown fields cannot configure the runtime
2026-10-08T20:45:27.3078176Z ok 169 - a deck is an immutable copy, and unknown fields cannot configure the runtime
2026-10-08T20:45:27.3078776Z   ---
2026-10-08T20:45:27.3079059Z   duration_ms: 0.93458
2026-10-08T20:45:27.3079385Z   ...
2026-10-08T20:45:27.3080145Z # Subtest: malformed JSON, unsupported versions and wrong top-level values give actionable errors
2026-10-08T20:45:27.3081313Z ok 170 - malformed JSON, unsupported versions and wrong top-level values give actionable errors
2026-10-08T20:45:27.3082002Z   ---
2026-10-08T20:45:27.3082289Z   duration_ms: 0.438472
2026-10-08T20:45:27.3083033Z   ...
2026-10-08T20:45:27.3083659Z # Subtest: JSON byte limit counts multibyte text and accepts the exact boundary
2026-10-08T20:45:27.3084582Z ok 171 - JSON byte limit counts multibyte text and accepts the exact boundary
2026-10-08T20:45:27.3085161Z   ---
2026-10-08T20:45:27.3085447Z   duration_ms: 3.031995
2026-10-08T20:45:27.3085767Z   ...
2026-10-08T20:45:27.3086394Z # Subtest: required readable metadata and bounded question fields are validated
2026-10-08T20:45:27.3087349Z ok 172 - required readable metadata and bounded question fields are validated
2026-10-08T20:45:27.3087936Z   ---
2026-10-08T20:45:27.3088224Z   duration_ms: 2.350146
2026-10-08T20:45:27.3088551Z   ...
2026-10-08T20:45:27.3094404Z # Subtest: empty and oversized collections and duplicate identities are refused
2026-10-08T20:45:27.3103642Z ok 173 - empty and oversized collections and duplicate identities are refused
2026-10-08T20:45:27.3104441Z   ---
2026-10-08T20:45:27.3104887Z   duration_ms: 0.687217
2026-10-08T20:45:27.3105341Z   ...
2026-10-08T20:45:27.3106119Z # Subtest: every question and prerequisite must name a known covered concept
2026-10-08T20:45:27.3107204Z ok 174 - every question and prerequisite must name a known covered concept
2026-10-08T20:45:27.3107882Z   ---
2026-10-08T20:45:27.3108302Z   duration_ms: 0.485132
2026-10-08T20:45:27.3108752Z   ...
2026-10-08T20:45:27.3109583Z # Subtest: self-requirements and concept cycles across different questions are refused
2026-10-08T20:45:27.3110803Z ok 175 - self-requirements and concept cycles across different questions are refused
2026-10-08T20:45:27.3111563Z   ---
2026-10-08T20:45:27.3111953Z   duration_ms: 0.438111
2026-10-08T20:45:27.3112364Z   ...
2026-10-08T20:45:27.3113558Z # Subtest: choices require distinct readable options and an actual integer answer index
2026-10-08T20:45:27.3124201Z ok 176 - choices require distinct readable options and an actual integer answer index
2026-10-08T20:45:27.3125240Z   ---
2026-10-08T20:45:27.3125660Z   duration_ms: 0.810212
2026-10-08T20:45:27.3126113Z   ...
2026-10-08T20:45:27.3126964Z # Subtest: 100 questions and 32 concepts work through the existing selector to exhaustion
2026-10-08T20:45:27.3128144Z ok 177 - 100 questions and 32 concepts work through the existing selector to exhaustion
2026-10-08T20:45:27.3128891Z   ---
2026-10-08T20:45:27.3129305Z   duration_ms: 148.122839
2026-10-08T20:45:27.3129759Z   ...
2026-10-08T20:45:27.3130666Z # Subtest: imported answer indices, literal text and object-key names survive learning and practice
2026-10-08T20:45:27.3132017Z ok 178 - imported answer indices, literal text and object-key names survive learning and practice
2026-10-08T20:45:27.3133071Z   ---
2026-10-08T20:45:27.3133485Z   duration_ms: 0.852427
2026-10-08T20:45:27.3133958Z   ...
2026-10-08T20:45:27.3134896Z # Subtest: downloadable example round-trips through the import contract with full attribution
2026-10-08T20:45:27.3136178Z ok 179 - downloadable example round-trips through the import contract with full attribution
2026-10-08T20:45:27.3136982Z   ---
2026-10-08T20:45:27.3137382Z   duration_ms: 0.684763
2026-10-08T20:45:27.3137821Z   ...
2026-10-08T20:45:27.3279325Z # Subtest: the exact original course is bounded, admitted, balanced and round-trippable
2026-10-08T20:45:27.3285009Z ok 180 - the exact original course is bounded, admitted, balanced and round-trippable
2026-10-08T20:45:27.3286377Z   ---
2026-10-08T20:45:27.3286890Z   duration_ms: 3.422034
2026-10-08T20:45:27.3287431Z   ...
2026-10-08T20:45:27.3288279Z # Subtest: every stated answer follows the literal graph, with one correct option
2026-10-08T20:45:27.3289163Z     # Subtest: dg-links-1
2026-10-08T20:45:27.3289708Z     ok 1 - dg-links-1
2026-10-08T20:45:27.3290247Z       ---
2026-10-08T20:45:27.3290726Z       duration_ms: 0.558703
2026-10-08T20:45:27.3291237Z       ...
2026-10-08T20:45:27.3291706Z     # Subtest: dg-links-2
2026-10-08T20:45:27.3292270Z     ok 2 - dg-links-2
2026-10-08T20:45:27.3293007Z       ---
2026-10-08T20:45:27.3293474Z       duration_ms: 1.940718
2026-10-08T20:45:27.3294311Z       ...
2026-10-08T20:45:27.3294811Z     # Subtest: dg-links-3
2026-10-08T20:45:27.3295364Z     ok 3 - dg-links-3
2026-10-08T20:45:27.3295874Z       ---
2026-10-08T20:45:27.3296347Z       duration_ms: 0.512233
2026-10-08T20:45:27.3296856Z       ...
2026-10-08T20:45:27.3297319Z     # Subtest: dg-reach-1
2026-10-08T20:45:27.3297937Z     ok 4 - dg-reach-1
2026-10-08T20:45:27.3298461Z       ---
2026-10-08T20:45:27.3298949Z       duration_ms: 0.489899
2026-10-08T20:45:27.3299464Z       ...
2026-10-08T20:45:27.3299930Z     # Subtest: dg-reach-2
2026-10-08T20:45:27.3300453Z     ok 5 - dg-reach-2
2026-10-08T20:45:27.3300955Z       ---
2026-10-08T20:45:27.3301439Z       duration_ms: 0.402468
2026-10-08T20:45:27.3301977Z       ...
2026-10-08T20:45:27.3302651Z     # Subtest: dg-reach-3
2026-10-08T20:45:27.3303207Z     ok 6 - dg-reach-3
2026-10-08T20:45:27.3303723Z       ---
2026-10-08T20:45:27.3304226Z       duration_ms: 0.335826
2026-10-08T20:45:27.3304743Z       ...
2026-10-08T20:45:27.3305218Z     # Subtest: dg-order-1
2026-10-08T20:45:27.3305856Z     ok 7 - dg-order-1
2026-10-08T20:45:27.3306359Z       ---
2026-10-08T20:45:27.3306824Z       duration_ms: 0.292732
2026-10-08T20:45:27.3307346Z       ...
2026-10-08T20:45:27.3307819Z     # Subtest: dg-order-2
2026-10-08T20:45:27.3308352Z     ok 8 - dg-order-2
2026-10-08T20:45:27.3308851Z       ---
2026-10-08T20:45:27.3309331Z       duration_ms: 0.439613
2026-10-08T20:45:27.3309843Z       ...
2026-10-08T20:45:27.3310319Z     # Subtest: dg-order-3
2026-10-08T20:45:27.3310854Z     ok 9 - dg-order-3
2026-10-08T20:45:27.3311372Z       ---
2026-10-08T20:45:27.3311883Z       duration_ms: 0.572093
2026-10-08T20:45:27.3312411Z       ...
2026-10-08T20:45:27.3313130Z     # Subtest: dg-update-1
2026-10-08T20:45:27.3313688Z     ok 10 - dg-update-1
2026-10-08T20:45:27.3314218Z       ---
2026-10-08T20:45:27.3314704Z       duration_ms: 1.434344
2026-10-08T20:45:27.3315545Z       ...
2026-10-08T20:45:27.3316031Z     # Subtest: dg-update-2
2026-10-08T20:45:27.3316578Z     ok 11 - dg-update-2
2026-10-08T20:45:27.3317081Z       ---
2026-10-08T20:45:27.3317723Z       duration_ms: 0.492623
2026-10-08T20:45:27.3318273Z       ...
2026-10-08T20:45:27.3318768Z     # Subtest: dg-update-3
2026-10-08T20:45:27.3319312Z     ok 12 - dg-update-3
2026-10-08T20:45:27.3319822Z       ---
2026-10-08T20:45:27.3320316Z       duration_ms: 0.594688
2026-10-08T20:45:27.3320863Z       ...
2026-10-08T20:45:27.3321340Z     1..12
2026-10-08T20:45:27.3322190Z ok 181 - every stated answer follows the literal graph, with one correct option
2026-10-08T20:45:27.3323245Z   ---
2026-10-08T20:45:27.3323750Z   duration_ms: 10.422336
2026-10-08T20:45:27.3324277Z   ...
2026-10-08T20:45:27.3325289Z # Subtest: structurally valid changed content exposes graph reversal and blocked-descendant mistakes
2026-10-08T20:45:27.3326753Z ok 182 - structurally valid changed content exposes graph reversal and blocked-descendant mistakes
2026-10-08T20:45:27.3327710Z   ---
2026-10-08T20:45:27.3328193Z   duration_ms: 2.797752
2026-10-08T20:45:27.3328711Z   ...
2026-10-08T20:45:27.3329658Z # Subtest: the real selector, review, practice, notes and trace consumer preserve this course
2026-10-08T20:45:27.3330987Z ok 183 - the real selector, review, practice, notes and trace consumer preserve this course
2026-10-08T20:45:27.3331835Z   ---
2026-10-08T20:45:27.3332316Z   duration_ms: 20.07993
2026-10-08T20:45:27.3333175Z   ...
2026-10-08T20:45:27.4311045Z # Subtest: literal input preserves case, Unicode and prototype-like names
2026-10-08T20:45:27.4363583Z ok 184 - literal input preserves case, Unicode and prototype-like names
2026-10-08T20:45:27.4390373Z   ---
2026-10-08T20:45:27.4413222Z   duration_ms: 3.633984
2026-10-08T20:45:27.4434287Z   ...
2026-10-08T20:45:27.4463250Z # Subtest: bounded input rejects ambiguity, duplicate arrows and unknown names
2026-10-08T20:45:27.4490726Z ok 185 - bounded input rejects ambiguity, duplicate arrows and unknown names
2026-10-08T20:45:27.4508478Z   ---
2026-10-08T20:45:27.4510317Z   duration_ms: 2.329224
2026-10-08T20:45:27.4511303Z   ...
2026-10-08T20:45:27.4512310Z # Subtest: the graph model copies and freezes input instead of sharing mutable arrays
2026-10-08T20:45:27.4513886Z ok 186 - the graph model copies and freezes input instead of sharing mutable arrays
2026-10-08T20:45:27.4514809Z   ---
2026-10-08T20:45:27.4515346Z   duration_ms: 1.568307
2026-10-08T20:45:27.4515952Z   ...
2026-10-08T20:45:27.4516927Z # Subtest: completion requires every prerequisite and never permits a repeated job
2026-10-08T20:45:27.4518439Z ok 187 - completion requires every prerequisite and never permits a repeated job
2026-10-08T20:45:27.4519408Z   ---
2026-10-08T20:45:27.4519961Z   duration_ms: 1.631472
2026-10-08T20:45:27.4520577Z   ...
2026-10-08T20:45:27.4521575Z # Subtest: undo and reset retain the graph and earlier completion order
2026-10-08T20:45:27.4522865Z ok 188 - undo and reset retain the graph and earlier completion order
2026-10-08T20:45:27.4523734Z   ---
2026-10-08T20:45:27.4524206Z   duration_ms: 1.210657
2026-10-08T20:45:27.4524712Z   ...
2026-10-08T20:45:27.4525478Z # Subtest: a downstream blocked job is not mislabeled as part of a cycle
2026-10-08T20:45:27.4526538Z ok 189 - a downstream blocked job is not mislabeled as part of a cycle
2026-10-08T20:45:27.4553211Z   ---
2026-10-08T20:45:27.4583212Z   duration_ms: 1.136215
2026-10-08T20:45:27.4613089Z   ...
2026-10-08T20:45:27.4614772Z # Subtest: separate strongly connected groups, a self-loop and their descendants stay distinct
2026-10-08T20:45:27.4616244Z ok 190 - separate strongly connected groups, a self-loop and their descendants stay distinct
2026-10-08T20:45:27.4617149Z   ---
2026-10-08T20:45:27.4617624Z   duration_ms: 0.724232
2026-10-08T20:45:27.4618132Z   ...
2026-10-08T20:45:27.4618940Z # Subtest: reachability follows direction and counts positive-length paths
2026-10-08T20:45:27.4620075Z ok 191 - reachability follows direction and counts positive-length paths
2026-10-08T20:45:27.4621197Z   ---
2026-10-08T20:45:27.4621673Z   duration_ms: 1.409877
2026-10-08T20:45:27.4622194Z   ...
2026-10-08T20:45:27.4623329Z # Subtest: order enumeration extends the exact prefix and reports a cap only when exceeded
2026-10-08T20:45:27.4624614Z ok 192 - order enumeration extends the exact prefix and reports a cap only when exceeded
2026-10-08T20:45:27.4625540Z   ---
2026-10-08T20:45:27.4626001Z   duration_ms: 0.896342
2026-10-08T20:45:27.4626480Z   ...
2026-10-08T20:45:27.4627216Z # Subtest: eight independent jobs produce bounded, stable complete orders
2026-10-08T20:45:27.4628244Z ok 193 - eight independent jobs produce bounded, stable complete orders
2026-10-08T20:45:27.4628959Z   ---
2026-10-08T20:45:27.4629395Z   duration_ms: 0.785134
2026-10-08T20:45:27.4629872Z   ...
2026-10-08T20:45:27.4630703Z # Subtest: the standalone build and original course download retain exact source text
2026-10-08T20:45:27.4631892Z ok 194 - the standalone build and original course download retain exact source text
2026-10-08T20:45:27.4632820Z   ---
2026-10-08T20:45:27.4633298Z   duration_ms: 5.840523
2026-10-08T20:45:27.4633791Z   ...
2026-10-08T20:45:27.4634691Z # Subtest: the builder escapes source text for HTML while recovering the original UTF-8 string
2026-10-08T20:45:27.4635950Z ok 195 - the builder escapes source text for HTML while recovering the original UTF-8 string
2026-10-08T20:45:27.4636769Z   ---
2026-10-08T20:45:27.4637228Z   duration_ms: 1.272219
2026-10-08T20:45:27.4638063Z   ...
2026-10-08T20:45:27.4638980Z # Subtest: unsupported module changes and missing or duplicated build markers fail explicitly
2026-10-08T20:45:27.4640276Z ok 196 - unsupported module changes and missing or duplicated build markers fail explicitly
2026-10-08T20:45:27.4641089Z   ---
2026-10-08T20:45:27.4641552Z   duration_ms: 56.249928
2026-10-08T20:45:27.4642048Z   ...
2026-10-08T20:45:27.4714304Z # Subtest: timing exports the admitted API and preserves every tied critical branch
2026-10-08T20:45:27.4723791Z ok 197 - timing exports the admitted API and preserves every tied critical branch
2026-10-08T20:45:27.4724867Z   ---
2026-10-08T20:45:27.4725588Z   duration_ms: 5.093916
2026-10-08T20:45:27.4726164Z   ...
2026-10-08T20:45:27.4727127Z # Subtest: all three-job DAGs and binary duration vectors match enumerated maximal paths
2026-10-08T20:45:27.4728635Z ok 198 - all three-job DAGs and binary duration vectors match enumerated maximal paths
2026-10-08T20:45:27.4729503Z   ---
2026-10-08T20:45:27.4730184Z   duration_ms: 78.616302
2026-10-08T20:45:27.4730778Z   ...
2026-10-08T20:45:27.4743651Z # Subtest: zero milestones and disconnected jobs use the global project deadline
2026-10-08T20:45:27.4745643Z ok 199 - zero milestones and disconnected jobs use the global project deadline
2026-10-08T20:45:27.4746609Z   ---
2026-10-08T20:45:27.4820547Z   duration_ms: 6.053375
2026-10-08T20:45:27.4821311Z   ...
2026-10-08T20:45:27.4822222Z # Subtest: eight-job bounds retain exact integer arithmetic and all tight zero branches
2026-10-08T20:45:27.4823842Z ok 200 - eight-job bounds retain exact integer arithmetic and all tight zero branches
2026-10-08T20:45:27.4824673Z   ---
2026-10-08T20:45:27.4825155Z   duration_ms: 11.705573
2026-10-08T20:45:27.4825672Z   ...
2026-10-08T20:45:27.4826616Z # Subtest: cyclic projects retain separate SCC, blocked-descendant and ready-job explanations
2026-10-08T20:45:27.4827972Z ok 201 - cyclic projects retain separate SCC, blocked-descendant and ready-job explanations
2026-10-08T20:45:27.4828858Z   ---
2026-10-08T20:45:27.4829326Z   duration_ms: 0.995512
2026-10-08T20:45:27.4829836Z   ...
2026-10-08T20:45:27.4830778Z # Subtest: duration records are complete, exact-own-key, strict integer inputs even for cycles
2026-10-08T20:45:27.4832105Z ok 202 - duration records are complete, exact-own-key, strict integer inputs even for cycles
2026-10-08T20:45:27.4833178Z   ---
2026-10-08T20:45:27.4833834Z   duration_ms: 2.63083
2026-10-08T20:45:27.4834288Z   ...
2026-10-08T20:45:27.4835503Z # Subtest: literal Unicode and prototype-like job names preserve exact identities and order
2026-10-08T20:45:27.4836764Z ok 203 - literal Unicode and prototype-like job names preserve exact identities and order
2026-10-08T20:45:27.4837575Z   ---
2026-10-08T20:45:27.4838026Z   duration_ms: 1.116355
2026-10-08T20:45:27.4838501Z   ...
2026-10-08T20:45:27.4839340Z # Subtest: graph refusal remains delegated to the unchanged original admission contract
2026-10-08T20:45:27.4840534Z ok 204 - graph refusal remains delegated to the unchanged original admission contract
2026-10-08T20:45:27.4841312Z   ---
2026-10-08T20:45:27.4841741Z   duration_ms: 0.42414
2026-10-08T20:45:27.4842206Z   ...
2026-10-08T20:45:27.4843261Z # Subtest: returned timing is detached and deeply frozen without freezing caller input
2026-10-08T20:45:27.4844423Z ok 205 - returned timing is detached and deeply frozen without freezing caller input
2026-10-08T20:45:27.4845195Z   ---
2026-10-08T20:45:27.4845650Z   duration_ms: 1.617791
2026-10-08T20:45:27.4846150Z   ...
2026-10-08T20:45:27.4847086Z # Subtest: duration admission refuses accessors without executing getters or coercion
2026-10-08T20:45:27.4848295Z ok 206 - duration admission refuses accessors without executing getters or coercion
2026-10-08T20:45:27.4849093Z   ---
2026-10-08T20:45:27.4849544Z   duration_ms: 4.150603
2026-10-08T20:45:27.4850043Z   ...
2026-10-08T20:45:27.4923651Z # Subtest: the checked-in timing page exactly matches the native builder output
2026-10-08T20:45:27.4924521Z ok 207 - the checked-in timing page exactly matches the native builder output
2026-10-08T20:45:27.4925135Z   ---
2026-10-08T20:45:27.4925441Z   duration_ms: 25.559498
2026-10-08T20:45:27.4925783Z   ...
2026-10-08T20:45:27.6688710Z # Subtest: original lesson imports and round-trips through the unchanged deck contract
2026-10-08T20:45:27.6690285Z ok 208 - original lesson imports and round-trips through the unchanged deck contract
2026-10-08T20:45:27.6691332Z   ---
2026-10-08T20:45:27.6691883Z   duration_ms: 3.623988
2026-10-08T20:45:27.6692446Z   ...
2026-10-08T20:45:27.6696364Z # Subtest: worked course examples obey the declared sign, normalization and omissions
2026-10-08T20:45:27.6699032Z ok 209 - worked course examples obey the declared sign, normalization and omissions
2026-10-08T20:45:27.6707427Z   ---
2026-10-08T20:45:27.6707970Z   duration_ms: 2.878514
2026-10-08T20:45:27.6708576Z   ...
2026-10-08T20:45:27.6709580Z # Subtest: generated offline page is current, compiles and embeds the exact admitted deck
2026-10-08T20:45:27.6710966Z ok 210 - generated offline page is current, compiles and embeds the exact admitted deck
2026-10-08T20:45:27.6711850Z   ---
2026-10-08T20:45:27.6712390Z   duration_ms: 3.380331
2026-10-08T20:45:27.6713285Z   ...
2026-10-08T20:45:27.6717796Z # Subtest: build check detects stale artifacts and invalid course input in a private fixture
2026-10-08T20:45:27.6720212Z ok 211 - build check detects stale artifacts and invalid course input in a private fixture
2026-10-08T20:45:27.6720937Z   ---
2026-10-08T20:45:27.6728657Z   duration_ms: 269.414716
2026-10-08T20:45:27.6729255Z   ...
2026-10-08T20:45:27.6854519Z # Subtest: decimal/scientific parser accepts mixed separators without evaluating expressions
2026-10-08T20:45:27.6868094Z ok 212 - decimal/scientific parser accepts mixed separators without evaluating expressions
2026-10-08T20:45:27.6869164Z   ---
2026-10-08T20:45:27.6869726Z   duration_ms: 2.785874
2026-10-08T20:45:27.6870270Z   ...
2026-10-08T20:45:27.6871074Z # Subtest: admission refuses sparse, nonnumeric and unsupported arrays
2026-10-08T20:45:27.6872190Z ok 213 - admission refuses sparse, nonnumeric and unsupported arrays
2026-10-08T20:45:27.6873239Z   ---
2026-10-08T20:45:27.6873753Z   duration_ms: 3.30657
2026-10-08T20:45:27.6874278Z   ...
2026-10-08T20:45:27.6875114Z # Subtest: real-input transform is linear and inverse round-trips an asymmetric grid
2026-10-08T20:45:27.6876308Z ok 214 - real-input transform is linear and inverse round-trips an asymmetric grid
2026-10-08T20:45:27.6877589Z   ---
2026-10-08T20:45:27.6878083Z   duration_ms: 6.221633
2026-10-08T20:45:27.6878614Z   ...
2026-10-08T20:45:27.6879519Z # Subtest: interior selection preserves the conjugate pair and acts as a projection
2026-10-08T20:45:27.6880756Z ok 215 - interior selection preserves the conjugate pair and acts as a projection
2026-10-08T20:45:27.6881597Z   ---
2026-10-08T20:45:27.6882083Z   duration_ms: 0.40409
2026-10-08T20:45:27.6882820Z   ...
2026-10-08T20:45:27.6883612Z # Subtest: empty selection is explicit zero synthesis, not select-all
2026-10-08T20:45:27.6884656Z ok 216 - empty selection is explicit zero synthesis, not select-all
2026-10-08T20:45:27.6885401Z   ---
2026-10-08T20:45:27.6885891Z   duration_ms: 0.367234
2026-10-08T20:45:27.6886413Z   ...
2026-10-08T20:45:27.6887238Z # Subtest: phase resolution is declared without clamping complex coefficients
2026-10-08T20:45:27.6888416Z ok 217 - phase resolution is declared without clamping complex coefficients
2026-10-08T20:45:27.6889227Z   ---
2026-10-08T20:45:27.6889728Z   duration_ms: 0.280143
2026-10-08T20:45:27.6890254Z   ...
2026-10-08T20:45:27.6891178Z # Subtest: records copy caller inputs and serialize only regenerated portable calculations
2026-10-08T20:45:27.6892451Z ok 218 - records copy caller inputs and serialize only regenerated portable calculations
2026-10-08T20:45:27.6893737Z   ---
2026-10-08T20:45:27.6894225Z   duration_ms: 0.76868
2026-10-08T20:45:27.6894722Z   ...
2026-10-08T20:45:27.6895537Z # Subtest: the committed standalone page exactly matches its native source builder
2026-10-08T20:45:27.6896731Z ok 219 - the committed standalone page exactly matches its native source builder
2026-10-08T20:45:27.6897553Z   ---
2026-10-08T20:45:27.6898048Z   duration_ms: 6.906271
2026-10-08T20:45:27.6898579Z   ...
2026-10-08T20:45:27.6899557Z # Subtest: the actual embedded course text retains the qualified twelve-question identity byte for byte
2026-10-08T20:45:27.6901021Z ok 220 - the actual embedded course text retains the qualified twelve-question identity byte for byte
2026-10-08T20:45:27.6901985Z   ---
2026-10-08T20:45:27.6902690Z   duration_ms: 2.730971
2026-10-08T20:45:27.6903505Z   ...
2026-10-08T20:45:27.6906193Z # Subtest: the fixed uninhibited enzyme reproduces the existing course example
2026-10-08T20:45:27.6907460Z ok 221 - the fixed uninhibited enzyme reproduces the existing course example
2026-10-08T20:45:27.6908346Z   ---
2026-10-08T20:45:27.6908845Z   duration_ms: 3.06855
2026-10-08T20:45:27.6909366Z   ...
2026-10-08T20:45:27.6910376Z # Subtest: one independently worked comparison distinguishes rate, fraction and apparent parameters
2026-10-08T20:45:27.6911862Z ok 222 - one independently worked comparison distinguishes rate, fraction and apparent parameters
2026-10-08T20:45:27.6912963Z   ---
2026-10-08T20:45:27.6913458Z   duration_ms: 0.426714
2026-10-08T20:45:27.6913980Z   ...
2026-10-08T20:45:27.6914923Z # Subtest: zero substrate yields zero rates and undefined fractions, including with zero inhibitor
2026-10-08T20:45:27.6916364Z ok 223 - zero substrate yields zero rates and undefined fractions, including with zero inhibitor
2026-10-08T20:45:27.6917270Z   ---
2026-10-08T20:45:27.6917780Z   duration_ms: 0.538242
2026-10-08T20:45:27.6918316Z   ...
2026-10-08T20:45:27.6919250Z # Subtest: zero inhibitor makes all cases coincide; each Km locates its own half limiting rate
2026-10-08T20:45:27.6920592Z ok 224 - zero inhibitor makes all cases coincide; each Km locates its own half limiting rate
2026-10-08T20:45:27.6921455Z   ---
2026-10-08T20:45:27.6921950Z   duration_ms: 0.579455
2026-10-08T20:45:27.6922659Z   ...
2026-10-08T20:45:27.6923782Z # Subtest: adding substrate reduces competitive fractional loss while the pure special case stays proportional
2026-10-08T20:45:27.6925510Z ok 225 - adding substrate reduces competitive fractional loss while the pure special case stays proportional
2026-10-08T20:45:27.6926619Z   ---
2026-10-08T20:45:27.6927115Z   duration_ms: 0.333684
2026-10-08T20:45:27.6927610Z   ...
2026-10-08T20:45:27.6928553Z # Subtest: a deterministic domain grid preserves saturation, ordering and fixed baseline parameters
2026-10-08T20:45:27.6930278Z ok 226 - a deterministic domain grid preserves saturation, ordering and fixed baseline parameters
2026-10-08T20:45:27.6931177Z   ---
2026-10-08T20:45:27.6931661Z   duration_ms: 1.189225
2026-10-08T20:45:27.6932187Z   ...
2026-10-08T20:45:27.6933338Z # Subtest: invalid or coerced inputs and incomplete text never silently reuse a prior comparison
2026-10-08T20:45:27.6934700Z ok 227 - invalid or coerced inputs and incomplete text never silently reuse a prior comparison
2026-10-08T20:45:27.6935627Z   ---
2026-10-08T20:45:27.6936123Z   duration_ms: 1.746957
2026-10-08T20:45:27.6936673Z   ...
2026-10-08T20:45:27.6937687Z # Subtest: snapshots are independent and the sampled curve includes exact endpoints and course points
2026-10-08T20:45:27.6939139Z ok 228 - snapshots are independent and the sampled curve includes exact endpoints and course points
2026-10-08T20:45:27.6940063Z   ---
2026-10-08T20:45:27.6940568Z   duration_ms: 2.370697
2026-10-08T20:45:27.6941090Z   ...
2026-10-08T20:45:27.6942071Z # Subtest: CSV exports the current point, complete sample grid, units and explicit undefined cells
2026-10-08T20:45:27.6943751Z ok 229 - CSV exports the current point, complete sample grid, units and explicit undefined cells
2026-10-08T20:45:27.6944686Z   ---
2026-10-08T20:45:27.6945171Z   duration_ms: 7.304071
2026-10-08T20:45:27.6945700Z   ...
2026-10-08T20:45:27.6946755Z # Subtest: positive subnormal substrate retains analytic fractions instead of a quotient of quantized rates
2026-10-08T20:45:27.6948295Z ok 230 - positive subnormal substrate retains analytic fractions instead of a quotient of quantized rates
2026-10-08T20:45:27.6949270Z   ---
2026-10-08T20:45:27.6949778Z   duration_ms: 2.367332
2026-10-08T20:45:27.6950313Z   ...
2026-10-08T20:45:27.7184432Z # Subtest: the original twelve-question course enters the unchanged deck contract with all four concepts
2026-10-08T20:45:27.7228936Z ok 231 - the original twelve-question course enters the unchanged deck contract with all four concepts
2026-10-08T20:45:27.7230044Z   ---
2026-10-08T20:45:27.7255024Z   duration_ms: 2.005696
2026-10-08T20:45:27.7279682Z   ...
2026-10-08T20:45:27.7294013Z # Subtest: a complete adaptive session retains two first misses while separate practice and notes use this course
2026-10-08T20:45:27.7324882Z ok 232 - a complete adaptive session retains two first misses while separate practice and notes use this course
2026-10-08T20:45:27.7325946Z   ---
2026-10-08T20:45:27.7326479Z   duration_ms: 18.02933
2026-10-08T20:45:27.7327007Z   ...
2026-10-08T20:45:27.7327936Z # Subtest: a fully correct course still yields complete review and notes without invented retries
2026-10-08T20:45:27.7329317Z ok 233 - a fully correct course still yields complete review and notes without invented retries
2026-10-08T20:45:27.7330194Z   ---
2026-10-08T20:45:27.7330657Z   duration_ms: 1.541116
2026-10-08T20:45:27.7331148Z   ...
2026-10-08T20:45:27.7331958Z # Subtest: the committed direct-file explorer matches its exact modular inputs
2026-10-08T20:45:27.7333115Z ok 234 - the committed direct-file explorer matches its exact modular inputs
2026-10-08T20:45:27.7333853Z   ---
2026-10-08T20:45:27.7334300Z   duration_ms: 53.918726
2026-10-08T20:45:27.7334830Z   ...
2026-10-08T20:45:27.8110967Z # Subtest: decimal-text inputs normalize whitespace and leading zeros without number coercion
2026-10-08T20:45:27.8117158Z ok 235 - decimal-text inputs normalize whitespace and leading zeros without number coercion
2026-10-08T20:45:27.8118261Z   ---
2026-10-08T20:45:27.8118749Z   duration_ms: 2.325288
2026-10-08T20:45:27.8119319Z   ...
2026-10-08T20:45:27.8120284Z # Subtest: ambiguous, out-of-range and nontext inputs are refused before computation
2026-10-08T20:45:27.8121623Z ok 236 - ambiguous, out-of-range and nontext inputs are refused before computation
2026-10-08T20:45:27.8122708Z   ---
2026-10-08T20:45:27.8123209Z   duration_ms: 2.1073
2026-10-08T20:45:27.8123687Z   ...
2026-10-08T20:45:27.8143803Z # Subtest: the original ordered pair produces the exact worked four-division trace
2026-10-08T20:45:27.8158354Z ok 237 - the original ordered pair produces the exact worked four-division trace
2026-10-08T20:45:27.8164496Z   ---
2026-10-08T20:45:27.8165109Z   duration_ms: 0.55682
2026-10-08T20:45:27.8165682Z   ...
2026-10-08T20:45:27.8166539Z # Subtest: smaller-first inputs retain their real quotient-zero first division
2026-10-08T20:45:27.8167804Z ok 238 - smaller-first inputs retain their real quotient-zero first division
2026-10-08T20:45:27.8168662Z   ---
2026-10-08T20:45:27.8169175Z   duration_ms: 0.559695
2026-10-08T20:45:27.8169743Z   ...
2026-10-08T20:45:27.8170651Z # Subtest: zero, equal and exactly divisible pairs have their actual division counts
2026-10-08T20:45:27.8171952Z ok 239 - zero, equal and exactly divisible pairs have their actual division counts
2026-10-08T20:45:27.8173068Z   ---
2026-10-08T20:45:27.8173638Z   duration_ms: 0.634277
2026-10-08T20:45:27.8174245Z   ...
2026-10-08T20:45:27.8175265Z # Subtest: all 6,561 pairs from zero through eighty agree with common-divisor enumeration
2026-10-08T20:45:27.8176663Z ok 240 - all 6,561 pairs from zero through eighty agree with common-divisor enumeration
2026-10-08T20:45:27.8177549Z   ---
2026-10-08T20:45:27.8178071Z   duration_ms: 110.251933
2026-10-08T20:45:27.8178653Z   ...
2026-10-08T20:45:27.8228522Z # Subtest: boundary and long-chain pairs agree with a separate binary-gcd oracle
2026-10-08T20:45:27.8230950Z ok 241 - boundary and long-chain pairs agree with a separate binary-gcd oracle
2026-10-08T20:45:27.8231812Z   ---
2026-10-08T20:45:27.8232277Z   duration_ms: 14.447961
2026-10-08T20:45:27.8233138Z   ...
2026-10-08T20:45:27.8236863Z # Subtest: the saved trace is exact JSON with decimal integer strings and independent frozen results
2026-10-08T20:45:27.8238204Z ok 242 - the saved trace is exact JSON with decimal integer strings and independent frozen results
2026-10-08T20:45:27.8239024Z   ---
2026-10-08T20:45:27.8239355Z   duration_ms: 0.798475
2026-10-08T20:45:27.8239699Z   ...
2026-10-08T20:45:27.8299309Z # Subtest: the original course imports through the unchanged learner contract and round trips
2026-10-08T20:45:27.8327959Z ok 243 - the original course imports through the unchanged learner contract and round trips
2026-10-08T20:45:27.8333816Z   ---
2026-10-08T20:45:27.8340849Z   duration_ms: 2.77012
2026-10-08T20:45:27.8341251Z   ...
2026-10-08T20:45:27.8342200Z # Subtest: the course explicitly teaches the hand-calculated update, multiplier and strict boundary
2026-10-08T20:45:27.8343956Z ok 244 - the course explicitly teaches the hand-calculated update, multiplier and strict boundary
2026-10-08T20:45:27.8344801Z   ---
2026-10-08T20:45:27.8356820Z   duration_ms: 1.168192
2026-10-08T20:45:27.8367645Z   ...
2026-10-08T20:45:27.8393801Z # Subtest: the generated explorer contains the exact course bytes and current model source
2026-10-08T20:45:27.8424094Z ok 245 - the generated explorer contains the exact course bytes and current model source
2026-10-08T20:45:27.8429101Z   ---
2026-10-08T20:45:27.8429614Z   duration_ms: 60.696908
2026-10-08T20:45:27.8430336Z   ...
2026-10-08T20:45:27.8431335Z # Subtest: the default rule follows a hand-calculated update and approaches 2/3, not r=1
2026-10-08T20:45:27.8432817Z ok 246 - the default rule follows a hand-calculated update and approaches 2/3, not r=1
2026-10-08T20:45:27.8433685Z   ---
2026-10-08T20:45:27.8434189Z   duration_ms: 2.748527
2026-10-08T20:45:27.8434722Z   ...
2026-10-08T20:45:27.8435585Z # Subtest: two starts obey the signed geometric separation and cancel common forcing
2026-10-08T20:45:27.8436808Z ok 247 - two starts obey the signed geometric separation and cancel common forcing
2026-10-08T20:45:27.8437608Z   ---
2026-10-08T20:45:27.8438093Z   duration_ms: 1.808129
2026-10-08T20:45:27.8438630Z   ...
2026-10-08T20:45:27.8439369Z # Subtest: q=0 reaches the same unique fixed point after one update
2026-10-08T20:45:27.8440350Z ok 248 - q=0 reaches the same unique fixed point after one update
2026-10-08T20:45:27.8441539Z   ---
2026-10-08T20:45:27.8442027Z   duration_ms: 0.318731
2026-10-08T20:45:27.8442719Z   ...
2026-10-08T20:45:27.8443662Z # Subtest: boundary cases distinguish persistent separation, drift and repeating deviations
2026-10-08T20:45:27.8444991Z ok 249 - boundary cases distinguish persistent separation, drift and repeating deviations
2026-10-08T20:45:27.8445865Z   ---
2026-10-08T20:45:27.8446353Z   duration_ms: 0.709861
2026-10-08T20:45:27.8446883Z   ...
2026-10-08T20:45:27.8447656Z # Subtest: an exact equilibrium can stay flat while a nearby start grows
2026-10-08T20:45:27.8448702Z ok 250 - an exact equilibrium can stay flat while a nearby start grows
2026-10-08T20:45:27.8449429Z   ---
2026-10-08T20:45:27.8449904Z   duration_ms: 0.339613
2026-10-08T20:45:27.8450436Z   ...
2026-10-08T20:45:27.8451261Z # Subtest: constant input and reference move the fixed point without changing q
2026-10-08T20:45:27.8452418Z ok 251 - constant input and reference move the fixed point without changing q
2026-10-08T20:45:27.8453494Z   ---
2026-10-08T20:45:27.8453982Z   duration_ms: 0.402327
2026-10-08T20:45:27.8454501Z   ...
2026-10-08T20:45:27.8455427Z # Subtest: the admitted longest extreme trajectories remain finite and follow a closed form
2026-10-08T20:45:27.8456695Z ok 252 - the admitted longest extreme trajectories remain finite and follow a closed form
2026-10-08T20:45:27.8457508Z   ---
2026-10-08T20:45:27.8458004Z   duration_ms: 2.771392
2026-10-08T20:45:27.8458524Z   ...
2026-10-08T20:45:27.8459532Z # Subtest: validation rejects unbounded, fractional, empty and nonnumeric settings without changing the input
2026-10-08T20:45:27.8461086Z ok 253 - validation rejects unbounded, fractional, empty and nonnumeric settings without changing the input
2026-10-08T20:45:27.8462036Z   ---
2026-10-08T20:45:27.8462724Z   duration_ms: 1.169064
2026-10-08T20:45:27.8463259Z   ...
2026-10-08T20:45:27.8464160Z # Subtest: terminal CSV fields mean N updates and N+1 states; settings survive every row
2026-10-08T20:45:27.8465868Z ok 254 - terminal CSV fields mean N updates and N+1 states; settings survive every row
2026-10-08T20:45:27.8467034Z   ---
2026-10-08T20:45:27.8467598Z   duration_ms: 0.836993
2026-10-08T20:45:27.8468135Z   ...
2026-10-08T20:45:27.8469058Z # Subtest: finite-precision subtraction remains distinct from the analytical separation
2026-10-08T20:45:27.8470368Z ok 255 - finite-precision subtraction remains distinct from the analytical separation
2026-10-08T20:45:27.8471259Z   ---
2026-10-08T20:45:27.8471765Z   duration_ms: 0.398221
2026-10-08T20:45:27.8472314Z   ...
2026-10-08T20:45:27.9028658Z # Subtest: the original twelve-question course satisfies the current public deck contract
2026-10-08T20:45:27.9033495Z ok 256 - the original twelve-question course satisfies the current public deck contract
2026-10-08T20:45:27.9034796Z   ---
2026-10-08T20:45:27.9035624Z   duration_ms: 2.731732
2026-10-08T20:45:27.9036484Z   ...
2026-10-08T20:45:27.9037565Z # Subtest: course answer identities agree with separately specified arithmetic and conventions
2026-10-08T20:45:27.9040660Z ok 257 - course answer identities agree with separately specified arithmetic and conventions
2026-10-08T20:45:27.9041677Z   ---
2026-10-08T20:45:27.9042179Z   duration_ms: 1.458761
2026-10-08T20:45:27.9042943Z   ...
2026-10-08T20:45:27.9050036Z # Subtest: the actual adaptive, review, retry, and study-note consumers receive all course content
2026-10-08T20:45:27.9055088Z ok 258 - the actual adaptive, review, retry, and study-note consumers receive all course content
2026-10-08T20:45:27.9056256Z   ---
2026-10-08T20:45:27.9056878Z   duration_ms: 11.648537
2026-10-08T20:45:27.9057462Z   ...
2026-10-08T20:45:27.9058754Z # Subtest: the direct-file lab is an exact build with the original downloadable course bytes
2026-10-08T20:45:27.9061468Z ok 259 - the direct-file lab is an exact build with the original downloadable course bytes
2026-10-08T20:45:27.9062419Z   ---
2026-10-08T20:45:27.9063179Z   duration_ms: 3.029691
2026-10-08T20:45:27.9064162Z   ...
2026-10-08T20:45:27.9173971Z # Subtest: full signed convolution retains cancellation and the final product
2026-10-08T20:45:27.9193969Z ok 260 - full signed convolution retains cancellation and the final product
2026-10-08T20:45:27.9194940Z   ---
2026-10-08T20:45:27.9195545Z   duration_ms: 1.952686
2026-10-08T20:45:27.9196033Z   ...
2026-10-08T20:45:27.9196841Z # Subtest: each selected index exposes reversed kernel indices and outside-list zeros
2026-10-08T20:45:27.9198024Z ok 261 - each selected index exposes reversed kernel indices and outside-list zeros
2026-10-08T20:45:27.9198812Z   ---
2026-10-08T20:45:27.9199286Z   duration_ms: 0.55637
2026-10-08T20:45:27.9199768Z   ...
2026-10-08T20:45:27.9200846Z # Subtest: convolution is distinguished from the declared zero-lag correlation
2026-10-08T20:45:27.9201984Z ok 262 - convolution is distinguished from the declared zero-lag correlation
2026-10-08T20:45:27.9203306Z   ---
2026-10-08T20:45:27.9203750Z   duration_ms: 1.098678
2026-10-08T20:45:27.9204234Z   ...
2026-10-08T20:45:27.9205074Z # Subtest: impulses preserve origin, delays, and the declared full zero padding
2026-10-08T20:45:27.9206255Z ok 263 - impulses preserve origin, delays, and the declared full zero padding
2026-10-08T20:45:27.9207026Z   ---
2026-10-08T20:45:27.9207482Z   duration_ms: 0.285411
2026-10-08T20:45:27.9207980Z   ...
2026-10-08T20:45:27.9208676Z # Subtest: averaging and differencing include both finite boundaries
2026-10-08T20:45:27.9209675Z ok 264 - averaging and differencing include both finite boundaries
2026-10-08T20:45:27.9210369Z   ---
2026-10-08T20:45:27.9210824Z   duration_ms: 0.183396
2026-10-08T20:45:27.9211306Z   ...
2026-10-08T20:45:27.9212175Z # Subtest: fixed-kernel superposition and operand exchange hold on distinct signed cases
2026-10-08T20:45:27.9213592Z ok 265 - fixed-kernel superposition and operand exchange hold on distinct signed cases
2026-10-08T20:45:27.9214410Z   ---
2026-10-08T20:45:27.9214863Z   duration_ms: 0.373934
2026-10-08T20:45:27.9215375Z   ...
2026-10-08T20:45:27.9216276Z # Subtest: four-place inputs preserve eight-place signed products and exact cancellation
2026-10-08T20:45:27.9217773Z ok 266 - four-place inputs preserve eight-place signed products and exact cancellation
2026-10-08T20:45:27.9218636Z   ---
2026-10-08T20:45:27.9219116Z   duration_ms: 0.373884
2026-10-08T20:45:27.9219613Z   ...
2026-10-08T20:45:27.9220570Z # Subtest: the maximum admitted lists retain 47 finite outputs and the exact peak
2026-10-08T20:45:27.9222290Z ok 267 - the maximum admitted lists retain 47 finite outputs and the exact peak
2026-10-08T20:45:27.9223503Z   ---
2026-10-08T20:45:27.9223954Z   duration_ms: 0.446123
2026-10-08T20:45:27.9224489Z   ...
2026-10-08T20:45:27.9225433Z # Subtest: text admission keeps literal values and refuses ambiguous or out-of-domain input
2026-10-08T20:45:27.9226616Z ok 268 - text admission keeps literal values and refuses ambiguous or out-of-domain input
2026-10-08T20:45:27.9227380Z   ---
2026-10-08T20:45:27.9227828Z   duration_ms: 1.104296
2026-10-08T20:45:27.9228313Z   ...
2026-10-08T20:45:27.9229351Z # Subtest: direct numerical callers cannot admit holes, non-numbers, extra precision, or invalid indices
2026-10-08T20:45:27.9231013Z ok 269 - direct numerical callers cannot admit holes, non-numbers, extra precision, or invalid indices
2026-10-08T20:45:27.9232021Z   ---
2026-10-08T20:45:27.9232813Z   duration_ms: 0.814258
2026-10-08T20:45:27.9233370Z   ...
2026-10-08T20:45:27.9234306Z # Subtest: a recorded calculation owns immutable inputs, outputs, and per-index terms
2026-10-08T20:45:27.9235665Z ok 270 - a recorded calculation owns immutable inputs, outputs, and per-index terms
2026-10-08T20:45:27.9236535Z   ---
2026-10-08T20:45:27.9236968Z   duration_ms: 0.824234
2026-10-08T20:45:27.9237436Z   ...
2026-10-08T20:45:28.8004425Z # Subtest: standalone artifact exactly matches sources and contains a valid offline script
2026-10-08T20:45:28.8044018Z ok 271 - standalone artifact exactly matches sources and contains a valid offline script
2026-10-08T20:45:28.8093840Z   ---
2026-10-08T20:45:28.8094410Z   duration_ms: 6.657216
2026-10-08T20:45:28.8095071Z   ...
2026-10-08T20:45:28.8095924Z # Subtest: course survives the existing validator and editable-format round trip
2026-10-08T20:45:28.8097091Z ok 272 - course survives the existing validator and editable-format round trip
2026-10-08T20:45:28.8097850Z   ---
2026-10-08T20:45:28.8098303Z   duration_ms: 1.946366
2026-10-08T20:45:28.8098789Z   ...
2026-10-08T20:45:28.8099708Z # Subtest: literal markup and Unicode in admitted course content cannot close the generated script
2026-10-08T20:45:28.8101053Z ok 273 - literal markup and Unicode in admitted course content cannot close the generated script
2026-10-08T20:45:28.8101892Z   ---
2026-10-08T20:45:28.8102342Z   duration_ms: 17.909615
2026-10-08T20:45:28.8103190Z   ...
2026-10-08T20:45:28.8103988Z # Subtest: check mode reports stale output without replacing a retained artifact
2026-10-08T20:45:28.8105162Z ok 274 - check mode reports stale output without replacing a retained artifact
2026-10-08T20:45:28.8105999Z   ---
2026-10-08T20:45:28.8106456Z   duration_ms: 59.884171
2026-10-08T20:45:28.8106959Z   ...
2026-10-08T20:45:28.8107797Z # Subtest: unexpected UI dependency refuses the build before overwriting its artifact
2026-10-08T20:45:28.8108996Z ok 275 - unexpected UI dependency refuses the build before overwriting its artifact
2026-10-08T20:45:28.8109776Z   ---
2026-10-08T20:45:28.8110229Z   duration_ms: 63.553429
2026-10-08T20:45:28.8110716Z   ...
2026-10-08T20:45:28.8111502Z # Subtest: direct entry paths run the same check, refusal and rebuild commands
2026-10-08T20:45:28.8112282Z     # Subtest: canonical
2026-10-08T20:45:28.8112944Z     ok 1 - canonical
2026-10-08T20:45:28.8113436Z       ---
2026-10-08T20:45:28.8113888Z       duration_ms: 205.558081
2026-10-08T20:45:28.8114391Z       ...
2026-10-08T20:45:28.8114938Z     # Subtest: directory alias
2026-10-08T20:45:28.8115477Z     ok 2 - directory alias
2026-10-08T20:45:28.8115984Z       ---
2026-10-08T20:45:28.8116437Z       duration_ms: 192.36369
2026-10-08T20:45:28.8116938Z       ...
2026-10-08T20:45:28.8117670Z     # Subtest: file alias
2026-10-08T20:45:28.8118175Z     ok 3 - file alias
2026-10-08T20:45:28.8118647Z       ---
2026-10-08T20:45:28.8119089Z       duration_ms: 220.37321
2026-10-08T20:45:28.8119590Z       ...
2026-10-08T20:45:28.8120026Z     1..3
2026-10-08T20:45:28.8120779Z ok 276 - direct entry paths run the same check, refusal and rebuild commands
2026-10-08T20:45:28.8121529Z   ---
2026-10-08T20:45:28.8121991Z   duration_ms: 619.403916
2026-10-08T20:45:28.8122661Z   ...
2026-10-08T20:45:28.8123471Z # Subtest: ordinary imports and missing caller entries do not execute the CLI
2026-10-08T20:45:28.8124555Z ok 277 - ordinary imports and missing caller entries do not execute the CLI
2026-10-08T20:45:28.8125305Z   ---
2026-10-08T20:45:28.8125771Z   duration_ms: 143.471486
2026-10-08T20:45:28.8126268Z   ...
2026-10-08T20:45:28.8297428Z # Subtest: fictional reversal retains denominators and uses common weights only for reference
2026-10-08T20:45:28.8299715Z ok 278 - fictional reversal retains denominators and uses common weights only for reference
2026-10-08T20:45:28.8300633Z   ---
2026-10-08T20:45:28.8301152Z   duration_ms: 5.443213
2026-10-08T20:45:28.8301686Z   ...
2026-10-08T20:45:28.8302717Z # Subtest: ties and conflicting subgroup directions are not a strict reversal
2026-10-08T20:45:28.8303915Z ok 279 - ties and conflicting subgroup directions are not a strict reversal
2026-10-08T20:45:28.8304756Z   ---
2026-10-08T20:45:28.8305241Z   duration_ms: 1.113049
2026-10-08T20:45:28.8305852Z   ...
2026-10-08T20:45:28.8306837Z # Subtest: empty cells remain unavailable unless their reference weight is exactly zero
2026-10-08T20:45:28.8308256Z ok 280 - empty cells remain unavailable unless their reference weight is exactly zero
2026-10-08T20:45:28.8309245Z   ---
2026-10-08T20:45:28.8309739Z   duration_ms: 0.69547
2026-10-08T20:45:28.8310252Z   ...
2026-10-08T20:45:28.8311023Z # Subtest: an entirely empty option has no pooled rate or inferred group mix
2026-10-08T20:45:28.8313420Z ok 281 - an entirely empty option has no pooled rate or inferred group mix
2026-10-08T20:45:28.8314295Z   ---
2026-10-08T20:45:28.8314742Z   duration_ms: 0.31189
2026-10-08T20:45:28.8315176Z   ...
2026-10-08T20:45:28.8315924Z # Subtest: invalid numeric inputs are refused without truncation or coercion
2026-10-08T20:45:28.8316977Z ok 282 - invalid numeric inputs are refused without truncation or coercion
2026-10-08T20:45:28.8317633Z   ---
2026-10-08T20:45:28.8318086Z   duration_ms: 1.102713
2026-10-08T20:45:28.8318570Z   ...
2026-10-08T20:45:28.8319368Z # Subtest: native count entry distinguishes blank and invalid text from zero
2026-10-08T20:45:28.8320445Z ok 283 - native count entry distinguishes blank and invalid text from zero
2026-10-08T20:45:28.8321180Z   ---
2026-10-08T20:45:28.8321642Z   duration_ms: 20.115904
2026-10-08T20:45:28.8322145Z   ...
2026-10-08T20:45:28.8323213Z # Subtest: a strict difference too small for percentage display is not declared equal
2026-10-08T20:45:28.8324481Z ok 284 - a strict difference too small for percentage display is not declared equal
2026-10-08T20:45:28.8325279Z   ---
2026-10-08T20:45:28.8325742Z   duration_ms: 0.388286
2026-10-08T20:45:28.8326205Z   ...
2026-10-08T20:45:28.8326989Z # Subtest: label and group transformations preserve the intended descriptive quantities
2026-10-08T20:45:28.8328155Z ok 285 - label and group transformations preserve the intended descriptive quantities
2026-10-08T20:45:28.8329018Z   ---
2026-10-08T20:45:28.8329520Z   duration_ms: 1.57732
2026-10-08T20:45:28.8329983Z   ...
2026-10-08T20:45:28.8330563Z # Subtest: shared weights preserve both strict subgroup advantages at every permitted mix
2026-10-08T20:45:28.8331356Z ok 286 - shared weights preserve both strict subgroup advantages at every permitted mix
2026-10-08T20:45:28.8331884Z   ---
2026-10-08T20:45:28.8332203Z   duration_ms: 6.133175
2026-10-08T20:45:28.8332780Z   ...
2026-10-08T20:45:28.8333766Z # Subtest: download contains exact inputs, unavailable values and deterministic recomputable fractions
2026-10-08T20:45:28.8335291Z ok 287 - download contains exact inputs, unavailable values and deterministic recomputable fractions
2026-10-08T20:45:28.8336041Z   ---
2026-10-08T20:45:28.8336333Z   duration_ms: 0.706286
2026-10-08T20:45:28.8336657Z   ...
2026-10-08T20:45:28.8337166Z # Subtest: signed homes, exact admission and canonical copies
2026-10-08T20:45:28.8337902Z ok 288 - signed homes, exact admission and canonical copies
2026-10-08T20:45:28.8338315Z   ---
2026-10-08T20:45:28.8338509Z   duration_ms: 2.48464
2026-10-08T20:45:28.8338728Z   ...
2026-10-08T20:45:28.8339151Z # Subtest: search crosses a tombstone and insertion reuses it only after absence proof
2026-10-08T20:45:28.8339770Z ok 289 - search crosses a tombstone and insertion reuses it only after absence proof
2026-10-08T20:45:28.8340152Z   ---
2026-10-08T20:45:28.8340342Z   duration_ms: 1.574185
2026-10-08T20:45:28.8340561Z   ...
2026-10-08T20:45:28.8340957Z # Subtest: a tombstone before an existing key does not create a duplicate
2026-10-08T20:45:28.8341589Z ok 290 - a tombstone before an existing key does not create a duplicate
2026-10-08T20:45:28.8342097Z   ---
2026-10-08T20:45:28.8342341Z   duration_ms: 0.623401
2026-10-08T20:45:28.8343015Z   ...
2026-10-08T20:45:28.8343689Z # Subtest: wraparound, full refusal, duplicate success and full-cycle tombstone reuse
2026-10-08T20:45:28.8344800Z ok 291 - wraparound, full refusal, duplicate success and full-cycle tombstone reuse
2026-10-08T20:45:28.8345434Z   ---
2026-10-08T20:45:28.8345758Z   duration_ms: 0.674168
2026-10-08T20:45:28.8346102Z   ...
2026-10-08T20:45:28.8346793Z # Subtest: probe frames observe the pre-state; only a result frame applies changes
2026-10-08T20:45:28.8347818Z ok 292 - probe frames observe the pre-state; only a result frame applies changes
2026-10-08T20:45:28.8348453Z   ---
2026-10-08T20:45:28.8348769Z   duration_ms: 0.930524
2026-10-08T20:45:28.8349120Z   ...
2026-10-08T20:45:28.8350106Z # Subtest: the original course passes the existing importer and preserves its permission
2026-10-08T20:45:28.8351199Z ok 293 - the original course passes the existing importer and preserves its permission
2026-10-08T20:45:28.8351855Z   ---
2026-10-08T20:45:28.8352167Z   duration_ms: 9.80155
2026-10-08T20:45:28.8352714Z   ...
2026-10-08T20:45:28.8353561Z # Subtest: standalone page is reproducible and embeds the exact downloadable deck text
2026-10-08T20:45:28.8354593Z ok 294 - standalone page is reproducible and embeds the exact downloadable deck text
2026-10-08T20:45:28.8355247Z   ---
2026-10-08T20:45:28.8355610Z   duration_ms: 59.144066
2026-10-08T20:45:28.8355955Z   ...
2026-10-08T20:45:28.8356521Z # Subtest: BKT probabilities stay bounded across repeated evidence
2026-10-08T20:45:28.8357322Z ok 295 - BKT probabilities stay bounded across repeated evidence
2026-10-08T20:45:28.8357852Z   ---
2026-10-08T20:45:28.8358161Z   duration_ms: 8.267075
2026-10-08T20:45:28.8358509Z   ...
2026-10-08T20:45:28.8359283Z # Subtest: correct evidence raises and incorrect evidence lowers posterior for interior prior
2026-10-08T20:45:28.8360453Z ok 296 - correct evidence raises and incorrect evidence lowers posterior for interior prior
2026-10-08T20:45:28.8361157Z   ---
2026-10-08T20:45:28.8361473Z   duration_ms: 0.199801
2026-10-08T20:45:28.8361817Z   ...
2026-10-08T20:45:28.8362375Z # Subtest: parameter validation rejects impossible probabilities
2026-10-08T20:45:28.8364041Z ok 297 - parameter validation rejects impossible probabilities
2026-10-08T20:45:28.8364635Z   ---
2026-10-08T20:45:28.8364958Z   duration_ms: 0.664993
2026-10-08T20:45:28.8365303Z   ...
2026-10-08T20:45:28.8366004Z # Subtest: entropy and information gain have expected bounds and peak near uncertainty
2026-10-08T20:45:28.8367075Z ok 298 - entropy and information gain have expected bounds and peak near uncertainty
2026-10-08T20:45:28.8367703Z   ---
2026-10-08T20:45:28.8368011Z   duration_ms: 1.714247
2026-10-08T20:45:28.8368361Z   ...
2026-10-08T20:45:28.8369067Z # Subtest: selector prioritizes a weak prerequisite and is stable after exhaustion
2026-10-08T20:45:28.8370324Z ok 299 - selector prioritizes a weak prerequisite and is stable after exhaustion
2026-10-08T20:45:28.8370948Z   ---
2026-10-08T20:45:28.8371256Z   duration_ms: 0.388536
2026-10-08T20:45:28.8371597Z   ...
2026-10-08T20:45:28.8372186Z # Subtest: initial mastery creates independent named concept values
2026-10-08T20:45:28.8373245Z ok 300 - initial mastery creates independent named concept values
2026-10-08T20:45:28.8373784Z   ---
2026-10-08T20:45:28.8374092Z   duration_ms: 0.925627
2026-10-08T20:45:28.8374435Z   ...
2026-10-08T20:45:28.8375232Z # Subtest: scripted learner simulation is deterministic, bounded, and distinguishes selector modes
2026-10-08T20:45:28.8376467Z ok 301 - scripted learner simulation is deterministic, bounded, and distinguishes selector modes
2026-10-08T20:45:28.8377182Z   ---
2026-10-08T20:45:28.8377490Z   duration_ms: 0.600826
2026-10-08T20:45:28.8377830Z   ...
2026-10-08T20:45:28.8378526Z # Subtest: written scalars retain exact decimal/fraction intent and bounded admission
2026-10-08T20:45:28.8379565Z ok 302 - written scalars retain exact decimal/fraction intent and bounded admission
2026-10-08T20:45:28.8380204Z   ---
2026-10-08T20:45:28.8380502Z   duration_ms: 2.617991
2026-10-08T20:45:28.8380832Z   ...
2026-10-08T20:45:28.8381526Z # Subtest: noisy example has exact coefficients, each residual, and the minimum identity
2026-10-08T20:45:28.8382913Z ok 303 - noisy example has exact coefficients, each residual, and the minimum identity
2026-10-08T20:45:28.8383569Z   ---
2026-10-08T20:45:28.8383884Z   duration_ms: 1.876252
2026-10-08T20:45:28.8384220Z   ...
2026-10-08T20:45:28.8385066Z # Subtest: changing the middle point changes the intercept and flips residuals without inventing zero SSE
2026-10-08T20:45:28.8386350Z ok 304 - changing the middle point changes the intercept and flips residuals without inventing zero SSE
2026-10-08T20:45:28.8387080Z   ---
2026-10-08T20:45:28.8387650Z   duration_ms: 0.666716
2026-10-08T20:45:28.8387989Z   ...
2026-10-08T20:45:28.8388612Z # Subtest: all authored examples have independently worked exact outcomes
2026-10-08T20:45:28.8389598Z ok 305 - all authored examples have independently worked exact outcomes
2026-10-08T20:45:28.8390318Z   ---
2026-10-08T20:45:28.8390616Z   duration_ms: 3.080127
2026-10-08T20:45:28.8390955Z   ...
2026-10-08T20:45:28.8391719Z # Subtest: all-equal x determines the shared fitted value and minimum, not arbitrary coefficients
2026-10-08T20:45:28.8393090Z ok 306 - all-equal x determines the shared fitted value and minimum, not arbitrary coefficients
2026-10-08T20:45:28.8393787Z   ---
2026-10-08T20:45:28.8394090Z   duration_ms: 1.622749
2026-10-08T20:45:28.8394425Z   ...
2026-10-08T20:45:28.8395292Z # Subtest: ordinary repeated x and duplicate points count as rows; constant y is a valid unique horizontal fit
2026-10-08T20:45:28.8396613Z ok 307 - ordinary repeated x and duplicate points count as rows; constant y is a valid unique horizontal fit
2026-10-08T20:45:28.8397373Z   ---
2026-10-08T20:45:28.8397673Z   duration_ms: 1.162183
2026-10-08T20:45:28.8398016Z   ...
2026-10-08T20:45:28.8398812Z # Subtest: translation, x-unit change and row permutation preserve the appropriate exact quantities
2026-10-08T20:45:28.8400000Z ok 308 - translation, x-unit change and row permutation preserve the appropriate exact quantities
2026-10-08T20:45:28.8400692Z   ---
2026-10-08T20:45:28.8400982Z   duration_ms: 3.8175
2026-10-08T20:45:28.8401308Z   ...
2026-10-08T20:45:28.8402083Z # Subtest: extreme admitted geometry produces copyable exact coefficients without display rounding
2026-10-08T20:45:28.8403488Z ok 309 - extreme admitted geometry produces copyable exact coefficients without display rounding
2026-10-08T20:45:28.8404191Z   ---
2026-10-08T20:45:28.8404496Z   duration_ms: 0.54981
2026-10-08T20:45:28.8404820Z   ...
2026-10-08T20:45:28.8405449Z # Subtest: prediction location uses exact rational comparison at both endpoints
2026-10-08T20:45:28.8406437Z ok 310 - prediction location uses exact rational comparison at both endpoints
2026-10-08T20:45:28.8407047Z   ---
2026-10-08T20:45:28.8407594Z   duration_ms: 0.862111
2026-10-08T20:45:28.8407944Z   ...
2026-10-08T20:45:28.8408556Z # Subtest: zero signed error alone does not minimize the squared criterion
2026-10-08T20:45:28.8409431Z ok 311 - zero signed error alone does not minimize the squared criterion
2026-10-08T20:45:28.8409996Z   ---
2026-10-08T20:45:28.8410299Z   duration_ms: 0.46401
2026-10-08T20:45:28.8410641Z   ...
2026-10-08T20:45:28.8411471Z # Subtest: bounded changed-input corpus satisfies normal equations and direct numerical score comparison
2026-10-08T20:45:28.8413125Z ok 312 - bounded changed-input corpus satisfies normal equations and direct numerical score comparison
2026-10-08T20:45:28.8413879Z   ---
2026-10-08T20:45:28.8414192Z   duration_ms: 45.846855
2026-10-08T20:45:28.8414545Z   ...
2026-10-08T20:45:28.8415273Z # Subtest: invalid inputs refuse without mutating caller rows or leaving a writable result
2026-10-08T20:45:28.8416364Z ok 313 - invalid inputs refuse without mutating caller rows or leaving a writable result
2026-10-08T20:45:28.8416968Z   ---
2026-10-08T20:45:28.8417245Z   duration_ms: 0.798395
2026-10-08T20:45:28.8417563Z   ...
2026-10-08T20:45:28.8418298Z # Subtest: the emitted course uses the real learner format and retains all original worked items
2026-10-08T20:45:28.8419444Z ok 314 - the emitted course uses the real learner format and retains all original worked items
2026-10-08T20:45:28.8420083Z   ---
2026-10-08T20:45:28.8420380Z   duration_ms: 22.237706
2026-10-08T20:45:28.8420719Z   ...
2026-10-08T20:45:28.8421563Z # Subtest: the standalone artifact embeds exact course and guide bytes with no unresolved module dependency
2026-10-08T20:45:28.8423291Z ok 315 - the standalone artifact embeds exact course and guide bytes with no unresolved module dependency
2026-10-08T20:45:28.8424057Z   ---
2026-10-08T20:45:28.8424342Z   duration_ms: 8.62891
2026-10-08T20:45:28.8424898Z   ...
2026-10-08T20:45:28.8425797Z # Subtest: mixed partial save preserves exact native prefix, next item, option orders and uninterrupted continuation
2026-10-08T20:45:28.8427217Z ok 316 - mixed partial save preserves exact native prefix, next item, option orders and uninterrupted continuation
2026-10-08T20:45:28.8428001Z   ---
2026-10-08T20:45:28.8428303Z   duration_ms: 20.333082
2026-10-08T20:45:28.8428653Z   ...
2026-10-08T20:45:28.8429486Z # Subtest: a started lesson with no answers restores the first native question and all initial estimates
2026-10-08T20:45:28.8430757Z ok 317 - a started lesson with no answers restores the first native question and all initial estimates
2026-10-08T20:45:28.8431504Z   ---
2026-10-08T20:45:28.8431806Z   duration_ms: 2.558661
2026-10-08T20:45:28.8432149Z   ...
2026-10-08T20:45:28.8433102Z # Subtest: feedback retains the last chosen option while Next remains the next unanswered question
2026-10-08T20:45:28.8434324Z ok 318 - feedback retains the last chosen option while Next remains the next unanswered question
2026-10-08T20:45:28.8435043Z   ---
2026-10-08T20:45:28.8435353Z   duration_ms: 3.28043
2026-10-08T20:45:28.8435693Z   ...
2026-10-08T20:45:28.8436525Z # Subtest: complete sessions remain in the existing trace format, including its separate practice state
2026-10-08T20:45:28.8437805Z ok 319 - complete sessions remain in the existing trace format, including its separate practice state
2026-10-08T20:45:28.8438537Z   ---
2026-10-08T20:45:28.8453733Z   duration_ms: 8.21082
2026-10-08T20:45:28.8454149Z   ...
2026-10-08T20:45:28.8454962Z # Subtest: course content and array order are bound; harmless JSON object key order is accepted
2026-10-08T20:45:28.8456153Z ok 320 - course content and array order are bound; harmless JSON object key order is accepted
2026-10-08T20:45:28.8456897Z   ---
2026-10-08T20:45:28.8457218Z   duration_ms: 16.719834
2026-10-08T20:45:28.8457574Z   ...
2026-10-08T20:45:28.8458228Z # Subtest: model identity and every BKT parameter must match the native model
2026-10-08T20:45:28.8459193Z ok 321 - model identity and every BKT parameter must match the native model
2026-10-08T20:45:28.8460134Z   ---
2026-10-08T20:45:28.8460444Z   duration_ms: 4.38001
2026-10-08T20:45:28.8460777Z   ...
2026-10-08T20:45:28.8461589Z # Subtest: first answers must form the actual native adaptive prefix with canonical option indices
2026-10-08T20:45:28.8463569Z ok 322 - first answers must form the actual native adaptive prefix with canonical option indices
2026-10-08T20:45:28.8483679Z   ---
2026-10-08T20:45:28.8484029Z   duration_ms: 12.225913
2026-10-08T20:45:28.8484408Z   ...
2026-10-08T20:45:28.8485232Z # Subtest: mastery is replayed at full precision and never accepted from rounded or altered values
2026-10-08T20:45:28.8486465Z ok 323 - mastery is replayed at full precision and never accepted from rounded or altered values
2026-10-08T20:45:28.8487177Z   ---
2026-10-08T20:45:28.8487484Z   duration_ms: 8.733439
2026-10-08T20:45:28.8487829Z   ...
2026-10-08T20:45:28.8488649Z # Subtest: question, feedback and complete per-item permutations are checked before restoration
2026-10-08T20:45:28.8489860Z ok 324 - question, feedback and complete per-item permutations are checked before restoration
2026-10-08T20:45:28.8490553Z   ---
2026-10-08T20:45:28.8490860Z   duration_ms: 10.931525
2026-10-08T20:45:28.8491204Z   ...
2026-10-08T20:45:28.8492128Z # Subtest: successful and refused reads leave caller state untouched and return deeply immutable independent copies
2026-10-08T20:45:28.8493731Z ok 325 - successful and refused reads leave caller state untouched and return deeply immutable independent copies
2026-10-08T20:45:28.8494560Z   ---
2026-10-08T20:45:28.8494861Z   duration_ms: 2.552602
2026-10-08T20:45:28.8495203Z   ...
2026-10-08T20:45:28.8496091Z # Subtest: the JSON boundary rejects malformed, unsupported, deep and oversized files with a UTF-8 byte limit
2026-10-08T20:45:28.8497462Z ok 326 - the JSON boundary rejects malformed, unsupported, deep and oversized files with a UTF-8 byte limit
2026-10-08T20:45:28.8498559Z   ---
2026-10-08T20:45:28.8498867Z   duration_ms: 37.724735
2026-10-08T20:45:28.8499216Z   ...
2026-10-08T20:45:28.8499975Z # Subtest: save times are canonical UTC values and invalid save inputs cannot mutate a session
2026-10-08T20:45:28.8501113Z ok 327 - save times are canonical UTC values and invalid save inputs cannot mutate a session
2026-10-08T20:45:28.8501786Z   ---
2026-10-08T20:45:28.8502089Z   duration_ms: 4.192982
2026-10-08T20:45:28.8502433Z   ...
2026-10-08T20:45:28.8503582Z # Subtest: ordinary course identifiers that match object prototype names survive without shared object mutation
2026-10-08T20:45:28.8504980Z ok 328 - ordinary course identifiers that match object prototype names survive without shared object mutation
2026-10-08T20:45:28.8505764Z   ---
2026-10-08T20:45:28.8506057Z   duration_ms: 2.009672
2026-10-08T20:45:28.8506400Z   ...
2026-10-08T20:45:29.6434206Z # Subtest: original v1 fixture bytes are unchanged from the pre-repair native witness
2026-10-08T20:45:29.6463743Z ok 329 - original v1 fixture bytes are unchanged from the pre-repair native witness
2026-10-08T20:45:29.6464398Z   ---
2026-10-08T20:45:29.6464761Z   duration_ms: 2.455014
2026-10-08T20:45:29.6465114Z   ...
2026-10-08T20:45:29.6465689Z # Subtest: fresh default selection keeps its native de locale order
2026-10-08T20:45:29.6466493Z ok 330 - fresh default selection keeps its native de locale order
2026-10-08T20:45:29.6467082Z   ---
2026-10-08T20:45:29.6467394Z   duration_ms: 60.391858
2026-10-08T20:45:29.6467753Z   ...
2026-10-08T20:45:29.6468323Z # Subtest: fresh default selection keeps its native sv locale order
2026-10-08T20:45:29.6469135Z ok 331 - fresh default selection keeps its native sv locale order
2026-10-08T20:45:29.6469634Z   ---
2026-10-08T20:45:29.6469937Z   duration_ms: 52.953454
2026-10-08T20:45:29.6470268Z   ...
2026-10-08T20:45:29.6470809Z # Subtest: unchanged original unicode-de v1 archive restores in de
2026-10-08T20:45:29.6471592Z ok 332 - unchanged original unicode-de v1 archive restores in de
2026-10-08T20:45:29.6472126Z   ---
2026-10-08T20:45:29.6472435Z   duration_ms: 59.345404
2026-10-08T20:45:29.6473473Z   ...
2026-10-08T20:45:29.6474145Z # Subtest: unchanged original unicode-de v1 archive restores in sv
2026-10-08T20:45:29.6474928Z ok 333 - unchanged original unicode-de v1 archive restores in sv
2026-10-08T20:45:29.6475457Z   ---
2026-10-08T20:45:29.6475755Z   duration_ms: 48.528737
2026-10-08T20:45:29.6476092Z   ...
2026-10-08T20:45:29.6476645Z # Subtest: unchanged original unicode-sv v1 archive restores in de
2026-10-08T20:45:29.6493349Z ok 334 - unchanged original unicode-sv v1 archive restores in de
2026-10-08T20:45:29.6493922Z   ---
2026-10-08T20:45:29.6494236Z   duration_ms: 69.712272
2026-10-08T20:45:29.6494578Z   ...
2026-10-08T20:45:29.6495135Z # Subtest: unchanged original unicode-sv v1 archive restores in sv
2026-10-08T20:45:29.6495919Z ok 335 - unchanged original unicode-sv v1 archive restores in sv
2026-10-08T20:45:29.6496417Z   ---
2026-10-08T20:45:29.6496747Z   duration_ms: 62.110311
2026-10-08T20:45:29.6497097Z   ...
2026-10-08T20:45:29.6497656Z # Subtest: unchanged original ascii-de v1 archive restores in de
2026-10-08T20:45:29.6498409Z ok 336 - unchanged original ascii-de v1 archive restores in de
2026-10-08T20:45:29.6498913Z   ---
2026-10-08T20:45:29.6499223Z   duration_ms: 59.737681
2026-10-08T20:45:29.6499569Z   ...
2026-10-08T20:45:29.6500220Z # Subtest: unchanged original ascii-de v1 archive restores in sv
2026-10-08T20:45:29.6501093Z ok 337 - unchanged original ascii-de v1 archive restores in sv
2026-10-08T20:45:29.6501609Z   ---
2026-10-08T20:45:29.6501908Z   duration_ms: 58.842985
2026-10-08T20:45:29.6502248Z   ...
2026-10-08T20:45:29.6503007Z # Subtest: unchanged original ascii-sv v1 archive restores in de
2026-10-08T20:45:29.6503772Z ok 338 - unchanged original ascii-sv v1 archive restores in de
2026-10-08T20:45:29.6504314Z   ---
2026-10-08T20:45:29.6504624Z   duration_ms: 47.526074
2026-10-08T20:45:29.6504970Z   ...
2026-10-08T20:45:29.6505861Z # Subtest: unchanged original ascii-sv v1 archive restores in sv
2026-10-08T20:45:29.6506650Z ok 339 - unchanged original ascii-sv v1 archive restores in sv
2026-10-08T20:45:29.6507156Z   ---
2026-10-08T20:45:29.6507454Z   duration_ms: 64.736734
2026-10-08T20:45:29.6507792Z   ...
2026-10-08T20:45:29.6508351Z # Subtest: zero-answer question keeps its recorded tie from de to sv
2026-10-08T20:45:29.6509164Z ok 340 - zero-answer question keeps its recorded tie from de to sv
2026-10-08T20:45:29.6509707Z   ---
2026-10-08T20:45:29.6510004Z   duration_ms: 114.49114
2026-10-08T20:45:29.6510345Z   ...
2026-10-08T20:45:29.6510866Z # Subtest: feedback preserves the original answer from de to sv
2026-10-08T20:45:29.6511623Z ok 341 - feedback preserves the original answer from de to sv
2026-10-08T20:45:29.6512145Z   ---
2026-10-08T20:45:29.6512459Z   duration_ms: 111.955085
2026-10-08T20:45:29.6534348Z   ...
2026-10-08T20:45:29.6534976Z # Subtest: a pending tie after a shared first answer survives de to sv
2026-10-08T20:45:29.6535844Z ok 342 - a pending tie after a shared first answer survives de to sv
2026-10-08T20:45:29.6536404Z   ---
2026-10-08T20:45:29.6536728Z   duration_ms: 144.83668
2026-10-08T20:45:29.6537078Z   ...
2026-10-08T20:45:29.6537675Z # Subtest: zero-answer question keeps its recorded tie from sv to de
2026-10-08T20:45:29.6538517Z ok 343 - zero-answer question keeps its recorded tie from sv to de
2026-10-08T20:45:29.6539068Z   ---
2026-10-08T20:45:29.6539374Z   duration_ms: 126.940826
2026-10-08T20:45:29.6539731Z   ...
2026-10-08T20:45:29.6540343Z # Subtest: feedback preserves the original answer from sv to de
2026-10-08T20:45:29.6541132Z ok 344 - feedback preserves the original answer from sv to de
2026-10-08T20:45:29.6541639Z   ---
2026-10-08T20:45:29.6541943Z   duration_ms: 122.531173
2026-10-08T20:45:29.6542282Z   ...
2026-10-08T20:45:29.6544139Z # Subtest: a pending tie after a shared first answer survives sv to de
2026-10-08T20:45:29.6583527Z ok 345 - a pending tie after a shared first answer survives sv to de
2026-10-08T20:45:29.6584236Z   ---
2026-10-08T20:45:29.6584589Z   duration_ms: 131.431066
2026-10-08T20:45:29.6585077Z   ...
2026-10-08T20:45:29.6593701Z # Subtest: an optional recorded ID may choose either exact maximum tie
2026-10-08T20:45:29.6624366Z ok 346 - an optional recorded ID may choose either exact maximum tie
2026-10-08T20:45:29.6653332Z   ---
2026-10-08T20:45:29.6663244Z   duration_ms: 12.093777
2026-10-08T20:45:29.6663654Z   ...
2026-10-08T20:45:29.6664416Z # Subtest: absent, unknown, already-asked and exhausted preferences keep native behavior
2026-10-08T20:45:29.6665505Z ok 347 - absent, unknown, already-asked and exhausted preferences keep native behavior
2026-10-08T20:45:29.6666147Z   ---
2026-10-08T20:45:29.6666456Z   duration_ms: 0.392542
2026-10-08T20:45:29.6666789Z   ...
2026-10-08T20:45:29.6667563Z # Subtest: a recorded preference cannot override a strictly better prerequisite-repair score
2026-10-08T20:45:29.6668729Z ok 348 - a recorded preference cannot override a strictly better prerequisite-repair score
2026-10-08T20:45:29.6669424Z   ---
2026-10-08T20:45:29.6669730Z   duration_ms: 0.373383
2026-10-08T20:45:29.6670084Z   ...
2026-10-08T20:45:29.6670812Z # Subtest: a recorded preference cannot turn a near but unequal information gain into a tie
2026-10-08T20:45:29.6671910Z ok 349 - a recorded preference cannot turn a near but unequal information gain into a tie
2026-10-08T20:45:29.6672762Z   ---
2026-10-08T20:45:29.6673075Z   duration_ms: 0.423919
2026-10-08T20:45:29.6673418Z   ...
2026-10-08T20:45:29.6674312Z # Subtest: archive replay refuses a lower-scoring first answer with otherwise exact recomputed mastery
2026-10-08T20:45:29.6675558Z ok 350 - archive replay refuses a lower-scoring first answer with otherwise exact recomputed mastery
2026-10-08T20:45:29.6676274Z   ---
2026-10-08T20:45:29.6676582Z   duration_ms: 2.609718
2026-10-08T20:45:29.6676919Z   ...
2026-10-08T20:45:29.6677559Z # Subtest: archive replay refuses a lower-scoring zero-answer pending question
2026-10-08T20:45:29.6678868Z ok 351 - archive replay refuses a lower-scoring zero-answer pending question
2026-10-08T20:45:29.6679454Z   ---
2026-10-08T20:45:29.6679757Z   duration_ms: 0.631072
2026-10-08T20:45:29.6680082Z   ...
2026-10-08T20:45:29.6813947Z # Subtest: the original fourteen-question course passes the real bounded importer and reviewed key
2026-10-08T20:45:29.6843728Z ok 352 - the original fourteen-question course passes the real bounded importer and reviewed key
2026-10-08T20:45:29.6874049Z   ---
2026-10-08T20:45:29.6884646Z   duration_ms: 10.269797
2026-10-08T20:45:29.6885266Z   ...
2026-10-08T20:45:29.6886346Z # Subtest: integer percentages reject malformed input instead of parsing a numeric prefix
2026-10-08T20:45:29.6887691Z ok 353 - integer percentages reject malformed input instead of parsing a numeric prefix
2026-10-08T20:45:29.6888554Z   ---
2026-10-08T20:45:29.6889050Z   duration_ms: 0.914831
2026-10-08T20:45:29.6889565Z   ...
2026-10-08T20:45:29.6890476Z # Subtest: matrix and initial admission reject shape, type, sparse values and wrong totals
2026-10-08T20:45:29.6891882Z ok 354 - matrix and initial admission reject shape, type, sparse values and wrong totals
2026-10-08T20:45:29.6893014Z   ---
2026-10-08T20:45:29.6893534Z   duration_ms: 0.855361
2026-10-08T20:45:29.6894039Z   ...
2026-10-08T20:45:29.6895038Z # Subtest: every preset and independent custom system agree with exact rational weights through step 30
2026-10-08T20:45:29.6896487Z ok 355 - every preset and independent custom system agree with exact rational weights through step 30
2026-10-08T20:45:29.6897405Z   ---
2026-10-08T20:45:29.6897876Z   duration_ms: 9.794994
2026-10-08T20:45:29.6898382Z   ...
2026-10-08T20:45:29.6899240Z # Subtest: mixing has the original worked values and an independent closed-form solution
2026-10-08T20:45:29.6900495Z ok 356 - mixing has the original worked values and an independent closed-form solution
2026-10-08T20:45:29.6901315Z   ---
2026-10-08T20:45:29.6901773Z   duration_ms: 0.679075
2026-10-08T20:45:29.6902276Z   ...
2026-10-08T20:45:29.6903307Z # Subtest: alternation is periodic while its stationary distribution remains fixed
2026-10-08T20:45:29.6904898Z ok 357 - alternation is periodic while its stationary distribution remains fixed
2026-10-08T20:45:29.6905746Z   ---
2026-10-08T20:45:29.6906198Z   duration_ms: 1.4183
2026-10-08T20:45:29.6906684Z   ...
2026-10-08T20:45:29.6907628Z # Subtest: absorbing and two-closed-state systems preserve reachability and initial dependence
2026-10-08T20:45:29.6908949Z ok 358 - absorbing and two-closed-state systems preserve reachability and initial dependence
2026-10-08T20:45:29.6909777Z   ---
2026-10-08T20:45:29.6910239Z   duration_ms: 1.441966
2026-10-08T20:45:29.6910717Z   ...
2026-10-08T20:45:29.6911573Z # Subtest: step zero, bounds, copied inputs and deep immutability keep an observation coherent
2026-10-08T20:45:29.6912983Z ok 359 - step zero, bounds, copied inputs and deep immutability keep an observation coherent
2026-10-08T20:45:29.6934698Z   ---
2026-10-08T20:45:29.6953326Z   duration_ms: 0.705475
2026-10-08T20:45:29.6953950Z   ...
2026-10-08T20:45:29.6954987Z # Subtest: observation export binds applied inputs, selected step and full computed precision
2026-10-08T20:45:29.6956430Z ok 360 - observation export binds applied inputs, selected step and full computed precision
2026-10-08T20:45:29.6957319Z   ---
2026-10-08T20:45:29.6957805Z   duration_ms: 2.75641
2026-10-08T20:45:29.6958310Z   ...
2026-10-08T20:45:29.6959299Z # Subtest: the direct-open explorer contains exact course bytes and matches the maintained builder
2026-10-08T20:45:29.6960723Z ok 361 - the direct-open explorer contains exact course bytes and matches the maintained builder
2026-10-08T20:45:29.6961614Z   ---
2026-10-08T20:45:29.6962079Z   duration_ms: 61.98978
2026-10-08T20:45:29.6962821Z   ...
2026-10-08T20:45:29.6963566Z # Independent arithmetic cases: 1458; finite rows received: 14580
2026-10-08T20:45:29.6964670Z # Subtest: six worked examples distinguish base, step and finite evidence
2026-10-08T20:45:29.6966090Z ok 362 - six worked examples distinguish base, step and finite evidence
2026-10-08T20:45:29.6966837Z   ---
2026-10-08T20:45:29.6967305Z   duration_ms: 4.765621
2026-10-08T20:45:29.6967812Z   ...
2026-10-08T20:45:29.6968678Z # Subtest: independent finite sums and differences receive 1458 bounded exact certificates
2026-10-08T20:45:29.6969976Z ok 363 - independent finite sums and differences receive 1458 bounded exact certificates
2026-10-08T20:45:29.6970814Z   ---
2026-10-08T20:45:29.6971280Z   duration_ms: 119.995837
2026-10-08T20:45:29.6971814Z   ...
2026-10-08T20:45:29.6972837Z # Subtest: coefficient extremes and denominator bounds preserve exact arithmetic
2026-10-08T20:45:29.6974050Z ok 364 - coefficient extremes and denominator bounds preserve exact arithmetic
2026-10-08T20:45:29.6974840Z   ---
2026-10-08T20:45:29.6975292Z   duration_ms: 1.560435
2026-10-08T20:45:29.6975791Z   ...
2026-10-08T20:45:29.6976579Z # Subtest: equivalent rational representation and zero denominator refusal
2026-10-08T20:45:29.6977728Z ok 365 - equivalent rational representation and zero denominator refusal
2026-10-08T20:45:29.6978481Z   ---
2026-10-08T20:45:29.6978950Z   duration_ms: 0.648108
2026-10-08T20:45:29.6979446Z   ...
2026-10-08T20:45:29.6980354Z # Subtest: strict admission rejects malformed, missing, fractional and out-of-range inputs
2026-10-08T20:45:29.6981650Z ok 366 - strict admission rejects malformed, missing, fractional and out-of-range inputs
2026-10-08T20:45:29.6982686Z   ---
2026-10-08T20:45:29.6983156Z   duration_ms: 1.196135
2026-10-08T20:45:29.6983653Z   ...
2026-10-08T20:45:29.6984437Z # Subtest: accepted inputs and every exported record branch are immutable
2026-10-08T20:45:29.6985520Z ok 367 - accepted inputs and every exported record branch are immutable
2026-10-08T20:45:29.6986420Z   ---
2026-10-08T20:45:29.6986872Z   duration_ms: 0.472243
2026-10-08T20:45:29.6987362Z   ...
2026-10-08T20:45:29.6988293Z # Subtest: course uses unchanged native deck contract and frozen independent question wording
2026-10-08T20:45:29.6989619Z ok 368 - course uses unchanged native deck contract and frozen independent question wording
2026-10-08T20:45:29.6990784Z   ---
2026-10-08T20:45:29.6991269Z   duration_ms: 12.720254
2026-10-08T20:45:29.6991779Z   ...
2026-10-08T20:45:29.6992916Z # Subtest: the original course is admitted by the existing deck contract with all four concepts covered
2026-10-08T20:45:29.6994360Z ok 369 - the original course is admitted by the existing deck contract with all four concepts covered
2026-10-08T20:45:29.6995255Z   ---
2026-10-08T20:45:29.6995716Z   duration_ms: 3.514103
2026-10-08T20:45:29.6996214Z   ...
2026-10-08T20:45:29.6997092Z # Subtest: answer positions are balanced and no correct option is uniquely the longest
2026-10-08T20:45:29.6998320Z ok 370 - answer positions are balanced and no correct option is uniquely the longest
2026-10-08T20:45:29.6999133Z   ---
2026-10-08T20:45:29.6999588Z   duration_ms: 0.438401
2026-10-08T20:45:29.7000088Z   ...
2026-10-08T20:45:29.7001113Z # Subtest: each numerical answer uses the stated correction sign, denominator or independence assumption
2026-10-08T20:45:29.7002726Z ok 371 - each numerical answer uses the stated correction sign, denominator or independence assumption
2026-10-08T20:45:29.7003624Z   ---
2026-10-08T20:45:29.7004079Z   duration_ms: 0.461927
2026-10-08T20:45:29.7004582Z   ...
2026-10-08T20:45:29.7005701Z # Subtest: standalone artifact is deterministic, preserves the exact deck bytes and contains executable classic scripts
2026-10-08T20:45:29.7007386Z ok 372 - standalone artifact is deterministic, preserves the exact deck bytes and contains executable classic scripts
2026-10-08T20:45:29.7008390Z   ---
2026-10-08T20:45:29.7008850Z   duration_ms: 5.43765
2026-10-08T20:45:29.7009361Z   ...
2026-10-08T20:45:29.7010413Z # Subtest: worked four-reading budget distinguishes raw mean, correction, sample scatter and mean uncertainty
2026-10-08T20:45:29.7011959Z ok 373 - worked four-reading budget distinguishes raw mean, correction, sample scatter and mean uncertainty
2026-10-08T20:45:29.7013316Z   ---
2026-10-08T20:45:29.7013770Z   duration_ms: 2.229685
2026-10-08T20:45:29.7014280Z   ...
2026-10-08T20:45:29.7015293Z # Subtest: a shared additive correction shifts the estimate without changing either uncertainty component
2026-10-08T20:45:29.7016790Z ok 374 - a shared additive correction shifts the estimate without changing either uncertainty component
2026-10-08T20:45:29.7017718Z   ---
2026-10-08T20:45:29.7018186Z   duration_ms: 0.375847
2026-10-08T20:45:29.7018672Z   ...
2026-10-08T20:45:29.7019729Z # Subtest: identical readings retain a nonzero shared component and are not rejected for numerical repetition
2026-10-08T20:45:29.7021250Z ok 375 - identical readings retain a nonzero shared component and are not rejected for numerical repetition
2026-10-08T20:45:29.7022209Z   ---
2026-10-08T20:45:29.7022865Z   duration_ms: 1.647606
2026-10-08T20:45:29.7023370Z   ...
2026-10-08T20:45:29.7024468Z # Subtest: future independent sample sizes hold shared calibration fixed while repeatability shrinks by square root
2026-10-08T20:45:29.7026102Z ok 376 - future independent sample sizes hold shared calibration fixed while repeatability shrinks by square root
2026-10-08T20:45:29.7027114Z   ---
2026-10-08T20:45:29.7027580Z   duration_ms: 0.602429
2026-10-08T20:45:29.7028084Z   ...
2026-10-08T20:45:29.7029048Z # Subtest: shared covariance gives the same calibration contribution for a mean of any sample size
2026-10-08T20:45:29.7030443Z ok 377 - shared covariance gives the same calibration contribution for a mean of any sample size
2026-10-08T20:45:29.7031340Z   ---
2026-10-08T20:45:29.7031791Z   duration_ms: 0.306582
2026-10-08T20:45:29.7032277Z   ...
2026-10-08T20:45:29.7033402Z # Subtest: compensated raw means preserve small residuals after large opposing readings cancel
2026-10-08T20:45:29.7034778Z ok 378 - compensated raw means preserve small residuals after large opposing readings cancel
2026-10-08T20:45:29.7035654Z   ---
2026-10-08T20:45:29.7036110Z   duration_ms: 0.332693
2026-10-08T20:45:29.7036616Z   ...
2026-10-08T20:45:29.7037810Z # Subtest: centered scatter remains meaningful for a large shared offset and at supported extremes
2026-10-08T20:45:29.7039224Z ok 379 - centered scatter remains meaningful for a large shared offset and at supported extremes
2026-10-08T20:45:29.7040102Z   ---
2026-10-08T20:45:29.7040554Z   duration_ms: 0.403399
2026-10-08T20:45:29.7041048Z   ...
2026-10-08T20:45:29.7042037Z # Subtest: reordering observations preserves the summary but does not assert statistical independence
2026-10-08T20:45:29.7043676Z ok 380 - reordering observations preserves the summary but does not assert statistical independence
2026-10-08T20:45:29.7044600Z   ---
2026-10-08T20:45:29.7045080Z   duration_ms: 1.030635
2026-10-08T20:45:29.7045574Z   ...
2026-10-08T20:45:29.7046500Z # Subtest: input parsing keeps every observation and refuses malformed or missing comma fields
2026-10-08T20:45:29.7047849Z ok 381 - input parsing keeps every observation and refuses malformed or missing comma fields
2026-10-08T20:45:29.7048715Z   ---
2026-10-08T20:45:29.7049190Z   duration_ms: 1.745083
2026-10-08T20:45:29.7049687Z   ...
2026-10-08T20:45:29.7050525Z # Subtest: supported magnitude and nonnegative half-width boundaries are explicit
2026-10-08T20:45:29.7051715Z ok 382 - supported magnitude and nonnegative half-width boundaries are explicit
2026-10-08T20:45:29.7052662Z   ---
2026-10-08T20:45:29.7053228Z   duration_ms: 0.732545
2026-10-08T20:45:29.7053722Z   ...
2026-10-08T20:45:29.7054599Z # Subtest: public calculations reject missing observations and invalid forecast counts
2026-10-08T20:45:29.7055856Z ok 383 - public calculations reject missing observations and invalid forecast counts
2026-10-08T20:45:29.7056660Z   ---
2026-10-08T20:45:29.7057132Z   duration_ms: 0.555468
2026-10-08T20:45:29.7057624Z   ...
2026-10-08T20:45:29.7058507Z # Subtest: calculation snapshots do not mutate caller arrays or change after later edits
2026-10-08T20:45:29.7059757Z ok 384 - calculation snapshots do not mutate caller arrays or change after later edits
2026-10-08T20:45:29.7060828Z   ---
2026-10-08T20:45:29.7061289Z   duration_ms: 0.299352
2026-10-08T20:45:29.7061789Z   ...
2026-10-08T20:45:29.7063132Z # Subtest: the original twelve-item course has native schema, prerequisite closure and exact export/reopen
2026-10-08T20:45:29.7064639Z ok 385 - the original twelve-item course has native schema, prerequisite closure and exact export/reopen
2026-10-08T20:45:29.7065566Z   ---
2026-10-08T20:45:29.7066018Z   duration_ms: 3.799413
2026-10-08T20:45:29.7066507Z   ...
2026-10-08T20:45:29.7067506Z # Subtest: correct course answers complete the actual selector, separate practice and literal study notes
2026-10-08T20:45:29.7068987Z ok 386 - correct course answers complete the actual selector, separate practice and literal study notes
2026-10-08T20:45:29.7069911Z   ---
2026-10-08T20:45:29.7070372Z   duration_ms: 16.656188
2026-10-08T20:45:29.7070872Z   ...
2026-10-08T20:45:29.7071837Z # Subtest: mixed course answers complete the actual selector, separate practice and literal study notes
2026-10-08T20:45:29.7073482Z ok 387 - mixed course answers complete the actual selector, separate practice and literal study notes
2026-10-08T20:45:29.7074388Z   ---
2026-10-08T20:45:29.7074854Z   duration_ms: 2.491489
2026-10-08T20:45:29.7075347Z   ...
2026-10-08T20:45:29.7076345Z # Subtest: missed course answers complete the actual selector, separate practice and literal study notes
2026-10-08T20:45:29.7113768Z ok 388 - missed course answers complete the actual selector, separate practice and literal study notes
2026-10-08T20:45:29.7130493Z   ---
2026-10-08T20:45:29.7131164Z   duration_ms: 1.429317
2026-10-08T20:45:29.7131792Z   ...
2026-10-08T20:45:29.7132940Z # Subtest: the direct-open artifact is deterministic and embeds the exact validated course text
2026-10-08T20:45:29.7134089Z ok 389 - the direct-open artifact is deterministic and embeds the exact validated course text
2026-10-08T20:45:29.7134744Z   ---
2026-10-08T20:45:29.7135058Z   duration_ms: 2.881438
2026-10-08T20:45:29.7135382Z   ...
2026-10-08T20:45:29.7136501Z # Subtest: CLI check through a symlink refuses stale output and accepts the exact current artifact
2026-10-08T20:45:29.7137663Z ok 390 - CLI check through a symlink refuses stale output and accepts the exact current artifact
2026-10-08T20:45:29.7138320Z   ---
2026-10-08T20:45:29.7138614Z   duration_ms: 91.102524
2026-10-08T20:45:29.7138929Z   ...
2026-10-08T20:45:29.7139318Z # Subtest: gametes carry one allele per locus and preserve equal segregation
2026-10-08T20:45:29.7139881Z ok 391 - gametes carry one allele per locus and preserve equal segregation
2026-10-08T20:45:29.7140238Z   ---
2026-10-08T20:45:29.7140428Z   duration_ms: 2.787256
2026-10-08T20:45:29.7140644Z   ...
2026-10-08T20:45:29.7141398Z # Subtest: Aa × Aa keeps both heterozygote routes and distinguishes genotype from phenotype
2026-10-08T20:45:29.7142719Z ok 392 - Aa × Aa keeps both heterozygote routes and distinguishes genotype from phenotype
2026-10-08T20:45:29.7143324Z   ---
2026-10-08T20:45:29.7143596Z   duration_ms: 1.081462
2026-10-08T20:45:29.7143897Z   ...
2026-10-08T20:45:29.7144476Z # Subtest: test crosses and complementary homozygotes have their own outcomes
2026-10-08T20:45:29.7145294Z ok 393 - test crosses and complementary homozygotes have their own outcomes
2026-10-08T20:45:29.7145825Z   ---
2026-10-08T20:45:29.7146100Z   duration_ms: 2.011375
2026-10-08T20:45:29.7146390Z   ...
2026-10-08T20:45:29.7147178Z # Subtest: the sixteen-route cross gives nine genotypes and 9:3:3:1 only under its stated assumptions
2026-10-08T20:45:29.7148334Z ok 394 - the sixteen-route cross gives nine genotypes and 9:3:3:1 only under its stated assumptions
2026-10-08T20:45:29.7148975Z   ---
2026-10-08T20:45:29.7149256Z   duration_ms: 0.694678
2026-10-08T20:45:29.7149542Z   ...
2026-10-08T20:45:29.7150336Z # Subtest: asymmetric AABb × Aabb derives the course answer without a memorized ratio
2026-10-08T20:45:29.7151476Z ok 395 - asymmetric AABb × Aabb derives the course answer without a memorized ratio
2026-10-08T20:45:29.7152416Z   ---
2026-10-08T20:45:29.7155208Z   duration_ms: 0.588157
2026-10-08T20:45:29.7155611Z   ...
2026-10-08T20:45:29.7156354Z # Subtest: all 90 bounded parent pairs agree with the allele-copy oracle, conserve probability and commute
2026-10-08T20:45:29.7157630Z ok 396 - all 90 bounded parent pairs agree with the allele-copy oracle, conserve probability and commute
2026-10-08T20:45:29.7158382Z   ---
2026-10-08T20:45:29.7158695Z   duration_ms: 15.982588
2026-10-08T20:45:29.7159046Z   ...
2026-10-08T20:45:29.7159667Z # Subtest: unsupported inputs cannot become a silently different cross
2026-10-08T20:45:29.7160553Z ok 397 - unsupported inputs cannot become a silently different cross
2026-10-08T20:45:29.7161124Z   ---
2026-10-08T20:45:29.7161427Z   duration_ms: 0.847569
2026-10-08T20:45:29.7161769Z   ...
2026-10-08T20:45:29.7162457Z # Subtest: a saved cross is a complete immutable record with explicit model boundaries
2026-10-08T20:45:29.7163690Z ok 398 - a saved cross is a complete immutable record with explicit model boundaries
2026-10-08T20:45:29.7164325Z   ---
2026-10-08T20:45:29.7164638Z   duration_ms: 0.974631
2026-10-08T20:45:29.7164995Z   ...
2026-10-08T20:45:29.7165799Z # Subtest: original twelve-question course passes the unchanged learner codec and independent key
2026-10-08T20:45:29.7167057Z ok 399 - original twelve-question course passes the unchanged learner codec and independent key
2026-10-08T20:45:29.7167787Z   ---
2026-10-08T20:45:29.7168089Z   duration_ms: 4.402674
2026-10-08T20:45:29.7168425Z   ...
2026-10-08T20:45:29.7169200Z # Subtest: worked unequal-mass event distinguishes the separating branch from unchanged motion
2026-10-08T20:45:29.7170362Z ok 400 - worked unequal-mass event distinguishes the separating branch from unchanged motion
2026-10-08T20:45:29.7171051Z   ---
2026-10-08T20:45:29.7171346Z   duration_ms: 0.82805
2026-10-08T20:45:29.7171672Z   ...
2026-10-08T20:45:29.7172383Z # Subtest: equal or growing positive gaps do not receive hypothetical collision endpoints
2026-10-08T20:45:29.7173887Z ok 401 - equal or growing positive gaps do not receive hypothetical collision endpoints
2026-10-08T20:45:29.7174551Z   ---
2026-10-08T20:45:29.7174863Z   duration_ms: 0.401396
2026-10-08T20:45:29.7175201Z   ...
2026-10-08T20:45:29.7175970Z # Subtest: saved analysis recomputes accepted entered values and rejects extra physical claims
2026-10-08T20:45:29.7177164Z ok 402 - saved analysis recomputes accepted entered values and rejects extra physical claims
2026-10-08T20:45:29.7177865Z   ---
2026-10-08T20:45:29.7178170Z   duration_ms: 0.647798
2026-10-08T20:45:29.7178521Z   ...
2026-10-08T20:45:29.7179252Z # Subtest: committed standalone explorer reproduces exactly from the owned source inputs
2026-10-08T20:45:29.7180377Z ok 403 - committed standalone explorer reproduces exactly from the owned source inputs
2026-10-08T20:45:29.7181054Z   ---
2026-10-08T20:45:29.7181351Z   duration_ms: 52.113376
2026-10-08T20:45:29.7181698Z   ...
2026-10-08T20:45:30.0306114Z # Subtest: rerouting cancels one exact original edge and increases total flow
2026-10-08T20:45:30.0313131Z ok 404 - rerouting cancels one exact original edge and increases total flow
2026-10-08T20:45:30.0317439Z   ---
2026-10-08T20:45:30.0321880Z   duration_ms: 3.641675
2026-10-08T20:45:30.0324607Z   ...
2026-10-08T20:45:30.0326988Z # Subtest: all worked presets meet independent cuts and conservation
2026-10-08T20:45:30.0332916Z ok 405 - all worked presets meet independent cuts and conservation
2026-10-08T20:45:30.0335654Z   ---
2026-10-08T20:45:30.0338979Z   duration_ms: 3.58542
2026-10-08T20:45:30.0343435Z   ...
2026-10-08T20:45:30.0344403Z # Subtest: opposite original edge and cancellation remain two residual options
2026-10-08T20:45:30.0352128Z ok 406 - opposite original edge and cancellation remain two residual options
2026-10-08T20:45:30.0356261Z   ---
2026-10-08T20:45:30.0356825Z   duration_ms: 0.481337
2026-10-08T20:45:30.0357363Z   ...
2026-10-08T20:45:30.0358281Z # Subtest: all 4096 directed unit-capacity four-vertex networks match exhaustive cuts
2026-10-08T20:45:30.0359915Z ok 407 - all 4096 directed unit-capacity four-vertex networks match exhaustive cuts
2026-10-08T20:45:30.0360725Z   ---
2026-10-08T20:45:30.0361216Z   duration_ms: 561.76839
2026-10-08T20:45:30.0361734Z   ...
2026-10-08T20:45:30.0362824Z # Subtest: seeded integer networks up to eight vertices match cut enumeration
2026-10-08T20:45:30.0364019Z ok 408 - seeded integer networks up to eight vertices match cut enumeration
2026-10-08T20:45:30.0364844Z   ---
2026-10-08T20:45:30.0365364Z   duration_ms: 323.868527
2026-10-08T20:45:30.0365897Z   ...
2026-10-08T20:45:30.0366692Z # Subtest: empty, direct, zero and irrelevant source/sink reverse edges
2026-10-08T20:45:30.0367775Z ok 409 - empty, direct, zero and irrelevant source/sink reverse edges
2026-10-08T20:45:30.0368558Z   ---
2026-10-08T20:45:30.0369874Z   duration_ms: 0.44388
2026-10-08T20:45:30.0372163Z   ...
2026-10-08T20:45:30.0373108Z # Subtest: input and every retained snapshot are detached and immutable
2026-10-08T20:45:30.0374075Z ok 410 - input and every retained snapshot are detached and immutable
2026-10-08T20:45:30.0374752Z   ---
2026-10-08T20:45:30.0375186Z   duration_ms: 1.410358
2026-10-08T20:45:30.0375657Z   ...
2026-10-08T20:45:30.0376319Z # Subtest: structural and numeric refusals happen before solving
2026-10-08T20:45:30.0377246Z ok 411 - structural and numeric refusals happen before solving
2026-10-08T20:45:30.0377907Z   ---
2026-10-08T20:45:30.0378356Z   duration_ms: 1.433503
2026-10-08T20:45:30.0378837Z   ...
2026-10-08T20:45:30.0379595Z # Subtest: text parsing and observation downloads preserve the applied inputs
2026-10-08T20:45:30.0382838Z ok 412 - text parsing and observation downloads preserve the applied inputs
2026-10-08T20:45:30.0384390Z   ---
2026-10-08T20:45:30.0384900Z   duration_ms: 4.51352
2026-10-08T20:45:30.0385431Z   ...
2026-10-08T20:45:30.0386253Z # Subtest: original course is accepted by the unchanged native deck validator
2026-10-08T20:45:30.0387415Z ok 413 - original course is accepted by the unchanged native deck validator
2026-10-08T20:45:30.0388209Z   ---
2026-10-08T20:45:30.0388973Z   duration_ms: 1.843923
2026-10-08T20:45:30.0389532Z   ...
2026-10-08T20:45:30.0390321Z # Subtest: the standalone explorer matches its exact maintained inputs
2026-10-08T20:45:30.0391382Z ok 414 - the standalone explorer matches its exact maintained inputs
2026-10-08T20:45:30.0392142Z   ---
2026-10-08T20:45:30.0392977Z   duration_ms: 41.30802
2026-10-08T20:45:30.0393520Z   ...
2026-10-08T20:45:30.0523117Z # Subtest: original course uses the unchanged checked-deck contract
2026-10-08T20:45:30.0524221Z ok 415 - original course uses the unchanged checked-deck contract
2026-10-08T20:45:30.0524829Z   ---
2026-10-08T20:45:30.0525166Z   duration_ms: 9.222175
2026-10-08T20:45:30.0525555Z   ...
2026-10-08T20:45:30.0526098Z # Subtest: applied experiment is a detached immutable record
2026-10-08T20:45:30.0526880Z ok 416 - applied experiment is a detached immutable record
2026-10-08T20:45:30.0527441Z   ---
2026-10-08T20:45:30.0527751Z   duration_ms: 1.202224
2026-10-08T20:45:30.0528144Z   ...
2026-10-08T20:45:30.0528764Z # Subtest: observation retains applied values and signed joule residual
2026-10-08T20:45:30.0529667Z ok 417 - observation retains applied values and signed joule residual
2026-10-08T20:45:30.0530310Z   ---
2026-10-08T20:45:30.0533137Z   duration_ms: 1.710311
2026-10-08T20:45:30.0533462Z   ...
2026-10-08T20:45:30.0534172Z # Subtest: sampling includes exact window endpoints with sufficient fastest-mode resolution
2026-10-08T20:45:30.0535287Z ok 418 - sampling includes exact window endpoints with sufficient fastest-mode resolution
2026-10-08T20:45:30.0535961Z   ---
2026-10-08T20:45:30.0536260Z   duration_ms: 56.843424
2026-10-08T20:45:30.0536601Z   ...
2026-10-08T20:45:30.0537311Z # Subtest: standalone parity is exact; refused content and publication preserve prior state
2026-10-08T20:45:30.0538413Z ok 419 - standalone parity is exact; refused content and publication preserve prior state
2026-10-08T20:45:30.0539400Z   ---
2026-10-08T20:45:30.0539828Z   duration_ms: 39.793266
2026-10-08T20:45:30.0540159Z   ...
2026-10-08T20:45:30.0540803Z # Subtest: lesson literals remain exact data during standalone substitution
2026-10-08T20:45:30.0541805Z ok 420 - lesson literals remain exact data during standalone substitution
2026-10-08T20:45:30.0542456Z   ---
2026-10-08T20:45:30.0543059Z   duration_ms: 20.336917
2026-10-08T20:45:30.0543454Z   ...
2026-10-08T20:45:30.0544060Z # Subtest: small dyadic arithmetic keeps exact operand and result values
2026-10-08T20:45:30.0545231Z ok 421 - small dyadic arithmetic keeps exact operand and result values
2026-10-08T20:45:30.0545750Z   ---
2026-10-08T20:45:30.0546049Z   duration_ms: 2.831783
2026-10-08T20:45:30.0546393Z   ...
2026-10-08T20:45:30.0573995Z # Subtest: decimal sum retains exact conversion and operation contributions
2026-10-08T20:45:30.0614750Z ok 422 - decimal sum retains exact conversion and operation contributions
2026-10-08T20:45:30.0615672Z   ---
2026-10-08T20:45:30.0616225Z   duration_ms: 0.555979
2026-10-08T20:45:30.0616761Z   ...
2026-10-08T20:45:30.0617602Z # Subtest: conversion can erase a difference while subtraction itself is exact
2026-10-08T20:45:30.0618841Z ok 423 - conversion can erase a difference while subtraction itself is exact
2026-10-08T20:45:30.0619676Z   ---
2026-10-08T20:45:30.0620160Z   duration_ms: 0.403989
2026-10-08T20:45:30.0620667Z   ...
2026-10-08T20:45:30.0621349Z # Subtest: operation rounding can lose an exact integer step
2026-10-08T20:45:30.0622241Z ok 424 - operation rounding can lose an exact integer step
2026-10-08T20:45:30.0623088Z   ---
2026-10-08T20:45:30.0623555Z   duration_ms: 0.514616
2026-10-08T20:45:30.0624059Z   ...
2026-10-08T20:45:30.0624908Z # Subtest: nonzero signed contributions can cancel at an exactly represented result
2026-10-08T20:45:30.0626182Z ok 425 - nonzero signed contributions can cancel at an exactly represented result
2026-10-08T20:45:30.0627145Z   ---
2026-10-08T20:45:30.0627646Z   duration_ms: 0.489169
2026-10-08T20:45:30.0628154Z   ...
2026-10-08T20:45:30.0629439Z # Subtest: individual exact integers outside the safe interval are kept distinct from the API guarantee
2026-10-08T20:45:30.0630933Z ok 426 - individual exact integers outside the safe interval are kept distinct from the API guarantee
2026-10-08T20:45:30.0631845Z   ---
2026-10-08T20:45:30.0632324Z   duration_ms: 2.088732
2026-10-08T20:45:30.0633010Z   ...
2026-10-08T20:45:30.0633751Z # Subtest: signs, exact raw strings and negative zero remain explicit
2026-10-08T20:45:30.0634767Z ok 427 - signs, exact raw strings and negative zero remain explicit
2026-10-08T20:45:30.0635481Z   ---
2026-10-08T20:45:30.0635953Z   duration_ms: 0.449769
2026-10-08T20:45:30.0636464Z   ...
2026-10-08T20:45:30.0637292Z # Subtest: the declared decimal input bounds admit edges and refuse other syntax
2026-10-08T20:45:30.0638453Z ok 428 - the declared decimal input bounds admit edges and refuse other syntax
2026-10-08T20:45:30.0639257Z   ---
2026-10-08T20:45:30.0639726Z   duration_ms: 2.010454
2026-10-08T20:45:30.0640234Z   ...
2026-10-08T20:45:30.0641047Z # Subtest: worked records are complete, deterministic and deeply immutable
2026-10-08T20:45:30.0642124Z ok 429 - worked records are complete, deterministic and deeply immutable
2026-10-08T20:45:30.0643124Z   ---
2026-10-08T20:45:30.0643606Z   duration_ms: 3.100789
2026-10-08T20:45:30.0644102Z   ...
2026-10-08T20:45:30.0645051Z # Subtest: the original lesson passes the unchanged native deck contract with exact export parity
2026-10-08T20:45:30.0646417Z ok 430 - the original lesson passes the unchanged native deck contract with exact export parity
2026-10-08T20:45:30.0647287Z   ---
2026-10-08T20:45:30.0647751Z   duration_ms: 16.956086
2026-10-08T20:45:30.0648260Z   ...
2026-10-08T20:45:30.0649220Z # Subtest: language-specific worked examples agree with actual native Number and BigInt operations
2026-10-08T20:45:30.0650603Z ok 431 - language-specific worked examples agree with actual native Number and BigInt operations
2026-10-08T20:45:30.0651826Z   ---
2026-10-08T20:45:30.0652316Z   duration_ms: 0.377259
2026-10-08T20:45:30.0653020Z   ...
2026-10-08T20:45:30.0653813Z # Subtest: the directly openable explorer is an exact build of its native inputs
2026-10-08T20:45:30.0654953Z ok 432 - the directly openable explorer is an exact build of its native inputs
2026-10-08T20:45:30.0655721Z   ---
2026-10-08T20:45:30.0656203Z   duration_ms: 54.028276
2026-10-08T20:45:30.0656718Z   ...
2026-10-08T20:45:30.0657445Z # Subtest: embedded lesson download preserves exact source bytes
2026-10-08T20:45:30.0658412Z ok 433 - embedded lesson download preserves exact source bytes
2026-10-08T20:45:30.0659106Z   ---
2026-10-08T20:45:30.0659574Z   duration_ms: 16.36243
2026-10-08T20:45:30.0660090Z   ...
2026-10-08T20:45:30.0933421Z # Subtest: pack preserves exact raw bytes in one deterministic, directly openable folder
2026-10-08T20:45:30.0934663Z ok 434 - pack preserves exact raw bytes in one deterministic, directly openable folder
2026-10-08T20:45:30.0950186Z   ---
2026-10-08T20:45:30.0950719Z   duration_ms: 331.551225
2026-10-08T20:45:30.0951214Z   ...
2026-10-08T20:45:30.0951948Z # Subtest: --check refuses missing and stale artifacts without creating or changing files
2026-10-08T20:45:30.0953504Z ok 435 - --check refuses missing and stale artifacts without creating or changing files
2026-10-08T20:45:30.0954572Z   ---
2026-10-08T20:45:30.0958557Z   duration_ms: 260.91658
2026-10-08T20:45:30.0959183Z   ...
2026-10-08T20:45:30.1932675Z # Subtest: invalid arguments are refused before publication or input access
2026-10-08T20:45:30.1935366Z     # Subtest: ["--help"]
2026-10-08T20:45:30.1935909Z     ok 1 - ["--help"]
2026-10-08T20:45:30.1936263Z       ---
2026-10-08T20:45:30.1936579Z       duration_ms: 100.054743
2026-10-08T20:45:30.1936932Z       ...
2026-10-08T20:45:30.2588468Z     # Subtest: ["extra"]
2026-10-08T20:45:30.2593564Z     ok 2 - ["extra"]
2026-10-08T20:45:30.2594160Z       ---
2026-10-08T20:45:30.2594706Z       duration_ms: 64.6843
2026-10-08T20:45:30.2595256Z       ...
2026-10-08T20:45:30.3229745Z     # Subtest: ["--check","extra"]
2026-10-08T20:45:30.3231703Z     ok 3 - ["--check","extra"]
2026-10-08T20:45:30.3232259Z       ---
2026-10-08T20:45:30.3233259Z       duration_ms: 64.562291
2026-10-08T20:45:30.3233747Z       ...
2026-10-08T20:45:30.3933097Z     # Subtest: ["--check","--check"]
2026-10-08T20:45:30.3936346Z     ok 4 - ["--check","--check"]
2026-10-08T20:45:30.3949733Z       ---
2026-10-08T20:45:30.3954832Z       duration_ms: 69.985273
2026-10-08T20:45:30.3955430Z       ...
2026-10-08T20:45:30.4609411Z     # Subtest: [""]
2026-10-08T20:45:30.4610869Z     ok 5 - [""]
2026-10-08T20:45:30.4611397Z       ---
2026-10-08T20:45:30.4611889Z       duration_ms: 66.198581
2026-10-08T20:45:30.4612431Z       ...
2026-10-08T20:45:30.4613468Z     1..5
2026-10-08T20:45:30.4614232Z ok 436 - invalid arguments are refused before publication or input access
2026-10-08T20:45:30.4615062Z   ---
2026-10-08T20:45:30.4615572Z   duration_ms: 367.045052
2026-10-08T20:45:30.4616098Z   ...
2026-10-08T20:45:30.5527430Z # Subtest: invalid registration never replaces a previous archive
2026-10-08T20:45:30.5536494Z     # Subtest: []
2026-10-08T20:45:30.5537280Z     ok 1 - []
2026-10-08T20:45:30.5537820Z       ---
2026-10-08T20:45:30.5547273Z       duration_ms: 88.11981
2026-10-08T20:45:30.5547912Z       ...
2026-10-08T20:45:30.6344116Z     # Subtest: ["courses/z-course.json","courses/z-course.json"]
2026-10-08T20:45:30.6344891Z     ok 2 - ["courses/z-course.json","courses/z-course.json"]
2026-10-08T20:45:30.6345396Z       ---
2026-10-08T20:45:30.6345719Z       duration_ms: 84.215779
2026-10-08T20:45:30.6346078Z       ...
2026-10-08T20:45:30.7193869Z     # Subtest: ["../outside.json"]
2026-10-08T20:45:30.7195067Z     ok 3 - ["../outside.json"]
2026-10-08T20:45:30.7195508Z       ---
2026-10-08T20:45:30.7195860Z       duration_ms: 84.936387
2026-10-08T20:45:30.7196239Z       ...
2026-10-08T20:45:30.7962307Z     # Subtest: ["/outside.json"]
2026-10-08T20:45:30.7963673Z     ok 4 - ["/outside.json"]
2026-10-08T20:45:30.7964306Z       ---
2026-10-08T20:45:30.7964932Z       duration_ms: 77.123815
2026-10-08T20:45:30.7965418Z       ...
2026-10-08T20:45:30.8565406Z     # Subtest: ["courses/sub/file.json"]
2026-10-08T20:45:30.8569195Z     ok 5 - ["courses/sub/file.json"]
2026-10-08T20:45:30.8570040Z       ---
2026-10-08T20:45:30.8570621Z       duration_ms: 60.232228
2026-10-08T20:45:30.8571281Z       ...
2026-10-08T20:45:30.9283140Z     # Subtest: ["courses\\\\file.json"]
2026-10-08T20:45:30.9288051Z     ok 6 - ["courses\\\\file.json"]
2026-10-08T20:45:30.9288896Z       ---
2026-10-08T20:45:30.9289449Z       duration_ms: 71.82922
2026-10-08T20:45:30.9289967Z       ...
2026-10-08T20:45:30.9895927Z     # Subtest: [null]
2026-10-08T20:45:30.9899962Z     ok 7 - [null]
2026-10-08T20:45:30.9901186Z       ---
2026-10-08T20:45:30.9902178Z       duration_ms: 61.342278
2026-10-08T20:45:30.9903066Z       ...
2026-10-08T20:45:31.0647783Z     # Subtest: {"courses":["courses/a-course.json"]}
2026-10-08T20:45:31.0650993Z     ok 8 - {"courses":["courses/a-course.json"]}
2026-10-08T20:45:31.0652083Z       ---
2026-10-08T20:45:31.0653046Z       duration_ms: 74.391026
2026-10-08T20:45:31.0653666Z       ...
2026-10-08T20:45:31.1295374Z     # Subtest: ["courses/course-0.json","courses/course-1.json","courses/course-2.json","courses/course-3.json","co
2026-10-08T20:45:31.1304132Z     ok 9 - ["courses/course-0.json","courses/course-1.json","courses/course-2.json","courses/course-3.json","co
2026-10-08T20:45:31.1306047Z       ---
2026-10-08T20:45:31.1309707Z       duration_ms: 64.175903
2026-10-08T20:45:31.1312094Z       ...
2026-10-08T20:45:31.1314518Z     1..9
2026-10-08T20:45:31.1318757Z ok 437 - invalid registration never replaces a previous archive
2026-10-08T20:45:31.1322063Z   ---
2026-10-08T20:45:31.1330476Z   duration_ms: 668.925729
2026-10-08T20:45:31.1344547Z   ...
2026-10-08T20:45:31.4374435Z # Subtest: catalog and course mismatches are rejected, then exact updated bytes can be published
2026-10-08T20:45:31.4376578Z ok 438 - catalog and course mismatches are rejected, then exact updated bytes can be published
2026-10-08T20:45:31.4377493Z   ---
2026-10-08T20:45:31.4377910Z   duration_ms: 307.415218
2026-10-08T20:45:31.4378369Z   ...
2026-10-08T20:45:31.5173571Z # Subtest: missing, malformed, oversized and linked inputs are refused before publishing
2026-10-08T20:45:31.5175327Z     # Subtest: missing learner
2026-10-08T20:45:31.5176230Z     ok 1 - missing learner
2026-10-08T20:45:31.5177183Z       ---
2026-10-08T20:45:31.5177742Z       duration_ms: 79.72946
2026-10-08T20:45:31.5178343Z       ...
2026-10-08T20:45:31.5790815Z     # Subtest: invalid UTF-8 learner
2026-10-08T20:45:31.5792189Z     ok 2 - invalid UTF-8 learner
2026-10-08T20:45:31.5793444Z       ---
2026-10-08T20:45:31.5794696Z       duration_ms: 62.28192
2026-10-08T20:45:31.5795323Z       ...
2026-10-08T20:45:31.6374077Z     # Subtest: invalid UTF-8 course
2026-10-08T20:45:31.6375083Z     ok 3 - invalid UTF-8 course
2026-10-08T20:45:31.6376512Z       ---
2026-10-08T20:45:31.6376983Z       duration_ms: 58.298651
2026-10-08T20:45:31.6377507Z       ...
2026-10-08T20:45:31.6945791Z     # Subtest: non-JSON course
2026-10-08T20:45:31.6946675Z     ok 4 - non-JSON course
2026-10-08T20:45:31.6947042Z       ---
2026-10-08T20:45:31.6947368Z       duration_ms: 56.943787
2026-10-08T20:45:31.6947729Z       ...
2026-10-08T20:45:31.7545379Z     # Subtest: oversized learner
2026-10-08T20:45:31.7545898Z     ok 5 - oversized learner
2026-10-08T20:45:31.7546278Z       ---
2026-10-08T20:45:31.7546591Z       duration_ms: 59.705443
2026-10-08T20:45:31.7546955Z       ...
2026-10-08T20:45:31.8117596Z     # Subtest: missing catalog data
2026-10-08T20:45:31.8118145Z     ok 6 - missing catalog data
2026-10-08T20:45:31.8118537Z       ---
2026-10-08T20:45:31.8118861Z       duration_ms: 57.074804
2026-10-08T20:45:31.8119246Z       ...
2026-10-08T20:45:31.8681502Z     # Subtest: duplicate catalog data
2026-10-08T20:45:31.8682096Z     ok 7 - duplicate catalog data
2026-10-08T20:45:31.8682920Z       ---
2026-10-08T20:45:31.8683151Z       duration_ms: 56.28327
2026-10-08T20:45:31.8683406Z       ...
2026-10-08T20:45:31.9257840Z     # Subtest: wrong catalog data element
2026-10-08T20:45:31.9258424Z     ok 8 - wrong catalog data element
2026-10-08T20:45:31.9258854Z       ---
2026-10-08T20:45:31.9259195Z       duration_ms: 57.450747
2026-10-08T20:45:31.9259558Z       ...
2026-10-08T20:45:31.9776269Z     # Subtest: course symlink
2026-10-08T20:45:31.9777130Z     ok 9 - course symlink
2026-10-08T20:45:31.9777747Z       ---
2026-10-08T20:45:31.9778081Z       duration_ms: 51.754191
2026-10-08T20:45:31.9778432Z       ...
2026-10-08T20:45:32.0335268Z     # Subtest: output symlink
2026-10-08T20:45:32.0335974Z     ok 10 - output symlink
2026-10-08T20:45:32.0336374Z       ---
2026-10-08T20:45:32.0336917Z       duration_ms: 55.678508
2026-10-08T20:45:32.0337301Z       ...
2026-10-08T20:45:32.0910810Z     # Subtest: output directory
2026-10-08T20:45:32.0911330Z     ok 11 - output directory
2026-10-08T20:45:32.0911781Z       ---
2026-10-08T20:45:32.0912124Z       duration_ms: 56.716443
2026-10-08T20:45:32.0912670Z       ...
2026-10-08T20:45:32.0912942Z     1..11
2026-10-08T20:45:32.0913548Z ok 439 - missing, malformed, oversized and linked inputs are refused before publishing
2026-10-08T20:45:32.0913991Z   ---
2026-10-08T20:45:32.0914201Z   duration_ms: 654.194591
2026-10-08T20:45:32.0914427Z   ...
2026-10-08T20:45:32.1519468Z # Subtest: write synchronization and atomic replacement failures keep the previous archive and clean temporary files
2026-10-08T20:45:32.1520457Z     # Subtest: fsync
2026-10-08T20:45:32.1520900Z     ok 1 - fsync
2026-10-08T20:45:32.1521231Z       ---
2026-10-08T20:45:32.1523226Z       duration_ms: 60.847626
2026-10-08T20:45:32.1523598Z       ...
2026-10-08T20:45:32.2662769Z     # Subtest: replace
2026-10-08T20:45:32.2663435Z     ok 2 - replace
2026-10-08T20:45:32.2663821Z       ---
2026-10-08T20:45:32.2664230Z       duration_ms: 62.776196
2026-10-08T20:45:32.2664685Z       ...
2026-10-08T20:45:32.2664896Z     1..2
2026-10-08T20:45:32.2665816Z ok 440 - write synchronization and atomic replacement failures keep the previous archive and clean temporary files
2026-10-08T20:45:32.2666406Z   ---
2026-10-08T20:45:32.2666628Z   duration_ms: 124.221605
2026-10-08T20:45:32.2666995Z   ...
2026-10-08T20:45:32.2667536Z # Subtest: committed offline pack matches the current compiled pages and registered courses
2026-10-08T20:45:32.2668290Z ok 441 - committed offline pack matches the current compiled pages and registered courses
2026-10-08T20:45:32.2668770Z   ---
2026-10-08T20:45:32.2668985Z   duration_ms: 51.269275
2026-10-08T20:45:32.2669273Z   ...
2026-10-08T20:45:32.2813899Z # Subtest: the original phasor course meets the complete native deck contract
2026-10-08T20:45:32.2815354Z ok 442 - the original phasor course meets the complete native deck contract
2026-10-08T20:45:32.2816221Z   ---
2026-10-08T20:45:32.2816788Z   duration_ms: 4.428892
2026-10-08T20:45:32.2817384Z   ...
2026-10-08T20:45:32.2818439Z # Subtest: the unchanged native selector reaches every imported item with bounded mastery estimates
2026-10-08T20:45:32.2819898Z ok 443 - the unchanged native selector reaches every imported item with bounded mastery estimates
2026-10-08T20:45:32.2820876Z   ---
2026-10-08T20:45:32.2821404Z   duration_ms: 16.238782
2026-10-08T20:45:32.2821966Z   ...
2026-10-08T20:45:32.2823120Z # Subtest: course answer identities agree with the separately solved blind receiving key
2026-10-08T20:45:32.2824469Z ok 444 - course answer identities agree with the separately solved blind receiving key
2026-10-08T20:45:32.2825365Z   ---
2026-10-08T20:45:32.2825880Z   duration_ms: 0.508167
2026-10-08T20:45:32.2826427Z   ...
2026-10-08T20:45:32.2827413Z # Subtest: the 3 + 4i example has amplitude five and the independently derived cosine projections
2026-10-08T20:45:32.2828800Z ok 445 - the 3 + 4i example has amplitude five and the independently derived cosine projections
2026-10-08T20:45:32.2830156Z   ---
2026-10-08T20:45:32.2830668Z   duration_ms: 3.91726
2026-10-08T20:45:32.2831224Z   ...
2026-10-08T20:45:32.2832151Z # Subtest: admission refuses omitted, blank, nonfinite, coerced and out-of-range settings
2026-10-08T20:45:32.2833642Z ok 446 - admission refuses omitted, blank, nonfinite, coerced and out-of-range settings
2026-10-08T20:45:32.2834531Z   ---
2026-10-08T20:45:32.2835053Z   duration_ms: 10.753996
2026-10-08T20:45:32.2835666Z   ...
2026-10-08T20:45:32.2836687Z # Subtest: equal opposite waves cancel exactly at arbitrary common rotations and both half-turn signs
2026-10-08T20:45:32.2838169Z ok 447 - equal opposite waves cancel exactly at arbitrary common rotations and both half-turn signs
2026-10-08T20:45:32.2839131Z   ---
2026-10-08T20:45:32.2839644Z   duration_ms: 3.769207
2026-10-08T20:45:32.2840183Z   ...
2026-10-08T20:45:32.2841130Z # Subtest: zero input and one absent component have distinct well-defined amplitude behavior
2026-10-08T20:45:32.2843152Z ok 448 - zero input and one absent component have distinct well-defined amplitude behavior
2026-10-08T20:45:32.2844036Z   ---
2026-10-08T20:45:32.2844572Z   duration_ms: 1.513373
2026-10-08T20:45:32.2845130Z   ...
2026-10-08T20:45:32.2846068Z # Subtest: a small real residual is retained instead of being relabeled exact cancellation
2026-10-08T20:45:32.2847369Z ok 449 - a small real residual is retained instead of being relabeled exact cancellation
2026-10-08T20:45:32.2848233Z   ---
2026-10-08T20:45:32.2848751Z   duration_ms: 1.585222
2026-10-08T20:45:32.2849299Z   ...
2026-10-08T20:45:32.2850298Z # Subtest: common rotation preserves magnitude and cycle average while moving the real projection
2026-10-08T20:45:32.2851734Z ok 450 - common rotation preserves magnitude and cycle average while moving the real projection
2026-10-08T20:45:32.2852859Z   ---
2026-10-08T20:45:32.2853384Z   duration_ms: 0.647988
2026-10-08T20:45:32.2853930Z   ...
2026-10-08T20:45:32.2854901Z # Subtest: principal phase respects the branch cut and zero never acquires a fabricated angle
2026-10-08T20:45:32.2856297Z ok 451 - principal phase respects the branch cut and zero never acquires a fabricated angle
2026-10-08T20:45:32.2857474Z   ---
2026-10-08T20:45:32.2858009Z   duration_ms: 1.218719
2026-10-08T20:45:32.2858545Z   ...
2026-10-08T20:45:32.2859545Z # Subtest: independent real-signal equations, amplitude law and full-cycle numerical averages agree
2026-10-08T20:45:32.2861033Z ok 452 - independent real-signal equations, amplitude law and full-cycle numerical averages agree
2026-10-08T20:45:32.2861966Z   ---
2026-10-08T20:45:32.2862634Z   duration_ms: 71.128939
2026-10-08T20:45:32.2863196Z   ...
2026-10-08T20:45:32.2864106Z # Subtest: changing frequency changes seconds but keeps every fixed-cycle signal value
2026-10-08T20:45:32.2865386Z ok 453 - changing frequency changes seconds but keeps every fixed-cycle signal value
2026-10-08T20:45:32.2866256Z   ---
2026-10-08T20:45:32.2866758Z   duration_ms: 0.792366
2026-10-08T20:45:32.2867297Z   ...
2026-10-08T20:45:32.2868135Z # Subtest: cursor changes select a point without rewriting the two-cycle trace
2026-10-08T20:45:32.2869326Z ok 454 - cursor changes select a point without rewriting the two-cycle trace
2026-10-08T20:45:32.2870197Z   ---
2026-10-08T20:45:32.2870729Z   duration_ms: 0.830784
2026-10-08T20:45:32.2871275Z   ...
2026-10-08T20:45:32.2872142Z # Subtest: a snapshot copies inputs and freezes all nested numerical results
2026-10-08T20:45:32.2873493Z ok 455 - a snapshot copies inputs and freezes all nested numerical results
2026-10-08T20:45:32.2874304Z   ---
2026-10-08T20:45:32.2874859Z   duration_ms: 0.438351
2026-10-08T20:45:32.2875407Z   ...
2026-10-08T20:45:32.2876430Z # Subtest: JSON exports the checked snapshot, explicit assumptions and undefined zero phase as null
2026-10-08T20:45:32.2877888Z ok 456 - JSON exports the checked snapshot, explicit assumptions and undefined zero phase as null
2026-10-08T20:45:32.2878827Z   ---
2026-10-08T20:45:32.2879343Z   duration_ms: 6.151201
2026-10-08T20:45:32.2879891Z   ...
2026-10-08T20:45:32.2881103Z # Subtest: CSV preserves all 129 full-precision samples and all six experiment settings
2026-10-08T20:45:32.2882415Z ok 457 - CSV preserves all 129 full-precision samples and all six experiment settings
2026-10-08T20:45:32.2883993Z   ---
2026-10-08T20:45:32.2884508Z   duration_ms: 2.122312
2026-10-08T20:45:32.2885066Z   ...
2026-10-08T20:45:32.2885935Z # Subtest: display formatting retains zero sign policy and small nonzero values
2026-10-08T20:45:32.2887138Z ok 458 - display formatting retains zero sign policy and small nonzero values
2026-10-08T20:45:32.2887952Z   ---
2026-10-08T20:45:32.2888464Z   duration_ms: 0.208474
2026-10-08T20:45:32.2889007Z   ...
2026-10-08T20:45:32.2889901Z # Subtest: constant rate accumulates with units and negative rate retains direction
2026-10-08T20:45:32.2891138Z ok 459 - constant rate accumulates with units and negative rate retains direction
2026-10-08T20:45:32.2891967Z   ---
2026-10-08T20:45:32.2892769Z   duration_ms: 5.240146
2026-10-08T20:45:32.2893346Z   ...
2026-10-08T20:45:32.2894232Z # Subtest: out-and-back prefixes retain signed and absolute accumulation separately
2026-10-08T20:45:32.2895472Z ok 460 - out-and-back prefixes retain signed and absolute accumulation separately
2026-10-08T20:45:32.2896304Z   ---
2026-10-08T20:45:32.2896810Z   duration_ms: 2.233791
2026-10-08T20:45:32.2897359Z   ...
2026-10-08T20:45:32.2898116Z # Subtest: an interior zero is split before distance accumulation
2026-10-08T20:45:32.2899185Z ok 461 - an interior zero is split before distance accumulation
2026-10-08T20:45:32.2899905Z   ---
2026-10-08T20:45:32.2900403Z   duration_ms: 1.65708
2026-10-08T20:45:32.2900947Z   ...
2026-10-08T20:45:32.2901687Z # Subtest: a non-grid zero retains exact rational area
2026-10-08T20:45:32.2902736Z ok 462 - a non-grid zero retains exact rational area
2026-10-08T20:45:32.2903499Z   ---
2026-10-08T20:45:32.2904004Z   duration_ms: 0.567747
2026-10-08T20:45:32.2904589Z   ...
2026-10-08T20:45:32.2905397Z # Subtest: zero duration, complete rest and touching zero are distinct
2026-10-08T20:45:32.2906477Z ok 463 - zero duration, complete rest and touching zero are distinct
2026-10-08T20:45:32.2907481Z   ---
2026-10-08T20:45:32.2908009Z   duration_ms: 0.644362
2026-10-08T20:45:32.2908560Z   ...
2026-10-08T20:45:32.2909498Z # Subtest: acceleration records corners, straight inserted knots and one-sided boundaries
2026-10-08T20:45:32.2910837Z ok 464 - acceleration records corners, straight inserted knots and one-sided boundaries
2026-10-08T20:45:32.2911716Z   ---
2026-10-08T20:45:32.2912215Z   duration_ms: 1.639634
2026-10-08T20:45:32.2913186Z   ...
2026-10-08T20:45:32.2914200Z # Subtest: covered segment rows agree with manually worked rest and cruise prefixes
2026-10-08T20:45:32.2915444Z ok 465 - covered segment rows agree with manually worked rest and cruise prefixes
2026-10-08T20:45:32.2916332Z   ---
2026-10-08T20:45:32.2916858Z   duration_ms: 1.297207
2026-10-08T20:45:32.2917403Z   ...
2026-10-08T20:45:32.2918337Z # Subtest: sign reversal negates signed values but preserves distance over many prefixes
2026-10-08T20:45:32.2919640Z ok 466 - sign reversal negates signed values but preserves distance over many prefixes
2026-10-08T20:45:32.2920517Z   ---
2026-10-08T20:45:32.2921031Z   duration_ms: 54.501531
2026-10-08T20:45:32.2921596Z   ...
2026-10-08T20:45:32.2922767Z # Subtest: all declared edges are admitted and all invalid inputs are refused before a result
2026-10-08T20:45:32.2924102Z ok 467 - all declared edges are admitted and all invalid inputs are refused before a result
2026-10-08T20:45:32.2924996Z   ---
2026-10-08T20:45:32.2925512Z   duration_ms: 1.443808
2026-10-08T20:45:32.2926084Z   ...
2026-10-08T20:45:32.2926990Z # Subtest: records are immutable, deterministic and retain complete authored input
2026-10-08T20:45:32.2928226Z ok 468 - records are immutable, deterministic and retain complete authored input
2026-10-08T20:45:32.2929076Z   ---
2026-10-08T20:45:32.2929591Z   duration_ms: 1.191838
2026-10-08T20:45:32.2930137Z   ...
2026-10-08T20:45:32.2931334Z # Subtest: the original course passes unchanged deck admission and balanced answer positions
2026-10-08T20:45:32.2932840Z ok 469 - the original course passes unchanged deck admission and balanced answer positions
2026-10-08T20:45:32.2933749Z   ---
2026-10-08T20:45:32.2934250Z   duration_ms: 19.992615
2026-10-08T20:45:32.2934813Z   ...
2026-10-08T20:45:32.2935579Z # Subtest: standalone parity and embedded exact course/guide bytes
2026-10-08T20:45:32.2936621Z ok 470 - standalone parity and embedded exact course/guide bytes
2026-10-08T20:45:32.2937386Z   ---
2026-10-08T20:45:32.2937894Z   duration_ms: 57.350775
2026-10-08T20:45:32.2938462Z   ...
2026-10-08T20:45:32.2939377Z # Subtest: circuit admission copies the four finite values and normalizes negative zero
2026-10-08T20:45:32.2940663Z ok 471 - circuit admission copies the four finite values and normalizes negative zero
2026-10-08T20:45:32.2941524Z   ---
2026-10-08T20:45:32.2942042Z   duration_ms: 2.875619
2026-10-08T20:45:32.2942837Z   ...
2026-10-08T20:45:32.2943768Z # Subtest: invalid records, nonfinite values and values outside each bound are refused
2026-10-08T20:45:32.2945069Z ok 472 - invalid records, nonfinite values and values outside each bound are refused
2026-10-08T20:45:32.2945924Z   ---
2026-10-08T20:45:32.2946447Z   duration_ms: 1.413622
2026-10-08T20:45:32.2946986Z   ...
2026-10-08T20:45:32.2947936Z # Subtest: text input accepts explicit decimals and exponent notation without empty coercion
2026-10-08T20:45:32.2949299Z ok 473 - text input accepts explicit decimals and exponent notation without empty coercion
2026-10-08T20:45:32.2950198Z   ---
2026-10-08T20:45:32.2950709Z   duration_ms: 0.731363
2026-10-08T20:45:32.2951246Z   ...
2026-10-08T20:45:32.2952178Z # Subtest: initial capacitor voltage is continuous and initial current uses the signed gap
2026-10-08T20:45:32.2953694Z ok 474 - initial capacitor voltage is continuous and initial current uses the signed gap
2026-10-08T20:45:32.2954581Z   ---
2026-10-08T20:45:32.2955103Z   duration_ms: 0.242596
2026-10-08T20:45:32.2955655Z   ...
2026-10-08T20:45:32.2956885Z # Subtest: discharge, reversed steps and a precharged source preserve current and power signs
2026-10-08T20:45:32.2958285Z ok 475 - discharge, reversed steps and a precharged source preserve current and power signs
2026-10-08T20:45:32.2959192Z   ---
2026-10-08T20:45:32.2959709Z   duration_ms: 0.553315
2026-10-08T20:45:32.2960255Z   ...
2026-10-08T20:45:32.2961057Z # Subtest: equilibrium retains stored energy while all transfers vanish
2026-10-08T20:45:32.2962139Z ok 476 - equilibrium retains stored energy while all transfers vanish
2026-10-08T20:45:32.2963155Z   ---
2026-10-08T20:45:32.2963666Z   duration_ms: 1.818524
2026-10-08T20:45:32.2964209Z   ...
2026-10-08T20:45:32.2965139Z # Subtest: resistance and capacitance scaling distinguish physical time from normalized time
2026-10-08T20:45:32.2966515Z ok 477 - resistance and capacitance scaling distinguish physical time from normalized time
2026-10-08T20:45:32.2967410Z   ---
2026-10-08T20:45:32.2967925Z   duration_ms: 0.375016
2026-10-08T20:45:32.2968478Z   ...
2026-10-08T20:45:32.2969266Z # Subtest: finite five-tau and eight-tau results retain a nonzero gap
2026-10-08T20:45:32.2970302Z ok 478 - finite five-tau and eight-tau results retain a nonzero gap
2026-10-08T20:45:32.2971052Z   ---
2026-10-08T20:45:32.2971562Z   duration_ms: 0.284069
2026-10-08T20:45:32.2972111Z   ...
2026-10-08T20:45:32.2973136Z # Subtest: tiny positive time retains a finite change and signed energy balance
2026-10-08T20:45:32.2974339Z ok 479 - tiny positive time retains a finite change and signed energy balance
2026-10-08T20:45:32.2975149Z   ---
2026-10-08T20:45:32.2975648Z   duration_ms: 0.677953
2026-10-08T20:45:32.2976193Z   ...
2026-10-08T20:45:32.2977062Z # Subtest: the trace is a frozen 161-sample applied snapshot including both endpoints
2026-10-08T20:45:32.2978304Z ok 480 - the trace is a frozen 161-sample applied snapshot including both endpoints
2026-10-08T20:45:32.2979208Z   ---
2026-10-08T20:45:32.2980070Z   duration_ms: 3.175942
2026-10-08T20:45:32.2980617Z   ...
2026-10-08T20:45:32.2981598Z # Subtest: observation JSON keeps applied inputs, SI units and full-precision selected results
2026-10-08T20:45:32.2983134Z ok 481 - observation JSON keeps applied inputs, SI units and full-precision selected results
2026-10-08T20:45:32.2984055Z   ---
2026-10-08T20:45:32.2984573Z   duration_ms: 7.561599
2026-10-08T20:45:32.2985116Z   ...
2026-10-08T20:45:32.2986154Z # Subtest: the original course validates in the unchanged parser with balanced concept coverage
2026-10-08T20:45:32.2987538Z ok 482 - the original course validates in the unchanged parser with balanced concept coverage
2026-10-08T20:45:32.2988429Z   ---
2026-10-08T20:45:32.2988942Z   duration_ms: 1.748038
2026-10-08T20:45:32.2989479Z   ...
2026-10-08T20:45:32.2990469Z # Subtest: the checked-in standalone lab matches its sources and preserves both download payloads
2026-10-08T20:45:32.2991883Z ok 483 - the checked-in standalone lab matches its sources and preserves both download payloads
2026-10-08T20:45:32.2993040Z   ---
2026-10-08T20:45:32.2993567Z   duration_ms: 4.208149
2026-10-08T20:45:32.2994120Z   ...
2026-10-08T20:45:32.2995049Z # Subtest: the twelve-question course is an exact native importer/serializer round trip
2026-10-08T20:45:32.2996333Z ok 484 - the twelve-question course is an exact native importer/serializer round trip
2026-10-08T20:45:32.2997214Z   ---
2026-10-08T20:45:32.2997729Z   duration_ms: 5.36219
2026-10-08T20:45:32.2998263Z   ...
2026-10-08T20:45:32.2999090Z # Subtest: base cases and the unreachable countdown use their declared inputs
2026-10-08T20:45:32.3000243Z ok 485 - base cases and the unreachable countdown use their declared inputs
2026-10-08T20:45:32.3001037Z   ---
2026-10-08T20:45:32.3001542Z   duration_ms: 0.441196
2026-10-08T20:45:32.3002080Z   ...
2026-10-08T20:45:32.3003315Z # Subtest: waiting-parent, completion-order and second-child answers preserve unfinished work
2026-10-08T20:45:32.3004697Z ok 486 - waiting-parent, completion-order and second-child answers preserve unfinished work
2026-10-08T20:45:32.3005632Z   ---
2026-10-08T20:45:32.3006389Z   duration_ms: 0.290428
2026-10-08T20:45:32.3006967Z   ...
2026-10-08T20:45:32.3007824Z # Subtest: chain and branching call counts agree with independent products and binomial sums
2026-10-08T20:45:32.3008683Z ok 487 - chain and branching call counts agree with independent products and binomial sums
2026-10-08T20:45:32.3009331Z   ---
2026-10-08T20:45:32.3009720Z   duration_ms: 0.306182
2026-10-08T20:45:32.3010103Z   ...
2026-10-08T20:45:32.3010712Z # Subtest: fresh-cache answers account for every invocation and preserve a stored zero
2026-10-08T20:45:32.3011542Z ok 488 - fresh-cache answers account for every invocation and preserve a stored zero
2026-10-08T20:45:32.3012123Z   ---
2026-10-08T20:45:32.3012718Z   duration_ms: 0.551893
2026-10-08T20:45:32.3013109Z   ...
2026-10-08T20:45:32.3013901Z # Subtest: every numeric Fibonacci guide row matches the separate reference
2026-10-08T20:45:32.3015109Z ok 489 - every numeric Fibonacci guide row matches the separate reference
2026-10-08T20:45:32.3015753Z   ---
2026-10-08T20:45:32.3016098Z   duration_ms: 0.445642
2026-10-08T20:45:32.3016495Z   ...
2026-10-08T20:45:32.3017329Z # Subtest: the existing author conversion can reopen and check every content field without loss
2026-10-08T20:45:32.3018493Z ok 490 - the existing author conversion can reopen and check every content field without loss
2026-10-08T20:45:32.3019213Z   ---
2026-10-08T20:45:32.3019529Z   duration_ms: 1.75674
2026-10-08T20:45:32.3019879Z   ...
2026-10-08T20:45:32.3020679Z # Subtest: actual selection, review, practice and study notes retain the imported answer identity
2026-10-08T20:45:32.3021933Z ok 491 - actual selection, review, practice and study notes retain the imported answer identity
2026-10-08T20:45:32.3022754Z   ---
2026-10-08T20:45:32.3022992Z   duration_ms: 19.668796
2026-10-08T20:45:32.3023346Z   ...
2026-10-08T20:45:32.3023862Z # Subtest: a damaged late answer or an explorer trace format is refused by the unmodified importer
2026-10-08T20:45:32.3024911Z ok 492 - a damaged late answer or an explorer trace format is refused by the unmodified importer
2026-10-08T20:45:32.3025400Z   ---
2026-10-08T20:45:32.3025621Z   duration_ms: 2.34609
2026-10-08T20:45:32.3025862Z   ...
2026-10-08T20:45:32.3026364Z # Subtest: all 33 bounded runs agree with independent numeric and invocation-count oracles
2026-10-08T20:45:32.3027063Z ok 493 - all 33 bounded runs agree with independent numeric and invocation-count oracles
2026-10-08T20:45:32.3027518Z   ---
2026-10-08T20:45:32.3027741Z   duration_ms: 78.712761
2026-10-08T20:45:32.3027993Z   ...
2026-10-08T20:45:32.3028619Z # Subtest: every prefix preserves stack identity, parent ownership, monotone counters, and exact return delivery
2026-10-08T20:45:32.3029549Z ok 494 - every prefix preserves stack identity, parent ownership, monotone counters, and exact return delivery
2026-10-08T20:45:32.3030095Z   ---
2026-10-08T20:45:32.3030309Z   duration_ms: 54.249276
2026-10-08T20:45:32.3030566Z   ...
2026-10-08T20:45:32.3031141Z # Subtest: factorial unwinds in actual return order and retains each multiplication until its child returns
2026-10-08T20:45:32.3032018Z ok 495 - factorial unwinds in actual return order and retains each multiplication until its child returns
2026-10-08T20:45:32.3032683Z   ---
2026-10-08T20:45:32.3032889Z   duration_ms: 0.698824
2026-10-08T20:45:32.3033152Z   ...
2026-10-08T20:45:32.3033667Z # Subtest: Fibonacci completes the left child first and preserves it across the right branch
2026-10-08T20:45:32.3034447Z ok 496 - Fibonacci completes the left child first and preserves it across the right branch
2026-10-08T20:45:32.3034952Z   ---
2026-10-08T20:45:32.3035176Z   duration_ms: 0.422838
2026-10-08T20:45:32.3035444Z   ...
2026-10-08T20:45:32.3036035Z # Subtest: memoization starts empty, caches bases, counts cache-hit frames, and never shares a previous run
2026-10-08T20:45:32.3036946Z ok 497 - memoization starts empty, caches bases, counts cache-hit frames, and never shares a previous run
2026-10-08T20:45:32.3037479Z   ---
2026-10-08T20:45:32.3037939Z   duration_ms: 2.468745
2026-10-08T20:45:32.3038227Z   ...
2026-10-08T20:45:32.3038878Z # Subtest: inspection is reversible, immutable, and exported cursor binds the exact displayed state
2026-10-08T20:45:32.3039827Z ok 498 - inspection is reversible, immutable, and exported cursor binds the exact displayed state
2026-10-08T20:45:32.3040280Z   ---
2026-10-08T20:45:32.3040477Z   duration_ms: 13.435086
2026-10-08T20:45:32.3040720Z   ...
2026-10-08T20:45:32.3041086Z # Subtest: invalid and ambiguous input is refused before tracing
2026-10-08T20:45:32.3041575Z ok 499 - invalid and ambiguous input is refused before tracing
2026-10-08T20:45:32.3042629Z   ---
2026-10-08T20:45:32.3042937Z   duration_ms: 0.700728
2026-10-08T20:45:32.3043239Z   ...
2026-10-08T20:45:32.3043724Z # Subtest: checked-in direct-file page reproduces exactly and contains no runtime module imports
2026-10-08T20:45:32.3044861Z ok 500 - checked-in direct-file page reproduces exactly and contains no runtime module imports
2026-10-08T20:45:32.3045503Z   ---
2026-10-08T20:45:32.3045781Z   duration_ms: 74.346559
2026-10-08T20:45:32.3046088Z   ...
2026-10-08T20:45:32.3046853Z # Subtest: question identity survives reordered review, edits and clearing without changing earlier notes
2026-10-08T20:45:32.3048068Z ok 501 - question identity survives reordered review, edits and clearing without changing earlier notes
2026-10-08T20:45:32.3048790Z   ---
2026-10-08T20:45:32.3049036Z   duration_ms: 2.481955
2026-10-08T20:45:32.3049329Z   ...
2026-10-08T20:45:32.3050024Z # Subtest: application writing is separate and a fresh session starts with every field empty
2026-10-08T20:45:32.3051054Z ok 502 - application writing is separate and a fresh session starts with every field empty
2026-10-08T20:45:32.3051657Z   ---
2026-10-08T20:45:32.3051930Z   duration_ms: 1.207562
2026-10-08T20:45:32.3052231Z   ...
2026-10-08T20:45:32.3053005Z # Subtest: unknown or duplicate question identities and non-text edits are refused
2026-10-08T20:45:32.3054162Z ok 503 - unknown or duplicate question identities and non-text edits are refused
2026-10-08T20:45:32.3054771Z   ---
2026-10-08T20:45:32.3055065Z   duration_ms: 0.374495
2026-10-08T20:45:32.3055397Z   ...
2026-10-08T20:45:32.3056279Z # Subtest: actual study notes bind writing to questions while retaining native review, estimates and a paused retry
2026-10-08T20:45:32.3057553Z ok 504 - actual study notes bind writing to questions while retaining native review, estimates and a paused retry
2026-10-08T20:45:32.3058246Z   ---
2026-10-08T20:45:32.3058507Z   duration_ms: 3.000136
2026-10-08T20:45:32.3058798Z   ...
2026-10-08T20:45:32.3059509Z # Subtest: actual export uses the most recent edit and represents cleared fields as unwritten
2026-10-08T20:45:32.3060548Z ok 505 - actual export uses the most recent edit and represents cleared fields as unwritten
2026-10-08T20:45:32.3061229Z   ---
2026-10-08T20:45:32.3061526Z   duration_ms: 1.674767
2026-10-08T20:45:32.3061863Z   ...
2026-10-08T20:45:32.3062899Z # Subtest: export refuses missing, duplicate or foreign notebook identities instead of attaching notes by position
2026-10-08T20:45:32.3064330Z ok 506 - export refuses missing, duplicate or foreign notebook identities instead of attaching notes by position
2026-10-08T20:45:32.3065079Z   ---
2026-10-08T20:45:32.3065359Z   duration_ms: 0.780628
2026-10-08T20:45:32.3065678Z   ...
2026-10-08T20:45:32.3066640Z # Subtest: study notes retain the displayed imported-course application prompt without changing notebook or first-session data
2026-10-08T20:45:32.3067812Z ok 507 - study notes retain the displayed imported-course application prompt without changing notebook or first-session data
2026-10-08T20:45:32.3068345Z   ---
2026-10-08T20:45:32.3068536Z   duration_ms: 0.807899
2026-10-08T20:45:32.3068742Z   ...
2026-10-08T20:45:32.3069166Z # Subtest: a notebook export refuses a missing or non-text displayed application prompt
2026-10-08T20:45:32.3069799Z ok 508 - a notebook export refuses a missing or non-text displayed application prompt
2026-10-08T20:45:32.3070840Z   ---
2026-10-08T20:45:32.3071137Z   duration_ms: 0.50989
2026-10-08T20:45:32.3071453Z   ...
2026-10-08T20:45:32.3071993Z # Subtest: review preserves session order and the actual chosen answer
2026-10-08T20:45:32.3072962Z ok 509 - review preserves session order and the actual chosen answer
2026-10-08T20:45:32.3073322Z   ---
2026-10-08T20:45:32.3073524Z   duration_ms: 2.426751
2026-10-08T20:45:32.3073745Z   ...
2026-10-08T20:45:32.3074133Z # Subtest: review is an immutable snapshot independent of mutable input arrays
2026-10-08T20:45:32.3074689Z ok 510 - review is an immutable snapshot independent of mutable input arrays
2026-10-08T20:45:32.3075045Z   ---
2026-10-08T20:45:32.3075234Z   duration_ms: 0.686936
2026-10-08T20:45:32.3075449Z   ...
2026-10-08T20:45:32.3075810Z # Subtest: a review rejects unknown, duplicate, or invalid first answers
2026-10-08T20:45:32.3076328Z ok 511 - a review rejects unknown, duplicate, or invalid first answers
2026-10-08T20:45:32.3076671Z   ---
2026-10-08T20:45:32.3076869Z   duration_ms: 0.499284
2026-10-08T20:45:32.3077084Z   ...
2026-10-08T20:45:32.3077505Z # Subtest: practice includes only initially missed questions in first-attempt order
2026-10-08T20:45:32.3078128Z ok 512 - practice includes only initially missed questions in first-attempt order
2026-10-08T20:45:32.3078523Z   ---
2026-10-08T20:45:32.3078718Z   duration_ms: 0.456028
2026-10-08T20:45:32.3078936Z   ...
2026-10-08T20:45:32.3079391Z # Subtest: correct and incorrect retries remain separate from the immutable original trace
2026-10-08T20:45:32.3080052Z ok 513 - correct and incorrect retries remain separate from the immutable original trace
2026-10-08T20:45:32.3080457Z   ---
2026-10-08T20:45:32.3080650Z   duration_ms: 0.553545
2026-10-08T20:45:32.3080862Z   ...
2026-10-08T20:45:32.3081354Z # Subtest: practice resumes at the next unanswered question and refuses duplicate or out-of-order writes
2026-10-08T20:45:32.3082315Z ok 514 - practice resumes at the next unanswered question and refuses duplicate or out-of-order writes
2026-10-08T20:45:32.3082966Z   ---
2026-10-08T20:45:32.3083165Z   duration_ms: 0.428687
2026-10-08T20:45:32.3083375Z   ...
2026-10-08T20:45:32.3083711Z # Subtest: an all-correct or empty review has no practice question
2026-10-08T20:45:32.3084190Z ok 515 - an all-correct or empty review has no practice question
2026-10-08T20:45:32.3084513Z   ---
2026-10-08T20:45:32.3084698Z   duration_ms: 0.361326
2026-10-08T20:45:32.3084905Z   ...
2026-10-08T20:45:32.3085418Z # Subtest: the original course survives native validation and serialization with complete connected content
2026-10-08T20:45:32.3086199Z ok 516 - the original course survives native validation and serialization with complete connected content
2026-10-08T20:45:32.3086654Z   ---
2026-10-08T20:45:32.3086849Z   duration_ms: 4.249071
2026-10-08T20:45:32.3087059Z   ...
2026-10-08T20:45:32.3087541Z # Subtest: native item selection reaches all twelve questions and can prioritize the weak sample clock
2026-10-08T20:45:32.3088275Z ok 517 - native item selection reaches all twelve questions and can prioritize the weak sample clock
2026-10-08T20:45:32.3088707Z   ---
2026-10-08T20:45:32.3088898Z   duration_ms: 16.142265
2026-10-08T20:45:32.3089127Z   ...
2026-10-08T20:45:32.3089593Z # Subtest: answer text matches independently stated calculations and explicit sampling assumptions
2026-10-08T20:45:32.3090313Z ok 518 - answer text matches independently stated calculations and explicit sampling assumptions
2026-10-08T20:45:32.3090739Z   ---
2026-10-08T20:45:32.3090929Z   duration_ms: 0.409678
2026-10-08T20:45:32.3091137Z   ...
2026-10-08T20:45:32.3091630Z # Subtest: each supported sample clock uses inclusive endpoints and an actually different matching cosine
2026-10-08T20:45:32.3092381Z ok 519 - each supported sample clock uses inclusive endpoints and an actually different matching cosine
2026-10-08T20:45:32.3092995Z   ---
2026-10-08T20:45:32.3093185Z   duration_ms: 15.473837
2026-10-08T20:45:32.3093398Z   ...
2026-10-08T20:45:32.3094080Z # Subtest: DC, reflected aliases, the half-rate and input limits preserve their distinct meaning
2026-10-08T20:45:32.3094772Z ok 520 - DC, reflected aliases, the half-rate and input limits preserve their distinct meaning
2026-10-08T20:45:32.3095186Z   ---
2026-10-08T20:45:32.3095379Z   duration_ms: 0.458161
2026-10-08T20:45:32.3095586Z   ...
2026-10-08T20:45:32.3096034Z # Subtest: invalid numerical input is refused and snapshots cannot be changed after observation
2026-10-08T20:45:32.3096714Z ok 521 - invalid numerical input is refused and snapshots cannot be changed after observation
2026-10-08T20:45:32.3097124Z   ---
2026-10-08T20:45:32.3097312Z   duration_ms: 1.526663
2026-10-08T20:45:32.3097521Z   ...
2026-10-08T20:45:32.3098016Z # Subtest: CSV carries full precision and current parameter identity, ignoring supplied forged sample rows
2026-10-08T20:45:32.3098773Z ok 522 - CSV carries full precision and current parameter identity, ignoring supplied forged sample rows
2026-10-08T20:45:32.3099237Z   ---
2026-10-08T20:45:32.3099425Z   duration_ms: 1.479041
2026-10-08T20:45:32.3099634Z   ...
2026-10-08T20:45:32.3100115Z # Subtest: notes retain the actual first choices, session order, corrections, transfers, and attribution
2026-10-08T20:45:32.3100845Z ok 523 - notes retain the actual first choices, session order, corrections, transfers, and attribution
2026-10-08T20:45:32.3101290Z   ---
2026-10-08T20:45:32.3101480Z   duration_ms: 2.396646
2026-10-08T20:45:32.3101694Z   ...
2026-10-08T20:45:32.3102129Z # Subtest: paused and completed retries cannot replace the first answers or alter the model
2026-10-08T20:45:32.3103191Z ok 524 - paused and completed retries cannot replace the first answers or alter the model
2026-10-08T20:45:32.3103653Z   ---
2026-10-08T20:45:32.3103858Z   duration_ms: 1.024196
2026-10-08T20:45:32.3104071Z   ...
2026-10-08T20:45:32.3104522Z # Subtest: unstarted, zero-answer paused, and all-correct sessions have honest practice labels
2026-10-08T20:45:32.3105373Z ok 525 - unstarted, zero-answer paused, and all-correct sessions have honest practice labels
2026-10-08T20:45:32.3105787Z   ---
2026-10-08T20:45:32.3105975Z   duration_ms: 1.466843
2026-10-08T20:45:32.3106190Z   ...
2026-10-08T20:45:32.3106691Z # Subtest: incomplete, duplicate, legacy choice-less or malformed traces are refused rather than fabricated
2026-10-08T20:45:32.3107484Z ok 526 - incomplete, duplicate, legacy choice-less or malformed traces are refused rather than fabricated
2026-10-08T20:45:32.3107940Z   ---
2026-10-08T20:45:32.3108125Z   duration_ms: 0.955602
2026-10-08T20:45:32.3108334Z   ...
2026-10-08T20:45:32.3108821Z # Subtest: plain-text output preserves Unicode and literal markup without creating executable content
2026-10-08T20:45:32.3109555Z ok 527 - plain-text output preserves Unicode and literal markup without creating executable content
2026-10-08T20:45:32.3109989Z   ---
2026-10-08T20:45:32.3110173Z   duration_ms: 0.335867
2026-10-08T20:45:32.3110383Z   ...
2026-10-08T20:45:32.3110845Z # Subtest: the original five-vertex example has the hand-calculated settling order and cost-7 route
2026-10-08T20:45:32.3111550Z ok 528 - the original five-vertex example has the hand-calculated settling order and cost-7 route
2026-10-08T20:45:32.3111976Z   ---
2026-10-08T20:45:32.3112166Z   duration_ms: 5.405246
2026-10-08T20:45:32.3112373Z   ...
2026-10-08T20:45:32.3113019Z # Subtest: target discovery remains tentative; the cheaper route is final only on target settlement
2026-10-08T20:45:32.3113728Z ok 529 - target discovery remains tentative; the cheaper route is final only on target settlement
2026-10-08T20:45:32.3114152Z   ---
2026-10-08T20:45:32.3114339Z   duration_ms: 1.536589
2026-10-08T20:45:32.3114544Z   ...
2026-10-08T20:45:32.3115043Z # Subtest: zero weights and equal routes preserve the stated alphabetical and first-predecessor policies
2026-10-08T20:45:32.3115791Z ok 530 - zero weights and equal routes preserve the stated alphabetical and first-predecessor policies
2026-10-08T20:45:32.3116243Z   ---
2026-10-08T20:45:32.3116429Z   duration_ms: 1.154192
2026-10-08T20:45:32.3116776Z   ...
2026-10-08T20:45:32.3117268Z # Subtest: all preset source/target pairs agree with exhaustive simple paths, including reverse direction
2026-10-08T20:45:32.3118010Z ok 531 - all preset source/target pairs agree with exhaustive simple paths, including reverse direction
2026-10-08T20:45:32.3118452Z   ---
2026-10-08T20:45:32.3118643Z   duration_ms: 4.939182
2026-10-08T20:45:32.3118849Z   ...
2026-10-08T20:45:32.3119284Z # Subtest: 80 deterministic bounded graphs agree with a simple-path oracle for every source
2026-10-08T20:45:32.3119945Z ok 532 - 80 deterministic bounded graphs agree with a simple-path oracle for every source
2026-10-08T20:45:32.3120348Z   ---
2026-10-08T20:45:32.3120541Z   duration_ms: 71.366898
2026-10-08T20:45:32.3120774Z   ...
2026-10-08T20:45:32.3121120Z # Subtest: invalid graphs are refused before a runnable state exists
2026-10-08T20:45:32.3121617Z ok 533 - invalid graphs are refused before a runnable state exists
2026-10-08T20:45:32.3121944Z   ---
2026-10-08T20:45:32.3122133Z   duration_ms: 1.25918
2026-10-08T20:45:32.3122351Z   ...
2026-10-08T20:45:32.3122963Z # Subtest: run, graph, presets and trace snapshots cannot be changed by later edits
2026-10-08T20:45:32.3123562Z ok 534 - run, graph, presets and trace snapshots cannot be changed by later edits
2026-10-08T20:45:32.3123941Z   ---
2026-10-08T20:45:32.3124136Z   duration_ms: 0.614908
2026-10-08T20:45:32.3124350Z   ...
2026-10-08T20:45:32.3124831Z # Subtest: the original twelve-question course is valid, canonical and has balanced answer positions
2026-10-08T20:45:32.3125563Z ok 535 - the original twelve-question course is valid, canonical and has balanced answer positions
2026-10-08T20:45:32.3125995Z   ---
2026-10-08T20:45:32.3126185Z   duration_ms: 0.654287
2026-10-08T20:45:32.3126402Z   ...
2026-10-08T20:45:32.3126934Z # Subtest: existing knowledge, review, practice and notes contracts accept the new deck without changing the app
2026-10-08T20:45:32.3127904Z ok 536 - existing knowledge, review, practice and notes contracts accept the new deck without changing the app
2026-10-08T20:45:32.3128379Z   ---
2026-10-08T20:45:32.3128580Z   duration_ms: 12.238255
2026-10-08T20:45:32.3128810Z   ...
2026-10-08T20:45:32.3129372Z # Subtest: the original twelve-item SQL course uses the published import contract without changing its native meaning
2026-10-08T20:45:32.3130222Z ok 537 - the original twelve-item SQL course uses the published import contract without changing its native meaning
2026-10-08T20:45:32.3130716Z   ---
2026-10-08T20:45:32.3130913Z   duration_ms: 2.760835
2026-10-08T20:45:32.3131127Z   ...
2026-10-08T20:45:32.3131629Z # Subtest: actual SQLite regenerates all twenty-two saved queries and their exact course/default bindings
2026-10-08T20:45:32.3132394Z ok 538 - actual SQLite regenerates all twenty-two saved queries and their exact course/default bindings
2026-10-08T20:45:32.3133034Z   ---
2026-10-08T20:45:32.3133227Z   duration_ms: 66.054122
2026-10-08T20:45:32.3133449Z   ...
2026-10-08T20:45:32.3133997Z # Subtest: native adaptive selection, shuffled choices, review, practice and notes preserve all twelve SQL questions
2026-10-08T20:45:32.3134830Z ok 539 - native adaptive selection, shuffled choices, review, practice and notes preserve all twelve SQL questions
2026-10-08T20:45:32.3144297Z   ---
2026-10-08T20:45:32.3144530Z   duration_ms: 16.281756
2026-10-08T20:45:32.3144775Z   ...
2026-10-08T20:45:32.3145272Z # Subtest: a changed answer or invalid query refuses the build and preserves both saved artifacts
2026-10-08T20:45:32.3146008Z ok 540 - a changed answer or invalid query refuses the build and preserves both saved artifacts
2026-10-08T20:45:32.3146442Z   ---
2026-10-08T20:45:32.3146651Z   duration_ms: 489.542951
2026-10-08T20:45:32.3146879Z   ...
2026-10-08T20:45:32.3147342Z # Subtest: a stale generated explorer fails --check without silently replacing the changed file
2026-10-08T20:45:32.3148041Z ok 541 - a stale generated explorer fails --check without silently replacing the changed file
2026-10-08T20:45:32.3148651Z   ---
2026-10-08T20:45:32.3148854Z   duration_ms: 65.486617
2026-10-08T20:45:32.3149081Z   ...
2026-10-08T20:45:32.3149540Z # Subtest: original course fits the existing deck contract with all four concepts represented
2026-10-08T20:45:32.3150213Z ok 542 - original course fits the existing deck contract with all four concepts represented
2026-10-08T20:45:32.3150624Z   ---
2026-10-08T20:45:32.3150826Z   duration_ms: 3.882498
2026-10-08T20:45:32.3151042Z   ...
2026-10-08T20:45:32.3151535Z # Subtest: authored answer keys retain the independently worked quantities and conceptual distinctions
2026-10-08T20:45:32.3152282Z ok 543 - authored answer keys retain the independently worked quantities and conceptual distinctions
2026-10-08T20:45:32.3152958Z   ---
2026-10-08T20:45:32.3153149Z   duration_ms: 0.39096
2026-10-08T20:45:32.3153371Z   ...
2026-10-08T20:45:32.3153842Z # Subtest: course completes native selection, correct first answers, review, retry and study notes
2026-10-08T20:45:32.3154565Z ok 544 - course completes native selection, correct first answers, review, retry and study notes
2026-10-08T20:45:32.3154981Z   ---
2026-10-08T20:45:32.3155220Z   duration_ms: 16.429429
2026-10-08T20:45:32.3155442Z   ...
2026-10-08T20:45:32.3155889Z # Subtest: course completes native selection, mixed first answers, review, retry and study notes
2026-10-08T20:45:32.3156561Z ok 545 - course completes native selection, mixed first answers, review, retry and study notes
2026-10-08T20:45:32.3156971Z   ---
2026-10-08T20:45:32.3157154Z   duration_ms: 2.984648
2026-10-08T20:45:32.3157359Z   ...
2026-10-08T20:45:32.3157810Z # Subtest: course completes native selection, missed first answers, review, retry and study notes
2026-10-08T20:45:32.3158494Z ok 546 - course completes native selection, missed first answers, review, retry and study notes
2026-10-08T20:45:32.3158901Z   ---
2026-10-08T20:45:32.3159225Z   duration_ms: 2.210866
2026-10-08T20:45:32.3159431Z   ...
2026-10-08T20:45:32.3159893Z # Subtest: generated direct-open artifact has exact build parity and embeds the qualified course
2026-10-08T20:45:32.3160574Z ok 547 - generated direct-open artifact has exact build parity and embeds the qualified course
2026-10-08T20:45:32.3160981Z   ---
2026-10-08T20:45:32.3161171Z   duration_ms: 63.323162
2026-10-08T20:45:32.3161385Z   ...
2026-10-08T20:45:32.3161851Z # Subtest: standalone rendering keeps embedded source and course text inside their script elements
2026-10-08T20:45:32.3162788Z ok 548 - standalone rendering keeps embedded source and course text inside their script elements
2026-10-08T20:45:32.3163231Z   ---
2026-10-08T20:45:32.3163428Z   duration_ms: 0.779577
2026-10-08T20:45:32.3163641Z   ...
2026-10-08T20:45:32.3164148Z # Subtest: water: 6 / 2 mol → second
2026-10-08T20:45:32.3164507Z ok 549 - water: 6 / 2 mol → second
2026-10-08T20:45:32.3164754Z   ---
2026-10-08T20:45:32.3164962Z   duration_ms: 2.380842
2026-10-08T20:45:32.3165187Z   ...
2026-10-08T20:45:32.3165459Z # Subtest: water: 2 / 2 mol → first
2026-10-08T20:45:32.3165810Z ok 550 - water: 2 / 2 mol → first
2026-10-08T20:45:32.3166054Z   ---
2026-10-08T20:45:32.3166246Z   duration_ms: 0.250868
2026-10-08T20:45:32.3166457Z   ...
2026-10-08T20:45:32.3166740Z # Subtest: water: 4 / 2 mol → matched
2026-10-08T20:45:32.3167081Z ok 551 - water: 4 / 2 mol → matched
2026-10-08T20:45:32.3167322Z   ---
2026-10-08T20:45:32.3167511Z   duration_ms: 0.33805
2026-10-08T20:45:32.3167722Z   ...
2026-10-08T20:45:32.3168008Z # Subtest: water: 0 / 5 mol → no-product
2026-10-08T20:45:32.3168375Z ok 552 - water: 0 / 5 mol → no-product
2026-10-08T20:45:32.3168627Z   ---
2026-10-08T20:45:32.3168815Z   duration_ms: 0.234974
2026-10-08T20:45:32.3169026Z   ...
2026-10-08T20:45:32.3169298Z # Subtest: water: 5 / 0 mol → no-product
2026-10-08T20:45:32.3169644Z ok 553 - water: 5 / 0 mol → no-product
2026-10-08T20:45:32.3169884Z   ---
2026-10-08T20:45:32.3170077Z   duration_ms: 0.370569
2026-10-08T20:45:32.3170290Z   ...
2026-10-08T20:45:32.3170560Z # Subtest: water: 0 / 0 mol → no-product
2026-10-08T20:45:32.3171053Z ok 554 - water: 0 / 0 mol → no-product
2026-10-08T20:45:32.3171291Z   ---
2026-10-08T20:45:32.3171477Z   duration_ms: 0.228214
2026-10-08T20:45:32.3171690Z   ...
2026-10-08T20:45:32.3171968Z # Subtest: ammonia: 2 / 3 mol → second
2026-10-08T20:45:32.3172310Z ok 555 - ammonia: 2 / 3 mol → second
2026-10-08T20:45:32.3172775Z   ---
2026-10-08T20:45:32.3172970Z   duration_ms: 0.237549
2026-10-08T20:45:32.3173181Z   ...
2026-10-08T20:45:32.3173482Z # Subtest: ammonia: 1 / 2.4 mol → second
2026-10-08T20:45:32.3173839Z ok 556 - ammonia: 1 / 2.4 mol → second
2026-10-08T20:45:32.3174086Z   ---
2026-10-08T20:45:32.3174277Z   duration_ms: 0.296397
2026-10-08T20:45:32.3174484Z   ...
2026-10-08T20:45:32.3174759Z # Subtest: ammonia: 2 / 4.8 mol → second
2026-10-08T20:45:32.3175099Z ok 557 - ammonia: 2 / 4.8 mol → second
2026-10-08T20:45:32.3175341Z   ---
2026-10-08T20:45:32.3175538Z   duration_ms: 0.434005
2026-10-08T20:45:32.3175742Z   ...
2026-10-08T20:45:32.3176040Z # Subtest: ammonia: 0.1 / 0.3 mol → matched
2026-10-08T20:45:32.3176407Z ok 558 - ammonia: 0.1 / 0.3 mol → matched
2026-10-08T20:45:32.3176667Z   ---
2026-10-08T20:45:32.3176859Z   duration_ms: 0.379172
2026-10-08T20:45:32.3177063Z   ...
2026-10-08T20:45:32.3177365Z # Subtest: ammonia: 0.001 / 0.001 mol → second
2026-10-08T20:45:32.3177756Z ok 559 - ammonia: 0.001 / 0.001 mol → second
2026-10-08T20:45:32.3178022Z   ---
2026-10-08T20:45:32.3178207Z   duration_ms: 0.252721
2026-10-08T20:45:32.3178413Z   ...
2026-10-08T20:45:32.3178721Z # Subtest: ammonia: 0.001 / 0.003 mol → matched
2026-10-08T20:45:32.3179109Z ok 560 - ammonia: 0.001 / 0.003 mol → matched
2026-10-08T20:45:32.3179374Z   ---
2026-10-08T20:45:32.3179562Z   duration_ms: 0.203827
2026-10-08T20:45:32.3179764Z   ...
2026-10-08T20:45:32.3180054Z # Subtest: ammonia: 0.001 / 0.004 mol → first
2026-10-08T20:45:32.3180426Z ok 561 - ammonia: 0.001 / 0.004 mol → first
2026-10-08T20:45:32.3180876Z   ---
2026-10-08T20:45:32.3181069Z   duration_ms: 1.917543
2026-10-08T20:45:32.3181280Z   ...
2026-10-08T20:45:32.3181573Z # Subtest: magnesium: 1.5 / 1 mol → first
2026-10-08T20:45:32.3181932Z ok 562 - magnesium: 1.5 / 1 mol → first
2026-10-08T20:45:32.3182194Z   ---
2026-10-08T20:45:32.3182382Z   duration_ms: 0.277659
2026-10-08T20:45:32.3182813Z   ...
2026-10-08T20:45:32.3183121Z # Subtest: magnesium: 1 / 0.499 mol → second
2026-10-08T20:45:32.3183497Z ok 563 - magnesium: 1 / 0.499 mol → second
2026-10-08T20:45:32.3183755Z   ---
2026-10-08T20:45:32.3183944Z   duration_ms: 0.241715
2026-10-08T20:45:32.3184158Z   ...
2026-10-08T20:45:32.3184446Z # Subtest: magnesium: 1 / 0.5 mol → matched
2026-10-08T20:45:32.3184807Z ok 564 - magnesium: 1 / 0.5 mol → matched
2026-10-08T20:45:32.3185062Z   ---
2026-10-08T20:45:32.3185245Z   duration_ms: 0.295606
2026-10-08T20:45:32.3185447Z   ...
2026-10-08T20:45:32.3185736Z # Subtest: magnesium: 1 / 0.501 mol → first
2026-10-08T20:45:32.3186097Z ok 565 - magnesium: 1 / 0.501 mol → first
2026-10-08T20:45:32.3186344Z   ---
2026-10-08T20:45:32.3186531Z   duration_ms: 0.185209
2026-10-08T20:45:32.3186742Z   ...
2026-10-08T20:45:32.3187021Z # Subtest: water: 1000 / 1000 mol → first
2026-10-08T20:45:32.3187381Z ok 566 - water: 1000 / 1000 mol → first
2026-10-08T20:45:32.3187641Z   ---
2026-10-08T20:45:32.3187841Z   duration_ms: 0.343328
2026-10-08T20:45:32.3188058Z   ...
2026-10-08T20:45:32.3188456Z # Subtest: authored equations use the declared species and conserve each element
2026-10-08T20:45:32.3189050Z ok 567 - authored equations use the declared species and conserve each element
2026-10-08T20:45:32.3189428Z   ---
2026-10-08T20:45:32.3189619Z   duration_ms: 1.39849
2026-10-08T20:45:32.3189832Z   ...
2026-10-08T20:45:32.3190183Z # Subtest: all admitted decimal spellings resolve to exact millimoles
2026-10-08T20:45:32.3190686Z ok 568 - all admitted decimal spellings resolve to exact millimoles
2026-10-08T20:45:32.3191018Z   ---
2026-10-08T20:45:32.3191214Z   duration_ms: 0.351761
2026-10-08T20:45:32.3191434Z   ...
2026-10-08T20:45:32.3191990Z # Subtest: invalid or ambiguous amount inputs are refused without numeric coercion
2026-10-08T20:45:32.3192702Z ok 569 - invalid or ambiguous amount inputs are refused without numeric coercion
2026-10-08T20:45:32.3193075Z   ---
2026-10-08T20:45:32.3193263Z   duration_ms: 1.120251
2026-10-08T20:45:32.3193470Z   ...
2026-10-08T20:45:32.3193951Z # Subtest: positive amounts straddling an exact ratio are never classified using a floating tolerance
2026-10-08T20:45:32.3194676Z ok 570 - positive amounts straddling an exact ratio are never classified using a floating tolerance
2026-10-08T20:45:32.3195108Z   ---
2026-10-08T20:45:32.3195296Z   duration_ms: 0.269797
2026-10-08T20:45:32.3195502Z   ...
2026-10-08T20:45:32.3195932Z # Subtest: start = used + left and atom inventory is conserved across a changed-input grid
2026-10-08T20:45:32.3196559Z ok 571 - start = used + left and atom inventory is conserved across a changed-input grid
2026-10-08T20:45:32.3196959Z   ---
2026-10-08T20:45:32.3197148Z   duration_ms: 6.7798
2026-10-08T20:45:32.3197358Z   ...
2026-10-08T20:45:32.3197889Z # Subtest: doubling both supplies doubles theoretical product and excess without changing the limiting identity
2026-10-08T20:45:32.3198718Z ok 572 - doubling both supplies doubles theoretical product and excess without changing the limiting identity
2026-10-08T20:45:32.3199185Z   ---
2026-10-08T20:45:32.3199374Z   duration_ms: 0.942803
2026-10-08T20:45:32.3199580Z   ...
2026-10-08T20:45:32.3200060Z # Subtest: reaction definitions and solved records are deeply immutable without changing caller inputs
2026-10-08T20:45:32.3200799Z ok 573 - reaction definitions and solved records are deeply immutable without changing caller inputs
2026-10-08T20:45:32.3201231Z   ---
2026-10-08T20:45:32.3201417Z   duration_ms: 0.405211
2026-10-08T20:45:32.3201621Z   ...
2026-10-08T20:45:32.3202083Z # Subtest: worked record carries this prediction, mole accounting and the explicit theoretical model
2026-10-08T20:45:32.3203167Z ok 574 - worked record carries this prediction, mole accounting and the explicit theoretical model
2026-10-08T20:45:32.3203606Z   ---
2026-10-08T20:45:32.3203795Z   duration_ms: 0.919147
2026-10-08T20:45:32.3203999Z   ...
2026-10-08T20:45:32.3204500Z # Subtest: completed first answers restore in their original adaptive order with exact, unrounded estimates
2026-10-08T20:45:32.3205263Z ok 575 - completed first answers restore in their original adaptive order with exact, unrounded estimates
2026-10-08T20:45:32.3205709Z   ---
2026-10-08T20:45:32.3205899Z   duration_ms: 17.17918
2026-10-08T20:45:32.3206103Z   ...
2026-10-08T20:45:32.3206567Z # Subtest: unstarted, zero-answer, paused and complete practice remain distinct and can resume once
2026-10-08T20:45:32.3207277Z ok 576 - unstarted, zero-answer, paused and complete practice remain distinct and can resume once
2026-10-08T20:45:32.3207696Z   ---
2026-10-08T20:45:32.3207888Z   duration_ms: 5.993392
2026-10-08T20:45:32.3208108Z   ...
2026-10-08T20:45:32.3208512Z # Subtest: all-correct and all-missed completed traces use canonical answer indices
2026-10-08T20:45:32.3209106Z ok 577 - all-correct and all-missed completed traces use canonical answer indices
2026-10-08T20:45:32.3209477Z   ---
2026-10-08T20:45:32.3209663Z   duration_ms: 4.211785
2026-10-08T20:45:32.3209866Z   ...
2026-10-08T20:45:32.3210290Z # Subtest: incomplete, duplicate, unknown and out-of-range first answers are refused
2026-10-08T20:45:32.3210891Z ok 578 - incomplete, duplicate, unknown and out-of-range first answers are refused
2026-10-08T20:45:32.3211264Z   ---
2026-10-08T20:45:32.3211451Z   duration_ms: 10.982196
2026-10-08T20:45:32.3211667Z   ...
2026-10-08T20:45:32.3212136Z # Subtest: a different course revision cannot replace the current deck; property order is immaterial
2026-10-08T20:45:32.3213080Z ok 579 - a different course revision cannot replace the current deck; property order is immaterial
2026-10-08T20:45:32.3213545Z   ---
2026-10-08T20:45:32.3213754Z   duration_ms: 3.951161
2026-10-08T20:45:32.3213971Z   ...
2026-10-08T20:45:32.3214583Z # Subtest: changed model parameters, rounded estimates and incompatible versions are refused
2026-10-08T20:45:32.3215278Z ok 580 - changed model parameters, rounded estimates and incompatible versions are refused
2026-10-08T20:45:32.3215693Z   ---
2026-10-08T20:45:32.3215888Z   duration_ms: 10.904573
2026-10-08T20:45:32.3216108Z   ...
2026-10-08T20:45:32.3216529Z # Subtest: practice replay refuses duplicate, reordered, correct-first and extra answers
2026-10-08T20:45:32.3217162Z ok 581 - practice replay refuses duplicate, reordered, correct-first and extra answers
2026-10-08T20:45:32.3217562Z   ---
2026-10-08T20:45:32.3217750Z   duration_ms: 8.069035
2026-10-08T20:45:32.3217955Z   ...
2026-10-08T20:45:32.3218376Z # Subtest: bounded parsing refuses invalid JSON and oversized UTF-8 before exposing state
2026-10-08T20:45:32.3219013Z ok 582 - bounded parsing refuses invalid JSON and oversized UTF-8 before exposing state
2026-10-08T20:45:32.3219410Z   ---
2026-10-08T20:45:32.3219600Z   duration_ms: 3.816278
2026-10-08T20:45:32.3219808Z   ...
2026-10-08T20:45:32.3220299Z # Subtest: identical completed files inspect independently with no invented differences or chronology
2026-10-08T20:45:32.3221043Z ok 583 - identical completed files inspect independently with no invented differences or chronology
2026-10-08T20:45:32.3221484Z   ---
2026-10-08T20:45:32.3221670Z   duration_ms: 8.727748
2026-10-08T20:45:32.3221883Z   ...
2026-10-08T20:45:32.3222391Z # Subtest: canonical joins preserve both orders, all correctness transitions and two different wrong answers
2026-10-08T20:45:32.3223288Z ok 584 - canonical joins preserve both orders, all correctness transitions and two different wrong answers
2026-10-08T20:45:32.3223739Z   ---
2026-10-08T20:45:32.3223923Z   duration_ms: 2.412039
2026-10-08T20:45:32.3224129Z   ...
2026-10-08T20:45:32.3224475Z # Subtest: changed question order alone is not an answer difference
2026-10-08T20:45:32.3225103Z ok 585 - changed question order alone is not an answer difference
2026-10-08T20:45:32.3225431Z   ---
2026-10-08T20:45:32.3225624Z   duration_ms: 1.729049
2026-10-08T20:45:32.3225827Z   ...
2026-10-08T20:45:32.3226285Z # Subtest: unstarted, pending, incorrect retry and correct retry remain separate from first answers
2026-10-08T20:45:32.3226992Z ok 586 - unstarted, pending, incorrect retry and correct retry remain separate from first answers
2026-10-08T20:45:32.3227425Z   ---
2026-10-08T20:45:32.3227614Z   duration_ms: 6.295139
2026-10-08T20:45:32.3227815Z   ...
2026-10-08T20:45:32.3228290Z # Subtest: the current raw bundled deck remains compatible without normalizing its archive identity
2026-10-08T20:45:32.3228988Z ok 587 - the current raw bundled deck remains compatible without normalizing its archive identity
2026-10-08T20:45:32.3229401Z   ---
2026-10-08T20:45:32.3229587Z   duration_ms: 4.862447
2026-10-08T20:45:32.3229790Z   ...
2026-10-08T20:45:32.3230268Z # Subtest: object property ordering preserves identity while changed course content refuses the pair
2026-10-08T20:45:32.3231008Z ok 588 - object property ordering preserves identity while changed course content refuses the pair
2026-10-08T20:45:32.3231447Z   ---
2026-10-08T20:45:32.3231633Z   duration_ms: 4.42778
2026-10-08T20:45:32.3231841Z   ...
2026-10-08T20:45:32.3232316Z # Subtest: incomplete, malformed, changed-model and altered-estimate inputs keep the native refusals
2026-10-08T20:45:32.3233143Z ok 589 - incomplete, malformed, changed-model and altered-estimate inputs keep the native refusals
2026-10-08T20:45:32.3233572Z   ---
2026-10-08T20:45:32.3233758Z   duration_ms: 5.935676
2026-10-08T20:45:32.3233962Z   ...
2026-10-08T20:45:32.3234408Z # Subtest: inspection validates bounded deck content before using an archived deck as context
2026-10-08T20:45:32.3235077Z ok 590 - inspection validates bounded deck content before using an archived deck as context
2026-10-08T20:45:32.3235481Z   ---
2026-10-08T20:45:32.3235666Z   duration_ms: 9.016324
2026-10-08T20:45:32.3235882Z   ...
2026-10-08T20:45:32.3236486Z # Subtest: literal course content and prototype-looking IDs survive without mutable returned records
2026-10-08T20:45:32.3237221Z ok 591 - literal course content and prototype-looking IDs survive without mutable returned records
2026-10-08T20:45:32.3237645Z   ---
2026-10-08T20:45:32.3237831Z   duration_ms: 1.977503
2026-10-08T20:45:32.3238043Z   ...
2026-10-08T20:45:32.3238430Z # Subtest: independent concurrent file reads only publish their current pair
2026-10-08T20:45:32.3238994Z ok 592 - independent concurrent file reads only publish their current pair
2026-10-08T20:45:32.3239357Z   ---
2026-10-08T20:45:32.3239545Z   duration_ms: 2.994107
2026-10-08T20:45:32.3239752Z   ...
2026-10-08T20:45:32.3240214Z # Subtest: a replacement retires the old pair immediately and a superseded read cannot overwrite it
2026-10-08T20:45:32.3240925Z ok 593 - a replacement retires the old pair immediately and a superseded read cannot overwrite it
2026-10-08T20:45:32.3241348Z   ---
2026-10-08T20:45:32.3241535Z   duration_ms: 7.166868
2026-10-08T20:45:32.3241737Z   ...
2026-10-08T20:45:32.3242187Z # Subtest: clearing a pending file or receiving its late failure cannot restore comparison state
2026-10-08T20:45:32.3243073Z ok 594 - clearing a pending file or receiving its late failure cannot restore comparison state
2026-10-08T20:45:32.3243489Z   ---
2026-10-08T20:45:32.3243677Z   duration_ms: 2.305268
2026-10-08T20:45:32.3243881Z   ...
2026-10-08T20:45:32.3244337Z # Subtest: rejected or incompatible replacements clear paired output and permit ordinary recovery
2026-10-08T20:45:32.3245034Z ok 595 - rejected or incompatible replacements clear paired output and permit ordinary recovery
2026-10-08T20:45:32.3245463Z   ---
2026-10-08T20:45:32.3245647Z   duration_ms: 4.607892
2026-10-08T20:45:32.3245849Z   ...
2026-10-08T20:45:32.3246325Z # Subtest: file admission refuses oversized metadata before reading and rejects malformed UTF-8 bytes
2026-10-08T20:45:32.3247196Z ok 596 - file admission refuses oversized metadata before reading and rejects malformed UTF-8 bytes
2026-10-08T20:45:32.3247636Z   ---
2026-10-08T20:45:32.3247841Z   duration_ms: 0.951475
2026-10-08T20:45:32.3248055Z   ...
2026-10-08T20:45:32.3248488Z # Subtest: cancelled selection preserves accepted files and the immutable paired snapshot
2026-10-08T20:45:32.3249142Z ok 597 - cancelled selection preserves accepted files and the immutable paired snapshot
2026-10-08T20:45:32.3249544Z   ---
2026-10-08T20:45:32.3249733Z   duration_ms: 1.749029
2026-10-08T20:45:32.3249941Z   ...
2026-10-08T20:45:32.3250396Z # Subtest: the checked-in offline explorer contains the current source and exact admitted lesson
2026-10-08T20:45:32.3251081Z ok 598 - the checked-in offline explorer contains the current source and exact admitted lesson
2026-10-08T20:45:32.3251491Z   ---
2026-10-08T20:45:32.3251675Z   duration_ms: 4.470084
2026-10-08T20:45:32.3251886Z   ...
2026-10-08T20:45:32.3252290Z # Subtest: linear conversions keep the quantity while changing the numerical value
2026-10-08T20:45:32.3253105Z ok 599 - linear conversions keep the quantity while changing the numerical value
2026-10-08T20:45:32.3253482Z   ---
2026-10-08T20:45:32.3253669Z   duration_ms: 6.073914
2026-10-08T20:45:32.3253871Z   ...
2026-10-08T20:45:32.3254149Z # Subtest: a prefix scales every powered dimension
2026-10-08T20:45:32.3254529Z ok 600 - a prefix scales every powered dimension
2026-10-08T20:45:32.3254804Z   ---
2026-10-08T20:45:32.3254992Z   duration_ms: 1.488636
2026-10-08T20:45:32.3255201Z   ...
2026-10-08T20:45:32.3255590Z # Subtest: both numerator and denominator scales participate in rates and density
2026-10-08T20:45:32.3256173Z ok 601 - both numerator and denominator scales participate in rates and density
2026-10-08T20:45:32.3256545Z   ---
2026-10-08T20:45:32.3256736Z   duration_ms: 1.084396
2026-10-08T20:45:32.3256943Z   ...
2026-10-08T20:45:32.3257259Z # Subtest: derived units reduce to their stated m/kg/s powers
2026-10-08T20:45:32.3257710Z ok 602 - derived units reduce to their stated m/kg/s powers
2026-10-08T20:45:32.3258016Z   ---
2026-10-08T20:45:32.3258426Z   duration_ms: 2.579703
2026-10-08T20:45:32.3258633Z   ...
2026-10-08T20:45:32.3259022Z # Subtest: cancellation retains scale even when the resulting dimension is one
2026-10-08T20:45:32.3259592Z ok 603 - cancellation retains scale even when the resulting dimension is one
2026-10-08T20:45:32.3259955Z   ---
2026-10-08T20:45:32.3260150Z   duration_ms: 0.562839
2026-10-08T20:45:32.3260365Z   ...
2026-10-08T20:45:32.3260767Z # Subtest: division is left-associative and parentheses change denominator grouping
2026-10-08T20:45:32.3261365Z ok 604 - division is left-associative and parentheses change denominator grouping
2026-10-08T20:45:32.3261728Z   ---
2026-10-08T20:45:32.3261915Z   duration_ms: 0.499193
2026-10-08T20:45:32.3262118Z   ...
2026-10-08T20:45:32.3262705Z # Subtest: Unicode conveniences are explicit and whitespace is not multiplication
2026-10-08T20:45:32.3263299Z ok 605 - Unicode conveniences are explicit and whitespace is not multiplication
2026-10-08T20:45:32.3263682Z   ---
2026-10-08T20:45:32.3263867Z   duration_ms: 1.215694
2026-10-08T20:45:32.3264070Z   ...
2026-10-08T20:45:32.3264401Z # Subtest: zero does not make incompatible dimensions convertible
2026-10-08T20:45:32.3264876Z ok 606 - zero does not make incompatible dimensions convertible
2026-10-08T20:45:32.3265192Z   ---
2026-10-08T20:45:32.3265375Z   duration_ms: 0.776532
2026-10-08T20:45:32.3265576Z   ...
2026-10-08T20:45:32.3265948Z # Subtest: repeating ratios remain exact and displayed rounding is explicit
2026-10-08T20:45:32.3266498Z ok 607 - repeating ratios remain exact and displayed rounding is explicit
2026-10-08T20:45:32.3266853Z   ---
2026-10-08T20:45:32.3267040Z   duration_ms: 0.807659
2026-10-08T20:45:32.3267246Z   ...
2026-10-08T20:45:32.3267703Z # Subtest: large entered integers and small decimal distinctions survive without Number conversion
2026-10-08T20:45:32.3268399Z ok 608 - large entered integers and small decimal distinctions survive without Number conversion
2026-10-08T20:45:32.3268979Z   ---
2026-10-08T20:45:32.3269176Z   duration_ms: 0.786247
2026-10-08T20:45:32.3269383Z   ...
2026-10-08T20:45:32.3269720Z # Subtest: quantity parsing requires complete bounded decimal text
2026-10-08T20:45:32.3270192Z ok 609 - quantity parsing requires complete bounded decimal text
2026-10-08T20:45:32.3270510Z   ---
2026-10-08T20:45:32.3270697Z   duration_ms: 0.467395
2026-10-08T20:45:32.3270908Z   ...
2026-10-08T20:45:32.3271315Z # Subtest: the unit grammar rejects incomplete, excessive and unsupported expressions
2026-10-08T20:45:32.3271925Z ok 610 - the unit grammar rejects incomplete, excessive and unsupported expressions
2026-10-08T20:45:32.3272301Z   ---
2026-10-08T20:45:32.3272601Z   duration_ms: 1.058698
2026-10-08T20:45:32.3272809Z   ...
2026-10-08T20:45:32.3273175Z # Subtest: returned records are immutable JSON with exact rational strings
2026-10-08T20:45:32.3273710Z ok 611 - returned records are immutable JSON with exact rational strings
2026-10-08T20:45:32.3274059Z   ---
2026-10-08T20:45:32.3274243Z   duration_ms: 0.929212
2026-10-08T20:45:32.3274448Z   ...
2026-10-08T20:45:32.3274902Z # Subtest: normalized expressions retain every grouping and remain valid within the input bound
2026-10-08T20:45:32.3275601Z ok 612 - normalized expressions retain every grouping and remain valid within the input bound
2026-10-08T20:45:32.3276019Z   ---
2026-10-08T20:45:32.3276201Z   duration_ms: 2.108261
2026-10-08T20:45:32.3276404Z   ...
2026-10-08T20:45:32.3276841Z # Subtest: the downloadable course is the exact admitted course, without external dependencies
2026-10-08T20:45:32.3277507Z ok 613 - the downloadable course is the exact admitted course, without external dependencies
2026-10-08T20:45:32.3277906Z   ---
2026-10-08T20:45:32.3278092Z   duration_ms: 2.760366
2026-10-08T20:45:32.3278298Z   ...
2026-10-08T20:45:32.3278699Z # Subtest: rebuilding the embedded course preserves already current standalone bytes
2026-10-08T20:45:32.3279307Z ok 614 - rebuilding the embedded course preserves already current standalone bytes
2026-10-08T20:45:32.3279688Z   ---
2026-10-08T20:45:32.3280013Z   duration_ms: 39.684916
2026-10-08T20:45:32.3280232Z   ...
2026-10-08T20:45:32.3280637Z # Subtest: the course example retains a component and reconstructs the exact original
2026-10-08T20:45:32.3281234Z ok 615 - the course example retains a component and reconstructs the exact original
2026-10-08T20:45:32.3281610Z   ---
2026-10-08T20:45:32.3281797Z   duration_ms: 0.931655
2026-10-08T20:45:32.3282000Z   ...
2026-10-08T20:45:32.3282405Z # Subtest: the geometric line is unchanged by a positive or negative direction rescaling
2026-10-08T20:45:32.3283250Z ok 616 - the geometric line is unchanged by a positive or negative direction rescaling
2026-10-08T20:45:32.3283630Z   ---
2026-10-08T20:45:32.3283816Z   duration_ms: 0.347965
2026-10-08T20:45:32.3284024Z   ...
2026-10-08T20:45:32.3284441Z # Subtest: perpendicular, parallel, axis-aligned and zero-original cases remain defined
2026-10-08T20:45:32.3285078Z ok 617 - perpendicular, parallel, axis-aligned and zero-original cases remain defined
2026-10-08T20:45:32.3285460Z   ---
2026-10-08T20:45:32.3285640Z   duration_ms: 0.435056
2026-10-08T20:45:32.3285844Z   ...
2026-10-08T20:45:32.3286235Z # Subtest: malformed, missing, out-of-domain and zero direction values are refused
2026-10-08T20:45:32.3286809Z ok 618 - malformed, missing, out-of-domain and zero direction values are refused
2026-10-08T20:45:32.3287173Z   ---
2026-10-08T20:45:32.3287352Z   duration_ms: 0.713717
2026-10-08T20:45:32.3287555Z   ...
2026-10-08T20:45:32.3287910Z # Subtest: calculation does not mutate or alias its input coordinates
2026-10-08T20:45:32.3288417Z ok 619 - calculation does not mutate or alias its input coordinates
2026-10-08T20:45:32.3288742Z   ---
2026-10-08T20:45:32.3288928Z   duration_ms: 1.138658
2026-10-08T20:45:32.3289135Z   ...
2026-10-08T20:45:32.3289624Z # Subtest: 2,000 independently checked geometries satisfy the projection characterization and plot bounds
2026-10-08T20:45:32.3290566Z ok 620 - 2,000 independently checked geometries satisfy the projection characterization and plot bounds
2026-10-08T20:45:32.3291036Z   ---
2026-10-08T20:45:32.3291231Z   duration_ms: 28.80441
2026-10-08T20:45:32.3291446Z   ...
2026-10-08T20:45:32.3291909Z # Subtest: course has twelve original items, two per concept, with a balanced canonical answer key
2026-10-08T20:45:32.3292817Z ok 621 - course has twelve original items, two per concept, with a balanced canonical answer key
2026-10-08T20:45:32.3293270Z   ---
2026-10-08T20:45:32.3293464Z   duration_ms: 3.315522
2026-10-08T20:45:32.3293675Z   ...
2026-10-08T20:45:32.3294097Z # Subtest: displacement subtracts the starting point, including its negative component
2026-10-08T20:45:32.3294732Z ok 622 - displacement subtracts the starting point, including its negative component
2026-10-08T20:45:32.3295125Z   ---
2026-10-08T20:45:32.3295319Z   duration_ms: 0.905596
2026-10-08T20:45:32.3295529Z   ...
2026-10-08T20:45:32.3295970Z # Subtest: sequential displacements combine componentwise and retain the same final point
2026-10-08T20:45:32.3296632Z ok 623 - sequential displacements combine componentwise and retain the same final point
2026-10-08T20:45:32.3297037Z   ---
2026-10-08T20:45:32.3297224Z   duration_ms: 0.428827
2026-10-08T20:45:32.3297438Z   ...
2026-10-08T20:45:32.3297822Z # Subtest: Euclidean length is the square root of the sum of squared components
2026-10-08T20:45:32.3298392Z ok 624 - Euclidean length is the square root of the sum of squared components
2026-10-08T20:45:32.3298754Z   ---
2026-10-08T20:45:32.3298943Z   duration_ms: 0.316888
2026-10-08T20:45:32.3299149Z   ...
2026-10-08T20:45:32.3299552Z # Subtest: the unit direction has length one and preserves the original orientation
2026-10-08T20:45:32.3300142Z ok 625 - the unit direction has length one and preserves the original orientation
2026-10-08T20:45:32.3300514Z   ---
2026-10-08T20:45:32.3300699Z   duration_ms: 0.469047
2026-10-08T20:45:32.3300903Z   ...
2026-10-08T20:45:32.3301243Z # Subtest: the two nonzero perpendicular vectors have zero dot product
2026-10-08T20:45:32.3301903Z ok 626 - the two nonzero perpendicular vectors have zero dot product
2026-10-08T20:45:32.3302241Z   ---
2026-10-08T20:45:32.3302428Z   duration_ms: 0.276767
2026-10-08T20:45:32.3302755Z   ...
2026-10-08T20:45:32.3303173Z # Subtest: a unit-axis component retains the sign of the projected displacement
2026-10-08T20:45:32.3303750Z ok 627 - a unit-axis component retains the sign of the projected displacement
2026-10-08T20:45:32.3304121Z   ---
2026-10-08T20:45:32.3304307Z   duration_ms: 0.283818
2026-10-08T20:45:32.3304507Z   ...
2026-10-08T20:45:32.3304949Z # Subtest: the projection lies on the nonunit direction line and leaves an orthogonal residual
2026-10-08T20:45:32.3305628Z ok 628 - the projection lies on the nonunit direction line and leaves an orthogonal residual
2026-10-08T20:45:32.3306036Z   ---
2026-10-08T20:45:32.3306226Z   duration_ms: 0.466844
2026-10-08T20:45:32.3306436Z   ...
2026-10-08T20:45:32.3306822Z # Subtest: the requested residual reconstructs b as well as being perpendicular
2026-10-08T20:45:32.3307386Z ok 629 - the requested residual reconstructs b as well as being perpendicular
2026-10-08T20:45:32.3307747Z   ---
2026-10-08T20:45:32.3307934Z   duration_ms: 0.509579
2026-10-08T20:45:32.3308145Z   ...
2026-10-08T20:45:32.3308527Z # Subtest: row dot products implement the stated column-vector matrix convention
2026-10-08T20:45:32.3309092Z ok 630 - row dot products implement the stated column-vector matrix convention
2026-10-08T20:45:32.3309448Z   ---
2026-10-08T20:45:32.3309627Z   duration_ms: 0.479694
2026-10-08T20:45:32.3309829Z   ...
2026-10-08T20:45:32.3310208Z # Subtest: basis images retain the coefficients of the input linear combination
2026-10-08T20:45:32.3310755Z ok 631 - basis images retain the coefficients of the input linear combination
2026-10-08T20:45:32.3311105Z   ---
2026-10-08T20:45:32.3311294Z   duration_ms: 0.364771
2026-10-08T20:45:32.3311631Z   ...
2026-10-08T20:45:32.3312003Z # Subtest: rotation before horizontal stretch differs from the reverse order
2026-10-08T20:45:32.3312666Z ok 632 - rotation before horizontal stretch differs from the reverse order
2026-10-08T20:45:32.3313030Z   ---
2026-10-08T20:45:32.3313217Z   duration_ms: 0.399633
2026-10-08T20:45:32.3313423Z   ...
2026-10-08T20:45:32.3313772Z # Subtest: the stated distinct inputs collide under the flattening map
2026-10-08T20:45:32.3314268Z ok 633 - the stated distinct inputs collide under the flattening map
2026-10-08T20:45:32.3314610Z   ---
2026-10-08T20:45:32.3314794Z   duration_ms: 0.393985
2026-10-08T20:45:32.3314998Z   ...
2026-10-08T20:45:32.3315430Z # Subtest: the authored greedy counterexample has the complete expected table and schedule
2026-10-08T20:45:32.3316077Z ok 634 - the authored greedy counterexample has the complete expected table and schedule
2026-10-08T20:45:32.3316473Z   ---
2026-10-08T20:45:32.3316668Z   duration_ms: 2.106469
2026-10-08T20:45:32.3316873Z   ...
2026-10-08T20:45:32.3317296Z # Subtest: a changed value recomputes the selected prefix and does not mutate the example
2026-10-08T20:45:32.3317926Z ok 635 - a changed value recomputes the selected prefix and does not mutate the example
2026-10-08T20:45:32.3318313Z   ---
2026-10-08T20:45:32.3318497Z   duration_ms: 0.449748
2026-10-08T20:45:32.3318716Z   ...
2026-10-08T20:45:32.3319129Z # Subtest: touching endpoints are compatible and a positive overlap changes that decision
2026-10-08T20:45:32.3319749Z ok 636 - touching endpoints are compatible and a positive overlap changes that decision
2026-10-08T20:45:32.3320133Z   ---
2026-10-08T20:45:32.3320316Z   duration_ms: 0.439513
2026-10-08T20:45:32.3320520Z   ...
2026-10-08T20:45:32.3320927Z # Subtest: backtracking from a smaller prefix can differ from the complete optimum
2026-10-08T20:45:32.3321514Z ok 637 - backtracking from a smaller prefix can differ from the complete optimum
2026-10-08T20:45:32.3321880Z   ---
2026-10-08T20:45:32.3322066Z   duration_ms: 0.310068
2026-10-08T20:45:32.3322275Z   ...
2026-10-08T20:45:32.3323031Z # Subtest: equal alternatives keep the previous prefix under the declared stable order
2026-10-08T20:45:32.3323670Z ok 638 - equal alternatives keep the previous prefix under the declared stable order
2026-10-08T20:45:32.3324056Z   ---
2026-10-08T20:45:32.3324245Z   duration_ms: 1.412471
2026-10-08T20:45:32.3324451Z   ...
2026-10-08T20:45:32.3324858Z # Subtest: a predecessor row supplies its best prefix, not necessarily its own activity
2026-10-08T20:45:32.3325474Z ok 639 - a predecessor row supplies its best prefix, not necessarily its own activity
2026-10-08T20:45:32.3325857Z   ---
2026-10-08T20:45:32.3326041Z   duration_ms: 0.240422
2026-10-08T20:45:32.3326248Z   ...
2026-10-08T20:45:32.3326583Z # Subtest: empty and zero-valued inputs return a real empty optimum
2026-10-08T20:45:32.3327067Z ok 640 - empty and zero-valued inputs return a real empty optimum
2026-10-08T20:45:32.3327395Z   ---
2026-10-08T20:45:32.3327579Z   duration_ms: 0.478923
2026-10-08T20:45:32.3327787Z   ...
2026-10-08T20:45:32.3328114Z # Subtest: the admitted bounds and code-unit ID tie order are exact
2026-10-08T20:45:32.3328580Z ok 641 - the admitted bounds and code-unit ID tie order are exact
2026-10-08T20:45:32.3328892Z   ---
2026-10-08T20:45:32.3329075Z   duration_ms: 0.357289
2026-10-08T20:45:32.3329280Z   ...
2026-10-08T20:45:32.3329723Z # Subtest: invalid representable activity inputs are refused without changing supplied data
2026-10-08T20:45:32.3330388Z ok 642 - invalid representable activity inputs are refused without changing supplied data
2026-10-08T20:45:32.3330785Z   ---
2026-10-08T20:45:32.3330971Z   duration_ms: 1.483348
2026-10-08T20:45:32.3331176Z   ...
2026-10-08T20:45:32.3331584Z # Subtest: results are detached from both admitted inputs and future solver calls
2026-10-08T20:45:32.3332167Z ok 643 - results are detached from both admitted inputs and future solver calls
2026-10-08T20:45:32.3332742Z   ---
2026-10-08T20:45:32.3332941Z   duration_ms: 0.336868
2026-10-08T20:45:32.3333289Z   ...
2026-10-08T20:45:32.3333706Z # Subtest: the original twelve-question course is canonical and covers every concept
2026-10-08T20:45:32.3334323Z ok 644 - the original twelve-question course is canonical and covers every concept
2026-10-08T20:45:32.3334702Z   ---
2026-10-08T20:45:32.3334893Z   duration_ms: 0.562769
2026-10-08T20:45:32.3335103Z   ...
2026-10-08T20:45:32.3335576Z # Subtest: the deck goes through the existing adaptive learner, review, practice and notes consumers
2026-10-08T20:45:32.3336298Z ok 645 - the deck goes through the existing adaptive learner, review, practice and notes consumers
2026-10-08T20:45:32.3336725Z   ---
2026-10-08T20:45:32.3336926Z   duration_ms: 11.392719
2026-10-08T20:45:32.3337149Z   ...
2026-10-08T20:45:32.3337569Z # Subtest: the direct-file page matches the maintained builder and original deck download
2026-10-08T20:45:32.3338202Z ok 646 - the direct-file page matches the maintained builder and original deck download
2026-10-08T20:45:32.3338600Z   ---
2026-10-08T20:45:32.3338786Z   duration_ms: 57.766293
2026-10-08T20:45:32.3338996Z   ...
2026-10-08T20:45:32.3339087Z 1..646
2026-10-08T20:45:32.3339172Z # tests 688
2026-10-08T20:45:32.3339262Z # suites 0
2026-10-08T20:45:32.3339348Z # pass 688
2026-10-08T20:45:32.3339436Z # fail 0
2026-10-08T20:45:32.3339530Z # cancelled 0
2026-10-08T20:45:32.3339614Z # skipped 0
2026-10-08T20:45:32.3339698Z # todo 0
2026-10-08T20:45:32.3339935Z # duration_ms 6370.902655
2026-10-08T20:45:32.3380428Z ##[group]Run cp demo.html /tmp/demo-before.html
2026-10-08T20:45:32.3380603Z [36;1mcp demo.html /tmp/demo-before.html[0m
2026-10-08T20:45:32.3380719Z [36;1mpython3 tools/make_demo.py[0m
2026-10-08T20:45:32.3381137Z [36;1mcmp /tmp/demo-before.html demo.html || { echo "demo.html is stale: run 'python3 tools/make_demo.py' and commit the result"; exit 1; }[0m
2026-10-08T20:45:32.3452093Z shell: /usr/bin/bash -e {0}
2026-10-08T20:45:32.3452189Z ##[endgroup]
2026-10-08T20:45:32.3827550Z Built /home/runner/work/RecallWeave/RecallWeave/demo.html (98468 bytes)
2026-10-08T20:45:32.3998885Z Post job cleanup.
2026-10-08T20:45:32.5251123Z (node:3950) [DEP0040] DeprecationWarning: The `punycode` module is deprecated. Please use a userland alternative instead.
2026-10-08T20:45:32.5251990Z (Use `node --trace-deprecation ...` to show where the warning was created)
2026-10-08T20:45:32.5504584Z Post job cleanup.
2026-10-08T20:45:32.6405777Z [command]/usr/bin/git version
2026-10-08T20:45:32.6450951Z git version 2.55.0
2026-10-08T20:45:32.6490236Z Temporarily overriding HOME='/home/runner/work/_temp/cceea237-57e2-4e48-b1c9-025159886662' before making global git config changes
2026-10-08T20:45:32.6491674Z Adding repository directory to the temporary git global config as a safe directory
2026-10-08T20:45:32.6496112Z [command]/usr/bin/git config --global --add safe.directory /home/runner/work/RecallWeave/RecallWeave
2026-10-08T20:45:32.6536871Z [command]/usr/bin/git config --local --name-only --get-regexp core\.sshCommand
2026-10-08T20:45:32.6575556Z [command]/usr/bin/git submodule foreach --recursive sh -c "git config --local --name-only --get-regexp 'core\.sshCommand' && git config --local --unset-all 'core.sshCommand' || :"
2026-10-08T20:45:32.6864239Z [command]/usr/bin/git config --local --name-only --get-regexp http\.https\:\/\/github\.com\/\.extraheader
2026-10-08T20:45:32.6895846Z http.https://github.com/.extraheader
2026-10-08T20:45:32.6908311Z [command]/usr/bin/git config --local --unset-all http.https://github.com/.extraheader
2026-10-08T20:45:32.6955264Z [command]/usr/bin/git submodule foreach --recursive sh -c "git config --local --name-only --get-regexp 'http\.https\:\/\/github\.com\/\.extraheader' && git config --local --unset-all 'http.https://github.com/.extraheader' || :"
2026-10-08T20:45:32.7269536Z [command]/usr/bin/git config --local --name-only --get-regexp ^includeIf\.gitdir:
2026-10-08T20:45:32.7329481Z [command]/usr/bin/git submodule foreach --recursive git config --local --show-origin --name-only --get-regexp remote.origin.url
2026-10-08T20:45:32.7746096Z Cleaning up orphan processes
2026-10-08T20:45:32.8039817Z ##[warning]Node.js 20 is deprecated. The following actions target Node.js 20 but are being forced to run on Node.js 24: actions/checkout@11d5960a326750d5838078e36cf38b85af677262, actions/setup-node@49933ea5288caeca8642d1e84afbd3f7d6820020. For more information see: https://github.blog/changelog/2025-09-19-deprecation-of-node-20-on-github-actions-runners/
