2026-10-08T18:48:56.8195426Z Current runner version: '2.337.0'
2026-10-08T18:48:56.8221728Z ##[group]Runner Image Provisioner
2026-10-08T18:48:56.8222786Z Hosted Compute Agent
2026-10-08T18:48:56.8223612Z Version: 20261002.596
2026-10-08T18:48:56.8224386Z Commit: c3d12f3313a95f25162a1503be624f3b0617f8c0
2026-10-08T18:48:56.8225179Z Build Date: 2026-10-02T22:28:27Z
2026-10-08T18:48:56.8225924Z Worker ID: {31042c7d-c3ea-4168-8f08-1c78ee0e2791}
2026-10-08T18:48:56.8226767Z Region: westus3
2026-10-08T18:48:56.8227352Z Cloud: Azure
2026-10-08T18:48:56.8227941Z ##[endgroup]
2026-10-08T18:48:56.8229418Z ##[group]Operating System
2026-10-08T18:48:56.8230082Z Ubuntu
2026-10-08T18:48:56.8230747Z 24.04.5
2026-10-08T18:48:56.8231288Z LTS
2026-10-08T18:48:56.8231809Z ##[endgroup]
2026-10-08T18:48:56.8232455Z ##[group]Runner Image
2026-10-08T18:48:56.8233130Z Image: ubuntu-24.04
2026-10-08T18:48:56.8234022Z Version: 20261004.327.1
2026-10-08T18:48:56.8235370Z Included Software: https://github.com/actions/runner-images/blob/ubuntu24/20261004.327/images/ubuntu/Ubuntu2404-Readme.md
2026-10-08T18:48:56.8236980Z Image Release: https://github.com/actions/runner-images/releases/tag/ubuntu24%2F20261004.327
2026-10-08T18:48:56.8238045Z ##[endgroup]
2026-10-08T18:48:56.8239240Z ##[group]GITHUB_TOKEN Permissions
2026-10-08T18:48:56.8241265Z Contents: read
2026-10-08T18:48:56.8241966Z Metadata: read
2026-10-08T18:48:56.8242549Z ##[endgroup]
2026-10-08T18:48:56.8244993Z Secret source: Actions
2026-10-08T18:48:56.8246092Z Cache mode: write
2026-10-08T18:48:56.8246789Z Prepare workflow directory
2026-10-08T18:48:56.8593109Z Prepare all required actions
2026-10-08T18:48:56.8643685Z Getting action download info
2026-10-08T18:48:57.1488624Z Download action repository 'actions/checkout@11d5960a326750d5838078e36cf38b85af677262' (SHA:11d5960a326750d5838078e36cf38b85af677262)
2026-10-08T18:48:57.2670050Z Download action repository 'actions/setup-node@49933ea5288caeca8642d1e84afbd3f7d6820020' (SHA:49933ea5288caeca8642d1e84afbd3f7d6820020)
2026-10-08T18:48:57.4624490Z Complete job name: node-test
2026-10-08T18:48:57.5468554Z ##[group]Run actions/checkout@11d5960a326750d5838078e36cf38b85af677262
2026-10-08T18:48:57.5469594Z with:
2026-10-08T18:48:57.5470058Z   repository: Jacob-Met/RecallWeave
2026-10-08T18:48:57.5474131Z   token: ***
2026-10-08T18:48:57.5474577Z   ssh-strict: true
2026-10-08T18:48:57.5475030Z   ssh-user: git
2026-10-08T18:48:57.5475487Z   persist-credentials: true
2026-10-08T18:48:57.5475978Z   clean: true
2026-10-08T18:48:57.5476435Z   sparse-checkout-cone-mode: true
2026-10-08T18:48:57.5477146Z   fetch-depth: 1
2026-10-08T18:48:57.5477794Z   fetch-tags: false
2026-10-08T18:48:57.5478463Z   show-progress: true
2026-10-08T18:48:57.5479127Z   lfs: false
2026-10-08T18:48:57.5479563Z   submodules: false
2026-10-08T18:48:57.5480009Z   set-safe-directory: true
2026-10-08T18:48:57.5480521Z   allow-unsafe-pr-checkout: false
2026-10-08T18:48:57.5481572Z ##[endgroup]
2026-10-08T18:48:57.6603127Z Syncing repository: Jacob-Met/RecallWeave
2026-10-08T18:48:57.6606206Z ##[group]Getting Git version info
2026-10-08T18:48:57.6607384Z Working directory is '/home/runner/work/RecallWeave/RecallWeave'
2026-10-08T18:48:57.6609086Z [command]/usr/bin/git version
2026-10-08T18:48:57.6635740Z git version 2.55.0
2026-10-08T18:48:57.6657351Z ##[endgroup]
2026-10-08T18:48:57.6675736Z Temporarily overriding HOME='/home/runner/work/_temp/bcab7e84-936d-4765-b2d9-88408846268d' before making global git config changes
2026-10-08T18:48:57.6677971Z Adding repository directory to the temporary git global config as a safe directory
2026-10-08T18:48:57.6682583Z [command]/usr/bin/git config --global --add safe.directory /home/runner/work/RecallWeave/RecallWeave
2026-10-08T18:48:57.6757802Z Deleting the contents of '/home/runner/work/RecallWeave/RecallWeave'
2026-10-08T18:48:57.6764657Z ##[group]Initializing the repository
2026-10-08T18:48:57.6770660Z [command]/usr/bin/git init /home/runner/work/RecallWeave/RecallWeave
2026-10-08T18:48:57.6862134Z hint: Using 'master' as the name for the initial branch. This default branch name
2026-10-08T18:48:57.6865064Z hint: will change to "main" in Git 3.0. To configure the initial branch name
2026-10-08T18:48:57.6868695Z hint: to use in all of your new repositories, which will suppress this warning,
2026-10-08T18:48:57.6870143Z hint: call:
2026-10-08T18:48:57.6870952Z hint:
2026-10-08T18:48:57.6872019Z hint: 	git config --global init.defaultBranch <name>
2026-10-08T18:48:57.6874196Z hint:
2026-10-08T18:48:57.6875337Z hint: Names commonly chosen instead of 'master' are 'main', 'trunk' and
2026-10-08T18:48:57.6877026Z hint: 'development'. The just-created branch can be renamed via this command:
2026-10-08T18:48:57.6878002Z hint:
2026-10-08T18:48:57.6878622Z hint: 	git branch -m <name>
2026-10-08T18:48:57.6879285Z hint:
2026-10-08T18:48:57.6880118Z hint: Disable this message with "git config set advice.defaultBranchName false"
2026-10-08T18:48:57.6882509Z Initialized empty Git repository in /home/runner/work/RecallWeave/RecallWeave/.git/
2026-10-08T18:48:57.6886137Z [command]/usr/bin/git remote add origin https://github.com/Jacob-Met/RecallWeave
2026-10-08T18:48:57.6926611Z ##[endgroup]
2026-10-08T18:48:57.6927937Z ##[group]Disabling automatic garbage collection
2026-10-08T18:48:57.6931253Z [command]/usr/bin/git config --local gc.auto 0
2026-10-08T18:48:57.6969297Z ##[endgroup]
2026-10-08T18:48:57.6970449Z ##[group]Setting up auth
2026-10-08T18:48:57.6978173Z [command]/usr/bin/git config --local --name-only --get-regexp core\.sshCommand
2026-10-08T18:48:57.7016619Z [command]/usr/bin/git submodule foreach --recursive sh -c "git config --local --name-only --get-regexp 'core\.sshCommand' && git config --local --unset-all 'core.sshCommand' || :"
2026-10-08T18:48:57.7384767Z [command]/usr/bin/git config --local --name-only --get-regexp http\.https\:\/\/github\.com\/\.extraheader
2026-10-08T18:48:57.7419271Z [command]/usr/bin/git submodule foreach --recursive sh -c "git config --local --name-only --get-regexp 'http\.https\:\/\/github\.com\/\.extraheader' && git config --local --unset-all 'http.https://github.com/.extraheader' || :"
2026-10-08T18:48:57.7672883Z [command]/usr/bin/git config --local --name-only --get-regexp ^includeIf\.gitdir:
2026-10-08T18:48:57.7712190Z [command]/usr/bin/git submodule foreach --recursive git config --local --show-origin --name-only --get-regexp remote.origin.url
2026-10-08T18:48:57.7972607Z [command]/usr/bin/git config --local http.https://github.com/.extraheader AUTHORIZATION: basic ***
2026-10-08T18:48:57.8017184Z ##[endgroup]
2026-10-08T18:48:57.8026595Z ##[group]Fetching the repository
2026-10-08T18:48:57.8028264Z [command]/usr/bin/git -c protocol.version=2 fetch --no-tags --prune --no-recurse-submodules --depth=1 origin +f6c39a1f545a8f25a16b48cae1e03f4d4e12f58d:refs/remotes/pull/132/merge
2026-10-08T18:49:00.7577918Z From https://github.com/Jacob-Met/RecallWeave
2026-10-08T18:49:00.7579695Z  * [new ref]         f6c39a1f545a8f25a16b48cae1e03f4d4e12f58d -> pull/132/merge
2026-10-08T18:49:00.7605107Z ##[endgroup]
2026-10-08T18:49:00.7606263Z ##[group]Determining the checkout info
2026-10-08T18:49:00.7607193Z ##[endgroup]
2026-10-08T18:49:00.7607748Z [command]/usr/bin/git sparse-checkout disable
2026-10-08T18:49:00.7647727Z [command]/usr/bin/git config --local --unset-all extensions.worktreeConfig
2026-10-08T18:49:00.7688411Z ##[group]Checking out the ref
2026-10-08T18:49:00.7691640Z [command]/usr/bin/git checkout --progress --force refs/remotes/pull/132/merge
2026-10-08T18:49:01.1212241Z Note: switching to 'refs/remotes/pull/132/merge'.
2026-10-08T18:49:01.1212914Z 
2026-10-08T18:49:01.1213313Z You are in 'detached HEAD' state. You can look around, make experimental
2026-10-08T18:49:01.1214166Z changes and commit them, and you can discard any commits you make in this
2026-10-08T18:49:01.1214801Z state without impacting any branches by switching back to a branch.
2026-10-08T18:49:01.1215151Z 
2026-10-08T18:49:01.1215443Z If you want to create a new branch to retain commits you create, you may
2026-10-08T18:49:01.1216092Z do so (now or later) by using -c with the switch command. Example:
2026-10-08T18:49:01.1216697Z 
2026-10-08T18:49:01.1216868Z   git switch -c <new-branch-name>
2026-10-08T18:49:01.1217115Z 
2026-10-08T18:49:01.1217270Z Or undo this operation with:
2026-10-08T18:49:01.1217492Z 
2026-10-08T18:49:01.1217624Z   git switch -
2026-10-08T18:49:01.1217824Z 
2026-10-08T18:49:01.1218163Z Turn off this advice by setting config variable advice.detachedHead to false
2026-10-08T18:49:01.1218580Z 
2026-10-08T18:49:01.1218993Z HEAD is now at f6c39a1 Merge 811361031818be4d7015ef95bcdaa06e1e96944d into f42ad22e069b5ed3b2d85ea0573b84fef121d254
2026-10-08T18:49:01.1240222Z ##[endgroup]
2026-10-08T18:49:01.1290481Z [command]/usr/bin/git log -1 --format=%H
2026-10-08T18:49:01.1320872Z f6c39a1f545a8f25a16b48cae1e03f4d4e12f58d
2026-10-08T18:49:01.1622160Z ##[group]Run actions/setup-node@49933ea5288caeca8642d1e84afbd3f7d6820020
2026-10-08T18:49:01.1622720Z with:
2026-10-08T18:49:01.1623045Z   node-version: 20
2026-10-08T18:49:01.1623584Z   always-auth: false
2026-10-08T18:49:01.1623956Z   check-latest: false
2026-10-08T18:49:01.1626865Z   token: ***
2026-10-08T18:49:01.1627189Z ##[endgroup]
2026-10-08T18:49:01.5047398Z Attempting to download 20...
2026-10-08T18:49:01.5157209Z (node:2292) [DEP0040] DeprecationWarning: The `punycode` module is deprecated. Please use a userland alternative instead.
2026-10-08T18:49:01.5158288Z (Use `node --trace-deprecation ...` to show where the warning was created)
2026-10-08T18:49:02.6825042Z Acquiring 20.20.2 - x64 from https://github.com/actions/node-versions/releases/download/20.20.2-23521894959/node-20.20.2-linux-x64.tar.gz
2026-10-08T18:49:03.2503916Z Extracting ...
2026-10-08T18:49:03.2623962Z [command]/usr/bin/tar xz --strip 1 --warning=no-unknown-keyword --overwrite -C /home/runner/work/_temp/338cca6a-14c0-4c30-85cd-ded228de4946 -f /home/runner/work/_temp/67a947b3-7361-4419-b9cc-faed145f3d98
2026-10-08T18:49:04.3499677Z Adding to the cache ...
2026-10-08T18:49:05.8961579Z ##[group]Environment details
2026-10-08T18:49:06.1255924Z node: v20.20.2
2026-10-08T18:49:06.1256463Z npm: 10.8.2
2026-10-08T18:49:06.1256688Z yarn: 1.22.22
2026-10-08T18:49:06.1257413Z ##[endgroup]
2026-10-08T18:49:06.1449200Z ##[group]Run node --test tests/*.test.mjs
2026-10-08T18:49:06.1449647Z [36;1mnode --test tests/*.test.mjs[0m
2026-10-08T18:49:06.1681526Z shell: /usr/bin/bash -e {0}
2026-10-08T18:49:06.1681850Z ##[endgroup]
2026-10-08T18:49:06.2335899Z TAP version 13
2026-10-08T18:49:06.2916317Z # Subtest: display orders retain every canonical option exactly once and are immutable
2026-10-08T18:49:06.2956312Z ok 1 - display orders retain every canonical option exactly once and are immutable
2026-10-08T18:49:06.2964834Z   ---
2026-10-08T18:49:06.3017621Z   duration_ms: 10.051439
2026-10-08T18:49:06.3031199Z   ...
2026-10-08T18:49:06.3031934Z # Subtest: a stable source replays an order and changed input can put the answer in every display position
2026-10-08T18:49:06.3032791Z ok 2 - a stable source replays an order and changed input can put the answer in every display position
2026-10-08T18:49:06.3033345Z   ---
2026-10-08T18:49:06.3033888Z   duration_ms: 1.184757
2026-10-08T18:49:06.3034395Z   ...
2026-10-08T18:49:06.3035328Z # Subtest: invalid counts or random values cannot produce duplicate, missing, or unaddressable choices
2026-10-08T18:49:06.3036526Z ok 3 - invalid counts or random values cannot produce duplicate, missing, or unaddressable choices
2026-10-08T18:49:06.3037225Z   ---
2026-10-08T18:49:06.3037552Z   duration_ms: 0.429911
2026-10-08T18:49:06.3037901Z   ...
2026-10-08T18:49:06.3039095Z # Subtest: varied displayed choices keep review, corrected practice and study notes tied to their original text
2026-10-08T18:49:06.3040802Z ok 4 - varied displayed choices keep review, corrected practice and study notes tied to their original text
2026-10-08T18:49:06.3041838Z   ---
2026-10-08T18:49:06.3042373Z   duration_ms: 14.369228
2026-10-08T18:49:06.3043037Z   ...
2026-10-08T18:49:06.3185467Z # Subtest: the direct-file author page is generated from all current author modules
2026-10-08T18:49:06.3215071Z ok 5 - the direct-file author page is generated from all current author modules
2026-10-08T18:49:06.3234601Z   ---
2026-10-08T18:49:06.3275012Z   duration_ms: 52.385949
2026-10-08T18:49:06.3278556Z   ...
2026-10-08T18:49:06.3397393Z # Subtest: the binary-search course round-trips through the published deck contract
2026-10-08T18:49:06.3467886Z ok 6 - the binary-search course round-trips through the published deck contract
2026-10-08T18:49:06.3477352Z   ---
2026-10-08T18:49:06.3478089Z   duration_ms: 6.605501
2026-10-08T18:49:06.3478662Z   ...
2026-10-08T18:49:06.3479775Z # Subtest: worked first-occurrence and absent examples agree with an independent linear partition
2026-10-08T18:49:06.3481251Z ok 7 - worked first-occurrence and absent examples agree with an independent linear partition
2026-10-08T18:49:06.3482160Z   ---
2026-10-08T18:49:06.3482663Z   duration_ms: 1.283634
2026-10-08T18:49:06.3483208Z   ...
2026-10-08T18:49:06.3485234Z # Subtest: midpoint and branch answers use the course’s half-open interval convention
2026-10-08T18:49:06.3486826Z ok 8 - midpoint and branch answers use the course’s half-open interval convention
2026-10-08T18:49:06.3487677Z   ---
2026-10-08T18:49:06.3488185Z   duration_ms: 0.352706
2026-10-08T18:49:06.3488700Z   ...
2026-10-08T18:49:06.3489612Z # Subtest: the worked trace and worst-case count follow strictly shrinking intervals
2026-10-08T18:49:06.3490985Z ok 9 - the worked trace and worst-case count follow strictly shrinking intervals
2026-10-08T18:49:06.3491777Z   ---
2026-10-08T18:49:06.3492260Z   duration_ms: 9.084938
2026-10-08T18:49:06.3492769Z   ...
2026-10-08T18:49:06.3493881Z # Subtest: the actual adaptive learner visits every new question and preserves worked feedback
2026-10-08T18:49:06.3495284Z ok 10 - the actual adaptive learner visits every new question and preserves worked feedback
2026-10-08T18:49:06.3496158Z   ---
2026-10-08T18:49:06.3496669Z   duration_ms: 20.148076
2026-10-08T18:49:06.3497200Z   ...
2026-10-08T18:49:06.3962521Z # Subtest: duplicate equality classifies a suffix while retaining the first possible boundary
2026-10-08T18:49:06.3995922Z ok 11 - duplicate equality classifies a suffix while retaining the first possible boundary
2026-10-08T18:49:06.4020969Z   ---
2026-10-08T18:49:06.4021688Z   duration_ms: 2.765604
2026-10-08T18:49:06.4022302Z   ...
2026-10-08T18:49:06.4023554Z # Subtest: empty, before-first and after-end results remain boundaries rather than invented elements
2026-10-08T18:49:06.4025138Z ok 12 - empty, before-first and after-end results remain boundaries rather than invented elements
2026-10-08T18:49:06.4026063Z   ---
2026-10-08T18:49:06.4026584Z   duration_ms: 0.410041
2026-10-08T18:49:06.4027130Z   ...
2026-10-08T18:49:06.4028753Z # Subtest: the guide’s two equal-length paths retain their different ordering-comparison counts
2026-10-08T18:49:06.4030340Z ok 13 - the guide’s two equal-length paths retain their different ordering-comparison counts
2026-10-08T18:49:06.4031281Z   ---
2026-10-08T18:49:06.4032042Z   duration_ms: 0.425905
2026-10-08T18:49:06.4033296Z   ...
2026-10-08T18:49:06.4075081Z # Subtest: a complete 32-value trace is detached and immutable without changing the caller
2026-10-08T18:49:06.4104805Z ok 14 - a complete 32-value trace is detached and immutable without changing the caller
2026-10-08T18:49:06.4134242Z   ---
2026-10-08T18:49:06.4134955Z   duration_ms: 2.289905
2026-10-08T18:49:06.4164176Z   ...
2026-10-08T18:49:06.4205231Z # Subtest: text admission preserves order, allows repeats and refuses an invalid current draft
2026-10-08T18:49:06.4206807Z ok 15 - text admission preserves order, allows repeats and refuses an invalid current draft
2026-10-08T18:49:06.4207717Z   ---
2026-10-08T18:49:06.4208266Z   duration_ms: 0.986611
2026-10-08T18:49:06.4208901Z   ...
2026-10-08T18:49:06.4209903Z # Subtest: every teaching preset is admitted and its complete record survives JSON transport
2026-10-08T18:49:06.4211280Z ok 16 - every teaching preset is admitted and its complete record survives JSON transport
2026-10-08T18:49:06.4219176Z   ---
2026-10-08T18:49:06.4219717Z   duration_ms: 1.066431
2026-10-08T18:49:06.4220320Z   ...
2026-10-08T18:49:06.4853593Z # Subtest: standalone build retains the original course and guide bytes exactly
2026-10-08T18:49:06.4855029Z ok 17 - standalone build retains the original course and guide bytes exactly
2026-10-08T18:49:06.4856173Z   ---
2026-10-08T18:49:06.4857066Z   duration_ms: 92.121053
2026-10-08T18:49:06.4857711Z   ...
2026-10-08T18:49:06.4959645Z # Subtest: the committed direct-file explorer exactly reproduces from its native modules and checked deck
2026-10-08T18:49:06.4975323Z ok 18 - the committed direct-file explorer exactly reproduces from its native modules and checked deck
2026-10-08T18:49:06.4994377Z   ---
2026-10-08T18:49:06.4995002Z   duration_ms: 12.832896
2026-10-08T18:49:06.4995574Z   ...
2026-10-08T18:49:06.4996606Z # Subtest: literal course content cannot close the embedded script and is retained byte-for-byte
2026-10-08T18:49:06.4998236Z ok 19 - literal course content cannot close the embedded script and is retained byte-for-byte
2026-10-08T18:49:06.4999238Z   ---
2026-10-08T18:49:06.4999779Z   duration_ms: 3.884723
2026-10-08T18:49:06.5000322Z   ...
2026-10-08T18:49:06.5001265Z # Subtest: builder refuses invalid decks and ambiguous template/source boundaries
2026-10-08T18:49:06.5002488Z ok 20 - builder refuses invalid decks and ambiguous template/source boundaries
2026-10-08T18:49:06.5003302Z   ---
2026-10-08T18:49:06.5003976Z   duration_ms: 3.54059
2026-10-08T18:49:06.5004500Z   ...
2026-10-08T18:49:06.5005541Z # Subtest: the original course is admitted by the unchanged deck validator with the fixed answer map
2026-10-08T18:49:06.5006977Z ok 21 - the original course is admitted by the unchanged deck validator with the fixed answer map
2026-10-08T18:49:06.5007897Z   ---
2026-10-08T18:49:06.5008387Z   duration_ms: 4.827509
2026-10-08T18:49:06.5008915Z   ...
2026-10-08T18:49:06.5009920Z # Subtest: independent finite assignments establish the nontrivial authored choice witnesses
2026-10-08T18:49:06.5011873Z ok 22 - independent finite assignments establish the nontrivial authored choice witnesses
2026-10-08T18:49:06.5012833Z   ---
2026-10-08T18:49:06.5013335Z   duration_ms: 0.875014
2026-10-08T18:49:06.5014328Z   ...
2026-10-08T18:49:06.5015987Z # Subtest: native selector → review → separate practice → archive/notes preserves the correct course trace
2026-10-08T18:49:06.5017798Z ok 23 - native selector → review → separate practice → archive/notes preserves the correct course trace
2026-10-08T18:49:06.5018754Z   ---
2026-10-08T18:49:06.5019085Z   duration_ms: 20.885135
2026-10-08T18:49:06.5019432Z   ...
2026-10-08T18:49:06.5020250Z # Subtest: native selector → review → separate practice → archive/notes preserves the missed course trace
2026-10-08T18:49:06.5021178Z ok 24 - native selector → review → separate practice → archive/notes preserves the missed course trace
2026-10-08T18:49:06.5021654Z   ---
2026-10-08T18:49:06.5021879Z   duration_ms: 4.843332
2026-10-08T18:49:06.5022162Z   ...
2026-10-08T18:49:06.5022889Z # Subtest: native selector → review → separate practice → archive/notes preserves the mixed course trace
2026-10-08T18:49:06.5024152Z ok 25 - native selector → review → separate practice → archive/notes preserves the mixed course trace
2026-10-08T18:49:06.5024825Z   ---
2026-10-08T18:49:06.5025064Z   duration_ms: 4.699278
2026-10-08T18:49:06.5025381Z   ...
2026-10-08T18:49:06.5377194Z # Subtest: all binary connectives match independently enumerated TT, TF, FT, FF columns
2026-10-08T18:49:06.5379572Z ok 26 - all binary connectives match independently enumerated TT, TF, FT, FF columns
2026-10-08T18:49:06.5380852Z   ---
2026-10-08T18:49:06.5381500Z   duration_ms: 4.268245
2026-10-08T18:49:06.5382200Z   ...
2026-10-08T18:49:06.5383597Z # Subtest: the union is alphabetical, complete and unique even with disjoint variables
2026-10-08T18:49:06.5385201Z ok 27 - the union is alphabetical, complete and unique even with disjoint variables
2026-10-08T18:49:06.5386801Z   ---
2026-10-08T18:49:06.5387306Z   duration_ms: 0.619133
2026-10-08T18:49:06.5387829Z   ...
2026-10-08T18:49:06.5409572Z # Subtest: precedence and grouping are explicit, and implication is right associative
2026-10-08T18:49:06.5431256Z ok 28 - precedence and grouping are explicit, and implication is right associative
2026-10-08T18:49:06.5432342Z   ---
2026-10-08T18:49:06.5432888Z   duration_ms: 0.60976
2026-10-08T18:49:06.5433697Z   ...
2026-10-08T18:49:06.5434724Z # Subtest: case, whitespace and parentheses preserve the same formal expression
2026-10-08T18:49:06.5436124Z ok 29 - case, whitespace and parentheses preserve the same formal expression
2026-10-08T18:49:06.5437097Z   ---
2026-10-08T18:49:06.5437730Z   duration_ms: 0.232977
2026-10-08T18:49:06.5438335Z   ...
2026-10-08T18:49:06.5439538Z # Subtest: equivalence is exhaustive; converse and incorrect De Morgan variants retain counterexamples
2026-10-08T18:49:06.5441256Z ok 30 - equivalence is exhaustive; converse and incorrect De Morgan variants retain counterexamples
2026-10-08T18:49:06.5442324Z   ---
2026-10-08T18:49:06.5442862Z   duration_ms: 0.601336
2026-10-08T18:49:06.5443649Z   ...
2026-10-08T18:49:06.5444757Z # Subtest: valid inference and affirming the consequent differ at a concrete full assignment
2026-10-08T18:49:06.5446212Z ok 31 - valid inference and affirming the consequent differ at a concrete full assignment
2026-10-08T18:49:06.5447163Z   ---
2026-10-08T18:49:06.5447703Z   duration_ms: 0.275821
2026-10-08T18:49:06.5448419Z   ...
2026-10-08T18:49:06.5449408Z # Subtest: constants have one empty assignment, and single-expression mode is distinct
2026-10-08T18:49:06.5450798Z ok 32 - constants have one empty assignment, and single-expression mode is distinct
2026-10-08T18:49:06.5451688Z   ---
2026-10-08T18:49:06.5452218Z   duration_ms: 0.270072
2026-10-08T18:49:06.5452764Z   ...
2026-10-08T18:49:06.5454115Z # Subtest: invalid edits refuse unknown words, partial expressions, code, HTML and unsupported notation
2026-10-08T18:49:06.5455803Z ok 33 - invalid edits refuse unknown words, partial expressions, code, HTML and unsupported notation
2026-10-08T18:49:06.5457213Z   ---
2026-10-08T18:49:06.5457791Z   duration_ms: 1.936437
2026-10-08T18:49:06.5458353Z   ...
2026-10-08T18:49:06.5511612Z # Subtest: boundary inputs admit declared limits and reject the next character, token, parenthesis or operator
2026-10-08T18:49:06.5549442Z ok 34 - boundary inputs admit declared limits and reject the next character, token, parenthesis or operator
2026-10-08T18:49:06.5591409Z   ---
2026-10-08T18:49:06.5616022Z   duration_ms: 0.988574
2026-10-08T18:49:06.5644463Z   ...
2026-10-08T18:49:06.5665053Z # Subtest: returned analysis is deeply immutable and subsequent calls do not alter prior results
2026-10-08T18:49:06.5685069Z ok 35 - returned analysis is deeply immutable and subsequent calls do not alter prior results
2026-10-08T18:49:06.5694489Z   ---
2026-10-08T18:49:06.5695189Z   duration_ms: 0.40231
2026-10-08T18:49:06.5695816Z   ...
2026-10-08T18:49:06.5697242Z # Subtest: CSV uses the current inputs, full union and every row regardless of any display filter
2026-10-08T18:49:06.5698822Z ok 36 - CSV uses the current inputs, full union and every row regardless of any display filter
2026-10-08T18:49:06.5700123Z   ---
2026-10-08T18:49:06.5700673Z   duration_ms: 0.503742
2026-10-08T18:49:06.5701240Z   ...
2026-10-08T18:49:06.5702455Z # Subtest: independent receiving columns challenge right grouping, stronger and, and an unused-in-output variable
2026-10-08T18:49:06.5704506Z ok 37 - independent receiving columns challenge right grouping, stronger and, and an unused-in-output variable
2026-10-08T18:49:06.5705540Z   ---
2026-10-08T18:49:06.5706052Z   duration_ms: 0.451042
2026-10-08T18:49:06.5706577Z   ...
2026-10-08T18:49:06.6035623Z # Subtest: literal text grammar keeps letters, digits and request multiplicity
2026-10-08T18:49:06.6065760Z ok 38 - literal text grammar keeps letters, digits and request multiplicity
2026-10-08T18:49:06.6115190Z   ---
2026-10-08T18:49:06.6145061Z   duration_ms: 2.495782
2026-10-08T18:49:06.6174613Z   ...
2026-10-08T18:49:06.6191030Z # Subtest: text refuses ambiguous tokens, case conversion and bounded overflows
2026-10-08T18:49:06.6235017Z ok 39 - text refuses ambiguous tokens, case conversion and bounded overflows
2026-10-08T18:49:06.6256688Z   ---
2026-10-08T18:49:06.6257752Z   duration_ms: 0.538053
2026-10-08T18:49:06.6258555Z   ...
2026-10-08T18:49:06.6259487Z # Subtest: core rejects unsupported capacity and unexpected outer fields
2026-10-08T18:49:06.6260740Z ok 40 - core rejects unsupported capacity and unexpected outer fields
2026-10-08T18:49:06.6284240Z   ---
2026-10-08T18:49:06.6289099Z   duration_ms: 0.717119
2026-10-08T18:49:06.6289840Z   ...
2026-10-08T18:49:06.6291034Z # Subtest: core refuses sparse arrays, attached metadata and nonliteral page values
2026-10-08T18:49:06.6292258Z ok 41 - core refuses sparse arrays, attached metadata and nonliteral page values
2026-10-08T18:49:06.6292962Z   ---
2026-10-08T18:49:06.6293305Z   duration_ms: 0.273818
2026-10-08T18:49:06.6294006Z   ...
2026-10-08T18:49:06.6294677Z # Subtest: FIFO complete trace keeps insertion order on a hit
2026-10-08T18:49:06.6295526Z ok 42 - FIFO complete trace keeps insertion order on a hit
2026-10-08T18:49:06.6296049Z   ---
2026-10-08T18:49:06.6296375Z   duration_ms: 0.553155
2026-10-08T18:49:06.6296753Z   ...
2026-10-08T18:49:06.6297613Z # Subtest: LRU complete trace refreshes recency and can lose this fixed comparison
2026-10-08T18:49:06.6298712Z ok 43 - LRU complete trace refreshes recency and can lose this fixed comparison
2026-10-08T18:49:06.6299352Z   ---
2026-10-08T18:49:06.6299677Z   duration_ms: 0.510181
2026-10-08T18:49:06.6300025Z   ...
2026-10-08T18:49:06.6300791Z # Subtest: the classic FIFO anomaly retains exact miss positions and capacity totals
2026-10-08T18:49:06.6301841Z ok 44 - the classic FIFO anomaly retains exact miss positions and capacity totals
2026-10-08T18:49:06.6302403Z   ---
2026-10-08T18:49:06.6302688Z   duration_ms: 0.746082
2026-10-08T18:49:06.6303133Z   ...
2026-10-08T18:49:06.6304564Z # Subtest: literal identity, capacity one and a loop that fits retain first-access misses
2026-10-08T18:49:06.6305705Z ok 45 - literal identity, capacity one and a loop that fits retain first-access misses
2026-10-08T18:49:06.6306383Z   ---
2026-10-08T18:49:06.6306701Z   duration_ms: 2.422522
2026-10-08T18:49:06.6307055Z   ...
2026-10-08T18:49:06.6307777Z # Subtest: empty input produces zero counts without a manufactured percentage
2026-10-08T18:49:06.6308775Z ok 46 - empty input produces zero counts without a manufactured percentage
2026-10-08T18:49:06.6309369Z   ---
2026-10-08T18:49:06.6309705Z   duration_ms: 0.816507
2026-10-08T18:49:06.6310059Z   ...
2026-10-08T18:49:06.6310859Z # Subtest: caller mutations cannot change retained input, earlier steps or totals
2026-10-08T18:49:06.6311929Z ok 47 - caller mutations cannot change retained input, earlier steps or totals
2026-10-08T18:49:06.6312571Z   ---
2026-10-08T18:49:06.6312874Z   duration_ms: 0.52985
2026-10-08T18:49:06.6313255Z   ...
2026-10-08T18:49:06.6367373Z # Subtest: every reachable result object is frozen and mutation attempts fail
2026-10-08T18:49:06.6368509Z ok 48 - every reachable result object is frozen and mutation attempts fail
2026-10-08T18:49:06.6369147Z   ---
2026-10-08T18:49:06.6369473Z   duration_ms: 0.754354
2026-10-08T18:49:06.6369819Z   ...
2026-10-08T18:49:06.6370657Z # Subtest: retained prefixes agree with fresh empty-start runs at each selected capacity
2026-10-08T18:49:06.6371883Z ok 49 - retained prefixes agree with fresh empty-start runs at each selected capacity
2026-10-08T18:49:06.6372558Z   ---
2026-10-08T18:49:06.6372889Z   duration_ms: 23.233426
2026-10-08T18:49:06.6373259Z   ...
2026-10-08T18:49:06.6374196Z # Subtest: state transitions conserve requests, slots and resident page identity
2026-10-08T18:49:06.6375300Z ok 50 - state transitions conserve requests, slots and resident page identity
2026-10-08T18:49:06.6375924Z   ---
2026-10-08T18:49:06.6376249Z   duration_ms: 5.440513
2026-10-08T18:49:06.6377067Z   ...
2026-10-08T18:49:06.6377887Z # Subtest: course is admitted by the unchanged importer and exact authoring round trip
2026-10-08T18:49:06.6379113Z ok 51 - course is admitted by the unchanged importer and exact authoring round trip
2026-10-08T18:49:06.6379797Z   ---
2026-10-08T18:49:06.6380120Z   duration_ms: 6.087828
2026-10-08T18:49:06.6380474Z   ...
2026-10-08T18:49:06.6381297Z # Subtest: course keeps its independently solved answer map and unique concept coverage
2026-10-08T18:49:06.6382463Z ok 52 - course keeps its independently solved answer map and unique concept coverage
2026-10-08T18:49:06.6383150Z   ---
2026-10-08T18:49:06.6383666Z   duration_ms: 0.55663
2026-10-08T18:49:06.6384011Z   ...
2026-10-08T18:49:06.6384950Z # Subtest: the real learner selector exhausts this deck once and preserves first tries during practice
2026-10-08T18:49:06.6386340Z ok 53 - the real learner selector exhausts this deck once and preserves first tries during practice
2026-10-08T18:49:06.6387093Z   ---
2026-10-08T18:49:06.6387396Z   duration_ms: 15.539954
2026-10-08T18:49:06.6387754Z   ...
2026-10-08T18:49:06.6388634Z # Subtest: standalone generation is deterministic and the committed file is current
2026-10-08T18:49:06.6389791Z ok 54 - standalone generation is deterministic and the committed file is current
2026-10-08T18:49:06.6390450Z   ---
2026-10-08T18:49:06.6390782Z   duration_ms: 36.919175
2026-10-08T18:49:06.6391153Z   ...
2026-10-08T18:49:06.6392055Z # Subtest: standalone course embedding preserves exact UTF-8 bytes and HTML-like lesson text
2026-10-08T18:49:06.6393328Z ok 55 - standalone course embedding preserves exact UTF-8 bytes and HTML-like lesson text
2026-10-08T18:49:06.6424676Z   ---
2026-10-08T18:49:06.6425062Z   duration_ms: 1.933253
2026-10-08T18:49:06.6425445Z   ...
2026-10-08T18:49:06.6426193Z # Subtest: builder fails closed when template or source import boundaries change
2026-10-08T18:49:06.6427303Z ok 56 - builder fails closed when template or source import boundaries change
2026-10-08T18:49:06.6427989Z   ---
2026-10-08T18:49:06.6428335Z   duration_ms: 1.720115
2026-10-08T18:49:06.6428704Z   ...
2026-10-08T18:49:06.6852433Z # Subtest: catalog keeps exact raw text and an immutable copy of checked metadata
2026-10-08T18:49:06.6855618Z ok 57 - catalog keeps exact raw text and an immutable copy of checked metadata
2026-10-08T18:49:06.6856409Z   ---
2026-10-08T18:49:06.6856917Z   duration_ms: 3.347181
2026-10-08T18:49:06.6857432Z   ...
2026-10-08T18:49:06.6858398Z # Subtest: curated paths reject traversal, external URLs, authoring sources and duplicates
2026-10-08T18:49:06.6859750Z ok 58 - curated paths reject traversal, external URLs, authoring sources and duplicates
2026-10-08T18:49:06.6860612Z   ---
2026-10-08T18:49:06.6861088Z   duration_ms: 1.607317
2026-10-08T18:49:06.6861589Z   ...
2026-10-08T18:49:06.6862538Z # Subtest: search uses title and concept substrings with stable order and trimmed case
2026-10-08T18:49:06.6864034Z ok 59 - search uses title and concept substrings with stable order and trimmed case
2026-10-08T18:49:06.6864901Z   ---
2026-10-08T18:49:06.6865378Z   duration_ms: 0.696929
2026-10-08T18:49:06.6865904Z   ...
2026-10-08T18:49:06.6866871Z # Subtest: standalone build matches checked-in HTML and embeds every original file unchanged
2026-10-08T18:49:06.6868426Z ok 60 - standalone build matches checked-in HTML and embeds every original file unchanged
2026-10-08T18:49:06.6869395Z   ---
2026-10-08T18:49:06.6869918Z   duration_ms: 37.514132
2026-10-08T18:49:06.6870451Z   ...
2026-10-08T18:49:06.6871516Z # Subtest: embedded course text cannot terminate the data script or become executable markup
2026-10-08T18:49:06.6873034Z ok 61 - embedded course text cannot terminate the data script or become executable markup
2026-10-08T18:49:06.6874361Z   ---
2026-10-08T18:49:06.6874904Z   duration_ms: 4.255366
2026-10-08T18:49:06.6875460Z   ...
2026-10-08T18:49:06.6876412Z # Subtest: builder refuses extra arguments before writing the generated page
2026-10-08T18:49:06.6878144Z ok 62 - builder refuses extra arguments before writing the generated page
2026-10-08T18:49:06.6879027Z   ---
2026-10-08T18:49:06.6879613Z   duration_ms: 64.494345
2026-10-08T18:49:06.6880200Z   ...
2026-10-08T18:49:06.6997506Z # Subtest: the standalone Lesson focus file matches its actual modular sources
2026-10-08T18:49:06.6999453Z ok 63 - the standalone Lesson focus file matches its actual modular sources
2026-10-08T18:49:06.7000400Z   ---
2026-10-08T18:49:06.7001006Z   duration_ms: 67.334331
2026-10-08T18:49:06.7001611Z   ...
2026-10-08T18:49:06.7438644Z # Subtest: all questions and both prerequisite branches survive a focused lesson
2026-10-08T18:49:06.7455428Z ok 64 - all questions and both prerequisite branches survive a focused lesson
2026-10-08T18:49:06.7456461Z   ---
2026-10-08T18:49:06.7457013Z   duration_ms: 6.696205
2026-10-08T18:49:06.7457550Z   ...
2026-10-08T18:49:06.7458452Z # Subtest: requested concepts remain explicit when they are also a prerequisite
2026-10-08T18:49:06.7459685Z ok 65 - requested concepts remain explicit when they are also a prerequisite
2026-10-08T18:49:06.7460561Z   ---
2026-10-08T18:49:06.7461083Z   duration_ms: 0.775647
2026-10-08T18:49:06.7461606Z   ...
2026-10-08T18:49:06.7464086Z # Subtest: clearing or changing targets never retains an earlier closure
2026-10-08T18:49:06.7468236Z ok 66 - clearing or changing targets never retains an earlier closure
2026-10-08T18:49:06.7496265Z   ---
2026-10-08T18:49:06.7504309Z   duration_ms: 1.342352
2026-10-08T18:49:06.7544907Z   ...
2026-10-08T18:49:06.7565315Z # Subtest: literal names, answer identities and immutable copied results
2026-10-08T18:49:06.7566678Z ok 67 - literal names, answer identities and immutable copied results
2026-10-08T18:49:06.7567544Z   ---
2026-10-08T18:49:06.7568104Z   duration_ms: 0.709278
2026-10-08T18:49:06.7568670Z   ...
2026-10-08T18:49:06.7569670Z # Subtest: invalid source, selection and title are refused before producing a lesson
2026-10-08T18:49:06.7570973Z ok 68 - invalid source, selection and title are refused before producing a lesson
2026-10-08T18:49:06.7571940Z   ---
2026-10-08T18:49:06.7572477Z   duration_ms: 2.781007
2026-10-08T18:49:06.7573715Z   ...
2026-10-08T18:49:06.7607405Z # Subtest: real supplied courses retain all content when all concepts are chosen
2026-10-08T18:49:06.7608899Z ok 69 - real supplied courses retain all content when all concepts are chosen
2026-10-08T18:49:06.7609756Z   ---
2026-10-08T18:49:06.7610278Z   duration_ms: 6.727743
2026-10-08T18:49:06.7610845Z   ...
2026-10-08T18:49:06.7611833Z # Subtest: compact output fits the real file limit and an oversized result is refused
2026-10-08T18:49:06.7613173Z ok 70 - compact output fits the real file limit and an oversized result is refused
2026-10-08T18:49:06.7614280Z   ---
2026-10-08T18:49:06.7614799Z   duration_ms: 12.885916
2026-10-08T18:49:06.7615327Z   ...
2026-10-08T18:49:06.8025352Z # Subtest: the direct-file handout page is generated from the current validator, document and UI sources
2026-10-08T18:49:06.8035478Z ok 71 - the direct-file handout page is generated from the current validator, document and UI sources
2026-10-08T18:49:06.8051668Z   ---
2026-10-08T18:49:06.8052346Z   duration_ms: 54.720311
2026-10-08T18:49:06.8052912Z   ...
2026-10-08T18:49:06.8181162Z # Subtest: worksheet projection contains only original public question fields in canonical order
2026-10-08T18:49:06.8183040Z ok 72 - worksheet projection contains only original public question fields in canonical order
2026-10-08T18:49:06.8184430Z   ---
2026-10-08T18:49:06.8184939Z   duration_ms: 2.696371
2026-10-08T18:49:06.8185453Z   ...
2026-10-08T18:49:06.8186505Z # Subtest: separate answer key maps B, A and F to the original two, four and six option arrays
2026-10-08T18:49:06.8187894Z ok 73 - separate answer key maps B, A and F to the original two, four and six option arrays
2026-10-08T18:49:06.8188732Z   ---
2026-10-08T18:49:06.8189199Z   duration_ms: 0.365054
2026-10-08T18:49:06.8189701Z   ...
2026-10-08T18:49:06.8190650Z # Subtest: projection is a frozen snapshot and cannot mutate or alias the selected deck
2026-10-08T18:49:06.8192445Z ok 74 - projection is a frozen snapshot and cannot mutate or alias the selected deck
2026-10-08T18:49:06.8193265Z   ---
2026-10-08T18:49:06.8194110Z   duration_ms: 1.064247
2026-10-08T18:49:06.8194666Z   ...
2026-10-08T18:49:06.8195597Z # Subtest: downloaded worksheet JSON and HTML omit authored answers and explanations
2026-10-08T18:49:06.8196950Z ok 75 - downloaded worksheet JSON and HTML omit authored answers and explanations
2026-10-08T18:49:06.8197769Z   ---
2026-10-08T18:49:06.8198259Z   duration_ms: 1.00607
2026-10-08T18:49:06.8198769Z   ...
2026-10-08T18:49:06.8199753Z # Subtest: downloaded answer key carries exact authored answers, explanations and credit
2026-10-08T18:49:06.8201101Z ok 76 - downloaded answer key carries exact authored answers, explanations and credit
2026-10-08T18:49:06.8201954Z   ---
2026-10-08T18:49:06.8202435Z   duration_ms: 0.622699
2026-10-08T18:49:06.8202952Z   ...
2026-10-08T18:49:06.8204420Z # Subtest: literal Unicode, markup, line endings and script delimiters survive JSON without becoming executable markup
2026-10-08T18:49:06.8207284Z ok 77 - literal Unicode, markup, line endings and script delimiters survive JSON without becoming executable markup
2026-10-08T18:49:06.8208556Z   ---
2026-10-08T18:49:06.8209307Z   duration_ms: 2.239499
2026-10-08T18:49:06.8209813Z   ...
2026-10-08T18:49:06.8210833Z # Subtest: real Deck studio checked downloads retain reordered questions and answer identity
2026-10-08T18:49:06.8212259Z ok 78 - real Deck studio checked downloads retain reordered questions and answer identity
2026-10-08T18:49:06.8213132Z   ---
2026-10-08T18:49:06.8213775Z   duration_ms: 1.108534
2026-10-08T18:49:06.8214393Z   ...
2026-10-08T18:49:06.8215321Z # Subtest: real parser rejects malformed, unsupported and oversized local deck input
2026-10-08T18:49:06.8216681Z ok 79 - real parser rejects malformed, unsupported and oversized local deck input
2026-10-08T18:49:06.8217528Z   ---
2026-10-08T18:49:06.8218040Z   duration_ms: 1.242413
2026-10-08T18:49:06.8218545Z   ...
2026-10-08T18:49:06.8219905Z # Subtest: handout creation refuses invalid deck answers instead of producing an untrustworthy key
2026-10-08T18:49:06.8221421Z ok 80 - handout creation refuses invalid deck answers instead of producing an untrustworthy key
2026-10-08T18:49:06.8222322Z   ---
2026-10-08T18:49:06.8222806Z   duration_ms: 0.483501
2026-10-08T18:49:06.8223316Z   ...
2026-10-08T18:49:06.8224548Z # Subtest: document modes are explicit and invalid choices never silently produce an answer key
2026-10-08T18:49:06.8226054Z ok 81 - document modes are explicit and invalid choices never silently produce an answer key
2026-10-08T18:49:06.8226950Z   ---
2026-10-08T18:49:06.8227418Z   duration_ms: 0.508698
2026-10-08T18:49:06.8227895Z   ...
2026-10-08T18:49:06.8228666Z # Subtest: worksheet and key filenames are distinct bounded local names
2026-10-08T18:49:06.8229709Z ok 82 - worksheet and key filenames are distinct bounded local names
2026-10-08T18:49:06.8230460Z   ---
2026-10-08T18:49:06.8230936Z   duration_ms: 0.36185
2026-10-08T18:49:06.8231480Z   ...
2026-10-08T18:49:06.8232681Z # Subtest: repeat exports are deterministic and leave the original selected JSON unchanged
2026-10-08T18:49:06.8234570Z ok 83 - repeat exports are deterministic and leave the original selected JSON unchanged
2026-10-08T18:49:06.8235510Z   ---
2026-10-08T18:49:06.8236023Z   duration_ms: 0.379116
2026-10-08T18:49:06.8236577Z   ...
2026-10-08T18:49:06.8625487Z # Subtest: the existing contract admits twelve original items across four connected concepts
2026-10-08T18:49:06.8706922Z ok 84 - the existing contract admits twelve original items across four connected concepts
2026-10-08T18:49:06.8734421Z   ---
2026-10-08T18:49:06.8764480Z   duration_ms: 2.867076
2026-10-08T18:49:06.8765354Z   ...
2026-10-08T18:49:06.8785454Z # Subtest: canonical correct positions are balanced without a universal longest-answer cue
2026-10-08T18:49:06.8787161Z ok 85 - canonical correct positions are balanced without a universal longest-answer cue
2026-10-08T18:49:06.8788564Z   ---
2026-10-08T18:49:06.8789064Z   duration_ms: 0.48913
2026-10-08T18:49:06.8820937Z   ...
2026-10-08T18:49:06.8825162Z # Subtest: the answer key matches independently worked charge, connection and power values
2026-10-08T18:49:06.8826457Z ok 86 - the answer key matches independently worked charge, connection and power values
2026-10-08T18:49:06.8827184Z   ---
2026-10-08T18:49:06.8827519Z   duration_ms: 0.48975
2026-10-08T18:49:06.8827882Z   ...
2026-10-08T18:49:06.8828863Z # Subtest: existing selection, review, separate retries and study notes retain every course item
2026-10-08T18:49:06.8873931Z ok 87 - existing selection, review, separate retries and study notes retain every course item
2026-10-08T18:49:06.8874828Z   ---
2026-10-08T18:49:06.8904463Z   duration_ms: 16.317693
2026-10-08T18:49:06.8934363Z   ...
2026-10-08T18:49:06.8935467Z # Subtest: the direct-file artifact rebuilds exactly and embeds the original course bytes
2026-10-08T18:49:06.8965061Z ok 88 - the direct-file artifact rebuilds exactly and embeds the original course bytes
2026-10-08T18:49:06.8994384Z   ---
2026-10-08T18:49:06.8994829Z   duration_ms: 3.965514
2026-10-08T18:49:06.8995244Z   ...
2026-10-08T18:49:06.9032851Z # Subtest: 12 V across 100 and 200 ohms agrees with independently worked branch values
2026-10-08T18:49:06.9050538Z ok 89 - 12 V across 100 and 200 ohms agrees with independently worked branch values
2026-10-08T18:49:06.9101315Z   ---
2026-10-08T18:49:06.9134326Z   duration_ms: 2.385837
2026-10-08T18:49:06.9145996Z   ...
2026-10-08T18:49:06.9146958Z # Subtest: zero voltage has finite equivalent resistance and zero current and power
2026-10-08T18:49:06.9157727Z ok 90 - zero voltage has finite equivalent resistance and zero current and power
2026-10-08T18:49:06.9158658Z   ---
2026-10-08T18:49:06.9159173Z   duration_ms: 0.352526
2026-10-08T18:49:06.9159694Z   ...
2026-10-08T18:49:06.9160839Z # Subtest: charge, loop-voltage and power relationships hold throughout a deterministic input grid
2026-10-08T18:49:06.9162935Z ok 91 - charge, loop-voltage and power relationships hold throughout a deterministic input grid
2026-10-08T18:49:06.9164278Z   ---
2026-10-08T18:49:06.9164849Z   duration_ms: 5.57235
2026-10-08T18:49:06.9165326Z   ...
2026-10-08T18:49:06.9166233Z # Subtest: permuting resistors swaps their values without changing source behavior
2026-10-08T18:49:06.9167441Z ok 92 - permuting resistors swaps their values without changing source behavior
2026-10-08T18:49:06.9168580Z   ---
2026-10-08T18:49:06.9169040Z   duration_ms: 0.303102
2026-10-08T18:49:06.9169537Z   ...
2026-10-08T18:49:06.9170492Z # Subtest: a branch change and a voltage change preserve the stated ideal-source assumptions
2026-10-08T18:49:06.9171894Z ok 93 - a branch change and a voltage change preserve the stated ideal-source assumptions
2026-10-08T18:49:06.9172749Z   ---
2026-10-08T18:49:06.9173224Z   duration_ms: 0.263894
2026-10-08T18:49:06.9173961Z   ...
2026-10-08T18:49:06.9175006Z # Subtest: equal resistors use four times as much total power in parallel at fixed nonzero voltage
2026-10-08T18:49:06.9176470Z ok 94 - equal resistors use four times as much total power in parallel at fixed nonzero voltage
2026-10-08T18:49:06.9177367Z   ---
2026-10-08T18:49:06.9177807Z   duration_ms: 0.238185
2026-10-08T18:49:06.9178274Z   ...
2026-10-08T18:49:06.9179152Z # Subtest: model refuses missing, coerced, nonfinite and out-of-domain parameters
2026-10-08T18:49:06.9181608Z ok 95 - model refuses missing, coerced, nonfinite and out-of-domain parameters
2026-10-08T18:49:06.9182497Z   ---
2026-10-08T18:49:06.9182965Z   duration_ms: 1.459166
2026-10-08T18:49:06.9183612Z   ...
2026-10-08T18:49:06.9184566Z # Subtest: text edits require explicit decimal values and never turn a blank into zero
2026-10-08T18:49:06.9185904Z ok 96 - text edits require explicit decimal values and never turn a blank into zero
2026-10-08T18:49:06.9186705Z   ---
2026-10-08T18:49:06.9187157Z   duration_ms: 0.81165
2026-10-08T18:49:06.9188111Z   ...
2026-10-08T18:49:06.9189034Z # Subtest: results are independent immutable snapshots of their input parameters
2026-10-08T18:49:06.9190269Z ok 97 - results are independent immutable snapshots of their input parameters
2026-10-08T18:49:06.9191039Z   ---
2026-10-08T18:49:06.9191494Z   duration_ms: 0.419666
2026-10-08T18:49:06.9191991Z   ...
2026-10-08T18:49:06.9192812Z # Subtest: CSV keeps both modes, physical units and full numeric precision
2026-10-08T18:49:06.9194062Z ok 98 - CSV keeps both modes, physical units and full numeric precision
2026-10-08T18:49:06.9194749Z   ---
2026-10-08T18:49:06.9195191Z   duration_ms: 1.821887
2026-10-08T18:49:06.9196594Z   ...
2026-10-08T18:49:07.4185583Z # Subtest: unfinished and completely empty drafts save without claiming lesson validity
2026-10-08T18:49:07.4272420Z ok 99 - unfinished and completely empty drafts save without claiming lesson validity
2026-10-08T18:49:07.4273985Z   ---
2026-10-08T18:49:07.4304425Z   duration_ms: 6.103192
2026-10-08T18:49:07.4320467Z   ...
2026-10-08T18:49:07.4321737Z # Subtest: duplicate text, cyclic and self prerequisites, and unfinished selections survive for repair
2026-10-08T18:49:07.4323912Z ok 100 - duplicate text, cyclic and self prerequisites, and unfinished selections survive for repair
2026-10-08T18:49:07.4324958Z   ---
2026-10-08T18:49:07.4325485Z   duration_ms: 2.052021
2026-10-08T18:49:07.4326085Z   ...
2026-10-08T18:49:07.4327532Z # Subtest: ready imported lessons retain public IDs, ordered content, answer identity and checked bytes
2026-10-08T18:49:07.4329187Z ok 101 - ready imported lessons retain public IDs, ordered content, answer identity and checked bytes
2026-10-08T18:49:07.4330206Z   ---
2026-10-08T18:49:07.4330740Z   duration_ms: 2.062376
2026-10-08T18:49:07.4331383Z   ...
2026-10-08T18:49:07.4332528Z # Subtest: canonical private keys recover near-limit counters without changing public IDs or live state
2026-10-08T18:49:07.4334384Z ok 102 - canonical private keys recover near-limit counters without changing public IDs or live state
2026-10-08T18:49:07.4335569Z   ---
2026-10-08T18:49:07.4336143Z   duration_ms: 2.838683
2026-10-08T18:49:07.4337126Z   ...
2026-10-08T18:49:07.4338114Z # Subtest: staged drafts are deeply frozen and replacement copies remain editable
2026-10-08T18:49:07.4339446Z ok 103 - staged drafts are deeply frozen and replacement copies remain editable
2026-10-08T18:49:07.4340365Z   ---
2026-10-08T18:49:07.4340928Z   duration_ms: 0.670289
2026-10-08T18:49:07.4341513Z   ...
2026-10-08T18:49:07.4342778Z # Subtest: missing or ambiguous internal references, malformed shape and unsafe counters refuse before admission
2026-10-08T18:49:07.4345014Z ok 104 - missing or ambiguous internal references, malformed shape and unsafe counters refuse before admission
2026-10-08T18:49:07.4346064Z   ---
2026-10-08T18:49:07.4346591Z   duration_ms: 4.381173
2026-10-08T18:49:07.4389009Z   ...
2026-10-08T18:49:07.4390037Z # Subtest: only recognized editor fields cross the draft boundary
2026-10-08T18:49:07.4391014Z ok 105 - only recognized editor fields cross the draft boundary
2026-10-08T18:49:07.4391692Z   ---
2026-10-08T18:49:07.4392094Z   duration_ms: 0.544171
2026-10-08T18:49:07.4392486Z   ...
2026-10-08T18:49:07.4393578Z # Subtest: a lesson larger than its admission limit can be saved as a draft and repaired later
2026-10-08T18:49:07.4394928Z ok 106 - a lesson larger than its admission limit can be saved as a draft and repaired later
2026-10-08T18:49:07.4395728Z   ---
2026-10-08T18:49:07.4396078Z   duration_ms: 17.616521
2026-10-08T18:49:07.4396494Z   ...
2026-10-08T18:49:07.4397460Z # Subtest: draft size limits count actual UTF-8 bytes and failed saving leaves writing intact
2026-10-08T18:49:07.4399044Z ok 107 - draft size limits count actual UTF-8 bytes and failed saving leaves writing intact
2026-10-08T18:49:07.4400026Z   ---
2026-10-08T18:49:07.4400500Z   duration_ms: 83.900324
2026-10-08T18:49:07.4401023Z   ...
2026-10-08T18:49:07.4402221Z # Subtest: compact drafts remain saveable near and exactly at the byte limit without added whitespace
2026-10-08T18:49:07.4404730Z ok 108 - compact drafts remain saveable near and exactly at the byte limit without added whitespace
2026-10-08T18:49:07.4405823Z   ---
2026-10-08T18:49:07.4406312Z   duration_ms: 356.657385
2026-10-08T18:49:07.4406824Z   ...
2026-10-08T18:49:07.4407835Z # Subtest: a file whose canonical private keys exceed the saved limit is refused before admission
2026-10-08T18:49:07.4409083Z ok 109 - a file whose canonical private keys exceed the saved limit is refused before admission
2026-10-08T18:49:07.4409809Z   ---
2026-10-08T18:49:07.4410128Z   duration_ms: 55.631579
2026-10-08T18:49:07.4410483Z   ...
2026-10-08T18:49:07.4545575Z # Subtest: a valid deck stages without touching authored text and commits once with full immutable content
2026-10-08T18:49:07.4575414Z ok 110 - a valid deck stages without touching authored text and commits once with full immutable content
2026-10-08T18:49:07.4604574Z   ---
2026-10-08T18:49:07.4605886Z   duration_ms: 12.442825
2026-10-08T18:49:07.4606316Z   ...
2026-10-08T18:49:07.4607241Z # Subtest: invalid JSON, invalid answer, oversized file and unreadable file preserve the draft and allow retry
2026-10-08T18:49:07.4608636Z ok 111 - invalid JSON, invalid answer, oversized file and unreadable file preserve the draft and allow retry
2026-10-08T18:49:07.4609413Z   ---
2026-10-08T18:49:07.4609733Z   duration_ms: 11.166051
2026-10-08T18:49:07.4610093Z   ...
2026-10-08T18:49:07.4610972Z # Subtest: unfinished and cyclic draft files stage visibly and replace once with an immutable editable state
2026-10-08T18:49:07.4612324Z ok 112 - unfinished and cyclic draft files stage visibly and replace once with an immutable editable state
2026-10-08T18:49:07.4613106Z   ---
2026-10-08T18:49:07.4613838Z   duration_ms: 4.340573
2026-10-08T18:49:07.4614286Z   ...
2026-10-08T18:49:07.4615238Z # Subtest: a draft suffix cannot admit an oversized lesson deck through the larger draft-file limit
2026-10-08T18:49:07.4616555Z ok 113 - a draft suffix cannot admit an oversized lesson deck through the larger draft-file limit
2026-10-08T18:49:07.4617390Z   ---
2026-10-08T18:49:07.4618097Z   duration_ms: 9.888145
2026-10-08T18:49:07.4618583Z   ...
2026-10-08T18:49:07.4619444Z # Subtest: malformed and unsupported editable drafts preserve the old draft and retire pending previews
2026-10-08T18:49:07.4620844Z ok 114 - malformed and unsupported editable drafts preserve the old draft and retire pending previews
2026-10-08T18:49:07.4621696Z   ---
2026-10-08T18:49:07.4622549Z   duration_ms: 6.608345
2026-10-08T18:49:07.4623133Z   ...
2026-10-08T18:49:07.4624230Z # Subtest: newest selected format wins across slow draft-to-deck and deck-to-draft reads
2026-10-08T18:49:07.4625527Z ok 115 - newest selected format wins across slow draft-to-deck and deck-to-draft reads
2026-10-08T18:49:07.4626366Z   ---
2026-10-08T18:49:07.4626840Z   duration_ms: 3.133693
2026-10-08T18:49:07.4627368Z   ...
2026-10-08T18:49:07.4628418Z # Subtest: explicit Keep current draft clears staged replacement and restores the open control focus
2026-10-08T18:49:07.4629960Z ok 116 - explicit Keep current draft clears staged replacement and restores the open control focus
2026-10-08T18:49:07.4655653Z   ---
2026-10-08T18:49:07.4684220Z   duration_ms: 1.664382
2026-10-08T18:49:07.4689096Z   ...
2026-10-08T18:49:07.4690130Z # Subtest: opening another chooser invalidates its old preview even when the chooser is cancelled
2026-10-08T18:49:07.4691542Z ok 117 - opening another chooser invalidates its old preview even when the chooser is cancelled
2026-10-08T18:49:07.4692416Z   ---
2026-10-08T18:49:07.4692896Z   duration_ms: 2.725615
2026-10-08T18:49:07.4693538Z   ...
2026-10-08T18:49:07.4694299Z # Subtest: a newer valid choice wins over an earlier slow success or failure
2026-10-08T18:49:07.4695411Z ok 118 - a newer valid choice wins over an earlier slow success or failure
2026-10-08T18:49:07.4696189Z   ---
2026-10-08T18:49:07.4696669Z   duration_ms: 8.332696
2026-10-08T18:49:07.4697184Z   ...
2026-10-08T18:49:07.4698112Z # Subtest: cancelled or empty file selection prevents a late read from reopening a preview
2026-10-08T18:49:07.4699880Z ok 119 - cancelled or empty file selection prevents a late read from reopening a preview
2026-10-08T18:49:07.4700698Z   ---
2026-10-08T18:49:07.4701171Z   duration_ms: 1.925009
2026-10-08T18:49:07.4701674Z   ...
2026-10-08T18:49:07.4702538Z # Subtest: invalid newer files invalidate an earlier pending or staged valid deck
2026-10-08T18:49:07.4704249Z ok 120 - invalid newer files invalidate an earlier pending or staged valid deck
2026-10-08T18:49:07.4705014Z   ---
2026-10-08T18:49:07.4705340Z   duration_ms: 1.811442
2026-10-08T18:49:07.4705697Z   ...
2026-10-08T18:49:07.4706549Z # Subtest: undo restores all writing while clearing only references to deliberately removed concepts
2026-10-08T18:49:07.4707837Z ok 121 - undo restores all writing while clearing only references to deliberately removed concepts
2026-10-08T18:49:07.4708605Z   ---
2026-10-08T18:49:07.4708934Z   duration_ms: 3.538106
2026-10-08T18:49:07.4709304Z   ...
2026-10-08T18:49:07.4710220Z # Subtest: undo retains known selections and even unfinished self links while removing a missing prerequisite
2026-10-08T18:49:07.4711624Z ok 122 - undo retains known selections and even unfinished self links while removing a missing prerequisite
2026-10-08T18:49:07.4712411Z   ---
2026-10-08T18:49:07.4712732Z   duration_ms: 0.434368
2026-10-08T18:49:07.4713083Z   ...
2026-10-08T18:49:07.4713913Z # Subtest: blank editor requires authored metadata and a deliberate answer
2026-10-08T18:49:07.4714844Z ok 123 - blank editor requires authored metadata and a deliberate answer
2026-10-08T18:49:07.4715424Z   ---
2026-10-08T18:49:07.4715727Z   duration_ms: 7.496629
2026-10-08T18:49:07.4716066Z   ...
2026-10-08T18:49:07.4716928Z # Subtest: opening a validated lesson makes an independent editable draft and preserves IDs and literals
2026-10-08T18:49:07.4718232Z ok 124 - opening a validated lesson makes an independent editable draft and preserves IDs and literals
2026-10-08T18:49:07.4718987Z   ---
2026-10-08T18:49:07.4719298Z   duration_ms: 1.959452
2026-10-08T18:49:07.4719651Z   ...
2026-10-08T18:49:07.4720755Z # Subtest: correctness follows an option when moved or when a preceding option is removed
2026-10-08T18:49:07.4721870Z ok 125 - correctness follows an option when moved or when a preceding option is removed
2026-10-08T18:49:07.4722522Z   ---
2026-10-08T18:49:07.4722826Z   duration_ms: 1.66313
2026-10-08T18:49:07.4723162Z   ...
2026-10-08T18:49:07.4724035Z # Subtest: option limits refuse without deleting text or changing the answer
2026-10-08T18:49:07.4725020Z ok 126 - option limits refuse without deleting text or changing the answer
2026-10-08T18:49:07.4725612Z   ---
2026-10-08T18:49:07.4725914Z   duration_ms: 0.894885
2026-10-08T18:49:07.4726259Z   ...
2026-10-08T18:49:07.4727148Z # Subtest: concept renaming updates question and prerequisite references while used deletion is refused
2026-10-08T18:49:07.4728495Z ok 127 - concept renaming updates question and prerequisite references while used deletion is refused
2026-10-08T18:49:07.4729260Z   ---
2026-10-08T18:49:07.4729587Z   duration_ms: 0.586315
2026-10-08T18:49:07.4729936Z   ...
2026-10-08T18:49:07.4730699Z # Subtest: cycles, uncovered concepts and duplicate answer text remain repairable drafts
2026-10-08T18:49:07.4732247Z ok 128 - cycles, uncovered concepts and duplicate answer text remain repairable drafts
2026-10-08T18:49:07.4733163Z   ---
2026-10-08T18:49:07.4733657Z   duration_ms: 2.619176
2026-10-08T18:49:07.4734000Z   ...
2026-10-08T18:49:07.4734824Z # Subtest: question reordering and undo restore the removed question without rolling back later edits
2026-10-08T18:49:07.4736066Z ok 129 - question reordering and undo restore the removed question without rolling back later edits
2026-10-08T18:49:07.4736809Z   ---
2026-10-08T18:49:07.4737122Z   duration_ms: 1.941845
2026-10-08T18:49:07.4737467Z   ...
2026-10-08T18:49:07.4738064Z # Subtest: new question IDs do not overwrite IDs from an opened deck
2026-10-08T18:49:07.4739242Z ok 130 - new question IDs do not overwrite IDs from an opened deck
2026-10-08T18:49:07.4739793Z   ---
2026-10-08T18:49:07.4740119Z   duration_ms: 0.59695
2026-10-08T18:49:07.4740465Z   ...
2026-10-08T18:49:07.4741265Z # Subtest: checked snapshots are immutable, deterministic, and separate from later draft edits
2026-10-08T18:49:07.4742495Z ok 131 - checked snapshots are immutable, deterministic, and separate from later draft edits
2026-10-08T18:49:07.4743209Z   ---
2026-10-08T18:49:07.4743724Z   duration_ms: 0.672072
2026-10-08T18:49:07.4744088Z   ...
2026-10-08T18:49:07.4744949Z # Subtest: individually valid multibyte content cannot export a file larger than the importer admits
2026-10-08T18:49:07.4746210Z ok 132 - individually valid multibyte content cannot export a file larger than the importer admits
2026-10-08T18:49:07.4746961Z   ---
2026-10-08T18:49:07.4747283Z   duration_ms: 11.548172
2026-10-08T18:49:07.4747637Z   ...
2026-10-08T18:49:07.4748125Z # Subtest: download filenames are bounded local names
2026-10-08T18:49:07.4748860Z ok 133 - download filenames are bounded local names
2026-10-08T18:49:07.4749368Z   ---
2026-10-08T18:49:07.4749690Z   duration_ms: 0.537191
2026-10-08T18:49:07.4750025Z   ...
2026-10-08T18:49:07.4750676Z # Subtest: the existing bundled deck imports unchanged without a format field
2026-10-08T18:49:07.4751676Z ok 134 - the existing bundled deck imports unchanged without a format field
2026-10-08T18:49:07.4752295Z   ---
2026-10-08T18:49:07.4752613Z   duration_ms: 3.468913
2026-10-08T18:49:07.4752964Z   ...
2026-10-08T18:49:07.4753821Z # Subtest: a deck is an immutable copy, and unknown fields cannot configure the runtime
2026-10-08T18:49:07.4754889Z ok 135 - a deck is an immutable copy, and unknown fields cannot configure the runtime
2026-10-08T18:49:07.4755556Z   ---
2026-10-08T18:49:07.4755867Z   duration_ms: 0.859071
2026-10-08T18:49:07.4756215Z   ...
2026-10-08T18:49:07.4757045Z # Subtest: malformed JSON, unsupported versions and wrong top-level values give actionable errors
2026-10-08T18:49:07.4758689Z ok 136 - malformed JSON, unsupported versions and wrong top-level values give actionable errors
2026-10-08T18:49:07.4759440Z   ---
2026-10-08T18:49:07.4759761Z   duration_ms: 0.450933
2026-10-08T18:49:07.4760112Z   ...
2026-10-08T18:49:07.4760774Z # Subtest: JSON byte limit counts multibyte text and accepts the exact boundary
2026-10-08T18:49:07.4761762Z ok 137 - JSON byte limit counts multibyte text and accepts the exact boundary
2026-10-08T18:49:07.4762365Z   ---
2026-10-08T18:49:07.4762683Z   duration_ms: 3.036128
2026-10-08T18:49:07.4763028Z   ...
2026-10-08T18:49:07.4763838Z # Subtest: required readable metadata and bounded question fields are validated
2026-10-08T18:49:07.4764867Z ok 138 - required readable metadata and bounded question fields are validated
2026-10-08T18:49:07.4765496Z   ---
2026-10-08T18:49:07.4765809Z   duration_ms: 3.21235
2026-10-08T18:49:07.4766156Z   ...
2026-10-08T18:49:07.4766858Z # Subtest: empty and oversized collections and duplicate identities are refused
2026-10-08T18:49:07.4767887Z ok 139 - empty and oversized collections and duplicate identities are refused
2026-10-08T18:49:07.4768519Z   ---
2026-10-08T18:49:07.4768829Z   duration_ms: 0.896337
2026-10-08T18:49:07.4769170Z   ...
2026-10-08T18:49:07.4769827Z # Subtest: every question and prerequisite must name a known covered concept
2026-10-08T18:49:07.4770785Z ok 140 - every question and prerequisite must name a known covered concept
2026-10-08T18:49:07.4771378Z   ---
2026-10-08T18:49:07.4771696Z   duration_ms: 0.407497
2026-10-08T18:49:07.4772054Z   ...
2026-10-08T18:49:07.4772794Z # Subtest: self-requirements and concept cycles across different questions are refused
2026-10-08T18:49:07.4774035Z ok 141 - self-requirements and concept cycles across different questions are refused
2026-10-08T18:49:07.4774696Z   ---
2026-10-08T18:49:07.4774980Z   duration_ms: 0.597551
2026-10-08T18:49:07.4775373Z   ...
2026-10-08T18:49:07.4776062Z # Subtest: choices require distinct readable options and an actual integer answer index
2026-10-08T18:49:07.4777463Z ok 142 - choices require distinct readable options and an actual integer answer index
2026-10-08T18:49:07.4778076Z   ---
2026-10-08T18:49:07.4778357Z   duration_ms: 1.428421
2026-10-08T18:49:07.4778688Z   ...
2026-10-08T18:49:07.4779353Z # Subtest: 100 questions and 32 concepts work through the existing selector to exhaustion
2026-10-08T18:49:07.4780397Z ok 143 - 100 questions and 32 concepts work through the existing selector to exhaustion
2026-10-08T18:49:07.4781021Z   ---
2026-10-08T18:49:07.4781330Z   duration_ms: 162.852739
2026-10-08T18:49:07.4781673Z   ...
2026-10-08T18:49:07.4782468Z # Subtest: imported answer indices, literal text and object-key names survive learning and practice
2026-10-08T18:49:07.4783888Z ok 144 - imported answer indices, literal text and object-key names survive learning and practice
2026-10-08T18:49:07.4784618Z   ---
2026-10-08T18:49:07.4784925Z   duration_ms: 1.058889
2026-10-08T18:49:07.4785276Z   ...
2026-10-08T18:49:07.4786041Z # Subtest: downloadable example round-trips through the import contract with full attribution
2026-10-08T18:49:07.4787226Z ok 145 - downloadable example round-trips through the import contract with full attribution
2026-10-08T18:49:07.4787910Z   ---
2026-10-08T18:49:07.4788197Z   duration_ms: 0.797239
2026-10-08T18:49:07.4788574Z   ...
2026-10-08T18:49:07.4789293Z # Subtest: the exact original course is bounded, admitted, balanced and round-trippable
2026-10-08T18:49:07.4790390Z ok 146 - the exact original course is bounded, admitted, balanced and round-trippable
2026-10-08T18:49:07.4791066Z   ---
2026-10-08T18:49:07.4791391Z   duration_ms: 3.608601
2026-10-08T18:49:07.4791736Z   ...
2026-10-08T18:49:07.4792417Z # Subtest: every stated answer follows the literal graph, with one correct option
2026-10-08T18:49:07.4793120Z     # Subtest: dg-links-1
2026-10-08T18:49:07.4793715Z     ok 1 - dg-links-1
2026-10-08T18:49:07.4794069Z       ---
2026-10-08T18:49:07.4794404Z       duration_ms: 0.582639
2026-10-08T18:49:07.4794792Z       ...
2026-10-08T18:49:07.4795109Z     # Subtest: dg-links-2
2026-10-08T18:49:07.4795764Z     ok 2 - dg-links-2
2026-10-08T18:49:07.4796131Z       ---
2026-10-08T18:49:07.4796457Z       duration_ms: 0.525323
2026-10-08T18:49:07.4796834Z       ...
2026-10-08T18:49:07.4797145Z     # Subtest: dg-links-3
2026-10-08T18:49:07.4797514Z     ok 3 - dg-links-3
2026-10-08T18:49:07.4797852Z       ---
2026-10-08T18:49:07.4798155Z       duration_ms: 1.585334
2026-10-08T18:49:07.4798510Z       ...
2026-10-08T18:49:07.4798812Z     # Subtest: dg-reach-1
2026-10-08T18:49:07.4799186Z     ok 4 - dg-reach-1
2026-10-08T18:49:07.4799519Z       ---
2026-10-08T18:49:07.4799831Z       duration_ms: 0.522459
2026-10-08T18:49:07.4800183Z       ...
2026-10-08T18:49:07.4800551Z     # Subtest: dg-reach-2
2026-10-08T18:49:07.4800908Z     ok 5 - dg-reach-2
2026-10-08T18:49:07.4801251Z       ---
2026-10-08T18:49:07.4801564Z       duration_ms: 0.420376
2026-10-08T18:49:07.4801923Z       ...
2026-10-08T18:49:07.4802249Z     # Subtest: dg-reach-3
2026-10-08T18:49:07.4802628Z     ok 6 - dg-reach-3
2026-10-08T18:49:07.4802966Z       ---
2026-10-08T18:49:07.4803303Z       duration_ms: 0.263513
2026-10-08T18:49:07.4803876Z       ...
2026-10-08T18:49:07.4804178Z     # Subtest: dg-order-1
2026-10-08T18:49:07.4804551Z     ok 7 - dg-order-1
2026-10-08T18:49:07.4804886Z       ---
2026-10-08T18:49:07.4805194Z       duration_ms: 0.298766
2026-10-08T18:49:07.4805552Z       ...
2026-10-08T18:49:07.4805876Z     # Subtest: dg-order-2
2026-10-08T18:49:07.4806242Z     ok 8 - dg-order-2
2026-10-08T18:49:07.4806577Z       ---
2026-10-08T18:49:07.4806898Z       duration_ms: 0.465475
2026-10-08T18:49:07.4807252Z       ...
2026-10-08T18:49:07.4807571Z     # Subtest: dg-order-3
2026-10-08T18:49:07.4807952Z     ok 9 - dg-order-3
2026-10-08T18:49:07.4808292Z       ---
2026-10-08T18:49:07.4808604Z       duration_ms: 0.594717
2026-10-08T18:49:07.4808963Z       ...
2026-10-08T18:49:07.4809280Z     # Subtest: dg-update-1
2026-10-08T18:49:07.4809981Z     ok 10 - dg-update-1
2026-10-08T18:49:07.4810340Z       ---
2026-10-08T18:49:07.4810659Z       duration_ms: 0.837098
2026-10-08T18:49:07.4811007Z       ...
2026-10-08T18:49:07.4811302Z     # Subtest: dg-update-2
2026-10-08T18:49:07.4811674Z     ok 11 - dg-update-2
2026-10-08T18:49:07.4812014Z       ---
2026-10-08T18:49:07.4812326Z       duration_ms: 0.493156
2026-10-08T18:49:07.4812696Z       ...
2026-10-08T18:49:07.4813005Z     # Subtest: dg-update-3
2026-10-08T18:49:07.4813593Z     ok 12 - dg-update-3
2026-10-08T18:49:07.4813942Z       ---
2026-10-08T18:49:07.4814256Z       duration_ms: 0.64333
2026-10-08T18:49:07.4814613Z       ...
2026-10-08T18:49:07.4814913Z     1..12
2026-10-08T18:49:07.4815580Z ok 147 - every stated answer follows the literal graph, with one correct option
2026-10-08T18:49:07.4816222Z   ---
2026-10-08T18:49:07.4816549Z   duration_ms: 10.449452
2026-10-08T18:49:07.4816910Z   ...
2026-10-08T18:49:07.4817781Z # Subtest: structurally valid changed content exposes graph reversal and blocked-descendant mistakes
2026-10-08T18:49:07.4818971Z ok 148 - structurally valid changed content exposes graph reversal and blocked-descendant mistakes
2026-10-08T18:49:07.4819668Z   ---
2026-10-08T18:49:07.4819959Z   duration_ms: 2.945923
2026-10-08T18:49:07.4820263Z   ...
2026-10-08T18:49:07.4820999Z # Subtest: the real selector, review, practice, notes and trace consumer preserve this course
2026-10-08T18:49:07.4822193Z ok 149 - the real selector, review, practice, notes and trace consumer preserve this course
2026-10-08T18:49:07.4822879Z   ---
2026-10-08T18:49:07.4823198Z   duration_ms: 19.70865
2026-10-08T18:49:07.4823745Z   ...
2026-10-08T18:49:07.4824369Z # Subtest: literal input preserves case, Unicode and prototype-like names
2026-10-08T18:49:07.4825361Z ok 150 - literal input preserves case, Unicode and prototype-like names
2026-10-08T18:49:07.4825943Z   ---
2026-10-08T18:49:07.4826271Z   duration_ms: 4.045152
2026-10-08T18:49:07.4826622Z   ...
2026-10-08T18:49:07.4827277Z # Subtest: bounded input rejects ambiguity, duplicate arrows and unknown names
2026-10-08T18:49:07.4828555Z ok 151 - bounded input rejects ambiguity, duplicate arrows and unknown names
2026-10-08T18:49:07.4829179Z   ---
2026-10-08T18:49:07.4829495Z   duration_ms: 2.598926
2026-10-08T18:49:07.4829845Z   ...
2026-10-08T18:49:07.4830620Z # Subtest: the graph model copies and freezes input instead of sharing mutable arrays
2026-10-08T18:49:07.4831724Z ok 152 - the graph model copies and freezes input instead of sharing mutable arrays
2026-10-08T18:49:07.4832414Z   ---
2026-10-08T18:49:07.4832786Z   duration_ms: 2.128735
2026-10-08T18:49:07.4833166Z   ...
2026-10-08T18:49:07.4834069Z # Subtest: completion requires every prerequisite and never permits a repeated job
2026-10-08T18:49:07.4835325Z ok 153 - completion requires every prerequisite and never permits a repeated job
2026-10-08T18:49:07.4836025Z   ---
2026-10-08T18:49:07.4836386Z   duration_ms: 1.878842
2026-10-08T18:49:07.4836774Z   ...
2026-10-08T18:49:07.4837471Z # Subtest: undo and reset retain the graph and earlier completion order
2026-10-08T18:49:07.4838605Z ok 154 - undo and reset retain the graph and earlier completion order
2026-10-08T18:49:07.4839224Z   ---
2026-10-08T18:49:07.4839522Z   duration_ms: 1.413649
2026-10-08T18:49:07.4839879Z   ...
2026-10-08T18:49:07.4840489Z # Subtest: a downstream blocked job is not mislabeled as part of a cycle
2026-10-08T18:49:07.4841329Z ok 155 - a downstream blocked job is not mislabeled as part of a cycle
2026-10-08T18:49:07.4841859Z   ---
2026-10-08T18:49:07.4842143Z   duration_ms: 1.018058
2026-10-08T18:49:07.4842465Z   ...
2026-10-08T18:49:07.4843202Z # Subtest: separate strongly connected groups, a self-loop and their descendants stay distinct
2026-10-08T18:49:07.4844449Z ok 156 - separate strongly connected groups, a self-loop and their descendants stay distinct
2026-10-08T18:49:07.4845147Z   ---
2026-10-08T18:49:07.4845451Z   duration_ms: 0.71116
2026-10-08T18:49:07.4845781Z   ...
2026-10-08T18:49:07.4846442Z # Subtest: reachability follows direction and counts positive-length paths
2026-10-08T18:49:07.4847657Z ok 157 - reachability follows direction and counts positive-length paths
2026-10-08T18:49:07.4848319Z   ---
2026-10-08T18:49:07.4848623Z   duration_ms: 1.722689
2026-10-08T18:49:07.4848968Z   ...
2026-10-08T18:49:07.4849730Z # Subtest: order enumeration extends the exact prefix and reports a cap only when exceeded
2026-10-08T18:49:07.4850894Z ok 158 - order enumeration extends the exact prefix and reports a cap only when exceeded
2026-10-08T18:49:07.4851580Z   ---
2026-10-08T18:49:07.4851898Z   duration_ms: 0.91197
2026-10-08T18:49:07.4852237Z   ...
2026-10-08T18:49:07.4852881Z # Subtest: eight independent jobs produce bounded, stable complete orders
2026-10-08T18:49:07.4853891Z ok 159 - eight independent jobs produce bounded, stable complete orders
2026-10-08T18:49:07.4854479Z   ---
2026-10-08T18:49:07.4854785Z   duration_ms: 0.80474
2026-10-08T18:49:07.4855130Z   ...
2026-10-08T18:49:07.4855837Z # Subtest: the standalone build and original course download retain exact source text
2026-10-08T18:49:07.4856924Z ok 160 - the standalone build and original course download retain exact source text
2026-10-08T18:49:07.4857576Z   ---
2026-10-08T18:49:07.4857881Z   duration_ms: 5.395466
2026-10-08T18:49:07.4858220Z   ...
2026-10-08T18:49:07.4858996Z # Subtest: the builder escapes source text for HTML while recovering the original UTF-8 string
2026-10-08T18:49:07.4860181Z ok 161 - the builder escapes source text for HTML while recovering the original UTF-8 string
2026-10-08T18:49:07.4860868Z   ---
2026-10-08T18:49:07.4861160Z   duration_ms: 1.936808
2026-10-08T18:49:07.4861488Z   ...
2026-10-08T18:49:07.4862256Z # Subtest: unsupported module changes and missing or duplicated build markers fail explicitly
2026-10-08T18:49:07.4863595Z ok 162 - unsupported module changes and missing or duplicated build markers fail explicitly
2026-10-08T18:49:07.4864298Z   ---
2026-10-08T18:49:07.4864604Z   duration_ms: 69.508553
2026-10-08T18:49:07.4864961Z   ...
2026-10-08T18:49:07.5298986Z # Subtest: timing exports the admitted API and preserves every tied critical branch
2026-10-08T18:49:07.5334387Z ok 163 - timing exports the admitted API and preserves every tied critical branch
2026-10-08T18:49:07.5374096Z   ---
2026-10-08T18:49:07.5383844Z   duration_ms: 7.304913
2026-10-08T18:49:07.5386742Z   ...
2026-10-08T18:49:07.5409657Z # Subtest: all three-job DAGs and binary duration vectors match enumerated maximal paths
2026-10-08T18:49:07.5454810Z ok 164 - all three-job DAGs and binary duration vectors match enumerated maximal paths
2026-10-08T18:49:07.5465020Z   ---
2026-10-08T18:49:07.5465752Z   duration_ms: 124.979692
2026-10-08T18:49:07.5466162Z   ...
2026-10-08T18:49:07.5466885Z # Subtest: zero milestones and disconnected jobs use the global project deadline
2026-10-08T18:49:07.5467921Z ok 165 - zero milestones and disconnected jobs use the global project deadline
2026-10-08T18:49:07.5468572Z   ---
2026-10-08T18:49:07.5468891Z   duration_ms: 0.936386
2026-10-08T18:49:07.5469270Z   ...
2026-10-08T18:49:07.5470010Z # Subtest: eight-job bounds retain exact integer arithmetic and all tight zero branches
2026-10-08T18:49:07.5471071Z ok 166 - eight-job bounds retain exact integer arithmetic and all tight zero branches
2026-10-08T18:49:07.5471724Z   ---
2026-10-08T18:49:07.5472036Z   duration_ms: 15.867612
2026-10-08T18:49:07.5472387Z   ...
2026-10-08T18:49:07.5473146Z # Subtest: cyclic projects retain separate SCC, blocked-descendant and ready-job explanations
2026-10-08T18:49:07.5474476Z ok 167 - cyclic projects retain separate SCC, blocked-descendant and ready-job explanations
2026-10-08T18:49:07.5475136Z   ---
2026-10-08T18:49:07.5475428Z   duration_ms: 0.880363
2026-10-08T18:49:07.5475755Z   ...
2026-10-08T18:49:07.5476485Z # Subtest: duration records are complete, exact-own-key, strict integer inputs even for cycles
2026-10-08T18:49:07.5477572Z ok 168 - duration records are complete, exact-own-key, strict integer inputs even for cycles
2026-10-08T18:49:07.5478652Z   ---
2026-10-08T18:49:07.5478917Z   duration_ms: 2.720998
2026-10-08T18:49:07.5479213Z   ...
2026-10-08T18:49:07.5479929Z # Subtest: literal Unicode and prototype-like job names preserve exact identities and order
2026-10-08T18:49:07.5481029Z ok 169 - literal Unicode and prototype-like job names preserve exact identities and order
2026-10-08T18:49:07.5481653Z   ---
2026-10-08T18:49:07.5481928Z   duration_ms: 1.527578
2026-10-08T18:49:07.5482261Z   ...
2026-10-08T18:49:07.5482931Z # Subtest: graph refusal remains delegated to the unchanged original admission contract
2026-10-08T18:49:07.5484084Z ok 170 - graph refusal remains delegated to the unchanged original admission contract
2026-10-08T18:49:07.5484686Z   ---
2026-10-08T18:49:07.5484978Z   duration_ms: 0.595518
2026-10-08T18:49:07.5485308Z   ...
2026-10-08T18:49:07.5485985Z # Subtest: returned timing is detached and deeply frozen without freezing caller input
2026-10-08T18:49:07.5486952Z ok 171 - returned timing is detached and deeply frozen without freezing caller input
2026-10-08T18:49:07.5487571Z   ---
2026-10-08T18:49:07.5487877Z   duration_ms: 2.121003
2026-10-08T18:49:07.5488225Z   ...
2026-10-08T18:49:07.5488923Z # Subtest: duration admission refuses accessors without executing getters or coercion
2026-10-08T18:49:07.5489887Z ok 172 - duration admission refuses accessors without executing getters or coercion
2026-10-08T18:49:07.5490502Z   ---
2026-10-08T18:49:07.5490794Z   duration_ms: 5.017072
2026-10-08T18:49:07.5491106Z   ...
2026-10-08T18:49:07.5491695Z # Subtest: the checked-in timing page exactly matches the native builder output
2026-10-08T18:49:07.5492674Z ok 173 - the checked-in timing page exactly matches the native builder output
2026-10-08T18:49:07.5514197Z   ---
2026-10-08T18:49:07.5524584Z   duration_ms: 21.14422
2026-10-08T18:49:07.5525072Z   ...
2026-10-08T18:49:07.5606646Z # Subtest: the committed standalone page exactly matches its native source builder
2026-10-08T18:49:07.5608400Z ok 174 - the committed standalone page exactly matches its native source builder
2026-10-08T18:49:07.5609390Z   ---
2026-10-08T18:49:07.5610035Z   duration_ms: 7.342339
2026-10-08T18:49:07.5610997Z   ...
2026-10-08T18:49:07.5612199Z # Subtest: the actual embedded course text retains the qualified twelve-question identity byte for byte
2026-10-08T18:49:07.5614133Z ok 175 - the actual embedded course text retains the qualified twelve-question identity byte for byte
2026-10-08T18:49:07.5615268Z   ---
2026-10-08T18:49:07.5615826Z   duration_ms: 2.948327
2026-10-08T18:49:07.5616412Z   ...
2026-10-08T18:49:07.5885239Z # Subtest: the fixed uninhibited enzyme reproduces the existing course example
2026-10-08T18:49:07.5904724Z ok 176 - the fixed uninhibited enzyme reproduces the existing course example
2026-10-08T18:49:07.5934711Z   ---
2026-10-08T18:49:07.5935351Z   duration_ms: 2.72277
2026-10-08T18:49:07.5935853Z   ...
2026-10-08T18:49:07.5937083Z # Subtest: one independently worked comparison distinguishes rate, fraction and apparent parameters
2026-10-08T18:49:07.5938653Z ok 177 - one independently worked comparison distinguishes rate, fraction and apparent parameters
2026-10-08T18:49:07.5939586Z   ---
2026-10-08T18:49:07.5940015Z   duration_ms: 0.374508
2026-10-08T18:49:07.5940594Z   ...
2026-10-08T18:49:07.5963703Z # Subtest: zero substrate yields zero rates and undefined fractions, including with zero inhibitor
2026-10-08T18:49:07.5965495Z ok 178 - zero substrate yields zero rates and undefined fractions, including with zero inhibitor
2026-10-08T18:49:07.5966456Z   ---
2026-10-08T18:49:07.5966960Z   duration_ms: 0.531412
2026-10-08T18:49:07.5967497Z   ...
2026-10-08T18:49:07.5968493Z # Subtest: zero inhibitor makes all cases coincide; each Km locates its own half limiting rate
2026-10-08T18:49:07.5969886Z ok 179 - zero inhibitor makes all cases coincide; each Km locates its own half limiting rate
2026-10-08T18:49:07.5970809Z   ---
2026-10-08T18:49:07.5971288Z   duration_ms: 0.543681
2026-10-08T18:49:07.5971831Z   ...
2026-10-08T18:49:07.5972938Z # Subtest: adding substrate reduces competitive fractional loss while the pure special case stays proportional
2026-10-08T18:49:07.5975364Z ok 180 - adding substrate reduces competitive fractional loss while the pure special case stays proportional
2026-10-08T18:49:07.5976453Z   ---
2026-10-08T18:49:07.5977077Z   duration_ms: 0.258185
2026-10-08T18:49:07.5977627Z   ...
2026-10-08T18:49:07.5978721Z # Subtest: a deterministic domain grid preserves saturation, ordering and fixed baseline parameters
2026-10-08T18:49:07.5980273Z ok 181 - a deterministic domain grid preserves saturation, ordering and fixed baseline parameters
2026-10-08T18:49:07.5981339Z   ---
2026-10-08T18:49:07.5981925Z   duration_ms: 0.953922
2026-10-08T18:49:07.5982513Z   ...
2026-10-08T18:49:07.5983956Z # Subtest: invalid or coerced inputs and incomplete text never silently reuse a prior comparison
2026-10-08T18:49:07.5985776Z ok 182 - invalid or coerced inputs and incomplete text never silently reuse a prior comparison
2026-10-08T18:49:07.5986791Z   ---
2026-10-08T18:49:07.5987400Z   duration_ms: 1.393809
2026-10-08T18:49:07.5988063Z   ...
2026-10-08T18:49:07.5989378Z # Subtest: snapshots are independent and the sampled curve includes exact endpoints and course points
2026-10-08T18:49:07.5990975Z ok 183 - snapshots are independent and the sampled curve includes exact endpoints and course points
2026-10-08T18:49:07.5991933Z   ---
2026-10-08T18:49:07.5992394Z   duration_ms: 2.368912
2026-10-08T18:49:07.5992917Z   ...
2026-10-08T18:49:07.5994157Z # Subtest: CSV exports the current point, complete sample grid, units and explicit undefined cells
2026-10-08T18:49:07.5995737Z ok 184 - CSV exports the current point, complete sample grid, units and explicit undefined cells
2026-10-08T18:49:07.5996691Z   ---
2026-10-08T18:49:07.5997202Z   duration_ms: 6.014238
2026-10-08T18:49:07.5997706Z   ...
2026-10-08T18:49:07.5998773Z # Subtest: positive subnormal substrate retains analytic fractions instead of a quotient of quantized rates
2026-10-08T18:49:07.6000413Z ok 185 - positive subnormal substrate retains analytic fractions instead of a quotient of quantized rates
2026-10-08T18:49:07.6001507Z   ---
2026-10-08T18:49:07.6002378Z   duration_ms: 2.21988
2026-10-08T18:49:07.6002983Z   ...
2026-10-08T18:49:07.6775345Z # Subtest: the original course imports through the unchanged learner contract and round trips
2026-10-08T18:49:07.6776604Z ok 186 - the original course imports through the unchanged learner contract and round trips
2026-10-08T18:49:07.6777069Z   ---
2026-10-08T18:49:07.6777299Z   duration_ms: 3.66156
2026-10-08T18:49:07.6777695Z   ...
2026-10-08T18:49:07.6785047Z # Subtest: the course explicitly teaches the hand-calculated update, multiplier and strict boundary
2026-10-08T18:49:07.6786766Z ok 187 - the course explicitly teaches the hand-calculated update, multiplier and strict boundary
2026-10-08T18:49:07.6787736Z   ---
2026-10-08T18:49:07.6788259Z   duration_ms: 0.316702
2026-10-08T18:49:07.6788793Z   ...
2026-10-08T18:49:07.6838514Z # Subtest: the generated explorer contains the exact course bytes and current model source
2026-10-08T18:49:07.6839769Z ok 188 - the generated explorer contains the exact course bytes and current model source
2026-10-08T18:49:07.6840519Z   ---
2026-10-08T18:49:07.6850449Z   duration_ms: 72.4105
2026-10-08T18:49:07.6851052Z   ...
2026-10-08T18:49:07.6990707Z # Subtest: the default rule follows a hand-calculated update and approaches 2/3, not r=1
2026-10-08T18:49:07.6992424Z ok 189 - the default rule follows a hand-calculated update and approaches 2/3, not r=1
2026-10-08T18:49:07.6993563Z   ---
2026-10-08T18:49:07.6994202Z   duration_ms: 2.922558
2026-10-08T18:49:07.6994747Z   ...
2026-10-08T18:49:07.6995637Z # Subtest: two starts obey the signed geometric separation and cancel common forcing
2026-10-08T18:49:07.6996895Z ok 190 - two starts obey the signed geometric separation and cancel common forcing
2026-10-08T18:49:07.6997699Z   ---
2026-10-08T18:49:07.6998199Z   duration_ms: 1.385937
2026-10-08T18:49:07.6998734Z   ...
2026-10-08T18:49:07.6999939Z # Subtest: q=0 reaches the same unique fixed point after one update
2026-10-08T18:49:07.7000975Z ok 191 - q=0 reaches the same unique fixed point after one update
2026-10-08T18:49:07.7001711Z   ---
2026-10-08T18:49:07.7002192Z   duration_ms: 0.358094
2026-10-08T18:49:07.7002923Z   ...
2026-10-08T18:49:07.7004390Z # Subtest: boundary cases distinguish persistent separation, drift and repeating deviations
2026-10-08T18:49:07.7043121Z ok 192 - boundary cases distinguish persistent separation, drift and repeating deviations
2026-10-08T18:49:07.7044398Z   ---
2026-10-08T18:49:07.7044932Z   duration_ms: 0.688947
2026-10-08T18:49:07.7045483Z   ...
2026-10-08T18:49:07.7046316Z # Subtest: an exact equilibrium can stay flat while a nearby start grows
2026-10-08T18:49:07.7047440Z ok 193 - an exact equilibrium can stay flat while a nearby start grows
2026-10-08T18:49:07.7048222Z   ---
2026-10-08T18:49:07.7048712Z   duration_ms: 0.323503
2026-10-08T18:49:07.7049251Z   ...
2026-10-08T18:49:07.7049928Z # Subtest: constant input and reference move the fixed point without changing q
2026-10-08T18:49:07.7050742Z ok 194 - constant input and reference move the fixed point without changing q
2026-10-08T18:49:07.7051278Z   ---
2026-10-08T18:49:07.7051629Z   duration_ms: 0.36852
2026-10-08T18:49:07.7052010Z   ...
2026-10-08T18:49:07.7052616Z # Subtest: the admitted longest extreme trajectories remain finite and follow a closed form
2026-10-08T18:49:07.7053714Z ok 195 - the admitted longest extreme trajectories remain finite and follow a closed form
2026-10-08T18:49:07.7054653Z   ---
2026-10-08T18:49:07.7055135Z   duration_ms: 3.398658
2026-10-08T18:49:07.7055803Z   ...
2026-10-08T18:49:07.7056647Z # Subtest: validation rejects unbounded, fractional, empty and nonnumeric settings without changing the input
2026-10-08T18:49:07.7057737Z ok 196 - validation rejects unbounded, fractional, empty and nonnumeric settings without changing the input
2026-10-08T18:49:07.7058690Z   ---
2026-10-08T18:49:07.7059302Z   duration_ms: 1.236364
2026-10-08T18:49:07.7060142Z   ...
2026-10-08T18:49:07.7061427Z # Subtest: terminal CSV fields mean N updates and N+1 states; settings survive every row
2026-10-08T18:49:07.7062492Z ok 197 - terminal CSV fields mean N updates and N+1 states; settings survive every row
2026-10-08T18:49:07.7141829Z   ---
2026-10-08T18:49:07.7152126Z   duration_ms: 0.968945
2026-10-08T18:49:07.7152795Z   ...
2026-10-08T18:49:07.7154035Z # Subtest: finite-precision subtraction remains distinct from the analytical separation
2026-10-08T18:49:07.7155359Z ok 198 - finite-precision subtraction remains distinct from the analytical separation
2026-10-08T18:49:07.7156201Z   ---
2026-10-08T18:49:07.7156698Z   duration_ms: 0.481989
2026-10-08T18:49:07.7157226Z   ...
2026-10-08T18:49:07.7158166Z # Subtest: the original twelve-question course satisfies the current public deck contract
2026-10-08T18:49:07.7159458Z ok 199 - the original twelve-question course satisfies the current public deck contract
2026-10-08T18:49:07.7160305Z   ---
2026-10-08T18:49:07.7160839Z   duration_ms: 3.803331
2026-10-08T18:49:07.7161379Z   ...
2026-10-08T18:49:07.7162360Z # Subtest: course answer identities agree with separately specified arithmetic and conventions
2026-10-08T18:49:07.7164601Z ok 200 - course answer identities agree with separately specified arithmetic and conventions
2026-10-08T18:49:07.7165509Z   ---
2026-10-08T18:49:07.7165986Z   duration_ms: 0.821034
2026-10-08T18:49:07.7166501Z   ...
2026-10-08T18:49:07.7167484Z # Subtest: the actual adaptive, review, retry, and study-note consumers receive all course content
2026-10-08T18:49:07.7168885Z ok 201 - the actual adaptive, review, retry, and study-note consumers receive all course content
2026-10-08T18:49:07.7169761Z   ---
2026-10-08T18:49:07.7170245Z   duration_ms: 17.111497
2026-10-08T18:49:07.7170790Z   ...
2026-10-08T18:49:07.7171723Z # Subtest: the direct-file lab is an exact build with the original downloadable course bytes
2026-10-08T18:49:07.7172943Z ok 202 - the direct-file lab is an exact build with the original downloadable course bytes
2026-10-08T18:49:07.7174521Z   ---
2026-10-08T18:49:07.7175015Z   duration_ms: 3.704634
2026-10-08T18:49:07.7175563Z   ...
2026-10-08T18:49:07.7240322Z # Subtest: full signed convolution retains cancellation and the final product
2026-10-08T18:49:07.7244053Z ok 203 - full signed convolution retains cancellation and the final product
2026-10-08T18:49:07.7244962Z   ---
2026-10-08T18:49:07.7245488Z   duration_ms: 2.534299
2026-10-08T18:49:07.7246046Z   ...
2026-10-08T18:49:07.7250210Z # Subtest: each selected index exposes reversed kernel indices and outside-list zeros
2026-10-08T18:49:07.7253697Z ok 204 - each selected index exposes reversed kernel indices and outside-list zeros
2026-10-08T18:49:07.7275135Z   ---
2026-10-08T18:49:07.7313602Z   duration_ms: 0.788566
2026-10-08T18:49:07.7344286Z   ...
2026-10-08T18:49:07.7345472Z # Subtest: convolution is distinguished from the declared zero-lag correlation
2026-10-08T18:49:07.7346788Z ok 205 - convolution is distinguished from the declared zero-lag correlation
2026-10-08T18:49:07.7347669Z   ---
2026-10-08T18:49:07.7348155Z   duration_ms: 1.916878
2026-10-08T18:49:07.7348694Z   ...
2026-10-08T18:49:07.7349577Z # Subtest: impulses preserve origin, delays, and the declared full zero padding
2026-10-08T18:49:07.7350840Z ok 206 - impulses preserve origin, delays, and the declared full zero padding
2026-10-08T18:49:07.7351640Z   ---
2026-10-08T18:49:07.7352135Z   duration_ms: 0.390463
2026-10-08T18:49:07.7352846Z   ...
2026-10-08T18:49:07.7353862Z # Subtest: averaging and differencing include both finite boundaries
2026-10-08T18:49:07.7354922Z ok 207 - averaging and differencing include both finite boundaries
2026-10-08T18:49:07.7355652Z   ---
2026-10-08T18:49:07.7356123Z   duration_ms: 0.273478
2026-10-08T18:49:07.7356627Z   ...
2026-10-08T18:49:07.7357550Z # Subtest: fixed-kernel superposition and operand exchange hold on distinct signed cases
2026-10-08T18:49:07.7358874Z ok 208 - fixed-kernel superposition and operand exchange hold on distinct signed cases
2026-10-08T18:49:07.7359804Z   ---
2026-10-08T18:49:07.7360288Z   duration_ms: 0.506716
2026-10-08T18:49:07.7361265Z   ...
2026-10-08T18:49:07.7362210Z # Subtest: four-place inputs preserve eight-place signed products and exact cancellation
2026-10-08T18:49:07.7363807Z ok 209 - four-place inputs preserve eight-place signed products and exact cancellation
2026-10-08T18:49:07.7364731Z   ---
2026-10-08T18:49:07.7365253Z   duration_ms: 0.453386
2026-10-08T18:49:07.7365805Z   ...
2026-10-08T18:49:07.7366822Z # Subtest: the maximum admitted lists retain 47 finite outputs and the exact peak
2026-10-08T18:49:07.7368140Z ok 210 - the maximum admitted lists retain 47 finite outputs and the exact peak
2026-10-08T18:49:07.7368997Z   ---
2026-10-08T18:49:07.7369524Z   duration_ms: 0.649088
2026-10-08T18:49:07.7370088Z   ...
2026-10-08T18:49:07.7371146Z # Subtest: text admission keeps literal values and refuses ambiguous or out-of-domain input
2026-10-08T18:49:07.7372627Z ok 211 - text admission keeps literal values and refuses ambiguous or out-of-domain input
2026-10-08T18:49:07.7373870Z   ---
2026-10-08T18:49:07.7374541Z   duration_ms: 1.501188
2026-10-08T18:49:07.7375096Z   ...
2026-10-08T18:49:07.7376232Z # Subtest: direct numerical callers cannot admit holes, non-numbers, extra precision, or invalid indices
2026-10-08T18:49:07.7378814Z ok 212 - direct numerical callers cannot admit holes, non-numbers, extra precision, or invalid indices
2026-10-08T18:49:07.7379823Z   ---
2026-10-08T18:49:07.7380315Z   duration_ms: 0.763508
2026-10-08T18:49:07.7380823Z   ...
2026-10-08T18:49:07.7381721Z # Subtest: a recorded calculation owns immutable inputs, outputs, and per-index terms
2026-10-08T18:49:07.7382998Z ok 213 - a recorded calculation owns immutable inputs, outputs, and per-index terms
2026-10-08T18:49:07.7384016Z   ---
2026-10-08T18:49:07.7384451Z   duration_ms: 0.81819
2026-10-08T18:49:07.7384952Z   ...
2026-10-08T18:49:07.7793021Z # Subtest: standalone artifact exactly matches sources and contains a valid offline script
2026-10-08T18:49:07.7798788Z ok 214 - standalone artifact exactly matches sources and contains a valid offline script
2026-10-08T18:49:07.7799696Z   ---
2026-10-08T18:49:07.7800176Z   duration_ms: 6.174388
2026-10-08T18:49:07.7800676Z   ...
2026-10-08T18:49:07.7801553Z # Subtest: course survives the existing validator and editable-format round trip
2026-10-08T18:49:07.7803099Z ok 215 - course survives the existing validator and editable-format round trip
2026-10-08T18:49:07.7803937Z   ---
2026-10-08T18:49:07.7815888Z   duration_ms: 1.948836
2026-10-08T18:49:07.7816445Z   ...
2026-10-08T18:49:08.7666840Z # Subtest: literal markup and Unicode in admitted course content cannot close the generated script
2026-10-08T18:49:08.7700925Z ok 216 - literal markup and Unicode in admitted course content cannot close the generated script
2026-10-08T18:49:08.7701860Z   ---
2026-10-08T18:49:08.7784815Z   duration_ms: 21.282147
2026-10-08T18:49:08.7812709Z   ...
2026-10-08T18:49:08.7833617Z # Subtest: check mode reports stale output without replacing a retained artifact
2026-10-08T18:49:08.7858130Z ok 217 - check mode reports stale output without replacing a retained artifact
2026-10-08T18:49:08.7859261Z   ---
2026-10-08T18:49:08.7863973Z   duration_ms: 67.649651
2026-10-08T18:49:08.7894106Z   ...
2026-10-08T18:49:08.7895252Z # Subtest: unexpected UI dependency refuses the build before overwriting its artifact
2026-10-08T18:49:08.7908683Z ok 218 - unexpected UI dependency refuses the build before overwriting its artifact
2026-10-08T18:49:08.7909612Z   ---
2026-10-08T18:49:08.7910203Z   duration_ms: 54.521343
2026-10-08T18:49:08.7910613Z   ...
2026-10-08T18:49:08.7911364Z # Subtest: direct entry paths run the same check, refusal and rebuild commands
2026-10-08T18:49:08.7912051Z     # Subtest: canonical
2026-10-08T18:49:08.7912439Z     ok 1 - canonical
2026-10-08T18:49:08.7912803Z       ---
2026-10-08T18:49:08.7913142Z       duration_ms: 241.056529
2026-10-08T18:49:08.7913673Z       ...
2026-10-08T18:49:08.7914066Z     # Subtest: directory alias
2026-10-08T18:49:08.7914479Z     ok 2 - directory alias
2026-10-08T18:49:08.7915286Z       ---
2026-10-08T18:49:08.7915638Z       duration_ms: 200.93519
2026-10-08T18:49:08.7916012Z       ...
2026-10-08T18:49:08.7916324Z     # Subtest: file alias
2026-10-08T18:49:08.7916704Z     ok 3 - file alias
2026-10-08T18:49:08.7917039Z       ---
2026-10-08T18:49:08.7917350Z       duration_ms: 230.359016
2026-10-08T18:49:08.7917737Z       ...
2026-10-08T18:49:08.7918033Z     1..3
2026-10-08T18:49:08.7918682Z ok 219 - direct entry paths run the same check, refusal and rebuild commands
2026-10-08T18:49:08.7919302Z   ---
2026-10-08T18:49:08.7919619Z   duration_ms: 673.516392
2026-10-08T18:49:08.7919976Z   ...
2026-10-08T18:49:08.7920634Z # Subtest: ordinary imports and missing caller entries do not execute the CLI
2026-10-08T18:49:08.7921615Z ok 220 - ordinary imports and missing caller entries do not execute the CLI
2026-10-08T18:49:08.7922221Z   ---
2026-10-08T18:49:08.7922541Z   duration_ms: 173.596421
2026-10-08T18:49:08.7922895Z   ...
2026-10-08T18:49:08.8075307Z # Subtest: fictional reversal retains denominators and uses common weights only for reference
2026-10-08T18:49:08.8125192Z ok 221 - fictional reversal retains denominators and uses common weights only for reference
2026-10-08T18:49:08.8224586Z   ---
2026-10-08T18:49:08.8254322Z   duration_ms: 3.763653
2026-10-08T18:49:08.8271389Z   ...
2026-10-08T18:49:08.8272281Z # Subtest: ties and conflicting subgroup directions are not a strict reversal
2026-10-08T18:49:08.8314509Z ok 222 - ties and conflicting subgroup directions are not a strict reversal
2026-10-08T18:49:08.8354327Z   ---
2026-10-08T18:49:08.8364241Z   duration_ms: 0.806573
2026-10-08T18:49:08.8374549Z   ...
2026-10-08T18:49:08.8375665Z # Subtest: empty cells remain unavailable unless their reference weight is exactly zero
2026-10-08T18:49:08.8377067Z ok 223 - empty cells remain unavailable unless their reference weight is exactly zero
2026-10-08T18:49:08.8378498Z   ---
2026-10-08T18:49:08.8379025Z   duration_ms: 0.480888
2026-10-08T18:49:08.8379558Z   ...
2026-10-08T18:49:08.8380449Z # Subtest: an entirely empty option has no pooled rate or inferred group mix
2026-10-08T18:49:08.8381634Z ok 224 - an entirely empty option has no pooled rate or inferred group mix
2026-10-08T18:49:08.8382433Z   ---
2026-10-08T18:49:08.8382933Z   duration_ms: 0.252436
2026-10-08T18:49:08.8383667Z   ...
2026-10-08T18:49:08.8384540Z # Subtest: invalid numeric inputs are refused without truncation or coercion
2026-10-08T18:49:08.8385755Z ok 225 - invalid numeric inputs are refused without truncation or coercion
2026-10-08T18:49:08.8386561Z   ---
2026-10-08T18:49:08.8387070Z   duration_ms: 0.888885
2026-10-08T18:49:08.8387605Z   ...
2026-10-08T18:49:08.8388469Z # Subtest: native count entry distinguishes blank and invalid text from zero
2026-10-08T18:49:08.8389633Z ok 226 - native count entry distinguishes blank and invalid text from zero
2026-10-08T18:49:08.8390449Z   ---
2026-10-08T18:49:08.8390972Z   duration_ms: 15.783918
2026-10-08T18:49:08.8391515Z   ...
2026-10-08T18:49:08.8392433Z # Subtest: a strict difference too small for percentage display is not declared equal
2026-10-08T18:49:08.8393871Z ok 227 - a strict difference too small for percentage display is not declared equal
2026-10-08T18:49:08.8394804Z   ---
2026-10-08T18:49:08.8395313Z   duration_ms: 0.454317
2026-10-08T18:49:08.8395848Z   ...
2026-10-08T18:49:08.8396772Z # Subtest: label and group transformations preserve the intended descriptive quantities
2026-10-08T18:49:08.8398098Z ok 228 - label and group transformations preserve the intended descriptive quantities
2026-10-08T18:49:08.8398943Z   ---
2026-10-08T18:49:08.8399434Z   duration_ms: 1.793555
2026-10-08T18:49:08.8399968Z   ...
2026-10-08T18:49:08.8400905Z # Subtest: shared weights preserve both strict subgroup advantages at every permitted mix
2026-10-08T18:49:08.8402236Z ok 229 - shared weights preserve both strict subgroup advantages at every permitted mix
2026-10-08T18:49:08.8403122Z   ---
2026-10-08T18:49:08.8403778Z   duration_ms: 6.938517
2026-10-08T18:49:08.8404327Z   ...
2026-10-08T18:49:08.8405786Z # Subtest: download contains exact inputs, unavailable values and deterministic recomputable fractions
2026-10-08T18:49:08.8407364Z ok 230 - download contains exact inputs, unavailable values and deterministic recomputable fractions
2026-10-08T18:49:08.8408332Z   ---
2026-10-08T18:49:08.8408850Z   duration_ms: 0.793283
2026-10-08T18:49:08.8409379Z   ...
2026-10-08T18:49:08.8410113Z # Subtest: signed homes, exact admission and canonical copies
2026-10-08T18:49:08.8411071Z ok 231 - signed homes, exact admission and canonical copies
2026-10-08T18:49:08.8411778Z   ---
2026-10-08T18:49:08.8412298Z   duration_ms: 3.337547
2026-10-08T18:49:08.8412834Z   ...
2026-10-08T18:49:08.8413994Z # Subtest: search crosses a tombstone and insertion reuses it only after absence proof
2026-10-08T18:49:08.8415278Z ok 232 - search crosses a tombstone and insertion reuses it only after absence proof
2026-10-08T18:49:08.8416111Z   ---
2026-10-08T18:49:08.8416582Z   duration_ms: 1.808217
2026-10-08T18:49:08.8417080Z   ...
2026-10-08T18:49:08.8417871Z # Subtest: a tombstone before an existing key does not create a duplicate
2026-10-08T18:49:08.8418945Z ok 233 - a tombstone before an existing key does not create a duplicate
2026-10-08T18:49:08.8419686Z   ---
2026-10-08T18:49:08.8420155Z   duration_ms: 0.852451
2026-10-08T18:49:08.8420649Z   ...
2026-10-08T18:49:08.8421514Z # Subtest: wraparound, full refusal, duplicate success and full-cycle tombstone reuse
2026-10-08T18:49:08.8422760Z ok 234 - wraparound, full refusal, duplicate success and full-cycle tombstone reuse
2026-10-08T18:49:08.8423776Z   ---
2026-10-08T18:49:08.8424253Z   duration_ms: 0.931339
2026-10-08T18:49:08.8424765Z   ...
2026-10-08T18:49:08.8425622Z # Subtest: probe frames observe the pre-state; only a result frame applies changes
2026-10-08T18:49:08.8426837Z ok 235 - probe frames observe the pre-state; only a result frame applies changes
2026-10-08T18:49:08.8427859Z   ---
2026-10-08T18:49:08.8428311Z   duration_ms: 1.068123
2026-10-08T18:49:08.8428783Z   ...
2026-10-08T18:49:08.8445545Z # Subtest: the original course passes the existing importer and preserves its permission
2026-10-08T18:49:08.8447021Z ok 236 - the original course passes the existing importer and preserves its permission
2026-10-08T18:49:08.8447729Z   ---
2026-10-08T18:49:08.8448056Z   duration_ms: 10.05306
2026-10-08T18:49:08.8448404Z   ...
2026-10-08T18:49:08.8449154Z # Subtest: standalone page is reproducible and embeds the exact downloadable deck text
2026-10-08T18:49:08.8450271Z ok 237 - standalone page is reproducible and embeds the exact downloadable deck text
2026-10-08T18:49:08.8450944Z   ---
2026-10-08T18:49:08.8451271Z   duration_ms: 65.312846
2026-10-08T18:49:08.8451617Z   ...
2026-10-08T18:49:08.8452209Z # Subtest: BKT probabilities stay bounded across repeated evidence
2026-10-08T18:49:08.8453051Z ok 238 - BKT probabilities stay bounded across repeated evidence
2026-10-08T18:49:08.8453782Z   ---
2026-10-08T18:49:08.8454087Z   duration_ms: 9.430283
2026-10-08T18:49:08.8454444Z   ...
2026-10-08T18:49:08.8455242Z # Subtest: correct evidence raises and incorrect evidence lowers posterior for interior prior
2026-10-08T18:49:08.8456431Z ok 239 - correct evidence raises and incorrect evidence lowers posterior for interior prior
2026-10-08T18:49:08.8457156Z   ---
2026-10-08T18:49:08.8457456Z   duration_ms: 0.240478
2026-10-08T18:49:08.8457795Z   ...
2026-10-08T18:49:08.8458370Z # Subtest: parameter validation rejects impossible probabilities
2026-10-08T18:49:08.8459201Z ok 240 - parameter validation rejects impossible probabilities
2026-10-08T18:49:08.8459741Z   ---
2026-10-08T18:49:08.8460044Z   duration_ms: 0.640095
2026-10-08T18:49:08.8460375Z   ...
2026-10-08T18:49:08.8461091Z # Subtest: entropy and information gain have expected bounds and peak near uncertainty
2026-10-08T18:49:08.8462190Z ok 241 - entropy and information gain have expected bounds and peak near uncertainty
2026-10-08T18:49:08.8462850Z   ---
2026-10-08T18:49:08.8463157Z   duration_ms: 1.801997
2026-10-08T18:49:08.8463638Z   ...
2026-10-08T18:49:08.8464681Z # Subtest: selector prioritizes a weak prerequisite and is stable after exhaustion
2026-10-08T18:49:08.8465740Z ok 242 - selector prioritizes a weak prerequisite and is stable after exhaustion
2026-10-08T18:49:08.8466385Z   ---
2026-10-08T18:49:08.8466697Z   duration_ms: 0.434888
2026-10-08T18:49:08.8467041Z   ...
2026-10-08T18:49:08.8467633Z # Subtest: initial mastery creates independent named concept values
2026-10-08T18:49:08.8468486Z ok 243 - initial mastery creates independent named concept values
2026-10-08T18:49:08.8469028Z   ---
2026-10-08T18:49:08.8469339Z   duration_ms: 0.941123
2026-10-08T18:49:08.8469666Z   ...
2026-10-08T18:49:08.8470493Z # Subtest: scripted learner simulation is deterministic, bounded, and distinguishes selector modes
2026-10-08T18:49:08.8471752Z ok 244 - scripted learner simulation is deterministic, bounded, and distinguishes selector modes
2026-10-08T18:49:08.8472500Z   ---
2026-10-08T18:49:08.8472819Z   duration_ms: 0.589419
2026-10-08T18:49:08.8473190Z   ...
2026-10-08T18:49:08.8490045Z # Subtest: written scalars retain exact decimal/fraction intent and bounded admission
2026-10-08T18:49:08.8491180Z ok 245 - written scalars retain exact decimal/fraction intent and bounded admission
2026-10-08T18:49:08.8491843Z   ---
2026-10-08T18:49:08.8492171Z   duration_ms: 2.998932
2026-10-08T18:49:08.8492518Z   ...
2026-10-08T18:49:08.8493278Z # Subtest: noisy example has exact coefficients, each residual, and the minimum identity
2026-10-08T18:49:08.8494668Z ok 246 - noisy example has exact coefficients, each residual, and the minimum identity
2026-10-08T18:49:08.8495345Z   ---
2026-10-08T18:49:08.8495657Z   duration_ms: 1.992882
2026-10-08T18:49:08.8495991Z   ...
2026-10-08T18:49:08.8496883Z # Subtest: changing the middle point changes the intercept and flips residuals without inventing zero SSE
2026-10-08T18:49:08.8498247Z ok 247 - changing the middle point changes the intercept and flips residuals without inventing zero SSE
2026-10-08T18:49:08.8499338Z   ---
2026-10-08T18:49:08.8499659Z   duration_ms: 0.71134
2026-10-08T18:49:08.8499995Z   ...
2026-10-08T18:49:08.8500618Z # Subtest: all authored examples have independently worked exact outcomes
2026-10-08T18:49:08.8501549Z ok 248 - all authored examples have independently worked exact outcomes
2026-10-08T18:49:08.8502136Z   ---
2026-10-08T18:49:08.8502435Z   duration_ms: 3.778865
2026-10-08T18:49:08.8502774Z   ...
2026-10-08T18:49:08.8503736Z # Subtest: all-equal x determines the shared fitted value and minimum, not arbitrary coefficients
2026-10-08T18:49:08.8504972Z ok 249 - all-equal x determines the shared fitted value and minimum, not arbitrary coefficients
2026-10-08T18:49:08.8505694Z   ---
2026-10-08T18:49:08.8506005Z   duration_ms: 1.527557
2026-10-08T18:49:08.8506336Z   ...
2026-10-08T18:49:08.8507234Z # Subtest: ordinary repeated x and duplicate points count as rows; constant y is a valid unique horizontal fit
2026-10-08T18:49:08.8508643Z ok 250 - ordinary repeated x and duplicate points count as rows; constant y is a valid unique horizontal fit
2026-10-08T18:49:08.8509423Z   ---
2026-10-08T18:49:08.8509736Z   duration_ms: 1.027722
2026-10-08T18:49:08.8510073Z   ...
2026-10-08T18:49:08.8510900Z # Subtest: translation, x-unit change and row permutation preserve the appropriate exact quantities
2026-10-08T18:49:08.8512166Z ok 251 - translation, x-unit change and row permutation preserve the appropriate exact quantities
2026-10-08T18:49:08.8512914Z   ---
2026-10-08T18:49:08.8513238Z   duration_ms: 6.207387
2026-10-08T18:49:08.8536772Z   ...
2026-10-08T18:49:08.8537691Z # Subtest: extreme admitted geometry produces copyable exact coefficients without display rounding
2026-10-08T18:49:08.8539012Z ok 252 - extreme admitted geometry produces copyable exact coefficients without display rounding
2026-10-08T18:49:08.8539779Z   ---
2026-10-08T18:49:08.8540104Z   duration_ms: 0.957788
2026-10-08T18:49:08.8540470Z   ...
2026-10-08T18:49:08.8541510Z # Subtest: prediction location uses exact rational comparison at both endpoints
2026-10-08T18:49:08.8542540Z ok 253 - prediction location uses exact rational comparison at both endpoints
2026-10-08T18:49:08.8543155Z   ---
2026-10-08T18:49:08.8543636Z   duration_ms: 2.577133
2026-10-08T18:49:08.8543985Z   ...
2026-10-08T18:49:08.8544609Z # Subtest: zero signed error alone does not minimize the squared criterion
2026-10-08T18:49:08.8545542Z ok 254 - zero signed error alone does not minimize the squared criterion
2026-10-08T18:49:08.8546122Z   ---
2026-10-08T18:49:08.8546420Z   duration_ms: 3.543023
2026-10-08T18:49:08.8546767Z   ...
2026-10-08T18:49:08.8547664Z # Subtest: bounded changed-input corpus satisfies normal equations and direct numerical score comparison
2026-10-08T18:49:08.8549021Z ok 255 - bounded changed-input corpus satisfies normal equations and direct numerical score comparison
2026-10-08T18:49:08.8549795Z   ---
2026-10-08T18:49:08.8550123Z   duration_ms: 59.448661
2026-10-08T18:49:08.8550477Z   ...
2026-10-08T18:49:08.8551239Z # Subtest: invalid inputs refuse without mutating caller rows or leaving a writable result
2026-10-08T18:49:08.8552418Z ok 256 - invalid inputs refuse without mutating caller rows or leaving a writable result
2026-10-08T18:49:08.8553098Z   ---
2026-10-08T18:49:08.8553547Z   duration_ms: 0.846132
2026-10-08T18:49:08.8570557Z   ...
2026-10-08T18:49:08.8571417Z # Subtest: the emitted course uses the real learner format and retains all original worked items
2026-10-08T18:49:08.8572652Z ok 257 - the emitted course uses the real learner format and retains all original worked items
2026-10-08T18:49:08.8573551Z   ---
2026-10-08T18:49:08.8574065Z   duration_ms: 22.385381
2026-10-08T18:49:08.8574434Z   ...
2026-10-08T18:49:08.8575345Z # Subtest: the standalone artifact embeds exact course and guide bytes with no unresolved module dependency
2026-10-08T18:49:08.8576739Z ok 258 - the standalone artifact embeds exact course and guide bytes with no unresolved module dependency
2026-10-08T18:49:08.8577818Z   ---
2026-10-08T18:49:08.8578195Z   duration_ms: 5.786569
2026-10-08T18:49:08.8578549Z   ...
2026-10-08T18:49:08.8579511Z # Subtest: mixed partial save preserves exact native prefix, next item, option orders and uninterrupted continuation
2026-10-08T18:49:08.8581002Z ok 259 - mixed partial save preserves exact native prefix, next item, option orders and uninterrupted continuation
2026-10-08T18:49:08.8581843Z   ---
2026-10-08T18:49:08.8582156Z   duration_ms: 20.717124
2026-10-08T18:49:08.8582507Z   ...
2026-10-08T18:49:08.8583355Z # Subtest: a started lesson with no answers restores the first native question and all initial estimates
2026-10-08T18:49:08.8584872Z ok 260 - a started lesson with no answers restores the first native question and all initial estimates
2026-10-08T18:49:08.8585645Z   ---
2026-10-08T18:49:08.8585960Z   duration_ms: 2.388111
2026-10-08T18:49:08.8586311Z   ...
2026-10-08T18:49:08.8587121Z # Subtest: feedback retains the last chosen option while Next remains the next unanswered question
2026-10-08T18:49:08.8588399Z ok 261 - feedback retains the last chosen option while Next remains the next unanswered question
2026-10-08T18:49:08.8589131Z   ---
2026-10-08T18:49:08.8589447Z   duration_ms: 4.793829
2026-10-08T18:49:08.8589790Z   ...
2026-10-08T18:49:08.8590651Z # Subtest: complete sessions remain in the existing trace format, including its separate practice state
2026-10-08T18:49:08.8591963Z ok 262 - complete sessions remain in the existing trace format, including its separate practice state
2026-10-08T18:49:08.8592719Z   ---
2026-10-08T18:49:08.8593028Z   duration_ms: 8.088011
2026-10-08T18:49:08.8603878Z   ...
2026-10-08T18:49:08.8604857Z # Subtest: course content and array order are bound; harmless JSON object key order is accepted
2026-10-08T18:49:08.8606082Z ok 263 - course content and array order are bound; harmless JSON object key order is accepted
2026-10-08T18:49:08.8606780Z   ---
2026-10-08T18:49:08.8607117Z   duration_ms: 17.096665
2026-10-08T18:49:08.8607471Z   ...
2026-10-08T18:49:08.8608433Z # Subtest: model identity and every BKT parameter must match the native model
2026-10-08T18:49:08.8609414Z ok 264 - model identity and every BKT parameter must match the native model
2026-10-08T18:49:08.8610025Z   ---
2026-10-08T18:49:08.8610334Z   duration_ms: 5.904164
2026-10-08T18:49:08.8610684Z   ...
2026-10-08T18:49:08.8611512Z # Subtest: first answers must form the actual native adaptive prefix with canonical option indices
2026-10-08T18:49:08.8612768Z ok 265 - first answers must form the actual native adaptive prefix with canonical option indices
2026-10-08T18:49:08.8621390Z   ---
2026-10-08T18:49:08.8621729Z   duration_ms: 15.953621
2026-10-08T18:49:08.8622089Z   ...
2026-10-08T18:49:08.8676310Z # Subtest: mastery is replayed at full precision and never accepted from rounded or altered values
2026-10-08T18:49:08.8677765Z ok 266 - mastery is replayed at full precision and never accepted from rounded or altered values
2026-10-08T18:49:08.8678548Z   ---
2026-10-08T18:49:08.8678880Z   duration_ms: 7.931708
2026-10-08T18:49:08.8679228Z   ...
2026-10-08T18:49:08.8680071Z # Subtest: question, feedback and complete per-item permutations are checked before restoration
2026-10-08T18:49:08.8681305Z ok 267 - question, feedback and complete per-item permutations are checked before restoration
2026-10-08T18:49:08.8682029Z   ---
2026-10-08T18:49:08.8682359Z   duration_ms: 16.249112
2026-10-08T18:49:08.8682729Z   ...
2026-10-08T18:49:08.8683877Z # Subtest: successful and refused reads leave caller state untouched and return deeply immutable independent copies
2026-10-08T18:49:08.8685410Z ok 268 - successful and refused reads leave caller state untouched and return deeply immutable independent copies
2026-10-08T18:49:08.8686247Z   ---
2026-10-08T18:49:08.8686574Z   duration_ms: 2.651704
2026-10-08T18:49:08.8686920Z   ...
2026-10-08T18:49:08.8687837Z # Subtest: the JSON boundary rejects malformed, unsupported, deep and oversized files with a UTF-8 byte limit
2026-10-08T18:49:08.8689754Z ok 269 - the JSON boundary rejects malformed, unsupported, deep and oversized files with a UTF-8 byte limit
2026-10-08T18:49:08.8690561Z   ---
2026-10-08T18:49:08.8690884Z   duration_ms: 25.562139
2026-10-08T18:49:08.8691248Z   ...
2026-10-08T18:49:08.8692021Z # Subtest: save times are canonical UTC values and invalid save inputs cannot mutate a session
2026-10-08T18:49:08.8693194Z ok 270 - save times are canonical UTC values and invalid save inputs cannot mutate a session
2026-10-08T18:49:08.8694042Z   ---
2026-10-08T18:49:08.8694430Z   duration_ms: 3.333631
2026-10-08T18:49:08.8694772Z   ...
2026-10-08T18:49:08.8695711Z # Subtest: ordinary course identifiers that match object prototype names survive without shared object mutation
2026-10-08T18:49:08.8697162Z ok 271 - ordinary course identifiers that match object prototype names survive without shared object mutation
2026-10-08T18:49:08.8697966Z   ---
2026-10-08T18:49:08.8698258Z   duration_ms: 1.807425
2026-10-08T18:49:08.8698615Z   ...
2026-10-08T18:49:08.8699460Z # Subtest: the original fourteen-question course passes the real bounded importer and reviewed key
2026-10-08T18:49:08.8700747Z ok 272 - the original fourteen-question course passes the real bounded importer and reviewed key
2026-10-08T18:49:08.8701472Z   ---
2026-10-08T18:49:08.8701776Z   duration_ms: 10.118499
2026-10-08T18:49:08.8702123Z   ...
2026-10-08T18:49:08.8702867Z # Subtest: integer percentages reject malformed input instead of parsing a numeric prefix
2026-10-08T18:49:08.8775875Z ok 273 - integer percentages reject malformed input instead of parsing a numeric prefix
2026-10-08T18:49:08.8776634Z   ---
2026-10-08T18:49:08.8776955Z   duration_ms: 1.01932
2026-10-08T18:49:08.8777306Z   ...
2026-10-08T18:49:08.8778089Z # Subtest: matrix and initial admission reject shape, type, sparse values and wrong totals
2026-10-08T18:49:08.8779252Z ok 274 - matrix and initial admission reject shape, type, sparse values and wrong totals
2026-10-08T18:49:08.8779985Z   ---
2026-10-08T18:49:08.8780297Z   duration_ms: 1.01259
2026-10-08T18:49:08.8780647Z   ...
2026-10-08T18:49:08.8781949Z # Subtest: every preset and independent custom system agree with exact rational weights through step 30
2026-10-08T18:49:08.8783284Z ok 275 - every preset and independent custom system agree with exact rational weights through step 30
2026-10-08T18:49:08.8784253Z   ---
2026-10-08T18:49:08.8784564Z   duration_ms: 10.116416
2026-10-08T18:49:08.8784914Z   ...
2026-10-08T18:49:08.8785646Z # Subtest: mixing has the original worked values and an independent closed-form solution
2026-10-08T18:49:08.8786747Z ok 276 - mixing has the original worked values and an independent closed-form solution
2026-10-08T18:49:08.8787410Z   ---
2026-10-08T18:49:08.8787725Z   duration_ms: 0.91889
2026-10-08T18:49:08.8788061Z   ...
2026-10-08T18:49:08.8788751Z # Subtest: alternation is periodic while its stationary distribution remains fixed
2026-10-08T18:49:08.8789808Z ok 277 - alternation is periodic while its stationary distribution remains fixed
2026-10-08T18:49:08.8790461Z   ---
2026-10-08T18:49:08.8790773Z   duration_ms: 1.345436
2026-10-08T18:49:08.8791132Z   ...
2026-10-08T18:49:08.8791932Z # Subtest: absorbing and two-closed-state systems preserve reachability and initial dependence
2026-10-08T18:49:08.8793149Z ok 278 - absorbing and two-closed-state systems preserve reachability and initial dependence
2026-10-08T18:49:08.8794016Z   ---
2026-10-08T18:49:08.8794321Z   duration_ms: 1.335802
2026-10-08T18:49:08.8794723Z   ...
2026-10-08T18:49:08.8795496Z # Subtest: step zero, bounds, copied inputs and deep immutability keep an observation coherent
2026-10-08T18:49:08.8796662Z ok 279 - step zero, bounds, copied inputs and deep immutability keep an observation coherent
2026-10-08T18:49:08.8797333Z   ---
2026-10-08T18:49:08.8797630Z   duration_ms: 0.487196
2026-10-08T18:49:08.8797967Z   ...
2026-10-08T18:49:08.8798744Z # Subtest: observation export binds applied inputs, selected step and full computed precision
2026-10-08T18:49:08.8800221Z ok 280 - observation export binds applied inputs, selected step and full computed precision
2026-10-08T18:49:08.8800930Z   ---
2026-10-08T18:49:08.8801235Z   duration_ms: 2.629431
2026-10-08T18:49:08.8801574Z   ...
2026-10-08T18:49:08.8802391Z # Subtest: the direct-open explorer contains exact course bytes and matches the maintained builder
2026-10-08T18:49:08.8872338Z ok 281 - the direct-open explorer contains exact course bytes and matches the maintained builder
2026-10-08T18:49:08.8873323Z   ---
2026-10-08T18:49:08.8873886Z   duration_ms: 56.559121
2026-10-08T18:49:08.8874249Z   ...
2026-10-08T18:49:08.8875113Z # Subtest: the original course is admitted by the existing deck contract with all four concepts covered
2026-10-08T18:49:08.8876397Z ok 282 - the original course is admitted by the existing deck contract with all four concepts covered
2026-10-08T18:49:08.8877147Z   ---
2026-10-08T18:49:08.8877453Z   duration_ms: 3.415303
2026-10-08T18:49:08.8877793Z   ...
2026-10-08T18:49:08.8878554Z # Subtest: answer positions are balanced and no correct option is uniquely the longest
2026-10-08T18:49:08.8879641Z ok 283 - answer positions are balanced and no correct option is uniquely the longest
2026-10-08T18:49:08.8880242Z   ---
2026-10-08T18:49:08.8880536Z   duration_ms: 0.42226
2026-10-08T18:49:08.8880867Z   ...
2026-10-08T18:49:08.8881737Z # Subtest: each numerical answer uses the stated correction sign, denominator or independence assumption
2026-10-08T18:49:08.8883062Z ok 284 - each numerical answer uses the stated correction sign, denominator or independence assumption
2026-10-08T18:49:08.8883997Z   ---
2026-10-08T18:49:08.8884302Z   duration_ms: 0.486806
2026-10-08T18:49:08.8884655Z   ...
2026-10-08T18:49:08.8885644Z # Subtest: standalone artifact is deterministic, preserves the exact deck bytes and contains executable classic scripts
2026-10-08T18:49:08.8887201Z ok 285 - standalone artifact is deterministic, preserves the exact deck bytes and contains executable classic scripts
2026-10-08T18:49:08.8888059Z   ---
2026-10-08T18:49:08.8888363Z   duration_ms: 5.774321
2026-10-08T18:49:08.8888709Z   ...
2026-10-08T18:49:08.8890089Z # Subtest: worked four-reading budget distinguishes raw mean, correction, sample scatter and mean uncertainty
2026-10-08T18:49:08.8891527Z ok 286 - worked four-reading budget distinguishes raw mean, correction, sample scatter and mean uncertainty
2026-10-08T18:49:08.8892330Z   ---
2026-10-08T18:49:08.8892638Z   duration_ms: 2.175404
2026-10-08T18:49:08.8892982Z   ...
2026-10-08T18:49:08.8894052Z # Subtest: a shared additive correction shifts the estimate without changing either uncertainty component
2026-10-08T18:49:08.8895490Z ok 287 - a shared additive correction shifts the estimate without changing either uncertainty component
2026-10-08T18:49:08.8896242Z   ---
2026-10-08T18:49:08.8896551Z   duration_ms: 0.387668
2026-10-08T18:49:08.8896887Z   ...
2026-10-08T18:49:08.8897801Z # Subtest: identical readings retain a nonzero shared component and are not rejected for numerical repetition
2026-10-08T18:49:08.8899286Z ok 288 - identical readings retain a nonzero shared component and are not rejected for numerical repetition
2026-10-08T18:49:08.8900080Z   ---
2026-10-08T18:49:08.8900386Z   duration_ms: 1.331015
2026-10-08T18:49:08.8900725Z   ...
2026-10-08T18:49:08.8945690Z # Subtest: future independent sample sizes hold shared calibration fixed while repeatability shrinks by square root
2026-10-08T18:49:08.8947357Z ok 289 - future independent sample sizes hold shared calibration fixed while repeatability shrinks by square root
2026-10-08T18:49:08.8948225Z   ---
2026-10-08T18:49:08.8948549Z   duration_ms: 0.565653
2026-10-08T18:49:08.8948905Z   ...
2026-10-08T18:49:08.8949732Z # Subtest: shared covariance gives the same calibration contribution for a mean of any sample size
2026-10-08T18:49:08.8950986Z ok 290 - shared covariance gives the same calibration contribution for a mean of any sample size
2026-10-08T18:49:08.8951724Z   ---
2026-10-08T18:49:08.8952044Z   duration_ms: 0.33491
2026-10-08T18:49:08.8952755Z   ...
2026-10-08T18:49:08.8964201Z # Subtest: compensated raw means preserve small residuals after large opposing readings cancel
2026-10-08T18:49:08.8965512Z ok 291 - compensated raw means preserve small residuals after large opposing readings cancel
2026-10-08T18:49:08.8966216Z   ---
2026-10-08T18:49:08.8966545Z   duration_ms: 0.352506
2026-10-08T18:49:08.8966889Z   ...
2026-10-08T18:49:08.8967718Z # Subtest: centered scatter remains meaningful for a large shared offset and at supported extremes
2026-10-08T18:49:08.8968904Z ok 292 - centered scatter remains meaningful for a large shared offset and at supported extremes
2026-10-08T18:49:08.8969608Z   ---
2026-10-08T18:49:08.8969898Z   duration_ms: 0.41598
2026-10-08T18:49:08.8970232Z   ...
2026-10-08T18:49:08.8971074Z # Subtest: reordering observations preserves the summary but does not assert statistical independence
2026-10-08T18:49:08.8972367Z ok 293 - reordering observations preserves the summary but does not assert statistical independence
2026-10-08T18:49:08.8973089Z   ---
2026-10-08T18:49:08.8976324Z   duration_ms: 1.028114
2026-10-08T18:49:08.8976764Z   ...
2026-10-08T18:49:08.8977543Z # Subtest: input parsing keeps every observation and refuses malformed or missing comma fields
2026-10-08T18:49:08.8978727Z ok 294 - input parsing keeps every observation and refuses malformed or missing comma fields
2026-10-08T18:49:08.8979392Z   ---
2026-10-08T18:49:08.8979683Z   duration_ms: 1.701097
2026-10-08T18:49:08.8980023Z   ...
2026-10-08T18:49:08.8980726Z # Subtest: supported magnitude and nonnegative half-width boundaries are explicit
2026-10-08T18:49:08.8981774Z ok 295 - supported magnitude and nonnegative half-width boundaries are explicit
2026-10-08T18:49:08.8982404Z   ---
2026-10-08T18:49:08.8982709Z   duration_ms: 0.759342
2026-10-08T18:49:08.8983038Z   ...
2026-10-08T18:49:08.8983927Z # Subtest: public calculations reject missing observations and invalid forecast counts
2026-10-08T18:49:08.8984988Z ok 296 - public calculations reject missing observations and invalid forecast counts
2026-10-08T18:49:08.8985714Z   ---
2026-10-08T18:49:08.8986333Z   duration_ms: 0.608487
2026-10-08T18:49:08.8986674Z   ...
2026-10-08T18:49:08.8987392Z # Subtest: calculation snapshots do not mutate caller arrays or change after later edits
2026-10-08T18:49:08.8988443Z ok 297 - calculation snapshots do not mutate caller arrays or change after later edits
2026-10-08T18:49:08.8989097Z   ---
2026-10-08T18:49:08.8989397Z   duration_ms: 0.323202
2026-10-08T18:49:08.8989715Z   ...
2026-10-08T18:49:08.8990556Z # Subtest: the original twelve-item course has native schema, prerequisite closure and exact export/reopen
2026-10-08T18:49:08.8991897Z ok 298 - the original twelve-item course has native schema, prerequisite closure and exact export/reopen
2026-10-08T18:49:08.8992641Z   ---
2026-10-08T18:49:08.8992949Z   duration_ms: 3.827878
2026-10-08T18:49:08.8993293Z   ...
2026-10-08T18:49:08.8994578Z # Subtest: correct course answers complete the actual selector, separate practice and literal study notes
2026-10-08T18:49:08.8995855Z ok 299 - correct course answers complete the actual selector, separate practice and literal study notes
2026-10-08T18:49:08.8996574Z   ---
2026-10-08T18:49:08.8996867Z   duration_ms: 14.250391
2026-10-08T18:49:08.8997203Z   ...
2026-10-08T18:49:08.8998010Z # Subtest: mixed course answers complete the actual selector, separate practice and literal study notes
2026-10-08T18:49:08.8999233Z ok 300 - mixed course answers complete the actual selector, separate practice and literal study notes
2026-10-08T18:49:08.8999959Z   ---
2026-10-08T18:49:08.9000232Z   duration_ms: 2.290786
2026-10-08T18:49:08.9000542Z   ...
2026-10-08T18:49:08.9001305Z # Subtest: missed course answers complete the actual selector, separate practice and literal study notes
2026-10-08T18:49:08.9002566Z ok 301 - missed course answers complete the actual selector, separate practice and literal study notes
2026-10-08T18:49:08.9003249Z   ---
2026-10-08T18:49:08.9003983Z   duration_ms: 1.390363
2026-10-08T18:49:08.9004283Z   ...
2026-10-08T18:49:08.9005001Z # Subtest: the direct-open artifact is deterministic and embeds the exact validated course text
2026-10-08T18:49:08.9006122Z ok 302 - the direct-open artifact is deterministic and embeds the exact validated course text
2026-10-08T18:49:08.9006778Z   ---
2026-10-08T18:49:08.9007076Z   duration_ms: 2.853595
2026-10-08T18:49:08.9007403Z   ...
2026-10-08T18:49:08.9008199Z # Subtest: CLI check through a symlink refuses stale output and accepts the exact current artifact
2026-10-08T18:49:08.9009421Z ok 303 - CLI check through a symlink refuses stale output and accepts the exact current artifact
2026-10-08T18:49:08.9010120Z   ---
2026-10-08T18:49:08.9010423Z   duration_ms: 114.148601
2026-10-08T18:49:08.9010775Z   ...
2026-10-08T18:49:08.9011421Z # Subtest: gametes carry one allele per locus and preserve equal segregation
2026-10-08T18:49:08.9012360Z ok 304 - gametes carry one allele per locus and preserve equal segregation
2026-10-08T18:49:08.9013051Z   ---
2026-10-08T18:49:08.9013350Z   duration_ms: 2.685314
2026-10-08T18:49:08.9014054Z   ...
2026-10-08T18:49:08.9015273Z # Subtest: Aa × Aa keeps both heterozygote routes and distinguishes genotype from phenotype
2026-10-08T18:49:08.9016735Z ok 305 - Aa × Aa keeps both heterozygote routes and distinguishes genotype from phenotype
2026-10-08T18:49:08.9017407Z   ---
2026-10-08T18:49:08.9017732Z   duration_ms: 1.106029
2026-10-08T18:49:08.9018059Z   ...
2026-10-08T18:49:08.9018714Z # Subtest: test crosses and complementary homozygotes have their own outcomes
2026-10-08T18:49:08.9019661Z ok 306 - test crosses and complementary homozygotes have their own outcomes
2026-10-08T18:49:08.9020228Z   ---
2026-10-08T18:49:08.9020529Z   duration_ms: 1.970819
2026-10-08T18:49:08.9020871Z   ...
2026-10-08T18:49:08.9021744Z # Subtest: the sixteen-route cross gives nine genotypes and 9:3:3:1 only under its stated assumptions
2026-10-08T18:49:08.9022976Z ok 307 - the sixteen-route cross gives nine genotypes and 9:3:3:1 only under its stated assumptions
2026-10-08T18:49:08.9023940Z   ---
2026-10-08T18:49:08.9024539Z   duration_ms: 0.721887
2026-10-08T18:49:08.9024896Z   ...
2026-10-08T18:49:08.9025833Z # Subtest: asymmetric AABb × Aabb derives the course answer without a memorized ratio
2026-10-08T18:49:08.9027022Z ok 308 - asymmetric AABb × Aabb derives the course answer without a memorized ratio
2026-10-08T18:49:08.9027682Z   ---
2026-10-08T18:49:08.9027984Z   duration_ms: 0.58342
2026-10-08T18:49:08.9028326Z   ...
2026-10-08T18:49:08.9029186Z # Subtest: all 90 bounded parent pairs agree with the allele-copy oracle, conserve probability and commute
2026-10-08T18:49:08.9030543Z ok 309 - all 90 bounded parent pairs agree with the allele-copy oracle, conserve probability and commute
2026-10-08T18:49:08.9031256Z   ---
2026-10-08T18:49:08.9031563Z   duration_ms: 21.818776
2026-10-08T18:49:08.9031925Z   ...
2026-10-08T18:49:08.9032551Z # Subtest: unsupported inputs cannot become a silently different cross
2026-10-08T18:49:08.9045367Z ok 310 - unsupported inputs cannot become a silently different cross
2026-10-08T18:49:08.9046032Z   ---
2026-10-08T18:49:08.9046345Z   duration_ms: 1.058007
2026-10-08T18:49:08.9046702Z   ...
2026-10-08T18:49:08.9047412Z # Subtest: a saved cross is a complete immutable record with explicit model boundaries
2026-10-08T18:49:08.9048490Z ok 311 - a saved cross is a complete immutable record with explicit model boundaries
2026-10-08T18:49:08.9049137Z   ---
2026-10-08T18:49:08.9049452Z   duration_ms: 1.236604
2026-10-08T18:49:08.9049791Z   ...
2026-10-08T18:49:09.4467868Z # Subtest: rerouting cancels one exact original edge and increases total flow
2026-10-08T18:49:09.4471958Z ok 312 - rerouting cancels one exact original edge and increases total flow
2026-10-08T18:49:09.4473861Z   ---
2026-10-08T18:49:09.4474354Z   duration_ms: 5.100826
2026-10-08T18:49:09.4474864Z   ...
2026-10-08T18:49:09.4477391Z # Subtest: all worked presets meet independent cuts and conservation
2026-10-08T18:49:09.4481424Z ok 313 - all worked presets meet independent cuts and conservation
2026-10-08T18:49:09.4482760Z   ---
2026-10-08T18:49:09.4484397Z   duration_ms: 4.943651
2026-10-08T18:49:09.4486662Z   ...
2026-10-08T18:49:09.4488234Z # Subtest: opposite original edge and cancellation remain two residual options
2026-10-08T18:49:09.4491168Z ok 314 - opposite original edge and cancellation remain two residual options
2026-10-08T18:49:09.4491954Z   ---
2026-10-08T18:49:09.4492432Z   duration_ms: 0.525173
2026-10-08T18:49:09.4493904Z   ...
2026-10-08T18:49:09.4495008Z # Subtest: all 4096 directed unit-capacity four-vertex networks match exhaustive cuts
2026-10-08T18:49:09.4496129Z ok 315 - all 4096 directed unit-capacity four-vertex networks match exhaustive cuts
2026-10-08T18:49:09.4496790Z   ---
2026-10-08T18:49:09.4497117Z   duration_ms: 608.533929
2026-10-08T18:49:09.4497475Z   ...
2026-10-08T18:49:09.4498151Z # Subtest: seeded integer networks up to eight vertices match cut enumeration
2026-10-08T18:49:09.4499135Z ok 316 - seeded integer networks up to eight vertices match cut enumeration
2026-10-08T18:49:09.4499734Z   ---
2026-10-08T18:49:09.4500053Z   duration_ms: 318.190073
2026-10-08T18:49:09.4500406Z   ...
2026-10-08T18:49:09.4524427Z # Subtest: empty, direct, zero and irrelevant source/sink reverse edges
2026-10-08T18:49:09.4525750Z ok 317 - empty, direct, zero and irrelevant source/sink reverse edges
2026-10-08T18:49:09.4552562Z   ---
2026-10-08T18:49:09.4552982Z   duration_ms: 0.418504
2026-10-08T18:49:09.4553855Z   ...
2026-10-08T18:49:09.4554749Z # Subtest: input and every retained snapshot are detached and immutable
2026-10-08T18:49:09.4555973Z ok 318 - input and every retained snapshot are detached and immutable
2026-10-08T18:49:09.4556806Z   ---
2026-10-08T18:49:09.4572674Z   duration_ms: 1.018399
2026-10-08T18:49:09.4573579Z   ...
2026-10-08T18:49:09.4574358Z # Subtest: structural and numeric refusals happen before solving
2026-10-08T18:49:09.4575474Z ok 319 - structural and numeric refusals happen before solving
2026-10-08T18:49:09.4576238Z   ---
2026-10-08T18:49:09.4576791Z   duration_ms: 1.246699
2026-10-08T18:49:09.4577781Z   ...
2026-10-08T18:49:09.4578675Z # Subtest: text parsing and observation downloads preserve the applied inputs
2026-10-08T18:49:09.4579805Z ok 320 - text parsing and observation downloads preserve the applied inputs
2026-10-08T18:49:09.4580618Z   ---
2026-10-08T18:49:09.4581158Z   duration_ms: 2.796641
2026-10-08T18:49:09.4581721Z   ...
2026-10-08T18:49:09.4582633Z # Subtest: original course is accepted by the unchanged native deck validator
2026-10-08T18:49:09.4584065Z ok 321 - original course is accepted by the unchanged native deck validator
2026-10-08T18:49:09.4584907Z   ---
2026-10-08T18:49:09.4585480Z   duration_ms: 1.55585
2026-10-08T18:49:09.4586081Z   ...
2026-10-08T18:49:09.4587026Z # Subtest: the standalone explorer matches its exact maintained inputs
2026-10-08T18:49:09.4588260Z ok 322 - the standalone explorer matches its exact maintained inputs
2026-10-08T18:49:09.4589146Z   ---
2026-10-08T18:49:09.4589762Z   duration_ms: 48.877998
2026-10-08T18:49:09.4590366Z   ...
2026-10-08T18:49:09.4772353Z # Subtest: small dyadic arithmetic keeps exact operand and result values
2026-10-08T18:49:09.4804758Z ok 323 - small dyadic arithmetic keeps exact operand and result values
2026-10-08T18:49:09.4806006Z   ---
2026-10-08T18:49:09.4836100Z   duration_ms: 2.798263
2026-10-08T18:49:09.4843691Z   ...
2026-10-08T18:49:09.4844733Z # Subtest: decimal sum retains exact conversion and operation contributions
2026-10-08T18:49:09.4845898Z ok 324 - decimal sum retains exact conversion and operation contributions
2026-10-08T18:49:09.4846706Z   ---
2026-10-08T18:49:09.4847221Z   duration_ms: 0.62401
2026-10-08T18:49:09.4847754Z   ...
2026-10-08T18:49:09.4848611Z # Subtest: conversion can erase a difference while subtraction itself is exact
2026-10-08T18:49:09.4849810Z ok 325 - conversion can erase a difference while subtraction itself is exact
2026-10-08T18:49:09.4850623Z   ---
2026-10-08T18:49:09.4851619Z   duration_ms: 0.377623
2026-10-08T18:49:09.4852153Z   ...
2026-10-08T18:49:09.4852899Z # Subtest: operation rounding can lose an exact integer step
2026-10-08T18:49:09.4854046Z ok 326 - operation rounding can lose an exact integer step
2026-10-08T18:49:09.4854758Z   ---
2026-10-08T18:49:09.4855269Z   duration_ms: 0.489099
2026-10-08T18:49:09.4855794Z   ...
2026-10-08T18:49:09.4856669Z # Subtest: nonzero signed contributions can cancel at an exactly represented result
2026-10-08T18:49:09.4857905Z ok 327 - nonzero signed contributions can cancel at an exactly represented result
2026-10-08T18:49:09.4858746Z   ---
2026-10-08T18:49:09.4859238Z   duration_ms: 0.461067
2026-10-08T18:49:09.4859765Z   ...
2026-10-08T18:49:09.4860790Z # Subtest: individual exact integers outside the safe interval are kept distinct from the API guarantee
2026-10-08T18:49:09.4862320Z ok 328 - individual exact integers outside the safe interval are kept distinct from the API guarantee
2026-10-08T18:49:09.4863262Z   ---
2026-10-08T18:49:09.4863981Z   duration_ms: 0.597461
2026-10-08T18:49:09.4864503Z   ...
2026-10-08T18:49:09.4865328Z # Subtest: signs, exact raw strings and negative zero remain explicit
2026-10-08T18:49:09.4866375Z ok 329 - signs, exact raw strings and negative zero remain explicit
2026-10-08T18:49:09.4867118Z   ---
2026-10-08T18:49:09.4867604Z   duration_ms: 1.997149
2026-10-08T18:49:09.4868127Z   ...
2026-10-08T18:49:09.4868951Z # Subtest: the declared decimal input bounds admit edges and refuse other syntax
2026-10-08T18:49:09.4870074Z ok 330 - the declared decimal input bounds admit edges and refuse other syntax
2026-10-08T18:49:09.4870868Z   ---
2026-10-08T18:49:09.4871361Z   duration_ms: 1.993944
2026-10-08T18:49:09.4871886Z   ...
2026-10-08T18:49:09.4872692Z # Subtest: worked records are complete, deterministic and deeply immutable
2026-10-08T18:49:09.4874121Z ok 331 - worked records are complete, deterministic and deeply immutable
2026-10-08T18:49:09.4874977Z   ---
2026-10-08T18:49:09.4875490Z   duration_ms: 2.581028
2026-10-08T18:49:09.4876049Z   ...
2026-10-08T18:49:09.4877410Z # Subtest: the original lesson passes the unchanged native deck contract with exact export parity
2026-10-08T18:49:09.4879070Z ok 332 - the original lesson passes the unchanged native deck contract with exact export parity
2026-10-08T18:49:09.4880030Z   ---
2026-10-08T18:49:09.4880538Z   duration_ms: 17.180519
2026-10-08T18:49:09.4881107Z   ...
2026-10-08T18:49:09.4882151Z # Subtest: language-specific worked examples agree with actual native Number and BigInt operations
2026-10-08T18:49:09.4884044Z ok 333 - language-specific worked examples agree with actual native Number and BigInt operations
2026-10-08T18:49:09.4885057Z   ---
2026-10-08T18:49:09.4885577Z   duration_ms: 0.392956
2026-10-08T18:49:09.4886134Z   ...
2026-10-08T18:49:09.4887117Z # Subtest: the directly openable explorer is an exact build of its native inputs
2026-10-08T18:49:09.4888371Z ok 334 - the directly openable explorer is an exact build of its native inputs
2026-10-08T18:49:09.4889298Z   ---
2026-10-08T18:49:09.4889831Z   duration_ms: 47.010192
2026-10-08T18:49:09.4890377Z   ...
2026-10-08T18:49:09.4891169Z # Subtest: embedded lesson download preserves exact source bytes
2026-10-08T18:49:09.4892220Z ok 335 - embedded lesson download preserves exact source bytes
2026-10-08T18:49:09.4892962Z   ---
2026-10-08T18:49:09.4893689Z   duration_ms: 17.892021
2026-10-08T18:49:09.4894248Z   ...
2026-10-08T18:49:09.4895182Z # Subtest: the original phasor course meets the complete native deck contract
2026-10-08T18:49:09.4896421Z ok 336 - the original phasor course meets the complete native deck contract
2026-10-08T18:49:09.4897522Z   ---
2026-10-08T18:49:09.4898104Z   duration_ms: 4.436466
2026-10-08T18:49:09.4898663Z   ...
2026-10-08T18:49:09.4899705Z # Subtest: the unchanged native selector reaches every imported item with bounded mastery estimates
2026-10-08T18:49:09.4901154Z ok 337 - the unchanged native selector reaches every imported item with bounded mastery estimates
2026-10-08T18:49:09.4902426Z   ---
2026-10-08T18:49:09.4902962Z   duration_ms: 16.893231
2026-10-08T18:49:09.4903825Z   ...
2026-10-08T18:49:09.4904819Z # Subtest: course answer identities agree with the separately solved blind receiving key
2026-10-08T18:49:09.4906204Z ok 338 - course answer identities agree with the separately solved blind receiving key
2026-10-08T18:49:09.4907092Z   ---
2026-10-08T18:49:09.4907588Z   duration_ms: 0.474298
2026-10-08T18:49:09.4908103Z   ...
2026-10-08T18:49:09.4909093Z # Subtest: the 3 + 4i example has amplitude five and the independently derived cosine projections
2026-10-08T18:49:09.4910540Z ok 339 - the 3 + 4i example has amplitude five and the independently derived cosine projections
2026-10-08T18:49:09.4911449Z   ---
2026-10-08T18:49:09.4911940Z   duration_ms: 6.329299
2026-10-08T18:49:09.4912457Z   ...
2026-10-08T18:49:09.4919109Z # Subtest: admission refuses omitted, blank, nonfinite, coerced and out-of-range settings
2026-10-08T18:49:09.4920636Z ok 340 - admission refuses omitted, blank, nonfinite, coerced and out-of-range settings
2026-10-08T18:49:09.4921496Z   ---
2026-10-08T18:49:09.4921944Z   duration_ms: 17.620706
2026-10-08T18:49:09.4922419Z   ...
2026-10-08T18:49:09.4923714Z # Subtest: equal opposite waves cancel exactly at arbitrary common rotations and both half-turn signs
2026-10-08T18:49:09.4925326Z ok 341 - equal opposite waves cancel exactly at arbitrary common rotations and both half-turn signs
2026-10-08T18:49:09.4926304Z   ---
2026-10-08T18:49:09.4926787Z   duration_ms: 13.531929
2026-10-08T18:49:09.4927307Z   ...
2026-10-08T18:49:09.4928234Z # Subtest: zero input and one absent component have distinct well-defined amplitude behavior
2026-10-08T18:49:09.4929631Z ok 342 - zero input and one absent component have distinct well-defined amplitude behavior
2026-10-08T18:49:09.4930547Z   ---
2026-10-08T18:49:09.4931042Z   duration_ms: 1.665354
2026-10-08T18:49:09.4931579Z   ...
2026-10-08T18:49:09.4932531Z # Subtest: a small real residual is retained instead of being relabeled exact cancellation
2026-10-08T18:49:09.4934380Z ok 343 - a small real residual is retained instead of being relabeled exact cancellation
2026-10-08T18:49:09.4935278Z   ---
2026-10-08T18:49:09.4935759Z   duration_ms: 4.565629
2026-10-08T18:49:09.4936269Z   ...
2026-10-08T18:49:09.4937253Z # Subtest: common rotation preserves magnitude and cycle average while moving the real projection
2026-10-08T18:49:09.4938734Z ok 344 - common rotation preserves magnitude and cycle average while moving the real projection
2026-10-08T18:49:09.4939645Z   ---
2026-10-08T18:49:09.4940122Z   duration_ms: 0.714486
2026-10-08T18:49:09.4940636Z   ...
2026-10-08T18:49:09.4941595Z # Subtest: principal phase respects the branch cut and zero never acquires a fabricated angle
2026-10-08T18:49:09.4942961Z ok 345 - principal phase respects the branch cut and zero never acquires a fabricated angle
2026-10-08T18:49:09.4944066Z   ---
2026-10-08T18:49:09.4944530Z   duration_ms: 5.735493
2026-10-08T18:49:09.4945049Z   ...
2026-10-08T18:49:09.4946081Z # Subtest: independent real-signal equations, amplitude law and full-cycle numerical averages agree
2026-10-08T18:49:09.4947537Z ok 346 - independent real-signal equations, amplitude law and full-cycle numerical averages agree
2026-10-08T18:49:09.4948468Z   ---
2026-10-08T18:49:09.4948954Z   duration_ms: 76.323195
2026-10-08T18:49:09.4949479Z   ...
2026-10-08T18:49:09.4950365Z # Subtest: changing frequency changes seconds but keeps every fixed-cycle signal value
2026-10-08T18:49:09.4951660Z ok 347 - changing frequency changes seconds but keeps every fixed-cycle signal value
2026-10-08T18:49:09.4952518Z   ---
2026-10-08T18:49:09.4953019Z   duration_ms: 1.19388
2026-10-08T18:49:09.4953821Z   ...
2026-10-08T18:49:09.4954688Z # Subtest: cursor changes select a point without rewriting the two-cycle trace
2026-10-08T18:49:09.4955867Z ok 348 - cursor changes select a point without rewriting the two-cycle trace
2026-10-08T18:49:09.4956666Z   ---
2026-10-08T18:49:09.4957177Z   duration_ms: 2.597353
2026-10-08T18:49:09.4957997Z   ...
2026-10-08T18:49:09.4958813Z # Subtest: a snapshot copies inputs and freezes all nested numerical results
2026-10-08T18:49:09.4960004Z ok 349 - a snapshot copies inputs and freezes all nested numerical results
2026-10-08T18:49:09.4960820Z   ---
2026-10-08T18:49:09.4961302Z   duration_ms: 0.604481
2026-10-08T18:49:09.4961830Z   ...
2026-10-08T18:49:09.4962813Z # Subtest: JSON exports the checked snapshot, explicit assumptions and undefined zero phase as null
2026-10-08T18:49:09.4964875Z ok 350 - JSON exports the checked snapshot, explicit assumptions and undefined zero phase as null
2026-10-08T18:49:09.4965616Z   ---
2026-10-08T18:49:09.4965918Z   duration_ms: 4.790123
2026-10-08T18:49:09.4966247Z   ...
2026-10-08T18:49:09.4966947Z # Subtest: CSV preserves all 129 full-precision samples and all six experiment settings
2026-10-08T18:49:09.4967982Z ok 351 - CSV preserves all 129 full-precision samples and all six experiment settings
2026-10-08T18:49:09.4968645Z   ---
2026-10-08T18:49:09.4968947Z   duration_ms: 2.944731
2026-10-08T18:49:09.4969250Z   ...
2026-10-08T18:49:09.4969678Z # Subtest: display formatting retains zero sign policy and small nonzero values
2026-10-08T18:49:09.4970312Z ok 352 - display formatting retains zero sign policy and small nonzero values
2026-10-08T18:49:09.4970711Z   ---
2026-10-08T18:49:09.4970915Z   duration_ms: 0.310413
2026-10-08T18:49:09.4971133Z   ...
2026-10-08T18:49:09.4971545Z # Subtest: constant rate accumulates with units and negative rate retains direction
2026-10-08T18:49:09.4972170Z ok 353 - constant rate accumulates with units and negative rate retains direction
2026-10-08T18:49:09.4972547Z   ---
2026-10-08T18:49:09.4972744Z   duration_ms: 5.171813
2026-10-08T18:49:09.4972959Z   ...
2026-10-08T18:49:09.4973569Z # Subtest: out-and-back prefixes retain signed and absolute accumulation separately
2026-10-08T18:49:09.4974574Z ok 354 - out-and-back prefixes retain signed and absolute accumulation separately
2026-10-08T18:49:09.4975214Z   ---
2026-10-08T18:49:09.4975536Z   duration_ms: 1.614117
2026-10-08T18:49:09.4975877Z   ...
2026-10-08T18:49:09.4976793Z # Subtest: an interior zero is split before distance accumulation
2026-10-08T18:49:09.4977617Z ok 355 - an interior zero is split before distance accumulation
2026-10-08T18:49:09.4978151Z   ---
2026-10-08T18:49:09.4978468Z   duration_ms: 2.147623
2026-10-08T18:49:09.4978816Z   ...
2026-10-08T18:49:09.4979313Z # Subtest: a non-grid zero retains exact rational area
2026-10-08T18:49:09.4979999Z ok 356 - a non-grid zero retains exact rational area
2026-10-08T18:49:09.4980468Z   ---
2026-10-08T18:49:09.4980779Z   duration_ms: 0.551713
2026-10-08T18:49:09.4981123Z   ...
2026-10-08T18:49:09.4981733Z # Subtest: zero duration, complete rest and touching zero are distinct
2026-10-08T18:49:09.4982611Z ok 357 - zero duration, complete rest and touching zero are distinct
2026-10-08T18:49:09.4983183Z   ---
2026-10-08T18:49:09.4983685Z   duration_ms: 0.564261
2026-10-08T18:49:09.4983982Z   ...
2026-10-08T18:49:09.4984685Z # Subtest: acceleration records corners, straight inserted knots and one-sided boundaries
2026-10-08T18:49:09.4985857Z ok 358 - acceleration records corners, straight inserted knots and one-sided boundaries
2026-10-08T18:49:09.4986546Z   ---
2026-10-08T18:49:09.4986868Z   duration_ms: 1.534799
2026-10-08T18:49:09.4987292Z   ...
2026-10-08T18:49:09.4987988Z # Subtest: covered segment rows agree with manually worked rest and cruise prefixes
2026-10-08T18:49:09.4989020Z ok 359 - covered segment rows agree with manually worked rest and cruise prefixes
2026-10-08T18:49:09.4989661Z   ---
2026-10-08T18:49:09.4989974Z   duration_ms: 2.612646
2026-10-08T18:49:09.4990328Z   ...
2026-10-08T18:49:09.4991055Z # Subtest: sign reversal negates signed values but preserves distance over many prefixes
2026-10-08T18:49:09.4992157Z ok 360 - sign reversal negates signed values but preserves distance over many prefixes
2026-10-08T18:49:09.4992816Z   ---
2026-10-08T18:49:09.4993123Z   duration_ms: 77.216808
2026-10-08T18:49:09.5007460Z   ...
2026-10-08T18:49:09.5008975Z # Subtest: all declared edges are admitted and all invalid inputs are refused before a result
2026-10-08T18:49:09.5010222Z ok 361 - all declared edges are admitted and all invalid inputs are refused before a result
2026-10-08T18:49:09.5011660Z   ---
2026-10-08T18:49:09.5012006Z   duration_ms: 1.908276
2026-10-08T18:49:09.5013041Z   ...
2026-10-08T18:49:09.5014562Z # Subtest: records are immutable, deterministic and retain complete authored input
2026-10-08T18:49:09.5016828Z ok 362 - records are immutable, deterministic and retain complete authored input
2026-10-08T18:49:09.5018070Z   ---
2026-10-08T18:49:09.5018405Z   duration_ms: 3.41326
2026-10-08T18:49:09.5019353Z   ...
2026-10-08T18:49:09.5020747Z # Subtest: the original course passes unchanged deck admission and balanced answer positions
2026-10-08T18:49:09.5021932Z ok 363 - the original course passes unchanged deck admission and balanced answer positions
2026-10-08T18:49:09.5022642Z   ---
2026-10-08T18:49:09.5022976Z   duration_ms: 34.599305
2026-10-08T18:49:09.5023334Z   ...
2026-10-08T18:49:09.5024304Z # Subtest: standalone parity and embedded exact course/guide bytes
2026-10-08T18:49:09.5025146Z ok 364 - standalone parity and embedded exact course/guide bytes
2026-10-08T18:49:09.5025701Z   ---
2026-10-08T18:49:09.5026017Z   duration_ms: 67.546436
2026-10-08T18:49:09.5026366Z   ...
2026-10-08T18:49:09.5027098Z # Subtest: the twelve-question course is an exact native importer/serializer round trip
2026-10-08T18:49:09.5028218Z ok 365 - the twelve-question course is an exact native importer/serializer round trip
2026-10-08T18:49:09.5028889Z   ---
2026-10-08T18:49:09.5029210Z   duration_ms: 4.516295
2026-10-08T18:49:09.5029553Z   ...
2026-10-08T18:49:09.5030207Z # Subtest: base cases and the unreachable countdown use their declared inputs
2026-10-08T18:49:09.5031172Z ok 366 - base cases and the unreachable countdown use their declared inputs
2026-10-08T18:49:09.5033110Z   ---
2026-10-08T18:49:09.5034237Z   duration_ms: 0.415549
2026-10-08T18:49:09.5036204Z   ...
2026-10-08T18:49:09.5037414Z # Subtest: waiting-parent, completion-order and second-child answers preserve unfinished work
2026-10-08T18:49:09.5039930Z ok 367 - waiting-parent, completion-order and second-child answers preserve unfinished work
2026-10-08T18:49:09.5040677Z   ---
2026-10-08T18:49:09.5040995Z   duration_ms: 0.337603
2026-10-08T18:49:09.5041338Z   ...
2026-10-08T18:49:09.5042113Z # Subtest: chain and branching call counts agree with independent products and binomial sums
2026-10-08T18:49:09.5043305Z ok 368 - chain and branching call counts agree with independent products and binomial sums
2026-10-08T18:49:09.5044192Z   ---
2026-10-08T18:49:09.5044518Z   duration_ms: 0.338114
2026-10-08T18:49:09.5044869Z   ...
2026-10-08T18:49:09.5045607Z # Subtest: fresh-cache answers account for every invocation and preserve a stored zero
2026-10-08T18:49:09.5046721Z ok 369 - fresh-cache answers account for every invocation and preserve a stored zero
2026-10-08T18:49:09.5047393Z   ---
2026-10-08T18:49:09.5047707Z   duration_ms: 0.594046
2026-10-08T18:49:09.5048053Z   ...
2026-10-08T18:49:09.5048711Z # Subtest: every numeric Fibonacci guide row matches the separate reference
2026-10-08T18:49:09.5050457Z ok 370 - every numeric Fibonacci guide row matches the separate reference
2026-10-08T18:49:09.5051164Z   ---
2026-10-08T18:49:09.5051500Z   duration_ms: 0.568728
2026-10-08T18:49:09.5051858Z   ...
2026-10-08T18:49:09.5052651Z # Subtest: the existing author conversion can reopen and check every content field without loss
2026-10-08T18:49:09.5054198Z ok 371 - the existing author conversion can reopen and check every content field without loss
2026-10-08T18:49:09.5054925Z   ---
2026-10-08T18:49:09.5055255Z   duration_ms: 1.335341
2026-10-08T18:49:09.5055594Z   ...
2026-10-08T18:49:09.5056406Z # Subtest: actual selection, review, practice and study notes retain the imported answer identity
2026-10-08T18:49:09.5057618Z ok 372 - actual selection, review, practice and study notes retain the imported answer identity
2026-10-08T18:49:09.5058661Z   ---
2026-10-08T18:49:09.5058995Z   duration_ms: 20.515894
2026-10-08T18:49:09.5059339Z   ...
2026-10-08T18:49:09.5060053Z # Subtest: a damaged late answer or an explorer trace format is refused by the unmodified importer
2026-10-08T18:49:09.5061142Z ok 373 - a damaged late answer or an explorer trace format is refused by the unmodified importer
2026-10-08T18:49:09.5061870Z   ---
2026-10-08T18:49:09.5062181Z   duration_ms: 2.322063
2026-10-08T18:49:09.5062503Z   ...
2026-10-08T18:49:09.5063243Z # Subtest: all 33 bounded runs agree with independent numeric and invocation-count oracles
2026-10-08T18:49:09.5064531Z ok 374 - all 33 bounded runs agree with independent numeric and invocation-count oracles
2026-10-08T18:49:09.5065207Z   ---
2026-10-08T18:49:09.5065485Z   duration_ms: 80.636456
2026-10-08T18:49:09.5065839Z   ...
2026-10-08T18:49:09.5066754Z # Subtest: every prefix preserves stack identity, parent ownership, monotone counters, and exact return delivery
2026-10-08T18:49:09.5068231Z ok 375 - every prefix preserves stack identity, parent ownership, monotone counters, and exact return delivery
2026-10-08T18:49:09.5069041Z   ---
2026-10-08T18:49:09.5069370Z   duration_ms: 43.168955
2026-10-08T18:49:09.5069700Z   ...
2026-10-08T18:49:09.5070594Z # Subtest: factorial unwinds in actual return order and retains each multiplication until its child returns
2026-10-08T18:49:09.5071996Z ok 376 - factorial unwinds in actual return order and retains each multiplication until its child returns
2026-10-08T18:49:09.5072800Z   ---
2026-10-08T18:49:09.5073146Z   duration_ms: 3.781739
2026-10-08T18:49:09.5073659Z   ...
2026-10-08T18:49:09.5074501Z # Subtest: Fibonacci completes the left child first and preserves it across the right branch
2026-10-08T18:49:09.5075837Z ok 377 - Fibonacci completes the left child first and preserves it across the right branch
2026-10-08T18:49:09.5076550Z   ---
2026-10-08T18:49:09.5076867Z   duration_ms: 0.513596
2026-10-08T18:49:09.5077184Z   ...
2026-10-08T18:49:09.5079555Z # Subtest: memoization starts empty, caches bases, counts cache-hit frames, and never shares a previous run
2026-10-08T18:49:09.5080794Z ok 378 - memoization starts empty, caches bases, counts cache-hit frames, and never shares a previous run
2026-10-08T18:49:09.5081507Z   ---
2026-10-08T18:49:09.5081768Z   duration_ms: 5.309367
2026-10-08T18:49:09.5082090Z   ...
2026-10-08T18:49:09.5082852Z # Subtest: inspection is reversible, immutable, and exported cursor binds the exact displayed state
2026-10-08T18:49:09.5084291Z ok 379 - inspection is reversible, immutable, and exported cursor binds the exact displayed state
2026-10-08T18:49:09.5084922Z   ---
2026-10-08T18:49:09.5085190Z   duration_ms: 11.8356
2026-10-08T18:49:09.5085495Z   ...
2026-10-08T18:49:09.5086007Z # Subtest: invalid and ambiguous input is refused before tracing
2026-10-08T18:49:09.5086760Z ok 380 - invalid and ambiguous input is refused before tracing
2026-10-08T18:49:09.5087372Z   ---
2026-10-08T18:49:09.5087690Z   duration_ms: 0.729658
2026-10-08T18:49:09.5087994Z   ...
2026-10-08T18:49:09.5095958Z # Subtest: checked-in direct-file page reproduces exactly and contains no runtime module imports
2026-10-08T18:49:09.5097238Z ok 381 - checked-in direct-file page reproduces exactly and contains no runtime module imports
2026-10-08T18:49:09.5097969Z   ---
2026-10-08T18:49:09.5098285Z   duration_ms: 99.567457
2026-10-08T18:49:09.5098646Z   ...
2026-10-08T18:49:09.5099580Z # Subtest: question identity survives reordered review, edits and clearing without changing earlier notes
2026-10-08T18:49:09.5100944Z ok 382 - question identity survives reordered review, edits and clearing without changing earlier notes
2026-10-08T18:49:09.5101718Z   ---
2026-10-08T18:49:09.5102036Z   duration_ms: 2.579537
2026-10-08T18:49:09.5102379Z   ...
2026-10-08T18:49:09.5103154Z # Subtest: application writing is separate and a fresh session starts with every field empty
2026-10-08T18:49:09.5104491Z ok 383 - application writing is separate and a fresh session starts with every field empty
2026-10-08T18:49:09.5105435Z   ---
2026-10-08T18:49:09.5105751Z   duration_ms: 1.185127
2026-10-08T18:49:09.5106105Z   ...
2026-10-08T18:49:09.5106796Z # Subtest: unknown or duplicate question identities and non-text edits are refused
2026-10-08T18:49:09.5107835Z ok 384 - unknown or duplicate question identities and non-text edits are refused
2026-10-08T18:49:09.5108472Z   ---
2026-10-08T18:49:09.5108787Z   duration_ms: 0.362561
2026-10-08T18:49:09.5109130Z   ...
2026-10-08T18:49:09.5110104Z # Subtest: actual study notes bind writing to questions while retaining native review, estimates and a paused retry
2026-10-08T18:49:09.5111602Z ok 385 - actual study notes bind writing to questions while retaining native review, estimates and a paused retry
2026-10-08T18:49:09.5112433Z   ---
2026-10-08T18:49:09.5112740Z   duration_ms: 3.051721
2026-10-08T18:49:09.5113088Z   ...
2026-10-08T18:49:09.5114020Z # Subtest: actual export uses the most recent edit and represents cleared fields as unwritten
2026-10-08T18:49:09.5115129Z ok 386 - actual export uses the most recent edit and represents cleared fields as unwritten
2026-10-08T18:49:09.5115823Z   ---
2026-10-08T18:49:09.5116140Z   duration_ms: 2.30675
2026-10-08T18:49:09.5116480Z   ...
2026-10-08T18:49:09.5117424Z # Subtest: export refuses missing, duplicate or foreign notebook identities instead of attaching notes by position
2026-10-08T18:49:09.5118845Z ok 387 - export refuses missing, duplicate or foreign notebook identities instead of attaching notes by position
2026-10-08T18:49:09.5119652Z   ---
2026-10-08T18:49:09.5119961Z   duration_ms: 0.762898
2026-10-08T18:49:09.5120305Z   ...
2026-10-08T18:49:09.5121346Z # Subtest: study notes retain the displayed imported-course application prompt without changing notebook or first-session data
2026-10-08T18:49:09.5122887Z ok 388 - study notes retain the displayed imported-course application prompt without changing notebook or first-session data
2026-10-08T18:49:09.5123708Z   ---
2026-10-08T18:49:09.5124031Z   duration_ms: 0.766913
2026-10-08T18:49:09.5124251Z   ...
2026-10-08T18:49:09.5124924Z # Subtest: a notebook export refuses a missing or non-text displayed application prompt
2026-10-08T18:49:09.5125586Z ok 389 - a notebook export refuses a missing or non-text displayed application prompt
2026-10-08T18:49:09.5126056Z   ---
2026-10-08T18:49:09.5126293Z   duration_ms: 0.500807
2026-10-08T18:49:09.5126529Z   ...
2026-10-08T18:49:09.5126888Z # Subtest: review preserves session order and the actual chosen answer
2026-10-08T18:49:09.5127400Z ok 390 - review preserves session order and the actual chosen answer
2026-10-08T18:49:09.5127735Z   ---
2026-10-08T18:49:09.5127941Z   duration_ms: 1.881746
2026-10-08T18:49:09.5128165Z   ...
2026-10-08T18:49:09.5128552Z # Subtest: review is an immutable snapshot independent of mutable input arrays
2026-10-08T18:49:09.5129113Z ok 391 - review is an immutable snapshot independent of mutable input arrays
2026-10-08T18:49:09.5129474Z   ---
2026-10-08T18:49:09.5129659Z   duration_ms: 0.517742
2026-10-08T18:49:09.5129868Z   ...
2026-10-08T18:49:09.5130237Z # Subtest: a review rejects unknown, duplicate, or invalid first answers
2026-10-08T18:49:09.5130751Z ok 392 - a review rejects unknown, duplicate, or invalid first answers
2026-10-08T18:49:09.5131092Z   ---
2026-10-08T18:49:09.5131290Z   duration_ms: 0.377974
2026-10-08T18:49:09.5131507Z   ...
2026-10-08T18:49:09.5131935Z # Subtest: practice includes only initially missed questions in first-attempt order
2026-10-08T18:49:09.5132548Z ok 393 - practice includes only initially missed questions in first-attempt order
2026-10-08T18:49:09.5132924Z   ---
2026-10-08T18:49:09.5133114Z   duration_ms: 0.311074
2026-10-08T18:49:09.5133323Z   ...
2026-10-08T18:49:09.5134464Z # Subtest: correct and incorrect retries remain separate from the immutable original trace
2026-10-08T18:49:09.5135519Z ok 394 - correct and incorrect retries remain separate from the immutable original trace
2026-10-08T18:49:09.5136400Z   ---
2026-10-08T18:49:09.5136704Z   duration_ms: 0.40221
2026-10-08T18:49:09.5137051Z   ...
2026-10-08T18:49:09.5137909Z # Subtest: practice resumes at the next unanswered question and refuses duplicate or out-of-order writes
2026-10-08T18:49:09.5139502Z ok 395 - practice resumes at the next unanswered question and refuses duplicate or out-of-order writes
2026-10-08T18:49:09.5140239Z   ---
2026-10-08T18:49:09.5140539Z   duration_ms: 0.345234
2026-10-08T18:49:09.5140872Z   ...
2026-10-08T18:49:09.5141440Z # Subtest: an all-correct or empty review has no practice question
2026-10-08T18:49:09.5142213Z ok 396 - an all-correct or empty review has no practice question
2026-10-08T18:49:09.5142718Z   ---
2026-10-08T18:49:09.5143021Z   duration_ms: 0.212697
2026-10-08T18:49:09.5143347Z   ...
2026-10-08T18:49:09.5144394Z # Subtest: the original course survives native validation and serialization with complete connected content
2026-10-08T18:49:09.5145726Z ok 397 - the original course survives native validation and serialization with complete connected content
2026-10-08T18:49:09.5146500Z   ---
2026-10-08T18:49:09.5146794Z   duration_ms: 4.528854
2026-10-08T18:49:09.5147133Z   ...
2026-10-08T18:49:09.5147950Z # Subtest: native item selection reaches all twelve questions and can prioritize the weak sample clock
2026-10-08T18:49:09.5149221Z ok 398 - native item selection reaches all twelve questions and can prioritize the weak sample clock
2026-10-08T18:49:09.5149933Z   ---
2026-10-08T18:49:09.5150225Z   duration_ms: 15.173487
2026-10-08T18:49:09.5150561Z   ...
2026-10-08T18:49:09.5151392Z # Subtest: answer text matches independently stated calculations and explicit sampling assumptions
2026-10-08T18:49:09.5152614Z ok 399 - answer text matches independently stated calculations and explicit sampling assumptions
2026-10-08T18:49:09.5153329Z   ---
2026-10-08T18:49:09.5174026Z   duration_ms: 0.470732
2026-10-08T18:49:09.5174384Z   ...
2026-10-08T18:49:09.5175341Z # Subtest: each supported sample clock uses inclusive endpoints and an actually different matching cosine
2026-10-08T18:49:09.5176978Z ok 400 - each supported sample clock uses inclusive endpoints and an actually different matching cosine
2026-10-08T18:49:09.5177768Z   ---
2026-10-08T18:49:09.5178088Z   duration_ms: 27.391897
2026-10-08T18:49:09.5178440Z   ...
2026-10-08T18:49:09.5179232Z # Subtest: DC, reflected aliases, the half-rate and input limits preserve their distinct meaning
2026-10-08T18:49:09.5180435Z ok 401 - DC, reflected aliases, the half-rate and input limits preserve their distinct meaning
2026-10-08T18:49:09.5181137Z   ---
2026-10-08T18:49:09.5181458Z   duration_ms: 0.366967
2026-10-08T18:49:09.5181800Z   ...
2026-10-08T18:49:09.5182596Z # Subtest: invalid numerical input is refused and snapshots cannot be changed after observation
2026-10-08T18:49:09.5184191Z ok 402 - invalid numerical input is refused and snapshots cannot be changed after observation
2026-10-08T18:49:09.5184901Z   ---
2026-10-08T18:49:09.5185218Z   duration_ms: 5.957995
2026-10-08T18:49:09.5185576Z   ...
2026-10-08T18:49:09.5186474Z # Subtest: CSV carries full precision and current parameter identity, ignoring supplied forged sample rows
2026-10-08T18:49:09.5187862Z ok 403 - CSV carries full precision and current parameter identity, ignoring supplied forged sample rows
2026-10-08T18:49:09.5188615Z   ---
2026-10-08T18:49:09.5188930Z   duration_ms: 1.380239
2026-10-08T18:49:09.5189269Z   ...
2026-10-08T18:49:09.5319891Z # Subtest: notes retain the actual first choices, session order, corrections, transfers, and attribution
2026-10-08T18:49:09.5321649Z ok 404 - notes retain the actual first choices, session order, corrections, transfers, and attribution
2026-10-08T18:49:09.5322573Z   ---
2026-10-08T18:49:09.5323153Z   duration_ms: 6.27012
2026-10-08T18:49:09.5323805Z   ...
2026-10-08T18:49:09.5324707Z # Subtest: paused and completed retries cannot replace the first answers or alter the model
2026-10-08T18:49:09.5325994Z ok 405 - paused and completed retries cannot replace the first answers or alter the model
2026-10-08T18:49:09.5327286Z   ---
2026-10-08T18:49:09.5327727Z   duration_ms: 1.27422
2026-10-08T18:49:09.5328213Z   ...
2026-10-08T18:49:09.5329142Z # Subtest: unstarted, zero-answer paused, and all-correct sessions have honest practice labels
2026-10-08T18:49:09.5330498Z ok 406 - unstarted, zero-answer paused, and all-correct sessions have honest practice labels
2026-10-08T18:49:09.5331315Z   ---
2026-10-08T18:49:09.5331765Z   duration_ms: 1.764582
2026-10-08T18:49:09.5332253Z   ...
2026-10-08T18:49:09.5333279Z # Subtest: incomplete, duplicate, legacy choice-less or malformed traces are refused rather than fabricated
2026-10-08T18:49:09.5334994Z ok 407 - incomplete, duplicate, legacy choice-less or malformed traces are refused rather than fabricated
2026-10-08T18:49:09.5335862Z   ---
2026-10-08T18:49:09.5336301Z   duration_ms: 1.340829
2026-10-08T18:49:09.5336791Z   ...
2026-10-08T18:49:09.5337729Z # Subtest: plain-text output preserves Unicode and literal markup without creating executable content
2026-10-08T18:49:09.5339188Z ok 408 - plain-text output preserves Unicode and literal markup without creating executable content
2026-10-08T18:49:09.5340072Z   ---
2026-10-08T18:49:09.5340529Z   duration_ms: 0.473125
2026-10-08T18:49:09.5341018Z   ...
2026-10-08T18:49:09.6430522Z # Subtest: the original five-vertex example has the hand-calculated settling order and cost-7 route
2026-10-08T18:49:09.6436525Z ok 409 - the original five-vertex example has the hand-calculated settling order and cost-7 route
2026-10-08T18:49:09.6437583Z   ---
2026-10-08T18:49:09.6438079Z   duration_ms: 4.608162
2026-10-08T18:49:09.6438611Z   ...
2026-10-08T18:49:09.6439645Z # Subtest: target discovery remains tentative; the cheaper route is final only on target settlement
2026-10-08T18:49:09.6441210Z ok 410 - target discovery remains tentative; the cheaper route is final only on target settlement
2026-10-08T18:49:09.6442175Z   ---
2026-10-08T18:49:09.6442671Z   duration_ms: 1.599004
2026-10-08T18:49:09.6443241Z   ...
2026-10-08T18:49:09.6447869Z # Subtest: zero weights and equal routes preserve the stated alphabetical and first-predecessor policies
2026-10-08T18:49:09.6449889Z ok 411 - zero weights and equal routes preserve the stated alphabetical and first-predecessor policies
2026-10-08T18:49:09.6450930Z   ---
2026-10-08T18:49:09.6451429Z   duration_ms: 1.282994
2026-10-08T18:49:09.6451962Z   ...
2026-10-08T18:49:09.6456460Z # Subtest: all preset source/target pairs agree with exhaustive simple paths, including reverse direction
2026-10-08T18:49:09.6458759Z ok 412 - all preset source/target pairs agree with exhaustive simple paths, including reverse direction
2026-10-08T18:49:09.6459795Z   ---
2026-10-08T18:49:09.6460299Z   duration_ms: 5.429146
2026-10-08T18:49:09.6460833Z   ...
2026-10-08T18:49:09.6464846Z # Subtest: 80 deterministic bounded graphs agree with a simple-path oracle for every source
2026-10-08T18:49:09.6467164Z ok 413 - 80 deterministic bounded graphs agree with a simple-path oracle for every source
2026-10-08T18:49:09.6468142Z   ---
2026-10-08T18:49:09.6468639Z   duration_ms: 73.017046
2026-10-08T18:49:09.6469213Z   ...
2026-10-08T18:49:09.6474397Z # Subtest: invalid graphs are refused before a runnable state exists
2026-10-08T18:49:09.6482555Z ok 414 - invalid graphs are refused before a runnable state exists
2026-10-08T18:49:09.6483578Z   ---
2026-10-08T18:49:09.6484182Z   duration_ms: 1.304646
2026-10-08T18:49:09.6484725Z   ...
2026-10-08T18:49:09.6488429Z # Subtest: run, graph, presets and trace snapshots cannot be changed by later edits
2026-10-08T18:49:09.6490550Z ok 415 - run, graph, presets and trace snapshots cannot be changed by later edits
2026-10-08T18:49:09.6491440Z   ---
2026-10-08T18:49:09.6491938Z   duration_ms: 0.640635
2026-10-08T18:49:09.6492470Z   ...
2026-10-08T18:49:09.6496875Z # Subtest: the original twelve-question course is valid, canonical and has balanced answer positions
2026-10-08T18:49:09.6499128Z ok 416 - the original twelve-question course is valid, canonical and has balanced answer positions
2026-10-08T18:49:09.6500425Z   ---
2026-10-08T18:49:09.6500863Z   duration_ms: 0.705742
2026-10-08T18:49:09.6501342Z   ...
2026-10-08T18:49:09.6559595Z # Subtest: existing knowledge, review, practice and notes contracts accept the new deck without changing the app
2026-10-08T18:49:09.6562839Z ok 417 - existing knowledge, review, practice and notes contracts accept the new deck without changing the app
2026-10-08T18:49:09.6564289Z   ---
2026-10-08T18:49:09.6564752Z   duration_ms: 12.619569
2026-10-08T18:49:09.6565293Z   ...
2026-10-08T18:49:09.6831502Z # Subtest: the original twelve-item SQL course uses the published import contract without changing its native meaning
2026-10-08T18:49:09.6836543Z ok 418 - the original twelve-item SQL course uses the published import contract without changing its native meaning
2026-10-08T18:49:09.6838586Z   ---
2026-10-08T18:49:09.6839109Z   duration_ms: 3.443325
2026-10-08T18:49:09.6839594Z   ...
2026-10-08T18:49:09.6840668Z # Subtest: actual SQLite regenerates all twenty-two saved queries and their exact course/default bindings
2026-10-08T18:49:09.6844560Z ok 419 - actual SQLite regenerates all twenty-two saved queries and their exact course/default bindings
2026-10-08T18:49:09.6845784Z   ---
2026-10-08T18:49:09.6846280Z   duration_ms: 72.362618
2026-10-08T18:49:09.6846811Z   ...
2026-10-08T18:49:09.6853344Z # Subtest: native adaptive selection, shuffled choices, review, practice and notes preserve all twelve SQL questions
2026-10-08T18:49:09.6855786Z ok 420 - native adaptive selection, shuffled choices, review, practice and notes preserve all twelve SQL questions
2026-10-08T18:49:09.6856955Z   ---
2026-10-08T18:49:09.6857469Z   duration_ms: 17.786393
2026-10-08T18:49:09.6857965Z   ...
2026-10-08T18:49:10.1768148Z # Subtest: a changed answer or invalid query refuses the build and preserves both saved artifacts
2026-10-08T18:49:10.1769648Z ok 421 - a changed answer or invalid query refuses the build and preserves both saved artifacts
2026-10-08T18:49:10.1770402Z   ---
2026-10-08T18:49:10.1770734Z   duration_ms: 497.510676
2026-10-08T18:49:10.1771077Z   ...
2026-10-08T18:49:10.2345244Z # Subtest: a stale generated explorer fails --check without silently replacing the changed file
2026-10-08T18:49:10.2346081Z ok 422 - a stale generated explorer fails --check without silently replacing the changed file
2026-10-08T18:49:10.2346546Z   ---
2026-10-08T18:49:10.2346765Z   duration_ms: 57.861326
2026-10-08T18:49:10.2346997Z   ...
2026-10-08T18:49:10.2426106Z # Subtest: original course fits the existing deck contract with all four concepts represented
2026-10-08T18:49:10.2427378Z ok 423 - original course fits the existing deck contract with all four concepts represented
2026-10-08T18:49:10.2428262Z   ---
2026-10-08T18:49:10.2428712Z   duration_ms: 3.380281
2026-10-08T18:49:10.2429062Z   ...
2026-10-08T18:49:10.2429895Z # Subtest: authored answer keys retain the independently worked quantities and conceptual distinctions
2026-10-08T18:49:10.2431156Z ok 424 - authored answer keys retain the independently worked quantities and conceptual distinctions
2026-10-08T18:49:10.2431908Z   ---
2026-10-08T18:49:10.2432219Z   duration_ms: 0.430642
2026-10-08T18:49:10.2432543Z   ...
2026-10-08T18:49:10.2433324Z # Subtest: course completes native selection, correct first answers, review, retry and study notes
2026-10-08T18:49:10.2434679Z ok 425 - course completes native selection, correct first answers, review, retry and study notes
2026-10-08T18:49:10.2435363Z   ---
2026-10-08T18:49:10.2435656Z   duration_ms: 17.299157
2026-10-08T18:49:10.2435994Z   ...
2026-10-08T18:49:10.2436735Z # Subtest: course completes native selection, mixed first answers, review, retry and study notes
2026-10-08T18:49:10.2437882Z ok 426 - course completes native selection, mixed first answers, review, retry and study notes
2026-10-08T18:49:10.2438561Z   ---
2026-10-08T18:49:10.2438852Z   duration_ms: 3.541301
2026-10-08T18:49:10.2439213Z   ...
2026-10-08T18:49:10.2439961Z # Subtest: course completes native selection, missed first answers, review, retry and study notes
2026-10-08T18:49:10.2441529Z ok 427 - course completes native selection, missed first answers, review, retry and study notes
2026-10-08T18:49:10.2442205Z   ---
2026-10-08T18:49:10.2442487Z   duration_ms: 3.156718
2026-10-08T18:49:10.2442810Z   ...
2026-10-08T18:49:10.2443708Z # Subtest: generated direct-open artifact has exact build parity and embeds the qualified course
2026-10-08T18:49:10.2444754Z ok 428 - generated direct-open artifact has exact build parity and embeds the qualified course
2026-10-08T18:49:10.2445364Z   ---
2026-10-08T18:49:10.2445633Z   duration_ms: 67.421259
2026-10-08T18:49:10.2445924Z   ...
2026-10-08T18:49:10.2446606Z # Subtest: standalone rendering keeps embedded source and course text inside their script elements
2026-10-08T18:49:10.2447714Z ok 429 - standalone rendering keeps embedded source and course text inside their script elements
2026-10-08T18:49:10.2448409Z   ---
2026-10-08T18:49:10.2448691Z   duration_ms: 0.760033
2026-10-08T18:49:10.2449016Z   ...
2026-10-08T18:49:10.2449687Z # Subtest: water: 6 / 2 mol → second
2026-10-08T18:49:10.2450245Z ok 430 - water: 6 / 2 mol → second
2026-10-08T18:49:10.2450622Z   ---
2026-10-08T18:49:10.2450907Z   duration_ms: 2.258247
2026-10-08T18:49:10.2451242Z   ...
2026-10-08T18:49:10.2451679Z # Subtest: water: 2 / 2 mol → first
2026-10-08T18:49:10.2452209Z ok 431 - water: 2 / 2 mol → first
2026-10-08T18:49:10.2452577Z   ---
2026-10-08T18:49:10.2452862Z   duration_ms: 0.262161
2026-10-08T18:49:10.2453187Z   ...
2026-10-08T18:49:10.2453814Z # Subtest: water: 4 / 2 mol → matched
2026-10-08T18:49:10.2454376Z ok 432 - water: 4 / 2 mol → matched
2026-10-08T18:49:10.2454753Z   ---
2026-10-08T18:49:10.2455037Z   duration_ms: 0.33535
2026-10-08T18:49:10.2455354Z   ...
2026-10-08T18:49:10.2455815Z # Subtest: water: 0 / 5 mol → no-product
2026-10-08T18:49:10.2456380Z ok 433 - water: 0 / 5 mol → no-product
2026-10-08T18:49:10.2456787Z   ---
2026-10-08T18:49:10.2457076Z   duration_ms: 0.229142
2026-10-08T18:49:10.2457410Z   ...
2026-10-08T18:49:10.2457857Z # Subtest: water: 5 / 0 mol → no-product
2026-10-08T18:49:10.2458676Z ok 434 - water: 5 / 0 mol → no-product
2026-10-08T18:49:10.2459057Z   ---
2026-10-08T18:49:10.2459344Z   duration_ms: 0.345745
2026-10-08T18:49:10.2459664Z   ...
2026-10-08T18:49:10.2460097Z # Subtest: water: 0 / 0 mol → no-product
2026-10-08T18:49:10.2460646Z ok 435 - water: 0 / 0 mol → no-product
2026-10-08T18:49:10.2461021Z   ---
2026-10-08T18:49:10.2461287Z   duration_ms: 0.245767
2026-10-08T18:49:10.2461600Z   ...
2026-10-08T18:49:10.2462049Z # Subtest: ammonia: 2 / 3 mol → second
2026-10-08T18:49:10.2462590Z ok 436 - ammonia: 2 / 3 mol → second
2026-10-08T18:49:10.2462962Z   ---
2026-10-08T18:49:10.2463229Z   duration_ms: 0.24841
2026-10-08T18:49:10.2463778Z   ...
2026-10-08T18:49:10.2464244Z # Subtest: ammonia: 1 / 2.4 mol → second
2026-10-08T18:49:10.2464818Z ok 437 - ammonia: 1 / 2.4 mol → second
2026-10-08T18:49:10.2465200Z   ---
2026-10-08T18:49:10.2465482Z   duration_ms: 0.281711
2026-10-08T18:49:10.2465818Z   ...
2026-10-08T18:49:10.2466243Z # Subtest: ammonia: 2 / 4.8 mol → second
2026-10-08T18:49:10.2466818Z ok 438 - ammonia: 2 / 4.8 mol → second
2026-10-08T18:49:10.2467207Z   ---
2026-10-08T18:49:10.2467496Z   duration_ms: 0.472254
2026-10-08T18:49:10.2467814Z   ...
2026-10-08T18:49:10.2468271Z # Subtest: ammonia: 0.1 / 0.3 mol → matched
2026-10-08T18:49:10.2468853Z ok 439 - ammonia: 0.1 / 0.3 mol → matched
2026-10-08T18:49:10.2469314Z   ---
2026-10-08T18:49:10.2469595Z   duration_ms: 0.414458
2026-10-08T18:49:10.2469927Z   ...
2026-10-08T18:49:10.2470418Z # Subtest: ammonia: 0.001 / 0.001 mol → second
2026-10-08T18:49:10.2471052Z ok 440 - ammonia: 0.001 / 0.001 mol → second
2026-10-08T18:49:10.2471465Z   ---
2026-10-08T18:49:10.2471750Z   duration_ms: 0.27487
2026-10-08T18:49:10.2472076Z   ...
2026-10-08T18:49:10.2472563Z # Subtest: ammonia: 0.001 / 0.003 mol → matched
2026-10-08T18:49:10.2473179Z ok 441 - ammonia: 0.001 / 0.003 mol → matched
2026-10-08T18:49:10.2474075Z   ---
2026-10-08T18:49:10.2474368Z   duration_ms: 0.226128
2026-10-08T18:49:10.2474698Z   ...
2026-10-08T18:49:10.2475194Z # Subtest: ammonia: 0.001 / 0.004 mol → first
2026-10-08T18:49:10.2475808Z ok 442 - ammonia: 0.001 / 0.004 mol → first
2026-10-08T18:49:10.2476210Z   ---
2026-10-08T18:49:10.2476493Z   duration_ms: 1.482421
2026-10-08T18:49:10.2485046Z   ...
2026-10-08T18:49:10.2485914Z # Subtest: magnesium: 1.5 / 1 mol → first
2026-10-08T18:49:10.2486542Z ok 443 - magnesium: 1.5 / 1 mol → first
2026-10-08T18:49:10.2486954Z   ---
2026-10-08T18:49:10.2487258Z   duration_ms: 0.262311
2026-10-08T18:49:10.2487572Z   ...
2026-10-08T18:49:10.2488038Z # Subtest: magnesium: 1 / 0.499 mol → second
2026-10-08T18:49:10.2488651Z ok 444 - magnesium: 1 / 0.499 mol → second
2026-10-08T18:49:10.2489071Z   ---
2026-10-08T18:49:10.2489370Z   duration_ms: 0.202732
2026-10-08T18:49:10.2489688Z   ...
2026-10-08T18:49:10.2490153Z # Subtest: magnesium: 1 / 0.5 mol → matched
2026-10-08T18:49:10.2490752Z ok 445 - magnesium: 1 / 0.5 mol → matched
2026-10-08T18:49:10.2491176Z   ---
2026-10-08T18:49:10.2491456Z   duration_ms: 0.324995
2026-10-08T18:49:10.2491783Z   ...
2026-10-08T18:49:10.2492232Z # Subtest: magnesium: 1 / 0.501 mol → first
2026-10-08T18:49:10.2492823Z ok 446 - magnesium: 1 / 0.501 mol → first
2026-10-08T18:49:10.2493234Z   ---
2026-10-08T18:49:10.2493688Z   duration_ms: 0.207109
2026-10-08T18:49:10.2494017Z   ...
2026-10-08T18:49:10.2494471Z # Subtest: water: 1000 / 1000 mol → first
2026-10-08T18:49:10.2495043Z ok 447 - water: 1000 / 1000 mol → first
2026-10-08T18:49:10.2495441Z   ---
2026-10-08T18:49:10.2495741Z   duration_ms: 0.34247
2026-10-08T18:49:10.2496080Z   ...
2026-10-08T18:49:10.2496730Z # Subtest: authored equations use the declared species and conserve each element
2026-10-08T18:49:10.2497695Z ok 448 - authored equations use the declared species and conserve each element
2026-10-08T18:49:10.2498286Z   ---
2026-10-08T18:49:10.2498584Z   duration_ms: 1.312608
2026-10-08T18:49:10.2498910Z   ...
2026-10-08T18:49:10.2499493Z # Subtest: all admitted decimal spellings resolve to exact millimoles
2026-10-08T18:49:10.2500574Z ok 449 - all admitted decimal spellings resolve to exact millimoles
2026-10-08T18:49:10.2501202Z   ---
2026-10-08T18:49:10.2501499Z   duration_ms: 0.323973
2026-10-08T18:49:10.2501745Z   ...
2026-10-08T18:49:10.2502151Z # Subtest: invalid or ambiguous amount inputs are refused without numeric coercion
2026-10-08T18:49:10.2502743Z ok 450 - invalid or ambiguous amount inputs are refused without numeric coercion
2026-10-08T18:49:10.2503123Z   ---
2026-10-08T18:49:10.2503308Z   duration_ms: 1.083335
2026-10-08T18:49:10.2503786Z   ...
2026-10-08T18:49:10.2504562Z # Subtest: positive amounts straddling an exact ratio are never classified using a floating tolerance
2026-10-08T18:49:10.2505682Z ok 451 - positive amounts straddling an exact ratio are never classified using a floating tolerance
2026-10-08T18:49:10.2506319Z   ---
2026-10-08T18:49:10.2506598Z   duration_ms: 0.250644
2026-10-08T18:49:10.2506838Z   ...
2026-10-08T18:49:10.2507276Z # Subtest: start = used + left and atom inventory is conserved across a changed-input grid
2026-10-08T18:49:10.2507925Z ok 452 - start = used + left and atom inventory is conserved across a changed-input grid
2026-10-08T18:49:10.2508358Z   ---
2026-10-08T18:49:10.2508656Z   duration_ms: 7.139136
2026-10-08T18:49:10.2508985Z   ...
2026-10-08T18:49:10.2509888Z # Subtest: doubling both supplies doubles theoretical product and excess without changing the limiting identity
2026-10-08T18:49:10.2511344Z ok 453 - doubling both supplies doubles theoretical product and excess without changing the limiting identity
2026-10-08T18:49:10.2512152Z   ---
2026-10-08T18:49:10.2512520Z   duration_ms: 0.907564
2026-10-08T18:49:10.2512879Z   ...
2026-10-08T18:49:10.2513869Z # Subtest: reaction definitions and solved records are deeply immutable without changing caller inputs
2026-10-08T18:49:10.2515177Z ok 454 - reaction definitions and solved records are deeply immutable without changing caller inputs
2026-10-08T18:49:10.2516296Z   ---
2026-10-08T18:49:10.2516607Z   duration_ms: 0.385495
2026-10-08T18:49:10.2516966Z   ...
2026-10-08T18:49:10.2517808Z # Subtest: worked record carries this prediction, mole accounting and the explicit theoretical model
2026-10-08T18:49:10.2519057Z ok 455 - worked record carries this prediction, mole accounting and the explicit theoretical model
2026-10-08T18:49:10.2519775Z   ---
2026-10-08T18:49:10.2520075Z   duration_ms: 0.931669
2026-10-08T18:49:10.2520416Z   ...
2026-10-08T18:49:10.2521330Z # Subtest: completed first answers restore in their original adaptive order with exact, unrounded estimates
2026-10-08T18:49:10.2522701Z ok 456 - completed first answers restore in their original adaptive order with exact, unrounded estimates
2026-10-08T18:49:10.2523643Z   ---
2026-10-08T18:49:10.2523954Z   duration_ms: 20.132723
2026-10-08T18:49:10.2524303Z   ...
2026-10-08T18:49:10.2525142Z # Subtest: unstarted, zero-answer, paused and complete practice remain distinct and can resume once
2026-10-08T18:49:10.2526406Z ok 457 - unstarted, zero-answer, paused and complete practice remain distinct and can resume once
2026-10-08T18:49:10.2527005Z   ---
2026-10-08T18:49:10.2527207Z   duration_ms: 6.521385
2026-10-08T18:49:10.2527420Z   ...
2026-10-08T18:49:10.2527844Z # Subtest: all-correct and all-missed completed traces use canonical answer indices
2026-10-08T18:49:10.2528463Z ok 458 - all-correct and all-missed completed traces use canonical answer indices
2026-10-08T18:49:10.2528833Z   ---
2026-10-08T18:49:10.2529027Z   duration_ms: 2.807456
2026-10-08T18:49:10.2529358Z   ...
2026-10-08T18:49:10.2530041Z # Subtest: incomplete, duplicate, unknown and out-of-range first answers are refused
2026-10-08T18:49:10.2531075Z ok 459 - incomplete, duplicate, unknown and out-of-range first answers are refused
2026-10-08T18:49:10.2531701Z   ---
2026-10-08T18:49:10.2531995Z   duration_ms: 12.710323
2026-10-08T18:49:10.2532328Z   ...
2026-10-08T18:49:10.2533122Z # Subtest: a different course revision cannot replace the current deck; property order is immaterial
2026-10-08T18:49:10.2534636Z ok 460 - a different course revision cannot replace the current deck; property order is immaterial
2026-10-08T18:49:10.2535080Z   ---
2026-10-08T18:49:10.2535283Z   duration_ms: 8.60387
2026-10-08T18:49:10.2535493Z   ...
2026-10-08T18:49:10.2535940Z # Subtest: changed model parameters, rounded estimates and incompatible versions are refused
2026-10-08T18:49:10.2536611Z ok 461 - changed model parameters, rounded estimates and incompatible versions are refused
2026-10-08T18:49:10.2537013Z   ---
2026-10-08T18:49:10.2537205Z   duration_ms: 6.409589
2026-10-08T18:49:10.2537419Z   ...
2026-10-08T18:49:10.2537838Z # Subtest: practice replay refuses duplicate, reordered, correct-first and extra answers
2026-10-08T18:49:10.2538479Z ok 462 - practice replay refuses duplicate, reordered, correct-first and extra answers
2026-10-08T18:49:10.2538870Z   ---
2026-10-08T18:49:10.2539064Z   duration_ms: 11.2731
2026-10-08T18:49:10.2539284Z   ...
2026-10-08T18:49:10.2539727Z # Subtest: bounded parsing refuses invalid JSON and oversized UTF-8 before exposing state
2026-10-08T18:49:10.2540362Z ok 463 - bounded parsing refuses invalid JSON and oversized UTF-8 before exposing state
2026-10-08T18:49:10.2540755Z   ---
2026-10-08T18:49:10.2540941Z   duration_ms: 4.894489
2026-10-08T18:49:10.2541149Z   ...
2026-10-08T18:49:10.2541644Z # Subtest: identical completed files inspect independently with no invented differences or chronology
2026-10-08T18:49:10.2542379Z ok 464 - identical completed files inspect independently with no invented differences or chronology
2026-10-08T18:49:10.2542814Z   ---
2026-10-08T18:49:10.2543001Z   duration_ms: 6.880901
2026-10-08T18:49:10.2543204Z   ...
2026-10-08T18:49:10.2543963Z # Subtest: canonical joins preserve both orders, all correctness transitions and two different wrong answers
2026-10-08T18:49:10.2544751Z ok 465 - canonical joins preserve both orders, all correctness transitions and two different wrong answers
2026-10-08T18:49:10.2545366Z   ---
2026-10-08T18:49:10.2545557Z   duration_ms: 1.912182
2026-10-08T18:49:10.2545766Z   ...
2026-10-08T18:49:10.2546105Z # Subtest: changed question order alone is not an answer difference
2026-10-08T18:49:10.2546599Z ok 466 - changed question order alone is not an answer difference
2026-10-08T18:49:10.2546934Z   ---
2026-10-08T18:49:10.2547123Z   duration_ms: 1.876788
2026-10-08T18:49:10.2547333Z   ...
2026-10-08T18:49:10.2547793Z # Subtest: unstarted, pending, incorrect retry and correct retry remain separate from first answers
2026-10-08T18:49:10.2548502Z ok 467 - unstarted, pending, incorrect retry and correct retry remain separate from first answers
2026-10-08T18:49:10.2548926Z   ---
2026-10-08T18:49:10.2549127Z   duration_ms: 8.363473
2026-10-08T18:49:10.2549341Z   ...
2026-10-08T18:49:10.2549804Z # Subtest: the current raw bundled deck remains compatible without normalizing its archive identity
2026-10-08T18:49:10.2550501Z ok 468 - the current raw bundled deck remains compatible without normalizing its archive identity
2026-10-08T18:49:10.2550917Z   ---
2026-10-08T18:49:10.2551105Z   duration_ms: 5.046656
2026-10-08T18:49:10.2551322Z   ...
2026-10-08T18:49:10.2551801Z # Subtest: object property ordering preserves identity while changed course content refuses the pair
2026-10-08T18:49:10.2552558Z ok 469 - object property ordering preserves identity while changed course content refuses the pair
2026-10-08T18:49:10.2553002Z   ---
2026-10-08T18:49:10.2553198Z   duration_ms: 5.448935
2026-10-08T18:49:10.2553616Z   ...
2026-10-08T18:49:10.2554259Z # Subtest: incomplete, malformed, changed-model and altered-estimate inputs keep the native refusals
2026-10-08T18:49:10.2555427Z ok 470 - incomplete, malformed, changed-model and altered-estimate inputs keep the native refusals
2026-10-08T18:49:10.2555893Z   ---
2026-10-08T18:49:10.2556108Z   duration_ms: 5.898687
2026-10-08T18:49:10.2556318Z   ...
2026-10-08T18:49:10.2556811Z # Subtest: inspection validates bounded deck content before using an archived deck as context
2026-10-08T18:49:10.2557715Z ok 471 - inspection validates bounded deck content before using an archived deck as context
2026-10-08T18:49:10.2558193Z   ---
2026-10-08T18:49:10.2558403Z   duration_ms: 6.953854
2026-10-08T18:49:10.2558639Z   ...
2026-10-08T18:49:10.2559176Z # Subtest: literal course content and prototype-looking IDs survive without mutable returned records
2026-10-08T18:49:10.2559958Z ok 472 - literal course content and prototype-looking IDs survive without mutable returned records
2026-10-08T18:49:10.2560405Z   ---
2026-10-08T18:49:10.2560619Z   duration_ms: 1.54839
2026-10-08T18:49:10.2560853Z   ...
2026-10-08T18:49:10.2561264Z # Subtest: independent concurrent file reads only publish their current pair
2026-10-08T18:49:10.2561875Z ok 473 - independent concurrent file reads only publish their current pair
2026-10-08T18:49:10.2562282Z   ---
2026-10-08T18:49:10.2562490Z   duration_ms: 2.691934
2026-10-08T18:49:10.2562719Z   ...
2026-10-08T18:49:10.2563255Z # Subtest: a replacement retires the old pair immediately and a superseded read cannot overwrite it
2026-10-08T18:49:10.2564186Z ok 474 - a replacement retires the old pair immediately and a superseded read cannot overwrite it
2026-10-08T18:49:10.2564633Z   ---
2026-10-08T18:49:10.2564855Z   duration_ms: 4.574059
2026-10-08T18:49:10.2565067Z   ...
2026-10-08T18:49:10.2565566Z # Subtest: clearing a pending file or receiving its late failure cannot restore comparison state
2026-10-08T18:49:10.2566326Z ok 475 - clearing a pending file or receiving its late failure cannot restore comparison state
2026-10-08T18:49:10.2566780Z   ---
2026-10-08T18:49:10.2567025Z   duration_ms: 2.176295
2026-10-08T18:49:10.2567274Z   ...
2026-10-08T18:49:10.2567777Z # Subtest: rejected or incompatible replacements clear paired output and permit ordinary recovery
2026-10-08T18:49:10.2568573Z ok 476 - rejected or incompatible replacements clear paired output and permit ordinary recovery
2026-10-08T18:49:10.2569052Z   ---
2026-10-08T18:49:10.2569467Z   duration_ms: 4.47256
2026-10-08T18:49:10.2569729Z   ...
2026-10-08T18:49:10.2570283Z # Subtest: file admission refuses oversized metadata before reading and rejects malformed UTF-8 bytes
2026-10-08T18:49:10.2571123Z ok 477 - file admission refuses oversized metadata before reading and rejects malformed UTF-8 bytes
2026-10-08T18:49:10.2571591Z   ---
2026-10-08T18:49:10.2571822Z   duration_ms: 1.107175
2026-10-08T18:49:10.2572067Z   ...
2026-10-08T18:49:10.2572559Z # Subtest: cancelled selection preserves accepted files and the immutable paired snapshot
2026-10-08T18:49:10.2573302Z ok 478 - cancelled selection preserves accepted files and the immutable paired snapshot
2026-10-08T18:49:10.2573885Z   ---
2026-10-08T18:49:10.2574102Z   duration_ms: 1.340473
2026-10-08T18:49:10.2574345Z   ...
2026-10-08T18:49:10.2574849Z # Subtest: the checked-in offline explorer contains the current source and exact admitted lesson
2026-10-08T18:49:10.2575679Z ok 479 - the checked-in offline explorer contains the current source and exact admitted lesson
2026-10-08T18:49:10.2576143Z   ---
2026-10-08T18:49:10.2576379Z   duration_ms: 6.793557
2026-10-08T18:49:10.2576623Z   ...
2026-10-08T18:49:10.2577113Z # Subtest: linear conversions keep the quantity while changing the numerical value
2026-10-08T18:49:10.2577899Z ok 480 - linear conversions keep the quantity while changing the numerical value
2026-10-08T18:49:10.2578403Z   ---
2026-10-08T18:49:10.2578670Z   duration_ms: 4.155362
2026-10-08T18:49:10.2578950Z   ...
2026-10-08T18:49:10.2579270Z # Subtest: a prefix scales every powered dimension
2026-10-08T18:49:10.2579645Z ok 481 - a prefix scales every powered dimension
2026-10-08T18:49:10.2579951Z   ---
2026-10-08T18:49:10.2580164Z   duration_ms: 0.959879
2026-10-08T18:49:10.2580369Z   ...
2026-10-08T18:49:10.2580765Z # Subtest: both numerator and denominator scales participate in rates and density
2026-10-08T18:49:10.2581644Z ok 482 - both numerator and denominator scales participate in rates and density
2026-10-08T18:49:10.2582226Z   ---
2026-10-08T18:49:10.2582518Z   duration_ms: 0.717866
2026-10-08T18:49:10.2582816Z   ...
2026-10-08T18:49:10.2583708Z # Subtest: derived units reduce to their stated m/kg/s powers
2026-10-08T18:49:10.2584193Z ok 483 - derived units reduce to their stated m/kg/s powers
2026-10-08T18:49:10.2584502Z   ---
2026-10-08T18:49:10.2584703Z   duration_ms: 1.575094
2026-10-08T18:49:10.2584922Z   ...
2026-10-08T18:49:10.2585327Z # Subtest: cancellation retains scale even when the resulting dimension is one
2026-10-08T18:49:10.2585906Z ok 484 - cancellation retains scale even when the resulting dimension is one
2026-10-08T18:49:10.2586270Z   ---
2026-10-08T18:49:10.2586459Z   duration_ms: 0.3724
2026-10-08T18:49:10.2586668Z   ...
2026-10-08T18:49:10.2587082Z # Subtest: division is left-associative and parentheses change denominator grouping
2026-10-08T18:49:10.2587698Z ok 485 - division is left-associative and parentheses change denominator grouping
2026-10-08T18:49:10.2588071Z   ---
2026-10-08T18:49:10.2588265Z   duration_ms: 0.293519
2026-10-08T18:49:10.2588469Z   ...
2026-10-08T18:49:10.2588868Z # Subtest: Unicode conveniences are explicit and whitespace is not multiplication
2026-10-08T18:49:10.2589459Z ok 486 - Unicode conveniences are explicit and whitespace is not multiplication
2026-10-08T18:49:10.2589835Z   ---
2026-10-08T18:49:10.2590020Z   duration_ms: 0.868707
2026-10-08T18:49:10.2590227Z   ...
2026-10-08T18:49:10.2590553Z # Subtest: zero does not make incompatible dimensions convertible
2026-10-08T18:49:10.2591028Z ok 487 - zero does not make incompatible dimensions convertible
2026-10-08T18:49:10.2591347Z   ---
2026-10-08T18:49:10.2591537Z   duration_ms: 0.501155
2026-10-08T18:49:10.2591740Z   ...
2026-10-08T18:49:10.2592114Z # Subtest: repeating ratios remain exact and displayed rounding is explicit
2026-10-08T18:49:10.2592658Z ok 488 - repeating ratios remain exact and displayed rounding is explicit
2026-10-08T18:49:10.2593003Z   ---
2026-10-08T18:49:10.2593189Z   duration_ms: 0.575789
2026-10-08T18:49:10.2593766Z   ...
2026-10-08T18:49:10.2594244Z # Subtest: large entered integers and small decimal distinctions survive without Number conversion
2026-10-08T18:49:10.2594953Z ok 489 - large entered integers and small decimal distinctions survive without Number conversion
2026-10-08T18:49:10.2595368Z   ---
2026-10-08T18:49:10.2595560Z   duration_ms: 0.478216
2026-10-08T18:49:10.2595772Z   ...
2026-10-08T18:49:10.2596153Z # Subtest: quantity parsing requires complete bounded decimal text
2026-10-08T18:49:10.2596636Z ok 490 - quantity parsing requires complete bounded decimal text
2026-10-08T18:49:10.2596954Z   ---
2026-10-08T18:49:10.2597134Z   duration_ms: 0.344523
2026-10-08T18:49:10.2597339Z   ...
2026-10-08T18:49:10.2597747Z # Subtest: the unit grammar rejects incomplete, excessive and unsupported expressions
2026-10-08T18:49:10.2598362Z ok 491 - the unit grammar rejects incomplete, excessive and unsupported expressions
2026-10-08T18:49:10.2598737Z   ---
2026-10-08T18:49:10.2598931Z   duration_ms: 0.799692
2026-10-08T18:49:10.2599134Z   ...
2026-10-08T18:49:10.2599505Z # Subtest: returned records are immutable JSON with exact rational strings
2026-10-08T18:49:10.2600048Z ok 492 - returned records are immutable JSON with exact rational strings
2026-10-08T18:49:10.2600396Z   ---
2026-10-08T18:49:10.2600650Z   duration_ms: 0.723335
2026-10-08T18:49:10.2600954Z   ...
2026-10-08T18:49:10.2601657Z # Subtest: normalized expressions retain every grouping and remain valid within the input bound
2026-10-08T18:49:10.2602829Z ok 493 - normalized expressions retain every grouping and remain valid within the input bound
2026-10-08T18:49:10.2603675Z   ---
2026-10-08T18:49:10.2603963Z   duration_ms: 1.47091
2026-10-08T18:49:10.2604296Z   ...
2026-10-08T18:49:10.2605041Z # Subtest: the downloadable course is the exact admitted course, without external dependencies
2026-10-08T18:49:10.2605878Z ok 494 - the downloadable course is the exact admitted course, without external dependencies
2026-10-08T18:49:10.2606301Z   ---
2026-10-08T18:49:10.2606493Z   duration_ms: 2.600853
2026-10-08T18:49:10.2606709Z   ...
2026-10-08T18:49:10.2607304Z # Subtest: rebuilding the embedded course preserves already current standalone bytes
2026-10-08T18:49:10.2607929Z ok 495 - rebuilding the embedded course preserves already current standalone bytes
2026-10-08T18:49:10.2608308Z   ---
2026-10-08T18:49:10.2608509Z   duration_ms: 54.871626
2026-10-08T18:49:10.2608726Z   ...
2026-10-08T18:49:10.2609130Z # Subtest: the course example retains a component and reconstructs the exact original
2026-10-08T18:49:10.2609727Z ok 496 - the course example retains a component and reconstructs the exact original
2026-10-08T18:49:10.2610092Z   ---
2026-10-08T18:49:10.2610276Z   duration_ms: 1.293224
2026-10-08T18:49:10.2610491Z   ...
2026-10-08T18:49:10.2610905Z # Subtest: the geometric line is unchanged by a positive or negative direction rescaling
2026-10-08T18:49:10.2611516Z ok 497 - the geometric line is unchanged by a positive or negative direction rescaling
2026-10-08T18:49:10.2611902Z   ---
2026-10-08T18:49:10.2612079Z   duration_ms: 0.428604
2026-10-08T18:49:10.2612287Z   ...
2026-10-08T18:49:10.2612712Z # Subtest: perpendicular, parallel, axis-aligned and zero-original cases remain defined
2026-10-08T18:49:10.2613357Z ok 498 - perpendicular, parallel, axis-aligned and zero-original cases remain defined
2026-10-08T18:49:10.2614371Z   ---
2026-10-08T18:49:10.2614566Z   duration_ms: 0.474341
2026-10-08T18:49:10.2614775Z   ...
2026-10-08T18:49:10.2615178Z # Subtest: malformed, missing, out-of-domain and zero direction values are refused
2026-10-08T18:49:10.2615770Z ok 499 - malformed, missing, out-of-domain and zero direction values are refused
2026-10-08T18:49:10.2616134Z   ---
2026-10-08T18:49:10.2616323Z   duration_ms: 1.672456
2026-10-08T18:49:10.2616526Z   ...
2026-10-08T18:49:10.2616872Z # Subtest: calculation does not mutate or alias its input coordinates
2026-10-08T18:49:10.2617373Z ok 500 - calculation does not mutate or alias its input coordinates
2026-10-08T18:49:10.2617874Z   ---
2026-10-08T18:49:10.2618062Z   duration_ms: 0.253702
2026-10-08T18:49:10.2618270Z   ...
2026-10-08T18:49:10.2618779Z # Subtest: 2,000 independently checked geometries satisfy the projection characterization and plot bounds
2026-10-08T18:49:10.2619547Z ok 501 - 2,000 independently checked geometries satisfy the projection characterization and plot bounds
2026-10-08T18:49:10.2620014Z   ---
2026-10-08T18:49:10.2620222Z   duration_ms: 25.326619
2026-10-08T18:49:10.2620437Z   ...
2026-10-08T18:49:10.2620894Z # Subtest: course has twelve original items, two per concept, with a balanced canonical answer key
2026-10-08T18:49:10.2621581Z ok 502 - course has twelve original items, two per concept, with a balanced canonical answer key
2026-10-08T18:49:10.2621989Z   ---
2026-10-08T18:49:10.2622171Z   duration_ms: 2.864201
2026-10-08T18:49:10.2622383Z   ...
2026-10-08T18:49:10.2622793Z # Subtest: displacement subtracts the starting point, including its negative component
2026-10-08T18:49:10.2623633Z ok 503 - displacement subtracts the starting point, including its negative component
2026-10-08T18:49:10.2624136Z   ---
2026-10-08T18:49:10.2624337Z   duration_ms: 1.061138
2026-10-08T18:49:10.2624557Z   ...
2026-10-08T18:49:10.2625016Z # Subtest: sequential displacements combine componentwise and retain the same final point
2026-10-08T18:49:10.2625678Z ok 504 - sequential displacements combine componentwise and retain the same final point
2026-10-08T18:49:10.2626080Z   ---
2026-10-08T18:49:10.2626273Z   duration_ms: 0.479198
2026-10-08T18:49:10.2626485Z   ...
2026-10-08T18:49:10.2626881Z # Subtest: Euclidean length is the square root of the sum of squared components
2026-10-08T18:49:10.2627457Z ok 505 - Euclidean length is the square root of the sum of squared components
2026-10-08T18:49:10.2627816Z   ---
2026-10-08T18:49:10.2628014Z   duration_ms: 0.364076
2026-10-08T18:49:10.2628227Z   ...
2026-10-08T18:49:10.2628633Z # Subtest: the unit direction has length one and preserves the original orientation
2026-10-08T18:49:10.2629242Z ok 506 - the unit direction has length one and preserves the original orientation
2026-10-08T18:49:10.2629758Z   ---
2026-10-08T18:49:10.2629967Z   duration_ms: 0.499623
2026-10-08T18:49:10.2630189Z   ...
2026-10-08T18:49:10.2630543Z # Subtest: the two nonzero perpendicular vectors have zero dot product
2026-10-08T18:49:10.2631043Z ok 507 - the two nonzero perpendicular vectors have zero dot product
2026-10-08T18:49:10.2631369Z   ---
2026-10-08T18:49:10.2631551Z   duration_ms: 0.279515
2026-10-08T18:49:10.2631754Z   ...
2026-10-08T18:49:10.2632145Z # Subtest: a unit-axis component retains the sign of the projected displacement
2026-10-08T18:49:10.2632724Z ok 508 - a unit-axis component retains the sign of the projected displacement
2026-10-08T18:49:10.2633085Z   ---
2026-10-08T18:49:10.2633278Z   duration_ms: 0.283923
2026-10-08T18:49:10.2633770Z   ...
2026-10-08T18:49:10.2634224Z # Subtest: the projection lies on the nonunit direction line and leaves an orthogonal residual
2026-10-08T18:49:10.2634908Z ok 509 - the projection lies on the nonunit direction line and leaves an orthogonal residual
2026-10-08T18:49:10.2635310Z   ---
2026-10-08T18:49:10.2635502Z   duration_ms: 0.485669
2026-10-08T18:49:10.2635707Z   ...
2026-10-08T18:49:10.2636089Z # Subtest: the requested residual reconstructs b as well as being perpendicular
2026-10-08T18:49:10.2636645Z ok 510 - the requested residual reconstructs b as well as being perpendicular
2026-10-08T18:49:10.2637009Z   ---
2026-10-08T18:49:10.2637194Z   duration_ms: 0.455919
2026-10-08T18:49:10.2637410Z   ...
2026-10-08T18:49:10.2637801Z # Subtest: row dot products implement the stated column-vector matrix convention
2026-10-08T18:49:10.2638369Z ok 511 - row dot products implement the stated column-vector matrix convention
2026-10-08T18:49:10.2638729Z   ---
2026-10-08T18:49:10.2638926Z   duration_ms: 0.464974
2026-10-08T18:49:10.2639136Z   ...
2026-10-08T18:49:10.2639520Z # Subtest: basis images retain the coefficients of the input linear combination
2026-10-08T18:49:10.2640225Z ok 512 - basis images retain the coefficients of the input linear combination
2026-10-08T18:49:10.2640578Z   ---
2026-10-08T18:49:10.2640775Z   duration_ms: 0.308885
2026-10-08T18:49:10.2640993Z   ...
2026-10-08T18:49:10.2641378Z # Subtest: rotation before horizontal stretch differs from the reverse order
2026-10-08T18:49:10.2641929Z ok 513 - rotation before horizontal stretch differs from the reverse order
2026-10-08T18:49:10.2642288Z   ---
2026-10-08T18:49:10.2642471Z   duration_ms: 0.431419
2026-10-08T18:49:10.2642688Z   ...
2026-10-08T18:49:10.2643048Z # Subtest: the stated distinct inputs collide under the flattening map
2026-10-08T18:49:10.2643831Z ok 514 - the stated distinct inputs collide under the flattening map
2026-10-08T18:49:10.2644222Z   ---
2026-10-08T18:49:10.2644419Z   duration_ms: 0.31839
2026-10-08T18:49:10.2644633Z   ...
2026-10-08T18:49:10.2645073Z # Subtest: the authored greedy counterexample has the complete expected table and schedule
2026-10-08T18:49:10.2645742Z ok 515 - the authored greedy counterexample has the complete expected table and schedule
2026-10-08T18:49:10.2646142Z   ---
2026-10-08T18:49:10.2646329Z   duration_ms: 2.233711
2026-10-08T18:49:10.2646537Z   ...
2026-10-08T18:49:10.2646957Z # Subtest: a changed value recomputes the selected prefix and does not mutate the example
2026-10-08T18:49:10.2647584Z ok 516 - a changed value recomputes the selected prefix and does not mutate the example
2026-10-08T18:49:10.2647979Z   ---
2026-10-08T18:49:10.2648162Z   duration_ms: 0.429185
2026-10-08T18:49:10.2648365Z   ...
2026-10-08T18:49:10.2648791Z # Subtest: touching endpoints are compatible and a positive overlap changes that decision
2026-10-08T18:49:10.2649433Z ok 517 - touching endpoints are compatible and a positive overlap changes that decision
2026-10-08T18:49:10.2649824Z   ---
2026-10-08T18:49:10.2650015Z   duration_ms: 0.355823
2026-10-08T18:49:10.2650218Z   ...
2026-10-08T18:49:10.2650618Z # Subtest: backtracking from a smaller prefix can differ from the complete optimum
2026-10-08T18:49:10.2651372Z ok 518 - backtracking from a smaller prefix can differ from the complete optimum
2026-10-08T18:49:10.2651756Z   ---
2026-10-08T18:49:10.2651953Z   duration_ms: 0.245178
2026-10-08T18:49:10.2652165Z   ...
2026-10-08T18:49:10.2652577Z # Subtest: equal alternatives keep the previous prefix under the declared stable order
2026-10-08T18:49:10.2653197Z ok 519 - equal alternatives keep the previous prefix under the declared stable order
2026-10-08T18:49:10.2653875Z   ---
2026-10-08T18:49:10.2654066Z   duration_ms: 0.416694
2026-10-08T18:49:10.2654271Z   ...
2026-10-08T18:49:10.2654691Z # Subtest: a predecessor row supplies its best prefix, not necessarily its own activity
2026-10-08T18:49:10.2655312Z ok 520 - a predecessor row supplies its best prefix, not necessarily its own activity
2026-10-08T18:49:10.2655690Z   ---
2026-10-08T18:49:10.2655872Z   duration_ms: 1.075091
2026-10-08T18:49:10.2656078Z   ...
2026-10-08T18:49:10.2656417Z # Subtest: empty and zero-valued inputs return a real empty optimum
2026-10-08T18:49:10.2656927Z ok 521 - empty and zero-valued inputs return a real empty optimum
2026-10-08T18:49:10.2657310Z   ---
2026-10-08T18:49:10.2657499Z   duration_ms: 0.321455
2026-10-08T18:49:10.2657701Z   ...
2026-10-08T18:49:10.2658031Z # Subtest: the admitted bounds and code-unit ID tie order are exact
2026-10-08T18:49:10.2658497Z ok 522 - the admitted bounds and code-unit ID tie order are exact
2026-10-08T18:49:10.2658803Z   ---
2026-10-08T18:49:10.2658987Z   duration_ms: 0.271372
2026-10-08T18:49:10.2659195Z   ...
2026-10-08T18:49:10.2659634Z # Subtest: invalid representable activity inputs are refused without changing supplied data
2026-10-08T18:49:10.2660299Z ok 523 - invalid representable activity inputs are refused without changing supplied data
2026-10-08T18:49:10.2660712Z   ---
2026-10-08T18:49:10.2660902Z   duration_ms: 1.073799
2026-10-08T18:49:10.2661105Z   ...
2026-10-08T18:49:10.2661496Z # Subtest: results are detached from both admitted inputs and future solver calls
2026-10-08T18:49:10.2662238Z ok 524 - results are detached from both admitted inputs and future solver calls
2026-10-08T18:49:10.2662604Z   ---
2026-10-08T18:49:10.2662799Z   duration_ms: 0.286217
2026-10-08T18:49:10.2663001Z   ...
2026-10-08T18:49:10.2663564Z # Subtest: the original twelve-question course is canonical and covers every concept
2026-10-08T18:49:10.2664222Z ok 525 - the original twelve-question course is canonical and covers every concept
2026-10-08T18:49:10.2664600Z   ---
2026-10-08T18:49:10.2664787Z   duration_ms: 0.507205
2026-10-08T18:49:10.2665003Z   ...
2026-10-08T18:49:10.2665471Z # Subtest: the deck goes through the existing adaptive learner, review, practice and notes consumers
2026-10-08T18:49:10.2666184Z ok 526 - the deck goes through the existing adaptive learner, review, practice and notes consumers
2026-10-08T18:49:10.2666601Z   ---
2026-10-08T18:49:10.2666791Z   duration_ms: 10.939903
2026-10-08T18:49:10.2667013Z   ...
2026-10-08T18:49:10.2667446Z # Subtest: the direct-file page matches the maintained builder and original deck download
2026-10-08T18:49:10.2668079Z ok 527 - the direct-file page matches the maintained builder and original deck download
2026-10-08T18:49:10.2668465Z   ---
2026-10-08T18:49:10.2668647Z   duration_ms: 60.87763
2026-10-08T18:49:10.2668855Z   ...
2026-10-08T18:49:10.2669031Z 1..527
2026-10-08T18:49:10.2669223Z # tests 542
2026-10-08T18:49:10.2669461Z # suites 0
2026-10-08T18:49:10.2669651Z # pass 542
2026-10-08T18:49:10.2669834Z # fail 0
2026-10-08T18:49:10.2670020Z # cancelled 0
2026-10-08T18:49:10.2670219Z # skipped 0
2026-10-08T18:49:10.2670407Z # todo 0
2026-10-08T18:49:10.2670662Z # duration_ms 4032.67831
2026-10-08T18:49:10.2711679Z ##[group]Run cp demo.html /tmp/demo-before.html
2026-10-08T18:49:10.2712079Z [36;1mcp demo.html /tmp/demo-before.html[0m
2026-10-08T18:49:10.2712400Z [36;1mpython3 tools/make_demo.py[0m
2026-10-08T18:49:10.2712977Z [36;1mcmp /tmp/demo-before.html demo.html || { echo "demo.html is stale: run 'python3 tools/make_demo.py' and commit the result"; exit 1; }[0m
2026-10-08T18:49:10.2785527Z shell: /usr/bin/bash -e {0}
2026-10-08T18:49:10.2785801Z ##[endgroup]
2026-10-08T18:49:10.3156555Z Built /home/runner/work/RecallWeave/RecallWeave/demo.html (97716 bytes)
2026-10-08T18:49:10.3319175Z Post job cleanup.
2026-10-08T18:49:10.4640453Z (node:3397) [DEP0040] DeprecationWarning: The `punycode` module is deprecated. Please use a userland alternative instead.
2026-10-08T18:49:10.4641715Z (Use `node --trace-deprecation ...` to show where the warning was created)
2026-10-08T18:49:10.4914402Z Post job cleanup.
2026-10-08T18:49:10.5839850Z [command]/usr/bin/git version
2026-10-08T18:49:10.5887750Z git version 2.55.0
2026-10-08T18:49:10.5930947Z Temporarily overriding HOME='/home/runner/work/_temp/108e1691-31db-4dc1-b501-b0c9e70cd121' before making global git config changes
2026-10-08T18:49:10.5932146Z Adding repository directory to the temporary git global config as a safe directory
2026-10-08T18:49:10.5937191Z [command]/usr/bin/git config --global --add safe.directory /home/runner/work/RecallWeave/RecallWeave
2026-10-08T18:49:10.5984965Z [command]/usr/bin/git config --local --name-only --get-regexp core\.sshCommand
2026-10-08T18:49:10.6023114Z [command]/usr/bin/git submodule foreach --recursive sh -c "git config --local --name-only --get-regexp 'core\.sshCommand' && git config --local --unset-all 'core.sshCommand' || :"
2026-10-08T18:49:10.6294770Z [command]/usr/bin/git config --local --name-only --get-regexp http\.https\:\/\/github\.com\/\.extraheader
2026-10-08T18:49:10.6335213Z http.https://github.com/.extraheader
2026-10-08T18:49:10.6346366Z [command]/usr/bin/git config --local --unset-all http.https://github.com/.extraheader
2026-10-08T18:49:10.6384823Z [command]/usr/bin/git submodule foreach --recursive sh -c "git config --local --name-only --get-regexp 'http\.https\:\/\/github\.com\/\.extraheader' && git config --local --unset-all 'http.https://github.com/.extraheader' || :"
2026-10-08T18:49:10.6665269Z [command]/usr/bin/git config --local --name-only --get-regexp ^includeIf\.gitdir:
2026-10-08T18:49:10.6717197Z [command]/usr/bin/git submodule foreach --recursive git config --local --show-origin --name-only --get-regexp remote.origin.url
2026-10-08T18:49:10.7190564Z Cleaning up orphan processes
2026-10-08T18:49:10.7527053Z ##[warning]Node.js 20 is deprecated. The following actions target Node.js 20 but are being forced to run on Node.js 24: actions/checkout@11d5960a326750d5838078e36cf38b85af677262, actions/setup-node@49933ea5288caeca8642d1e84afbd3f7d6820020. For more information see: https://github.blog/changelog/2025-09-19-deprecation-of-node-20-on-github-actions-runners/
