2026-10-08T19:41:48.4546868Z Current runner version: '2.337.0'
2026-10-08T19:41:48.4570255Z ##[group]Runner Image Provisioner
2026-10-08T19:41:48.4571500Z Hosted Compute Agent
2026-10-08T19:41:48.4572139Z Version: 20261002.596
2026-10-08T19:41:48.4572845Z Commit: c3d12f3313a95f25162a1503be624f3b0617f8c0
2026-10-08T19:41:48.4573596Z Build Date: 2026-10-02T22:28:27Z
2026-10-08T19:41:48.4574289Z Worker ID: {8c86fdf0-1ba0-42cf-aeea-61f40cac1e7c}
2026-10-08T19:41:48.4575051Z Region: westus3
2026-10-08T19:41:48.4575626Z Cloud: Azure
2026-10-08T19:41:48.4576223Z ##[endgroup]
2026-10-08T19:41:48.4577705Z ##[group]Operating System
2026-10-08T19:41:48.4578331Z Ubuntu
2026-10-08T19:41:48.4578928Z 24.04.5
2026-10-08T19:41:48.4579479Z LTS
2026-10-08T19:41:48.4579974Z ##[endgroup]
2026-10-08T19:41:48.4580855Z ##[group]Runner Image
2026-10-08T19:41:48.4581473Z Image: ubuntu-24.04
2026-10-08T19:41:48.4582077Z Version: 20261004.327.1
2026-10-08T19:41:48.4583375Z Included Software: https://github.com/actions/runner-images/blob/ubuntu24/20261004.327/images/ubuntu/Ubuntu2404-Readme.md
2026-10-08T19:41:48.4584984Z Image Release: https://github.com/actions/runner-images/releases/tag/ubuntu24%2F20261004.327
2026-10-08T19:41:48.4585951Z ##[endgroup]
2026-10-08T19:41:48.4587165Z ##[group]GITHUB_TOKEN Permissions
2026-10-08T19:41:48.4589020Z Contents: read
2026-10-08T19:41:48.4589811Z Metadata: read
2026-10-08T19:41:48.4590377Z ##[endgroup]
2026-10-08T19:41:48.4592607Z Secret source: Actions
2026-10-08T19:41:48.4593669Z Cache mode: write
2026-10-08T19:41:48.4594344Z Prepare workflow directory
2026-10-08T19:41:48.4978577Z Prepare all required actions
2026-10-08T19:41:48.5026107Z Getting action download info
2026-10-08T19:41:48.8314885Z Download action repository 'actions/checkout@11d5960a326750d5838078e36cf38b85af677262' (SHA:11d5960a326750d5838078e36cf38b85af677262)
2026-10-08T19:41:48.9284059Z Download action repository 'actions/setup-node@49933ea5288caeca8642d1e84afbd3f7d6820020' (SHA:49933ea5288caeca8642d1e84afbd3f7d6820020)
2026-10-08T19:41:49.1209040Z Complete job name: node-test
2026-10-08T19:41:49.1999387Z ##[group]Run actions/checkout@11d5960a326750d5838078e36cf38b85af677262
2026-10-08T19:41:49.2000732Z with:
2026-10-08T19:41:49.2001221Z   repository: Jacob-Met/RecallWeave
2026-10-08T19:41:49.2005236Z   token: ***
2026-10-08T19:41:49.2005679Z   ssh-strict: true
2026-10-08T19:41:49.2006149Z   ssh-user: git
2026-10-08T19:41:49.2006631Z   persist-credentials: true
2026-10-08T19:41:49.2007131Z   clean: true
2026-10-08T19:41:49.2007630Z   sparse-checkout-cone-mode: true
2026-10-08T19:41:49.2008156Z   fetch-depth: 1
2026-10-08T19:41:49.2008603Z   fetch-tags: false
2026-10-08T19:41:49.2009062Z   show-progress: true
2026-10-08T19:41:49.2009518Z   lfs: false
2026-10-08T19:41:49.2009936Z   submodules: false
2026-10-08T19:41:49.2010383Z   set-safe-directory: true
2026-10-08T19:41:49.2011038Z   allow-unsafe-pr-checkout: false
2026-10-08T19:41:49.2011833Z ##[endgroup]
2026-10-08T19:41:49.3022145Z Syncing repository: Jacob-Met/RecallWeave
2026-10-08T19:41:49.3024331Z ##[group]Getting Git version info
2026-10-08T19:41:49.3025209Z Working directory is '/home/runner/work/RecallWeave/RecallWeave'
2026-10-08T19:41:49.3026390Z [command]/usr/bin/git version
2026-10-08T19:41:49.3131513Z git version 2.55.0
2026-10-08T19:41:49.3164996Z ##[endgroup]
2026-10-08T19:41:49.3181261Z Temporarily overriding HOME='/home/runner/work/_temp/4ebd5595-88ba-4ac5-ba59-322520df3ed7' before making global git config changes
2026-10-08T19:41:49.3184151Z Adding repository directory to the temporary git global config as a safe directory
2026-10-08T19:41:49.3186448Z [command]/usr/bin/git config --global --add safe.directory /home/runner/work/RecallWeave/RecallWeave
2026-10-08T19:41:49.3242607Z Deleting the contents of '/home/runner/work/RecallWeave/RecallWeave'
2026-10-08T19:41:49.3246956Z ##[group]Initializing the repository
2026-10-08T19:41:49.3252588Z [command]/usr/bin/git init /home/runner/work/RecallWeave/RecallWeave
2026-10-08T19:41:49.3388984Z hint: Using 'master' as the name for the initial branch. This default branch name
2026-10-08T19:41:49.3391363Z hint: will change to "main" in Git 3.0. To configure the initial branch name
2026-10-08T19:41:49.3392908Z hint: to use in all of your new repositories, which will suppress this warning,
2026-10-08T19:41:49.3394098Z hint: call:
2026-10-08T19:41:49.3394770Z hint:
2026-10-08T19:41:49.3395952Z hint: 	git config --global init.defaultBranch <name>
2026-10-08T19:41:49.3396953Z hint:
2026-10-08T19:41:49.3397859Z hint: Names commonly chosen instead of 'master' are 'main', 'trunk' and
2026-10-08T19:41:49.3399416Z hint: 'development'. The just-created branch can be renamed via this command:
2026-10-08T19:41:49.3400857Z hint:
2026-10-08T19:41:49.3401551Z hint: 	git branch -m <name>
2026-10-08T19:41:49.3402297Z hint:
2026-10-08T19:41:49.3403529Z hint: Disable this message with "git config set advice.defaultBranchName false"
2026-10-08T19:41:49.3405416Z Initialized empty Git repository in /home/runner/work/RecallWeave/RecallWeave/.git/
2026-10-08T19:41:49.3408979Z [command]/usr/bin/git remote add origin https://github.com/Jacob-Met/RecallWeave
2026-10-08T19:41:49.3461597Z ##[endgroup]
2026-10-08T19:41:49.3462978Z ##[group]Disabling automatic garbage collection
2026-10-08T19:41:49.3468204Z [command]/usr/bin/git config --local gc.auto 0
2026-10-08T19:41:49.3502173Z ##[endgroup]
2026-10-08T19:41:49.3503831Z ##[group]Setting up auth
2026-10-08T19:41:49.3508878Z [command]/usr/bin/git config --local --name-only --get-regexp core\.sshCommand
2026-10-08T19:41:49.3554218Z [command]/usr/bin/git submodule foreach --recursive sh -c "git config --local --name-only --get-regexp 'core\.sshCommand' && git config --local --unset-all 'core.sshCommand' || :"
2026-10-08T19:41:49.3965259Z [command]/usr/bin/git config --local --name-only --get-regexp http\.https\:\/\/github\.com\/\.extraheader
2026-10-08T19:41:49.4003137Z [command]/usr/bin/git submodule foreach --recursive sh -c "git config --local --name-only --get-regexp 'http\.https\:\/\/github\.com\/\.extraheader' && git config --local --unset-all 'http.https://github.com/.extraheader' || :"
2026-10-08T19:41:49.4242111Z [command]/usr/bin/git config --local --name-only --get-regexp ^includeIf\.gitdir:
2026-10-08T19:41:49.4273530Z [command]/usr/bin/git submodule foreach --recursive git config --local --show-origin --name-only --get-regexp remote.origin.url
2026-10-08T19:41:49.4507233Z [command]/usr/bin/git config --local http.https://github.com/.extraheader AUTHORIZATION: basic ***
2026-10-08T19:41:49.4547910Z ##[endgroup]
2026-10-08T19:41:49.4549328Z ##[group]Fetching the repository
2026-10-08T19:41:49.4559749Z [command]/usr/bin/git -c protocol.version=2 fetch --no-tags --prune --no-recurse-submodules --depth=1 origin +97abaf0a1775e4b77cb0b717b1f42af1ba7ae578:refs/remotes/pull/144/merge
2026-10-08T19:41:53.0940652Z From https://github.com/Jacob-Met/RecallWeave
2026-10-08T19:41:53.0943686Z  * [new ref]         97abaf0a1775e4b77cb0b717b1f42af1ba7ae578 -> pull/144/merge
2026-10-08T19:41:53.0950166Z ##[endgroup]
2026-10-08T19:41:53.0953127Z ##[group]Determining the checkout info
2026-10-08T19:41:53.0956208Z ##[endgroup]
2026-10-08T19:41:53.0958341Z [command]/usr/bin/git sparse-checkout disable
2026-10-08T19:41:53.1013214Z [command]/usr/bin/git config --local --unset-all extensions.worktreeConfig
2026-10-08T19:41:53.1057910Z ##[group]Checking out the ref
2026-10-08T19:41:53.1060094Z [command]/usr/bin/git checkout --progress --force refs/remotes/pull/144/merge
2026-10-08T19:41:53.4505446Z Note: switching to 'refs/remotes/pull/144/merge'.
2026-10-08T19:41:53.4506455Z 
2026-10-08T19:41:53.4507258Z You are in 'detached HEAD' state. You can look around, make experimental
2026-10-08T19:41:53.4508207Z changes and commit them, and you can discard any commits you make in this
2026-10-08T19:41:53.4509193Z state without impacting any branches by switching back to a branch.
2026-10-08T19:41:53.4510025Z 
2026-10-08T19:41:53.4510783Z If you want to create a new branch to retain commits you create, you may
2026-10-08T19:41:53.4511796Z do so (now or later) by using -c with the switch command. Example:
2026-10-08T19:41:53.4512588Z 
2026-10-08T19:41:53.4512817Z   git switch -c <new-branch-name>
2026-10-08T19:41:53.4513161Z 
2026-10-08T19:41:53.4513407Z Or undo this operation with:
2026-10-08T19:41:53.4513758Z 
2026-10-08T19:41:53.4513986Z   git switch -
2026-10-08T19:41:53.4514254Z 
2026-10-08T19:41:53.4514673Z Turn off this advice by setting config variable advice.detachedHead to false
2026-10-08T19:41:53.4515245Z 
2026-10-08T19:41:53.4515889Z HEAD is now at 97abaf0 Merge 7c4256ef157646576b7219b6635368b60619c08a into 5b9b86fc54e1f7538d05c549b2fab02a98af2b50
2026-10-08T19:41:53.4539124Z ##[endgroup]
2026-10-08T19:41:53.4586156Z [command]/usr/bin/git log -1 --format=%H
2026-10-08T19:41:53.4612976Z 97abaf0a1775e4b77cb0b717b1f42af1ba7ae578
2026-10-08T19:41:53.4890169Z ##[group]Run actions/setup-node@49933ea5288caeca8642d1e84afbd3f7d6820020
2026-10-08T19:41:53.4891038Z with:
2026-10-08T19:41:53.4891303Z   node-version: 20
2026-10-08T19:41:53.4891563Z   always-auth: false
2026-10-08T19:41:53.4891838Z   check-latest: false
2026-10-08T19:41:53.4894608Z   token: ***
2026-10-08T19:41:53.4894856Z ##[endgroup]
2026-10-08T19:41:53.6388743Z Attempting to download 20...
2026-10-08T19:41:53.6497728Z (node:2298) [DEP0040] DeprecationWarning: The `punycode` module is deprecated. Please use a userland alternative instead.
2026-10-08T19:41:53.6499189Z (Use `node --trace-deprecation ...` to show where the warning was created)
2026-10-08T19:41:54.7241367Z Acquiring 20.20.2 - x64 from https://github.com/actions/node-versions/releases/download/20.20.2-23521894959/node-20.20.2-linux-x64.tar.gz
2026-10-08T19:41:55.2876100Z Extracting ...
2026-10-08T19:41:55.2993955Z [command]/usr/bin/tar xz --strip 1 --warning=no-unknown-keyword --overwrite -C /home/runner/work/_temp/68718a05-e066-4a72-a254-80991414378e -f /home/runner/work/_temp/3b1c645d-6356-4c83-8e78-c466f0706721
2026-10-08T19:41:56.3193531Z Adding to the cache ...
2026-10-08T19:41:59.3379335Z ##[group]Environment details
2026-10-08T19:41:59.5584820Z node: v20.20.2
2026-10-08T19:41:59.5585299Z npm: 10.8.2
2026-10-08T19:41:59.5585746Z yarn: 1.22.22
2026-10-08T19:41:59.5586467Z ##[endgroup]
2026-10-08T19:41:59.5779043Z ##[group]Run node --test tests/*.test.mjs
2026-10-08T19:41:59.5779472Z [36;1mnode --test tests/*.test.mjs[0m
2026-10-08T19:41:59.6079889Z shell: /usr/bin/bash -e {0}
2026-10-08T19:41:59.6080226Z ##[endgroup]
2026-10-08T19:41:59.6667470Z TAP version 13
2026-10-08T19:41:59.7308836Z # Subtest: display orders retain every canonical option exactly once and are immutable
2026-10-08T19:41:59.7310961Z ok 1 - display orders retain every canonical option exactly once and are immutable
2026-10-08T19:41:59.7312124Z   ---
2026-10-08T19:41:59.7312816Z   duration_ms: 12.037478
2026-10-08T19:41:59.7313517Z   ...
2026-10-08T19:41:59.7314781Z # Subtest: a stable source replays an order and changed input can put the answer in every display position
2026-10-08T19:41:59.7316636Z ok 2 - a stable source replays an order and changed input can put the answer in every display position
2026-10-08T19:41:59.7317798Z   ---
2026-10-08T19:41:59.7318355Z   duration_ms: 1.381111
2026-10-08T19:41:59.7319007Z   ...
2026-10-08T19:41:59.7320165Z # Subtest: invalid counts or random values cannot produce duplicate, missing, or unaddressable choices
2026-10-08T19:41:59.7322068Z ok 3 - invalid counts or random values cannot produce duplicate, missing, or unaddressable choices
2026-10-08T19:41:59.7323109Z   ---
2026-10-08T19:41:59.7323649Z   duration_ms: 0.451894
2026-10-08T19:41:59.7324222Z   ...
2026-10-08T19:41:59.7386575Z # Subtest: varied displayed choices keep review, corrected practice and study notes tied to their original text
2026-10-08T19:41:59.7402336Z ok 4 - varied displayed choices keep review, corrected practice and study notes tied to their original text
2026-10-08T19:41:59.7421741Z   ---
2026-10-08T19:41:59.7422586Z   duration_ms: 17.451652
2026-10-08T19:41:59.7423465Z   ...
2026-10-08T19:41:59.7552681Z # Subtest: the direct-file author page is generated from all current author modules
2026-10-08T19:41:59.7554829Z ok 5 - the direct-file author page is generated from all current author modules
2026-10-08T19:41:59.7555882Z   ---
2026-10-08T19:41:59.7556494Z   duration_ms: 45.951245
2026-10-08T19:41:59.7557117Z   ...
2026-10-08T19:41:59.7652403Z # Subtest: the binary-search course round-trips through the published deck contract
2026-10-08T19:41:59.7681744Z ok 6 - the binary-search course round-trips through the published deck contract
2026-10-08T19:41:59.7701498Z   ---
2026-10-08T19:41:59.7703974Z   duration_ms: 4.593621
2026-10-08T19:41:59.7704606Z   ...
2026-10-08T19:41:59.7705658Z # Subtest: worked first-occurrence and absent examples agree with an independent linear partition
2026-10-08T19:41:59.7707164Z ok 7 - worked first-occurrence and absent examples agree with an independent linear partition
2026-10-08T19:41:59.7708093Z   ---
2026-10-08T19:41:59.7708656Z   duration_ms: 0.379509
2026-10-08T19:41:59.7709355Z   ...
2026-10-08T19:41:59.7711191Z # Subtest: midpoint and branch answers use the course’s half-open interval convention
2026-10-08T19:41:59.7721267Z ok 8 - midpoint and branch answers use the course’s half-open interval convention
2026-10-08T19:41:59.7722231Z   ---
2026-10-08T19:41:59.7722793Z   duration_ms: 0.357257
2026-10-08T19:41:59.7723346Z   ...
2026-10-08T19:41:59.7724277Z # Subtest: the worked trace and worst-case count follow strictly shrinking intervals
2026-10-08T19:41:59.7725592Z ok 9 - the worked trace and worst-case count follow strictly shrinking intervals
2026-10-08T19:41:59.7726441Z   ---
2026-10-08T19:41:59.7726971Z   duration_ms: 8.940181
2026-10-08T19:41:59.7727553Z   ...
2026-10-08T19:41:59.7728609Z # Subtest: the actual adaptive learner visits every new question and preserves worked feedback
2026-10-08T19:41:59.7730097Z ok 10 - the actual adaptive learner visits every new question and preserves worked feedback
2026-10-08T19:41:59.7731364Z   ---
2026-10-08T19:41:59.7731979Z   duration_ms: 18.106176
2026-10-08T19:41:59.7732566Z   ...
2026-10-08T19:41:59.8107916Z # Subtest: duplicate equality classifies a suffix while retaining the first possible boundary
2026-10-08T19:41:59.8110091Z ok 11 - duplicate equality classifies a suffix while retaining the first possible boundary
2026-10-08T19:41:59.8141561Z   ---
2026-10-08T19:41:59.8142414Z   duration_ms: 1.885963
2026-10-08T19:41:59.8143118Z   ...
2026-10-08T19:41:59.8144387Z # Subtest: empty, before-first and after-end results remain boundaries rather than invented elements
2026-10-08T19:41:59.8146227Z ok 12 - empty, before-first and after-end results remain boundaries rather than invented elements
2026-10-08T19:41:59.8147407Z   ---
2026-10-08T19:41:59.8148044Z   duration_ms: 0.263171
2026-10-08T19:41:59.8148693Z   ...
2026-10-08T19:41:59.8150665Z # Subtest: the guide’s two equal-length paths retain their different ordering-comparison counts
2026-10-08T19:41:59.8152802Z ok 13 - the guide’s two equal-length paths retain their different ordering-comparison counts
2026-10-08T19:41:59.8153950Z   ---
2026-10-08T19:41:59.8154638Z   duration_ms: 0.309538
2026-10-08T19:41:59.8155348Z   ...
2026-10-08T19:41:59.8156541Z # Subtest: a complete 32-value trace is detached and immutable without changing the caller
2026-10-08T19:41:59.8158066Z ok 14 - a complete 32-value trace is detached and immutable without changing the caller
2026-10-08T19:41:59.8159178Z   ---
2026-10-08T19:41:59.8171497Z   duration_ms: 1.338711
2026-10-08T19:41:59.8172385Z   ...
2026-10-08T19:41:59.8173590Z # Subtest: text admission preserves order, allows repeats and refuses an invalid current draft
2026-10-08T19:41:59.8175069Z ok 15 - text admission preserves order, allows repeats and refuses an invalid current draft
2026-10-08T19:41:59.8175710Z   ---
2026-10-08T19:41:59.8176058Z   duration_ms: 0.763186
2026-10-08T19:41:59.8176420Z   ...
2026-10-08T19:41:59.8177088Z # Subtest: every teaching preset is admitted and its complete record survives JSON transport
2026-10-08T19:41:59.8177946Z ok 16 - every teaching preset is admitted and its complete record survives JSON transport
2026-10-08T19:41:59.8178737Z   ---
2026-10-08T19:41:59.8179060Z   duration_ms: 0.809813
2026-10-08T19:41:59.8179417Z   ...
2026-10-08T19:41:59.8691668Z # Subtest: standalone build retains the original course and guide bytes exactly
2026-10-08T19:41:59.8706704Z ok 17 - standalone build retains the original course and guide bytes exactly
2026-10-08T19:41:59.8707808Z   ---
2026-10-08T19:41:59.8708472Z   duration_ms: 63.09538
2026-10-08T19:41:59.8709202Z   ...
2026-10-08T19:41:59.8820717Z # Subtest: the committed direct-file explorer exactly reproduces from its native modules and checked deck
2026-10-08T19:41:59.8822833Z ok 18 - the committed direct-file explorer exactly reproduces from its native modules and checked deck
2026-10-08T19:41:59.8824212Z   ---
2026-10-08T19:41:59.8824831Z   duration_ms: 11.61064
2026-10-08T19:41:59.8825453Z   ...
2026-10-08T19:41:59.8826691Z # Subtest: literal course content cannot close the embedded script and is retained byte-for-byte
2026-10-08T19:41:59.8828400Z ok 19 - literal course content cannot close the embedded script and is retained byte-for-byte
2026-10-08T19:41:59.8829592Z   ---
2026-10-08T19:41:59.8830253Z   duration_ms: 2.175373
2026-10-08T19:41:59.8831733Z   ...
2026-10-08T19:41:59.8832830Z # Subtest: builder refuses invalid decks and ambiguous template/source boundaries
2026-10-08T19:41:59.8834447Z ok 20 - builder refuses invalid decks and ambiguous template/source boundaries
2026-10-08T19:41:59.8835519Z   ---
2026-10-08T19:41:59.8836169Z   duration_ms: 2.961372
2026-10-08T19:41:59.8836818Z   ...
2026-10-08T19:41:59.8904762Z # Subtest: the original course is admitted by the unchanged deck validator with the fixed answer map
2026-10-08T19:41:59.8927642Z ok 21 - the original course is admitted by the unchanged deck validator with the fixed answer map
2026-10-08T19:41:59.8928631Z   ---
2026-10-08T19:41:59.8929200Z   duration_ms: 3.792275
2026-10-08T19:41:59.8929909Z   ...
2026-10-08T19:41:59.8931193Z # Subtest: independent finite assignments establish the nontrivial authored choice witnesses
2026-10-08T19:41:59.8933152Z ok 22 - independent finite assignments establish the nontrivial authored choice witnesses
2026-10-08T19:41:59.8934065Z   ---
2026-10-08T19:41:59.8940909Z   duration_ms: 0.812768
2026-10-08T19:41:59.8941385Z   ...
2026-10-08T19:41:59.8942724Z # Subtest: native selector → review → separate practice → archive/notes preserves the correct course trace
2026-10-08T19:41:59.8944391Z ok 23 - native selector → review → separate practice → archive/notes preserves the correct course trace
2026-10-08T19:41:59.8945227Z   ---
2026-10-08T19:41:59.8945570Z   duration_ms: 18.105404
2026-10-08T19:41:59.8945946Z   ...
2026-10-08T19:41:59.8947094Z # Subtest: native selector → review → separate practice → archive/notes preserves the missed course trace
2026-10-08T19:41:59.8948718Z ok 24 - native selector → review → separate practice → archive/notes preserves the missed course trace
2026-10-08T19:41:59.8949536Z   ---
2026-10-08T19:41:59.8949869Z   duration_ms: 3.34532
2026-10-08T19:41:59.8950273Z   ...
2026-10-08T19:41:59.8951623Z # Subtest: native selector → review → separate practice → archive/notes preserves the mixed course trace
2026-10-08T19:41:59.8953220Z ok 25 - native selector → review → separate practice → archive/notes preserves the mixed course trace
2026-10-08T19:41:59.8954047Z   ---
2026-10-08T19:41:59.8954378Z   duration_ms: 3.059085
2026-10-08T19:41:59.8954746Z   ...
2026-10-08T19:41:59.9261484Z # Subtest: all binary connectives match independently enumerated TT, TF, FT, FF columns
2026-10-08T19:41:59.9272811Z ok 26 - all binary connectives match independently enumerated TT, TF, FT, FF columns
2026-10-08T19:41:59.9274031Z   ---
2026-10-08T19:41:59.9274753Z   duration_ms: 5.442657
2026-10-08T19:41:59.9275479Z   ...
2026-10-08T19:41:59.9276676Z # Subtest: the union is alphabetical, complete and unique even with disjoint variables
2026-10-08T19:41:59.9278319Z ok 27 - the union is alphabetical, complete and unique even with disjoint variables
2026-10-08T19:41:59.9279837Z   ---
2026-10-08T19:41:59.9280755Z   duration_ms: 0.815974
2026-10-08T19:41:59.9281449Z   ...
2026-10-08T19:41:59.9296101Z # Subtest: precedence and grouping are explicit, and implication is right associative
2026-10-08T19:41:59.9317863Z ok 28 - precedence and grouping are explicit, and implication is right associative
2026-10-08T19:41:59.9360994Z   ---
2026-10-08T19:41:59.9361674Z   duration_ms: 0.869905
2026-10-08T19:41:59.9362357Z   ...
2026-10-08T19:41:59.9363431Z # Subtest: case, whitespace and parentheses preserve the same formal expression
2026-10-08T19:41:59.9364962Z ok 29 - case, whitespace and parentheses preserve the same formal expression
2026-10-08T19:41:59.9366042Z   ---
2026-10-08T19:41:59.9366737Z   duration_ms: 0.368709
2026-10-08T19:41:59.9367479Z   ...
2026-10-08T19:41:59.9368908Z # Subtest: equivalence is exhaustive; converse and incorrect De Morgan variants retain counterexamples
2026-10-08T19:41:59.9371066Z ok 30 - equivalence is exhaustive; converse and incorrect De Morgan variants retain counterexamples
2026-10-08T19:41:59.9372326Z   ---
2026-10-08T19:41:59.9372966Z   duration_ms: 1.006521
2026-10-08T19:41:59.9373705Z   ...
2026-10-08T19:41:59.9374885Z # Subtest: valid inference and affirming the consequent differ at a concrete full assignment
2026-10-08T19:41:59.9376559Z ok 31 - valid inference and affirming the consequent differ at a concrete full assignment
2026-10-08T19:41:59.9377680Z   ---
2026-10-08T19:41:59.9378335Z   duration_ms: 0.420706
2026-10-08T19:41:59.9379062Z   ...
2026-10-08T19:41:59.9380287Z # Subtest: constants have one empty assignment, and single-expression mode is distinct
2026-10-08T19:41:59.9382337Z ok 32 - constants have one empty assignment, and single-expression mode is distinct
2026-10-08T19:41:59.9383491Z   ---
2026-10-08T19:41:59.9384150Z   duration_ms: 0.433019
2026-10-08T19:41:59.9384837Z   ...
2026-10-08T19:41:59.9386175Z # Subtest: invalid edits refuse unknown words, partial expressions, code, HTML and unsupported notation
2026-10-08T19:41:59.9388096Z ok 33 - invalid edits refuse unknown words, partial expressions, code, HTML and unsupported notation
2026-10-08T19:41:59.9389613Z   ---
2026-10-08T19:41:59.9390307Z   duration_ms: 2.575722
2026-10-08T19:41:59.9391321Z   ...
2026-10-08T19:41:59.9392689Z # Subtest: boundary inputs admit declared limits and reject the next character, token, parenthesis or operator
2026-10-08T19:41:59.9394661Z ok 34 - boundary inputs admit declared limits and reject the next character, token, parenthesis or operator
2026-10-08T19:41:59.9395944Z   ---
2026-10-08T19:41:59.9396592Z   duration_ms: 1.97501
2026-10-08T19:41:59.9397260Z   ...
2026-10-08T19:41:59.9398526Z # Subtest: returned analysis is deeply immutable and subsequent calls do not alter prior results
2026-10-08T19:41:59.9400319Z ok 35 - returned analysis is deeply immutable and subsequent calls do not alter prior results
2026-10-08T19:41:59.9401771Z   ---
2026-10-08T19:41:59.9402418Z   duration_ms: 0.601523
2026-10-08T19:41:59.9403100Z   ...
2026-10-08T19:41:59.9404391Z # Subtest: CSV uses the current inputs, full union and every row regardless of any display filter
2026-10-08T19:41:59.9406202Z ok 36 - CSV uses the current inputs, full union and every row regardless of any display filter
2026-10-08T19:41:59.9407325Z   ---
2026-10-08T19:41:59.9407926Z   duration_ms: 0.672766
2026-10-08T19:41:59.9408615Z   ...
2026-10-08T19:41:59.9409999Z # Subtest: independent receiving columns challenge right grouping, stronger and, and an unused-in-output variable
2026-10-08T19:41:59.9412344Z ok 37 - independent receiving columns challenge right grouping, stronger and, and an unused-in-output variable
2026-10-08T19:41:59.9413663Z   ---
2026-10-08T19:41:59.9414269Z   duration_ms: 0.737177
2026-10-08T19:41:59.9414926Z   ...
2026-10-08T19:41:59.9991945Z # Subtest: literal text grammar keeps letters, digits and request multiplicity
2026-10-08T19:42:00.0024142Z ok 38 - literal text grammar keeps letters, digits and request multiplicity
2026-10-08T19:42:00.0081423Z   ---
2026-10-08T19:42:00.0082602Z   duration_ms: 2.886553
2026-10-08T19:42:00.0088611Z   ...
2026-10-08T19:42:00.0089794Z # Subtest: text refuses ambiguous tokens, case conversion and bounded overflows
2026-10-08T19:42:00.0091529Z ok 39 - text refuses ambiguous tokens, case conversion and bounded overflows
2026-10-08T19:42:00.0092545Z   ---
2026-10-08T19:42:00.0093398Z   duration_ms: 0.724464
2026-10-08T19:42:00.0094291Z   ...
2026-10-08T19:42:00.0095293Z # Subtest: core rejects unsupported capacity and unexpected outer fields
2026-10-08T19:42:00.0096537Z ok 40 - core rejects unsupported capacity and unexpected outer fields
2026-10-08T19:42:00.0097525Z   ---
2026-10-08T19:42:00.0098205Z   duration_ms: 1.043379
2026-10-08T19:42:00.0098893Z   ...
2026-10-08T19:42:00.0099976Z # Subtest: core refuses sparse arrays, attached metadata and nonliteral page values
2026-10-08T19:42:00.0101755Z ok 41 - core refuses sparse arrays, attached metadata and nonliteral page values
2026-10-08T19:42:00.0102769Z   ---
2026-10-08T19:42:00.0103394Z   duration_ms: 0.427198
2026-10-08T19:42:00.0104086Z   ...
2026-10-08T19:42:00.0105018Z # Subtest: FIFO complete trace keeps insertion order on a hit
2026-10-08T19:42:00.0106404Z ok 42 - FIFO complete trace keeps insertion order on a hit
2026-10-08T19:42:00.0107256Z   ---
2026-10-08T19:42:00.0107877Z   duration_ms: 0.765901
2026-10-08T19:42:00.0109005Z   ...
2026-10-08T19:42:00.0110835Z # Subtest: LRU complete trace refreshes recency and can lose this fixed comparison
2026-10-08T19:42:00.0112303Z ok 43 - LRU complete trace refreshes recency and can lose this fixed comparison
2026-10-08T19:42:00.0113241Z   ---
2026-10-08T19:42:00.0113825Z   duration_ms: 0.504553
2026-10-08T19:42:00.0114493Z   ...
2026-10-08T19:42:00.0115479Z # Subtest: the classic FIFO anomaly retains exact miss positions and capacity totals
2026-10-08T19:42:00.0116842Z ok 44 - the classic FIFO anomaly retains exact miss positions and capacity totals
2026-10-08T19:42:00.0141157Z   ---
2026-10-08T19:42:00.0159857Z   duration_ms: 0.705508
2026-10-08T19:42:00.0160776Z   ...
2026-10-08T19:42:00.0162188Z # Subtest: literal identity, capacity one and a loop that fits retain first-access misses
2026-10-08T19:42:00.0163805Z ok 45 - literal identity, capacity one and a loop that fits retain first-access misses
2026-10-08T19:42:00.0164806Z   ---
2026-10-08T19:42:00.0165370Z   duration_ms: 1.409854
2026-10-08T19:42:00.0165975Z   ...
2026-10-08T19:42:00.0166940Z # Subtest: empty input produces zero counts without a manufactured percentage
2026-10-08T19:42:00.0168381Z ok 46 - empty input produces zero counts without a manufactured percentage
2026-10-08T19:42:00.0169378Z   ---
2026-10-08T19:42:00.0172007Z   duration_ms: 0.848785
2026-10-08T19:42:00.0172731Z   ...
2026-10-08T19:42:00.0174371Z # Subtest: caller mutations cannot change retained input, earlier steps or totals
2026-10-08T19:42:00.0175874Z ok 47 - caller mutations cannot change retained input, earlier steps or totals
2026-10-08T19:42:00.0176874Z   ---
2026-10-08T19:42:00.0177443Z   duration_ms: 0.673718
2026-10-08T19:42:00.0178065Z   ...
2026-10-08T19:42:00.0179060Z # Subtest: every reachable result object is frozen and mutation attempts fail
2026-10-08T19:42:00.0180415Z ok 48 - every reachable result object is frozen and mutation attempts fail
2026-10-08T19:42:00.0181715Z   ---
2026-10-08T19:42:00.0182335Z   duration_ms: 0.624644
2026-10-08T19:42:00.0182983Z   ...
2026-10-08T19:42:00.0184164Z # Subtest: retained prefixes agree with fresh empty-start runs at each selected capacity
2026-10-08T19:42:00.0185771Z ok 49 - retained prefixes agree with fresh empty-start runs at each selected capacity
2026-10-08T19:42:00.0186801Z   ---
2026-10-08T19:42:00.0187356Z   duration_ms: 17.883429
2026-10-08T19:42:00.0187964Z   ...
2026-10-08T19:42:00.0189015Z # Subtest: state transitions conserve requests, slots and resident page identity
2026-10-08T19:42:00.0190416Z ok 50 - state transitions conserve requests, slots and resident page identity
2026-10-08T19:42:00.0191832Z   ---
2026-10-08T19:42:00.0192422Z   duration_ms: 1.142394
2026-10-08T19:42:00.0193335Z   ...
2026-10-08T19:42:00.0194273Z # Subtest: course is admitted by the unchanged importer and exact authoring round trip
2026-10-08T19:42:00.0195173Z ok 51 - course is admitted by the unchanged importer and exact authoring round trip
2026-10-08T19:42:00.0195731Z   ---
2026-10-08T19:42:00.0196161Z   duration_ms: 2.002771
2026-10-08T19:42:00.0196512Z   ...
2026-10-08T19:42:00.0197109Z # Subtest: course keeps its independently solved answer map and unique concept coverage
2026-10-08T19:42:00.0197911Z ok 52 - course keeps its independently solved answer map and unique concept coverage
2026-10-08T19:42:00.0198442Z   ---
2026-10-08T19:42:00.0198759Z   duration_ms: 0.516004
2026-10-08T19:42:00.0199093Z   ...
2026-10-08T19:42:00.0199737Z # Subtest: the real learner selector exhausts this deck once and preserves first tries during practice
2026-10-08T19:42:00.0201081Z ok 53 - the real learner selector exhausts this deck once and preserves first tries during practice
2026-10-08T19:42:00.0202010Z   ---
2026-10-08T19:42:00.0202326Z   duration_ms: 16.323845
2026-10-08T19:42:00.0202670Z   ...
2026-10-08T19:42:00.0291985Z # Subtest: standalone generation is deterministic and the committed file is current
2026-10-08T19:42:00.0296954Z ok 54 - standalone generation is deterministic and the committed file is current
2026-10-08T19:42:00.0298532Z   ---
2026-10-08T19:42:00.0299373Z   duration_ms: 39.813704
2026-10-08T19:42:00.0299839Z   ...
2026-10-08T19:42:00.0300999Z # Subtest: standalone course embedding preserves exact UTF-8 bytes and HTML-like lesson text
2026-10-08T19:42:00.0303523Z ok 55 - standalone course embedding preserves exact UTF-8 bytes and HTML-like lesson text
2026-10-08T19:42:00.0304361Z   ---
2026-10-08T19:42:00.0304745Z   duration_ms: 1.232403
2026-10-08T19:42:00.0305159Z   ...
2026-10-08T19:42:00.0305989Z # Subtest: builder fails closed when template or source import boundaries change
2026-10-08T19:42:00.0307182Z ok 56 - builder fails closed when template or source import boundaries change
2026-10-08T19:42:00.0307966Z   ---
2026-10-08T19:42:00.0308350Z   duration_ms: 1.107078
2026-10-08T19:42:00.0308751Z   ...
2026-10-08T19:42:00.0462663Z # Subtest: the original twelve-question lesson passes the current unchanged importer contract
2026-10-08T19:42:00.0491969Z ok 57 - the original twelve-question lesson passes the current unchanged importer contract
2026-10-08T19:42:00.0520935Z   ---
2026-10-08T19:42:00.0551254Z   duration_ms: 8.149464
2026-10-08T19:42:00.0552130Z   ...
2026-10-08T19:42:00.0553337Z # Subtest: the actual standalone builder passes parity and embeds the exact downloadable lesson
2026-10-08T19:42:00.0554942Z ok 58 - the actual standalone builder passes parity and embeds the exact downloadable lesson
2026-10-08T19:42:00.0555969Z   ---
2026-10-08T19:42:00.0556482Z   duration_ms: 61.470487
2026-10-08T19:42:00.0557150Z   ...
2026-10-08T19:42:00.0558255Z # Subtest: successive integer products retain a distinct starting point and multiplier
2026-10-08T19:42:00.0559773Z ok 59 - successive integer products retain a distinct starting point and multiplier
2026-10-08T19:42:00.0560962Z   ---
2026-10-08T19:42:00.0561557Z   duration_ms: 6.378586
2026-10-08T19:42:00.0562119Z   ...
2026-10-08T19:42:00.0563158Z # Subtest: zero steps mean one explicitly assigned initial row, including zero multiplier
2026-10-08T19:42:00.0564582Z ok 60 - zero steps mean one explicitly assigned initial row, including zero multiplier
2026-10-08T19:42:00.0565532Z   ---
2026-10-08T19:42:00.0566080Z   duration_ms: 0.435714
2026-10-08T19:42:00.0566738Z   ...
2026-10-08T19:42:00.0567816Z # Subtest: a returning quarter-turn sequence retains repeated indexed positions
2026-10-08T19:42:00.0569166Z ok 61 - a returning quarter-turn sequence retains repeated indexed positions
2026-10-08T19:42:00.0570010Z   ---
2026-10-08T19:42:00.0570715Z   duration_ms: 1.15643
2026-10-08T19:42:00.0571248Z   ...
2026-10-08T19:42:00.0572195Z # Subtest: zero starting points and zero multipliers keep their different defined quantities
2026-10-08T19:42:00.0573813Z ok 62 - zero starting points and zero multipliers keep their different defined quantities
2026-10-08T19:42:00.0574671Z   ---
2026-10-08T19:42:00.0575131Z   duration_ms: 0.432708
2026-10-08T19:42:00.0575631Z   ...
2026-10-08T19:42:00.0576636Z # Subtest: bounded fractional coordinates keep full numeric output and remain finite at both limits
2026-10-08T19:42:00.0578087Z ok 63 - bounded fractional coordinates keep full numeric output and remain finite at both limits
2026-10-08T19:42:00.0578973Z   ---
2026-10-08T19:42:00.0579435Z   duration_ms: 0.781329
2026-10-08T19:42:00.0580001Z   ...
2026-10-08T19:42:00.0581343Z # Subtest: invalid and partial coordinate text and unsupported counts refuse the whole experiment
2026-10-08T19:42:00.0583070Z ok 64 - invalid and partial coordinate text and unsupported counts refuse the whole experiment
2026-10-08T19:42:00.0584109Z   ---
2026-10-08T19:42:00.0584646Z   duration_ms: 0.915119
2026-10-08T19:42:00.0585203Z   ...
2026-10-08T19:42:00.0586266Z # Subtest: plot units are equal, imaginary-positive is upward, and every indexed point fits
2026-10-08T19:42:00.0587784Z ok 65 - plot units are equal, imaginary-positive is upward, and every indexed point fits
2026-10-08T19:42:00.0588793Z   ---
2026-10-08T19:42:00.0589363Z   duration_ms: 0.686332
2026-10-08T19:42:00.0589952Z   ...
2026-10-08T19:42:00.0591344Z # Subtest: principal angles, signed zero and approximate formatting have declared behavior
2026-10-08T19:42:00.0592866Z ok 66 - principal angles, signed zero and approximate formatting have declared behavior
2026-10-08T19:42:00.0594409Z   ---
2026-10-08T19:42:00.0594904Z   duration_ms: 0.401189
2026-10-08T19:42:00.0595411Z   ...
2026-10-08T19:42:00.0596353Z # Subtest: accepted snapshots are immutable and JSON retains all unrounded computed values
2026-10-08T19:42:00.0597695Z ok 67 - accepted snapshots are immutable and JSON retains all unrounded computed values
2026-10-08T19:42:00.0598537Z   ---
2026-10-08T19:42:00.0598999Z   duration_ms: 0.986894
2026-10-08T19:42:00.0599512Z   ...
2026-10-08T19:42:00.1722670Z # Subtest: the original fourteen-question course passes the unchanged native importer and round trip
2026-10-08T19:42:00.1729217Z ok 68 - the original fourteen-question course passes the unchanged native importer and round trip
2026-10-08T19:42:00.1765134Z   ---
2026-10-08T19:42:00.1791145Z   duration_ms: 3.405361
2026-10-08T19:42:00.1795381Z   ...
2026-10-08T19:42:00.1808664Z # Subtest: standalone page exactly matches core, UI, template and downloadable source texts
2026-10-08T19:42:00.1810174Z ok 69 - standalone page exactly matches core, UI, template and downloadable source texts
2026-10-08T19:42:00.1811416Z   ---
2026-10-08T19:42:00.1811922Z   duration_ms: 70.348125
2026-10-08T19:42:00.1812454Z   ...
2026-10-08T19:42:00.1813467Z # Subtest: the guide keeps exact result scope and the bounded-window distinction explicit
2026-10-08T19:42:00.1814872Z ok 70 - the guide keeps exact result scope and the bounded-window distinction explicit
2026-10-08T19:42:00.1815798Z   ---
2026-10-08T19:42:00.1816333Z   duration_ms: 0.4281
2026-10-08T19:42:00.1816917Z   ...
2026-10-08T19:42:00.3532714Z # Subtest: all 6084 canonical pairs with moduli 1–12 agree with independent complete enumeration
2026-10-08T19:42:00.3546535Z ok 71 - all 6084 canonical pairs with moduli 1–12 agree with independent complete enumeration
2026-10-08T19:42:00.3547780Z   ---
2026-10-08T19:42:00.3548446Z   duration_ms: 111.866813
2026-10-08T19:42:00.3549146Z   ...
2026-10-08T19:42:00.3550359Z # Subtest: signed and translated residues preserve the exact common class and condition order
2026-10-08T19:42:00.3552472Z ok 72 - signed and translated residues preserve the exact common class and condition order
2026-10-08T19:42:00.3553600Z   ---
2026-10-08T19:42:00.3554238Z   duration_ms: 81.461514
2026-10-08T19:42:00.3554953Z   ...
2026-10-08T19:42:00.3556061Z # Subtest: every retained Bezout identity and reduced inverse holds independently
2026-10-08T19:42:00.3557588Z ok 73 - every retained Bezout identity and reduced inverse holds independently
2026-10-08T19:42:00.3559046Z   ---
2026-10-08T19:42:00.3559679Z   duration_ms: 49.06052
2026-10-08T19:42:00.3560404Z   ...
2026-10-08T19:42:00.3561777Z # Subtest: maximum input moduli produce a 36-digit exact period and first solution
2026-10-08T19:42:00.3563270Z ok 74 - maximum input moduli produce a 36-digit exact period and first solution
2026-10-08T19:42:00.3564279Z   ---
2026-10-08T19:42:00.3564904Z   duration_ms: 0.237955
2026-10-08T19:42:00.3565561Z   ...
2026-10-08T19:42:00.3566473Z # Subtest: modulus one, repeated and dividing moduli retain complete classes
2026-10-08T19:42:00.3567842Z ok 75 - modulus one, repeated and dividing moduli retain complete classes
2026-10-08T19:42:00.3568872Z   ---
2026-10-08T19:42:00.3569510Z   duration_ms: 0.292457
2026-10-08T19:42:00.3570131Z   ...
2026-10-08T19:42:00.3571545Z # Subtest: input admission keeps exact raw text and rejects lossy or out-of-scope representations
2026-10-08T19:42:00.3573338Z ok 76 - input admission keeps exact raw text and rejects lossy or out-of-scope representations
2026-10-08T19:42:00.3574497Z   ---
2026-10-08T19:42:00.3575069Z   duration_ms: 0.656747
2026-10-08T19:42:00.3575735Z   ...
2026-10-08T19:42:00.3576876Z # Subtest: inspection shows each consecutive integer and remainder including negatives and zero
2026-10-08T19:42:00.3578453Z ok 77 - inspection shows each consecutive integer and remainder including negatives and zero
2026-10-08T19:42:00.3579446Z   ---
2026-10-08T19:42:00.3579964Z   duration_ms: 0.709686
2026-10-08T19:42:00.3580737Z   ...
2026-10-08T19:42:00.3581756Z # Subtest: a compatible empty window does not become an incompatible result
2026-10-08T19:42:00.3583280Z ok 78 - a compatible empty window does not become an incompatible result
2026-10-08T19:42:00.3584265Z   ---
2026-10-08T19:42:00.3584908Z   duration_ms: 0.343432
2026-10-08T19:42:00.3585548Z   ...
2026-10-08T19:42:00.3586683Z # Subtest: 72-digit signed probes and successor carry retain literal exact values
2026-10-08T19:42:00.3588119Z ok 79 - 72-digit signed probes and successor carry retain literal exact values
2026-10-08T19:42:00.3589152Z   ---
2026-10-08T19:42:00.3590064Z   duration_ms: 0.47667
2026-10-08T19:42:00.3591143Z   ...
2026-10-08T19:42:00.3592436Z # Subtest: results and observations preserve applied identity with immutable model snapshots
2026-10-08T19:42:00.3594144Z ok 80 - results and observations preserve applied identity with immutable model snapshots
2026-10-08T19:42:00.3595266Z   ---
2026-10-08T19:42:00.3595883Z   duration_ms: 0.940568
2026-10-08T19:42:00.3596569Z   ...
2026-10-08T19:42:00.3702191Z # Subtest: catalog keeps exact raw text and an immutable copy of checked metadata
2026-10-08T19:42:00.3732080Z ok 81 - catalog keeps exact raw text and an immutable copy of checked metadata
2026-10-08T19:42:00.3741684Z   ---
2026-10-08T19:42:00.3742139Z   duration_ms: 3.900106
2026-10-08T19:42:00.3742559Z   ...
2026-10-08T19:42:00.3743490Z # Subtest: curated paths reject traversal, external URLs, authoring sources and duplicates
2026-10-08T19:42:00.3744920Z ok 82 - curated paths reject traversal, external URLs, authoring sources and duplicates
2026-10-08T19:42:00.3745741Z   ---
2026-10-08T19:42:00.3746106Z   duration_ms: 1.592866
2026-10-08T19:42:00.3746494Z   ...
2026-10-08T19:42:00.3747328Z # Subtest: search uses title and concept substrings with stable order and trimmed case
2026-10-08T19:42:00.3748501Z ok 83 - search uses title and concept substrings with stable order and trimmed case
2026-10-08T19:42:00.3749161Z   ---
2026-10-08T19:42:00.3749496Z   duration_ms: 0.752897
2026-10-08T19:42:00.3749879Z   ...
2026-10-08T19:42:00.3750962Z # Subtest: standalone build matches checked-in HTML and embeds every original file unchanged
2026-10-08T19:42:00.3752288Z ok 84 - standalone build matches checked-in HTML and embeds every original file unchanged
2026-10-08T19:42:00.3753079Z   ---
2026-10-08T19:42:00.3753455Z   duration_ms: 52.59704
2026-10-08T19:42:00.3753888Z   ...
2026-10-08T19:42:00.3754712Z # Subtest: embedded course text cannot terminate the data script or become executable markup
2026-10-08T19:42:00.3756187Z ok 85 - embedded course text cannot terminate the data script or become executable markup
2026-10-08T19:42:00.3756895Z   ---
2026-10-08T19:42:00.3757208Z   duration_ms: 3.044858
2026-10-08T19:42:00.3757560Z   ...
2026-10-08T19:42:00.3758241Z # Subtest: builder refuses extra arguments before writing the generated page
2026-10-08T19:42:00.3759234Z ok 86 - builder refuses extra arguments before writing the generated page
2026-10-08T19:42:00.3759843Z   ---
2026-10-08T19:42:00.3760159Z   duration_ms: 59.611645
2026-10-08T19:42:00.3760791Z   ...
2026-10-08T19:42:00.3771650Z # Subtest: the standalone Lesson focus file matches its actual modular sources
2026-10-08T19:42:00.3772827Z ok 87 - the standalone Lesson focus file matches its actual modular sources
2026-10-08T19:42:00.3773506Z   ---
2026-10-08T19:42:00.3773849Z   duration_ms: 52.95448
2026-10-08T19:42:00.3801805Z   ...
2026-10-08T19:42:00.3802736Z # Subtest: all questions and both prerequisite branches survive a focused lesson
2026-10-08T19:42:00.3815390Z ok 88 - all questions and both prerequisite branches survive a focused lesson
2026-10-08T19:42:00.3816326Z   ---
2026-10-08T19:42:00.3816820Z   duration_ms: 6.398293
2026-10-08T19:42:00.3817351Z   ...
2026-10-08T19:42:00.3818333Z # Subtest: requested concepts remain explicit when they are also a prerequisite
2026-10-08T19:42:00.3819698Z ok 89 - requested concepts remain explicit when they are also a prerequisite
2026-10-08T19:42:00.3820836Z   ---
2026-10-08T19:42:00.3821389Z   duration_ms: 0.692344
2026-10-08T19:42:00.3821932Z   ...
2026-10-08T19:42:00.3822874Z # Subtest: clearing or changing targets never retains an earlier closure
2026-10-08T19:42:00.3824184Z ok 90 - clearing or changing targets never retains an earlier closure
2026-10-08T19:42:00.3825050Z   ---
2026-10-08T19:42:00.3825582Z   duration_ms: 1.227483
2026-10-08T19:42:00.3826148Z   ...
2026-10-08T19:42:00.3827006Z # Subtest: literal names, answer identities and immutable copied results
2026-10-08T19:42:00.3828160Z ok 91 - literal names, answer identities and immutable copied results
2026-10-08T19:42:00.3829191Z   ---
2026-10-08T19:42:00.3829746Z   duration_ms: 0.713403
2026-10-08T19:42:00.3830357Z   ...
2026-10-08T19:42:00.3832214Z # Subtest: invalid source, selection and title are refused before producing a lesson
2026-10-08T19:42:00.3833798Z ok 92 - invalid source, selection and title are refused before producing a lesson
2026-10-08T19:42:00.3834716Z   ---
2026-10-08T19:42:00.3835213Z   duration_ms: 2.327468
2026-10-08T19:42:00.3835763Z   ...
2026-10-08T19:42:00.3836782Z # Subtest: real supplied courses retain all content when all concepts are chosen
2026-10-08T19:42:00.3838020Z ok 93 - real supplied courses retain all content when all concepts are chosen
2026-10-08T19:42:00.3838923Z   ---
2026-10-08T19:42:00.3839418Z   duration_ms: 7.582906
2026-10-08T19:42:00.3839911Z   ...
2026-10-08T19:42:00.3841081Z # Subtest: compact output fits the real file limit and an oversized result is refused
2026-10-08T19:42:00.3842478Z ok 94 - compact output fits the real file limit and an oversized result is refused
2026-10-08T19:42:00.3843420Z   ---
2026-10-08T19:42:00.3843951Z   duration_ms: 13.39321
2026-10-08T19:42:00.3844461Z   ...
2026-10-08T19:42:00.4327531Z # Subtest: the direct-file handout page is generated from the current validator, document and UI sources
2026-10-08T19:42:00.4336555Z ok 95 - the direct-file handout page is generated from the current validator, document and UI sources
2026-10-08T19:42:00.4337661Z   ---
2026-10-08T19:42:00.4338142Z   duration_ms: 54.802854
2026-10-08T19:42:00.4338579Z   ...
2026-10-08T19:42:00.4508481Z # Subtest: worksheet projection contains only original public question fields in canonical order
2026-10-08T19:42:00.4510145Z ok 96 - worksheet projection contains only original public question fields in canonical order
2026-10-08T19:42:00.4511847Z   ---
2026-10-08T19:42:00.4512353Z   duration_ms: 2.679075
2026-10-08T19:42:00.4512942Z   ...
2026-10-08T19:42:00.4514362Z # Subtest: separate answer key maps B, A and F to the original two, four and six option arrays
2026-10-08T19:42:00.4515800Z ok 97 - separate answer key maps B, A and F to the original two, four and six option arrays
2026-10-08T19:42:00.4516738Z   ---
2026-10-08T19:42:00.4517268Z   duration_ms: 0.352388
2026-10-08T19:42:00.4517817Z   ...
2026-10-08T19:42:00.4518783Z # Subtest: projection is a frozen snapshot and cannot mutate or alias the selected deck
2026-10-08T19:42:00.4520163Z ok 98 - projection is a frozen snapshot and cannot mutate or alias the selected deck
2026-10-08T19:42:00.4521451Z   ---
2026-10-08T19:42:00.4522019Z   duration_ms: 0.900783
2026-10-08T19:42:00.4522619Z   ...
2026-10-08T19:42:00.4523645Z # Subtest: downloaded worksheet JSON and HTML omit authored answers and explanations
2026-10-08T19:42:00.4525416Z ok 99 - downloaded worksheet JSON and HTML omit authored answers and explanations
2026-10-08T19:42:00.4526495Z   ---
2026-10-08T19:42:00.4527035Z   duration_ms: 0.823629
2026-10-08T19:42:00.4527693Z   ...
2026-10-08T19:42:00.4528658Z # Subtest: downloaded answer key carries exact authored answers, explanations and credit
2026-10-08T19:42:00.4530038Z ok 100 - downloaded answer key carries exact authored answers, explanations and credit
2026-10-08T19:42:00.4531327Z   ---
2026-10-08T19:42:00.4531866Z   duration_ms: 1.241108
2026-10-08T19:42:00.4532472Z   ...
2026-10-08T19:42:00.4533779Z # Subtest: literal Unicode, markup, line endings and script delimiters survive JSON without becoming executable markup
2026-10-08T19:42:00.4535738Z ok 101 - literal Unicode, markup, line endings and script delimiters survive JSON without becoming executable markup
2026-10-08T19:42:00.4536886Z   ---
2026-10-08T19:42:00.4537394Z   duration_ms: 1.059169
2026-10-08T19:42:00.4537945Z   ...
2026-10-08T19:42:00.4538931Z # Subtest: real Deck studio checked downloads retain reordered questions and answer identity
2026-10-08T19:42:00.4540360Z ok 102 - real Deck studio checked downloads retain reordered questions and answer identity
2026-10-08T19:42:00.4542167Z   ---
2026-10-08T19:42:00.4542717Z   duration_ms: 1.003254
2026-10-08T19:42:00.4543507Z   ...
2026-10-08T19:42:00.4544480Z # Subtest: real parser rejects malformed, unsupported and oversized local deck input
2026-10-08T19:42:00.4545804Z ok 103 - real parser rejects malformed, unsupported and oversized local deck input
2026-10-08T19:42:00.4546767Z   ---
2026-10-08T19:42:00.4547347Z   duration_ms: 1.141372
2026-10-08T19:42:00.4548005Z   ...
2026-10-08T19:42:00.4549081Z # Subtest: handout creation refuses invalid deck answers instead of producing an untrustworthy key
2026-10-08T19:42:00.4550796Z ok 104 - handout creation refuses invalid deck answers instead of producing an untrustworthy key
2026-10-08T19:42:00.4551714Z   ---
2026-10-08T19:42:00.4552181Z   duration_ms: 0.426797
2026-10-08T19:42:00.4552684Z   ...
2026-10-08T19:42:00.4553638Z # Subtest: document modes are explicit and invalid choices never silently produce an answer key
2026-10-08T19:42:00.4555026Z ok 105 - document modes are explicit and invalid choices never silently produce an answer key
2026-10-08T19:42:00.4555893Z   ---
2026-10-08T19:42:00.4556357Z   duration_ms: 0.530982
2026-10-08T19:42:00.4556855Z   ...
2026-10-08T19:42:00.4557626Z # Subtest: worksheet and key filenames are distinct bounded local names
2026-10-08T19:42:00.4558678Z ok 106 - worksheet and key filenames are distinct bounded local names
2026-10-08T19:42:00.4559398Z   ---
2026-10-08T19:42:00.4559856Z   duration_ms: 0.302675
2026-10-08T19:42:00.4560342Z   ...
2026-10-08T19:42:00.4561475Z # Subtest: repeat exports are deterministic and leave the original selected JSON unchanged
2026-10-08T19:42:00.4562801Z ok 107 - repeat exports are deterministic and leave the original selected JSON unchanged
2026-10-08T19:42:00.4563639Z   ---
2026-10-08T19:42:00.4564089Z   duration_ms: 0.4445
2026-10-08T19:42:00.4564570Z   ...
2026-10-08T19:42:00.4708227Z # Subtest: the existing contract admits twelve original items across four connected concepts
2026-10-08T19:42:00.4713767Z ok 108 - the existing contract admits twelve original items across four connected concepts
2026-10-08T19:42:00.4722270Z   ---
2026-10-08T19:42:00.4722926Z   duration_ms: 3.917669
2026-10-08T19:42:00.4723624Z   ...
2026-10-08T19:42:00.4724795Z # Subtest: canonical correct positions are balanced without a universal longest-answer cue
2026-10-08T19:42:00.4727175Z ok 109 - canonical correct positions are balanced without a universal longest-answer cue
2026-10-08T19:42:00.4728029Z   ---
2026-10-08T19:42:00.4748399Z   duration_ms: 0.474296
2026-10-08T19:42:00.4749065Z   ...
2026-10-08T19:42:00.4750198Z # Subtest: the answer key matches independently worked charge, connection and power values
2026-10-08T19:42:00.4751991Z ok 110 - the answer key matches independently worked charge, connection and power values
2026-10-08T19:42:00.4753085Z   ---
2026-10-08T19:42:00.4753683Z   duration_ms: 1.1404
2026-10-08T19:42:00.4754240Z   ...
2026-10-08T19:42:00.4755503Z # Subtest: existing selection, review, separate retries and study notes retain every course item
2026-10-08T19:42:00.4757226Z ok 111 - existing selection, review, separate retries and study notes retain every course item
2026-10-08T19:42:00.4758280Z   ---
2026-10-08T19:42:00.4758861Z   duration_ms: 16.838187
2026-10-08T19:42:00.4759519Z   ...
2026-10-08T19:42:00.4761137Z # Subtest: the direct-file artifact rebuilds exactly and embeds the original course bytes
2026-10-08T19:42:00.4762766Z ok 112 - the direct-file artifact rebuilds exactly and embeds the original course bytes
2026-10-08T19:42:00.4763916Z   ---
2026-10-08T19:42:00.4764579Z   duration_ms: 3.4254
2026-10-08T19:42:00.4764972Z   ...
2026-10-08T19:42:00.5162202Z # Subtest: 12 V across 100 and 200 ohms agrees with independently worked branch values
2026-10-08T19:42:00.5163500Z ok 113 - 12 V across 100 and 200 ohms agrees with independently worked branch values
2026-10-08T19:42:00.5164211Z   ---
2026-10-08T19:42:00.5164564Z   duration_ms: 2.040232
2026-10-08T19:42:00.5164959Z   ...
2026-10-08T19:42:00.5211990Z # Subtest: zero voltage has finite equivalent resistance and zero current and power
2026-10-08T19:42:00.5232213Z ok 114 - zero voltage has finite equivalent resistance and zero current and power
2026-10-08T19:42:00.5281261Z   ---
2026-10-08T19:42:00.5281677Z   duration_ms: 0.286936
2026-10-08T19:42:00.5282068Z   ...
2026-10-08T19:42:00.5283002Z # Subtest: charge, loop-voltage and power relationships hold throughout a deterministic input grid
2026-10-08T19:42:00.5284400Z ok 115 - charge, loop-voltage and power relationships hold throughout a deterministic input grid
2026-10-08T19:42:00.5285214Z   ---
2026-10-08T19:42:00.5285559Z   duration_ms: 3.852247
2026-10-08T19:42:00.5285924Z   ...
2026-10-08T19:42:00.5286670Z # Subtest: permuting resistors swaps their values without changing source behavior
2026-10-08T19:42:00.5287830Z ok 116 - permuting resistors swaps their values without changing source behavior
2026-10-08T19:42:00.5288543Z   ---
2026-10-08T19:42:00.5288879Z   duration_ms: 0.226814
2026-10-08T19:42:00.5289270Z   ...
2026-10-08T19:42:00.5290103Z # Subtest: a branch change and a voltage change preserve the stated ideal-source assumptions
2026-10-08T19:42:00.5291592Z ok 117 - a branch change and a voltage change preserve the stated ideal-source assumptions
2026-10-08T19:42:00.5292401Z   ---
2026-10-08T19:42:00.5292732Z   duration_ms: 0.204592
2026-10-08T19:42:00.5293101Z   ...
2026-10-08T19:42:00.5294041Z # Subtest: equal resistors use four times as much total power in parallel at fixed nonzero voltage
2026-10-08T19:42:00.5295544Z ok 118 - equal resistors use four times as much total power in parallel at fixed nonzero voltage
2026-10-08T19:42:00.5296433Z   ---
2026-10-08T19:42:00.5296829Z   duration_ms: 0.233065
2026-10-08T19:42:00.5297275Z   ...
2026-10-08T19:42:00.5298099Z # Subtest: model refuses missing, coerced, nonfinite and out-of-domain parameters
2026-10-08T19:42:00.5300759Z ok 119 - model refuses missing, coerced, nonfinite and out-of-domain parameters
2026-10-08T19:42:00.5311807Z   ---
2026-10-08T19:42:00.5312180Z   duration_ms: 0.918235
2026-10-08T19:42:00.5312578Z   ...
2026-10-08T19:42:00.5313398Z # Subtest: text edits require explicit decimal values and never turn a blank into zero
2026-10-08T19:42:00.5314586Z ok 120 - text edits require explicit decimal values and never turn a blank into zero
2026-10-08T19:42:00.5315344Z   ---
2026-10-08T19:42:00.5315676Z   duration_ms: 0.624356
2026-10-08T19:42:00.5316029Z   ...
2026-10-08T19:42:00.5316733Z # Subtest: results are independent immutable snapshots of their input parameters
2026-10-08T19:42:00.5317797Z ok 121 - results are independent immutable snapshots of their input parameters
2026-10-08T19:42:00.5318467Z   ---
2026-10-08T19:42:00.5318775Z   duration_ms: 0.362898
2026-10-08T19:42:00.5319119Z   ...
2026-10-08T19:42:00.5319757Z # Subtest: CSV keeps both modes, physical units and full numeric precision
2026-10-08T19:42:00.5321044Z ok 122 - CSV keeps both modes, physical units and full numeric precision
2026-10-08T19:42:00.5321715Z   ---
2026-10-08T19:42:00.5322046Z   duration_ms: 1.119812
2026-10-08T19:42:00.5322406Z   ...
2026-10-08T19:42:00.9187121Z # Subtest: unfinished and completely empty drafts save without claiming lesson validity
2026-10-08T19:42:00.9192999Z ok 123 - unfinished and completely empty drafts save without claiming lesson validity
2026-10-08T19:42:00.9197872Z   ---
2026-10-08T19:42:00.9198487Z   duration_ms: 6.347669
2026-10-08T19:42:00.9199197Z   ...
2026-10-08T19:42:00.9204978Z # Subtest: duplicate text, cyclic and self prerequisites, and unfinished selections survive for repair
2026-10-08T19:42:00.9206888Z ok 124 - duplicate text, cyclic and self prerequisites, and unfinished selections survive for repair
2026-10-08T19:42:00.9208126Z   ---
2026-10-08T19:42:00.9225654Z   duration_ms: 1.760038
2026-10-08T19:42:00.9226304Z   ...
2026-10-08T19:42:00.9227517Z # Subtest: ready imported lessons retain public IDs, ordered content, answer identity and checked bytes
2026-10-08T19:42:00.9229228Z ok 125 - ready imported lessons retain public IDs, ordered content, answer identity and checked bytes
2026-10-08T19:42:00.9230307Z   ---
2026-10-08T19:42:00.9231585Z   duration_ms: 2.15225
2026-10-08T19:42:00.9232257Z   ...
2026-10-08T19:42:00.9233433Z # Subtest: canonical private keys recover near-limit counters without changing public IDs or live state
2026-10-08T19:42:00.9235092Z ok 126 - canonical private keys recover near-limit counters without changing public IDs or live state
2026-10-08T19:42:00.9236175Z   ---
2026-10-08T19:42:00.9236684Z   duration_ms: 1.880504
2026-10-08T19:42:00.9237204Z   ...
2026-10-08T19:42:00.9238118Z # Subtest: staged drafts are deeply frozen and replacement copies remain editable
2026-10-08T19:42:00.9239450Z ok 127 - staged drafts are deeply frozen and replacement copies remain editable
2026-10-08T19:42:00.9240301Z   ---
2026-10-08T19:42:00.9241049Z   duration_ms: 0.657007
2026-10-08T19:42:00.9241615Z   ...
2026-10-08T19:42:00.9242910Z # Subtest: missing or ambiguous internal references, malformed shape and unsafe counters refuse before admission
2026-10-08T19:42:00.9244918Z ok 128 - missing or ambiguous internal references, malformed shape and unsafe counters refuse before admission
2026-10-08T19:42:00.9246163Z   ---
2026-10-08T19:42:00.9246826Z   duration_ms: 3.9184
2026-10-08T19:42:00.9247576Z   ...
2026-10-08T19:42:00.9271493Z # Subtest: only recognized editor fields cross the draft boundary
2026-10-08T19:42:00.9292521Z ok 129 - only recognized editor fields cross the draft boundary
2026-10-08T19:42:00.9300405Z   ---
2026-10-08T19:42:00.9301372Z   duration_ms: 0.566639
2026-10-08T19:42:00.9301959Z   ...
2026-10-08T19:42:00.9303023Z # Subtest: a lesson larger than its admission limit can be saved as a draft and repaired later
2026-10-08T19:42:00.9304569Z ok 130 - a lesson larger than its admission limit can be saved as a draft and repaired later
2026-10-08T19:42:00.9305617Z   ---
2026-10-08T19:42:00.9306184Z   duration_ms: 16.159392
2026-10-08T19:42:00.9306862Z   ...
2026-10-08T19:42:00.9308332Z # Subtest: draft size limits count actual UTF-8 bytes and failed saving leaves writing intact
2026-10-08T19:42:00.9309949Z ok 131 - draft size limits count actual UTF-8 bytes and failed saving leaves writing intact
2026-10-08T19:42:00.9311297Z   ---
2026-10-08T19:42:00.9311858Z   duration_ms: 74.541927
2026-10-08T19:42:00.9312446Z   ...
2026-10-08T19:42:00.9313463Z # Subtest: compact drafts remain saveable near and exactly at the byte limit without added whitespace
2026-10-08T19:42:00.9315011Z ok 132 - compact drafts remain saveable near and exactly at the byte limit without added whitespace
2026-10-08T19:42:00.9316093Z   ---
2026-10-08T19:42:00.9316641Z   duration_ms: 260.03282
2026-10-08T19:42:00.9317218Z   ...
2026-10-08T19:42:00.9318223Z # Subtest: a file whose canonical private keys exceed the saved limit is refused before admission
2026-10-08T19:42:00.9319566Z ok 133 - a file whose canonical private keys exceed the saved limit is refused before admission
2026-10-08T19:42:00.9320753Z   ---
2026-10-08T19:42:00.9321293Z   duration_ms: 42.459451
2026-10-08T19:42:00.9321875Z   ...
2026-10-08T19:42:00.9579470Z # Subtest: a valid deck stages without touching authored text and commits once with full immutable content
2026-10-08T19:42:00.9586175Z ok 134 - a valid deck stages without touching authored text and commits once with full immutable content
2026-10-08T19:42:00.9587251Z   ---
2026-10-08T19:42:00.9587826Z   duration_ms: 12.71813
2026-10-08T19:42:00.9588404Z   ...
2026-10-08T19:42:00.9589546Z # Subtest: invalid JSON, invalid answer, oversized file and unreadable file preserve the draft and allow retry
2026-10-08T19:42:00.9591848Z ok 135 - invalid JSON, invalid answer, oversized file and unreadable file preserve the draft and allow retry
2026-10-08T19:42:00.9593066Z   ---
2026-10-08T19:42:00.9593698Z   duration_ms: 9.877973
2026-10-08T19:42:00.9594343Z   ...
2026-10-08T19:42:00.9595589Z # Subtest: unfinished and cyclic draft files stage visibly and replace once with an immutable editable state
2026-10-08T19:42:00.9597463Z ok 136 - unfinished and cyclic draft files stage visibly and replace once with an immutable editable state
2026-10-08T19:42:00.9598955Z   ---
2026-10-08T19:42:00.9599603Z   duration_ms: 4.088879
2026-10-08T19:42:00.9600246Z   ...
2026-10-08T19:42:00.9601705Z # Subtest: a draft suffix cannot admit an oversized lesson deck through the larger draft-file limit
2026-10-08T19:42:00.9603439Z ok 137 - a draft suffix cannot admit an oversized lesson deck through the larger draft-file limit
2026-10-08T19:42:00.9604559Z   ---
2026-10-08T19:42:00.9605196Z   duration_ms: 8.027848
2026-10-08T19:42:00.9605865Z   ...
2026-10-08T19:42:00.9651769Z # Subtest: malformed and unsupported editable drafts preserve the old draft and retire pending previews
2026-10-08T19:42:00.9683512Z ok 138 - malformed and unsupported editable drafts preserve the old draft and retire pending previews
2026-10-08T19:42:00.9711806Z   ---
2026-10-08T19:42:00.9718823Z   duration_ms: 5.392514
2026-10-08T19:42:00.9719485Z   ...
2026-10-08T19:42:00.9720809Z # Subtest: newest selected format wins across slow draft-to-deck and deck-to-draft reads
2026-10-08T19:42:00.9722365Z ok 139 - newest selected format wins across slow draft-to-deck and deck-to-draft reads
2026-10-08T19:42:00.9723392Z   ---
2026-10-08T19:42:00.9723983Z   duration_ms: 2.500121
2026-10-08T19:42:00.9724587Z   ...
2026-10-08T19:42:00.9725711Z # Subtest: explicit Keep current draft clears staged replacement and restores the open control focus
2026-10-08T19:42:00.9727288Z ok 140 - explicit Keep current draft clears staged replacement and restores the open control focus
2026-10-08T19:42:00.9728270Z   ---
2026-10-08T19:42:00.9728779Z   duration_ms: 1.46686
2026-10-08T19:42:00.9729302Z   ...
2026-10-08T19:42:00.9730306Z # Subtest: opening another chooser invalidates its old preview even when the chooser is cancelled
2026-10-08T19:42:00.9731956Z ok 141 - opening another chooser invalidates its old preview even when the chooser is cancelled
2026-10-08T19:42:00.9732815Z   ---
2026-10-08T19:42:00.9733666Z   duration_ms: 2.449827
2026-10-08T19:42:00.9734166Z   ...
2026-10-08T19:42:00.9735047Z # Subtest: a newer valid choice wins over an earlier slow success or failure
2026-10-08T19:42:00.9736211Z ok 142 - a newer valid choice wins over an earlier slow success or failure
2026-10-08T19:42:00.9736972Z   ---
2026-10-08T19:42:00.9737427Z   duration_ms: 4.850522
2026-10-08T19:42:00.9737920Z   ...
2026-10-08T19:42:00.9738841Z # Subtest: cancelled or empty file selection prevents a late read from reopening a preview
2026-10-08T19:42:00.9741653Z ok 143 - cancelled or empty file selection prevents a late read from reopening a preview
2026-10-08T19:42:00.9742687Z   ---
2026-10-08T19:42:00.9743263Z   duration_ms: 6.416638
2026-10-08T19:42:00.9743837Z   ...
2026-10-08T19:42:00.9744831Z # Subtest: invalid newer files invalidate an earlier pending or staged valid deck
2026-10-08T19:42:00.9746162Z ok 144 - invalid newer files invalidate an earlier pending or staged valid deck
2026-10-08T19:42:00.9747082Z   ---
2026-10-08T19:42:00.9747648Z   duration_ms: 2.163432
2026-10-08T19:42:00.9748222Z   ...
2026-10-08T19:42:00.9749368Z # Subtest: undo restores all writing while clearing only references to deliberately removed concepts
2026-10-08T19:42:00.9751312Z ok 145 - undo restores all writing while clearing only references to deliberately removed concepts
2026-10-08T19:42:00.9752410Z   ---
2026-10-08T19:42:00.9752981Z   duration_ms: 3.854912
2026-10-08T19:42:00.9753578Z   ...
2026-10-08T19:42:00.9754733Z # Subtest: undo retains known selections and even unfinished self links while removing a missing prerequisite
2026-10-08T19:42:00.9756595Z ok 146 - undo retains known selections and even unfinished self links while removing a missing prerequisite
2026-10-08T19:42:00.9757704Z   ---
2026-10-08T19:42:00.9758279Z   duration_ms: 0.442166
2026-10-08T19:42:00.9758872Z   ...
2026-10-08T19:42:00.9759754Z # Subtest: blank editor requires authored metadata and a deliberate answer
2026-10-08T19:42:00.9761304Z ok 147 - blank editor requires authored metadata and a deliberate answer
2026-10-08T19:42:00.9762224Z   ---
2026-10-08T19:42:00.9763057Z   duration_ms: 7.224927
2026-10-08T19:42:00.9763719Z   ...
2026-10-08T19:42:00.9764929Z # Subtest: opening a validated lesson makes an independent editable draft and preserves IDs and literals
2026-10-08T19:42:00.9766694Z ok 148 - opening a validated lesson makes an independent editable draft and preserves IDs and literals
2026-10-08T19:42:00.9767847Z   ---
2026-10-08T19:42:00.9768405Z   duration_ms: 1.066823
2026-10-08T19:42:00.9768981Z   ...
2026-10-08T19:42:00.9770089Z # Subtest: correctness follows an option when moved or when a preceding option is removed
2026-10-08T19:42:00.9772113Z ok 149 - correctness follows an option when moved or when a preceding option is removed
2026-10-08T19:42:00.9773137Z   ---
2026-10-08T19:42:00.9773722Z   duration_ms: 1.075429
2026-10-08T19:42:00.9774422Z   ...
2026-10-08T19:42:00.9775480Z # Subtest: option limits refuse without deleting text or changing the answer
2026-10-08T19:42:00.9776854Z ok 150 - option limits refuse without deleting text or changing the answer
2026-10-08T19:42:00.9777802Z   ---
2026-10-08T19:42:00.9778369Z   duration_ms: 0.859917
2026-10-08T19:42:00.9779034Z   ...
2026-10-08T19:42:00.9780288Z # Subtest: concept renaming updates question and prerequisite references while used deletion is refused
2026-10-08T19:42:00.9782384Z ok 151 - concept renaming updates question and prerequisite references while used deletion is refused
2026-10-08T19:42:00.9783645Z   ---
2026-10-08T19:42:00.9784241Z   duration_ms: 0.837284
2026-10-08T19:42:00.9784868Z   ...
2026-10-08T19:42:00.9786060Z # Subtest: cycles, uncovered concepts and duplicate answer text remain repairable drafts
2026-10-08T19:42:00.9787591Z ok 152 - cycles, uncovered concepts and duplicate answer text remain repairable drafts
2026-10-08T19:42:00.9788611Z   ---
2026-10-08T19:42:00.9789157Z   duration_ms: 0.780769
2026-10-08T19:42:00.9789882Z   ...
2026-10-08T19:42:00.9791292Z # Subtest: question reordering and undo restore the removed question without rolling back later edits
2026-10-08T19:42:00.9793285Z ok 153 - question reordering and undo restore the removed question without rolling back later edits
2026-10-08T19:42:00.9794419Z   ---
2026-10-08T19:42:00.9795021Z   duration_ms: 1.724913
2026-10-08T19:42:00.9795666Z   ...
2026-10-08T19:42:00.9796572Z # Subtest: new question IDs do not overwrite IDs from an opened deck
2026-10-08T19:42:00.9797899Z ok 154 - new question IDs do not overwrite IDs from an opened deck
2026-10-08T19:42:00.9798770Z   ---
2026-10-08T19:42:00.9799325Z   duration_ms: 0.563943
2026-10-08T19:42:00.9799939Z   ...
2026-10-08T19:42:00.9801834Z # Subtest: checked snapshots are immutable, deterministic, and separate from later draft edits
2026-10-08T19:42:00.9803532Z ok 155 - checked snapshots are immutable, deterministic, and separate from later draft edits
2026-10-08T19:42:00.9804615Z   ---
2026-10-08T19:42:00.9805167Z   duration_ms: 0.644804
2026-10-08T19:42:00.9805776Z   ...
2026-10-08T19:42:00.9807021Z # Subtest: individually valid multibyte content cannot export a file larger than the importer admits
2026-10-08T19:42:00.9808661Z ok 156 - individually valid multibyte content cannot export a file larger than the importer admits
2026-10-08T19:42:00.9809935Z   ---
2026-10-08T19:42:00.9810747Z   duration_ms: 10.763908
2026-10-08T19:42:00.9812296Z   ...
2026-10-08T19:42:00.9813021Z # Subtest: download filenames are bounded local names
2026-10-08T19:42:00.9814033Z ok 157 - download filenames are bounded local names
2026-10-08T19:42:00.9814823Z   ---
2026-10-08T19:42:00.9815418Z   duration_ms: 0.428992
2026-10-08T19:42:00.9816010Z   ...
2026-10-08T19:42:00.9816972Z # Subtest: the existing bundled deck imports unchanged without a format field
2026-10-08T19:42:00.9818370Z ok 158 - the existing bundled deck imports unchanged without a format field
2026-10-08T19:42:00.9819333Z   ---
2026-10-08T19:42:00.9819895Z   duration_ms: 3.967772
2026-10-08T19:42:00.9820760Z   ...
2026-10-08T19:42:00.9821848Z # Subtest: a deck is an immutable copy, and unknown fields cannot configure the runtime
2026-10-08T19:42:00.9823513Z ok 159 - a deck is an immutable copy, and unknown fields cannot configure the runtime
2026-10-08T19:42:00.9824649Z   ---
2026-10-08T19:42:00.9825241Z   duration_ms: 0.988026
2026-10-08T19:42:00.9825833Z   ...
2026-10-08T19:42:00.9826950Z # Subtest: malformed JSON, unsupported versions and wrong top-level values give actionable errors
2026-10-08T19:42:00.9828652Z ok 160 - malformed JSON, unsupported versions and wrong top-level values give actionable errors
2026-10-08T19:42:00.9829754Z   ---
2026-10-08T19:42:00.9830413Z   duration_ms: 0.424893
2026-10-08T19:42:00.9831357Z   ...
2026-10-08T19:42:00.9832357Z # Subtest: JSON byte limit counts multibyte text and accepts the exact boundary
2026-10-08T19:42:00.9833729Z ok 161 - JSON byte limit counts multibyte text and accepts the exact boundary
2026-10-08T19:42:00.9834679Z   ---
2026-10-08T19:42:00.9835266Z   duration_ms: 3.10459
2026-10-08T19:42:00.9835890Z   ...
2026-10-08T19:42:00.9836888Z # Subtest: required readable metadata and bounded question fields are validated
2026-10-08T19:42:00.9838287Z ok 162 - required readable metadata and bounded question fields are validated
2026-10-08T19:42:00.9839247Z   ---
2026-10-08T19:42:00.9839827Z   duration_ms: 2.044028
2026-10-08T19:42:00.9840680Z   ...
2026-10-08T19:42:00.9841701Z # Subtest: empty and oversized collections and duplicate identities are refused
2026-10-08T19:42:00.9843086Z ok 163 - empty and oversized collections and duplicate identities are refused
2026-10-08T19:42:00.9844027Z   ---
2026-10-08T19:42:00.9844609Z   duration_ms: 0.837524
2026-10-08T19:42:00.9845222Z   ...
2026-10-08T19:42:00.9846186Z # Subtest: every question and prerequisite must name a known covered concept
2026-10-08T19:42:00.9847517Z ok 164 - every question and prerequisite must name a known covered concept
2026-10-08T19:42:00.9848435Z   ---
2026-10-08T19:42:00.9849005Z   duration_ms: 0.519631
2026-10-08T19:42:00.9849910Z   ...
2026-10-08T19:42:00.9851219Z # Subtest: self-requirements and concept cycles across different questions are refused
2026-10-08T19:42:00.9852915Z ok 165 - self-requirements and concept cycles across different questions are refused
2026-10-08T19:42:00.9853960Z   ---
2026-10-08T19:42:00.9854548Z   duration_ms: 0.514571
2026-10-08T19:42:00.9855157Z   ...
2026-10-08T19:42:00.9856198Z # Subtest: choices require distinct readable options and an actual integer answer index
2026-10-08T19:42:00.9857683Z ok 166 - choices require distinct readable options and an actual integer answer index
2026-10-08T19:42:00.9858667Z   ---
2026-10-08T19:42:00.9859174Z   duration_ms: 1.060942
2026-10-08T19:42:00.9859796Z   ...
2026-10-08T19:42:00.9861159Z # Subtest: 100 questions and 32 concepts work through the existing selector to exhaustion
2026-10-08T19:42:00.9862720Z ok 167 - 100 questions and 32 concepts work through the existing selector to exhaustion
2026-10-08T19:42:00.9863721Z   ---
2026-10-08T19:42:00.9864306Z   duration_ms: 104.205072
2026-10-08T19:42:00.9864964Z   ...
2026-10-08T19:42:00.9866129Z # Subtest: imported answer indices, literal text and object-key names survive learning and practice
2026-10-08T19:42:00.9867835Z ok 168 - imported answer indices, literal text and object-key names survive learning and practice
2026-10-08T19:42:00.9868892Z   ---
2026-10-08T19:42:00.9869470Z   duration_ms: 0.937091
2026-10-08T19:42:00.9870096Z   ...
2026-10-08T19:42:00.9871656Z # Subtest: downloadable example round-trips through the import contract with full attribution
2026-10-08T19:42:00.9873302Z ok 169 - downloadable example round-trips through the import contract with full attribution
2026-10-08T19:42:00.9874720Z   ---
2026-10-08T19:42:00.9875321Z   duration_ms: 1.040845
2026-10-08T19:42:00.9875946Z   ...
2026-10-08T19:42:00.9876995Z # Subtest: the exact original course is bounded, admitted, balanced and round-trippable
2026-10-08T19:42:00.9878538Z ok 170 - the exact original course is bounded, admitted, balanced and round-trippable
2026-10-08T19:42:00.9879538Z   ---
2026-10-08T19:42:00.9880122Z   duration_ms: 4.592339
2026-10-08T19:42:00.9880988Z   ...
2026-10-08T19:42:00.9882217Z # Subtest: every stated answer follows the literal graph, with one correct option
2026-10-08T19:42:00.9883252Z     # Subtest: dg-links-1
2026-10-08T19:42:00.9883910Z     ok 1 - dg-links-1
2026-10-08T19:42:00.9884515Z       ---
2026-10-08T19:42:00.9885094Z       duration_ms: 0.6533
2026-10-08T19:42:00.9885696Z       ...
2026-10-08T19:42:00.9886256Z     # Subtest: dg-links-2
2026-10-08T19:42:00.9886917Z     ok 2 - dg-links-2
2026-10-08T19:42:00.9887522Z       ---
2026-10-08T19:42:00.9888107Z       duration_ms: 0.629165
2026-10-08T19:42:00.9888729Z       ...
2026-10-08T19:42:00.9889303Z     # Subtest: dg-links-3
2026-10-08T19:42:00.9889939Z     ok 3 - dg-links-3
2026-10-08T19:42:00.9890779Z       ---
2026-10-08T19:42:00.9891334Z       duration_ms: 1.44567
2026-10-08T19:42:00.9891918Z       ...
2026-10-08T19:42:00.9892486Z     # Subtest: dg-reach-1
2026-10-08T19:42:00.9893127Z     ok 4 - dg-reach-1
2026-10-08T19:42:00.9893732Z       ---
2026-10-08T19:42:00.9894313Z       duration_ms: 0.62635
2026-10-08T19:42:00.9894948Z       ...
2026-10-08T19:42:00.9895521Z     # Subtest: dg-reach-2
2026-10-08T19:42:00.9896179Z     ok 5 - dg-reach-2
2026-10-08T19:42:00.9896794Z       ---
2026-10-08T19:42:00.9897382Z       duration_ms: 0.512457
2026-10-08T19:42:00.9897968Z       ...
2026-10-08T19:42:00.9898501Z     # Subtest: dg-reach-3
2026-10-08T19:42:00.9899142Z     ok 6 - dg-reach-3
2026-10-08T19:42:00.9899728Z       ---
2026-10-08T19:42:00.9900264Z       duration_ms: 0.302695
2026-10-08T19:42:00.9901123Z       ...
2026-10-08T19:42:00.9901653Z     # Subtest: dg-order-1
2026-10-08T19:42:00.9902251Z     ok 7 - dg-order-1
2026-10-08T19:42:00.9902810Z       ---
2026-10-08T19:42:00.9903335Z       duration_ms: 0.411038
2026-10-08T19:42:00.9903909Z       ...
2026-10-08T19:42:00.9904429Z     # Subtest: dg-order-2
2026-10-08T19:42:00.9905018Z     ok 8 - dg-order-2
2026-10-08T19:42:00.9905856Z       ---
2026-10-08T19:42:00.9906456Z       duration_ms: 0.515593
2026-10-08T19:42:00.9907090Z       ...
2026-10-08T19:42:00.9907689Z     # Subtest: dg-order-3
2026-10-08T19:42:00.9908321Z     ok 9 - dg-order-3
2026-10-08T19:42:00.9908938Z       ---
2026-10-08T19:42:00.9909539Z       duration_ms: 0.732879
2026-10-08T19:42:00.9910123Z       ...
2026-10-08T19:42:00.9910959Z     # Subtest: dg-update-1
2026-10-08T19:42:00.9911639Z     ok 10 - dg-update-1
2026-10-08T19:42:00.9915700Z       ---
2026-10-08T19:42:00.9916322Z       duration_ms: 0.950727
2026-10-08T19:42:00.9916983Z       ...
2026-10-08T19:42:00.9917589Z     # Subtest: dg-update-2
2026-10-08T19:42:00.9918267Z     ok 11 - dg-update-2
2026-10-08T19:42:00.9918856Z       ---
2026-10-08T19:42:00.9919478Z       duration_ms: 0.569553
2026-10-08T19:42:00.9920192Z       ...
2026-10-08T19:42:00.9921107Z     # Subtest: dg-update-3
2026-10-08T19:42:00.9951162Z     ok 12 - dg-update-3
2026-10-08T19:42:00.9981265Z       ---
2026-10-08T19:42:01.0011209Z       duration_ms: 0.64809
2026-10-08T19:42:01.0022689Z       ...
2026-10-08T19:42:01.0041198Z     1..12
2026-10-08T19:42:01.0071594Z ok 171 - every stated answer follows the literal graph, with one correct option
2026-10-08T19:42:01.0081056Z   ---
2026-10-08T19:42:01.0101308Z   duration_ms: 11.533526
2026-10-08T19:42:01.0101960Z   ...
2026-10-08T19:42:01.0103224Z # Subtest: structurally valid changed content exposes graph reversal and blocked-descendant mistakes
2026-10-08T19:42:01.0104958Z ok 172 - structurally valid changed content exposes graph reversal and blocked-descendant mistakes
2026-10-08T19:42:01.0106120Z   ---
2026-10-08T19:42:01.0106521Z   duration_ms: 3.098849
2026-10-08T19:42:01.0106944Z   ...
2026-10-08T19:42:01.0107822Z # Subtest: the real selector, review, practice, notes and trace consumer preserve this course
2026-10-08T19:42:01.0109174Z ok 173 - the real selector, review, practice, notes and trace consumer preserve this course
2026-10-08T19:42:01.0109961Z   ---
2026-10-08T19:42:01.0110375Z   duration_ms: 17.708672
2026-10-08T19:42:01.0111035Z   ...
2026-10-08T19:42:01.0112184Z # Subtest: literal input preserves case, Unicode and prototype-like names
2026-10-08T19:42:01.0113293Z ok 174 - literal input preserves case, Unicode and prototype-like names
2026-10-08T19:42:01.0113948Z   ---
2026-10-08T19:42:01.0114296Z   duration_ms: 3.028267
2026-10-08T19:42:01.0114672Z   ...
2026-10-08T19:42:01.0115416Z # Subtest: bounded input rejects ambiguity, duplicate arrows and unknown names
2026-10-08T19:42:01.0116536Z ok 175 - bounded input rejects ambiguity, duplicate arrows and unknown names
2026-10-08T19:42:01.0117249Z   ---
2026-10-08T19:42:01.0117608Z   duration_ms: 2.824987
2026-10-08T19:42:01.0117994Z   ...
2026-10-08T19:42:01.0118780Z # Subtest: the graph model copies and freezes input instead of sharing mutable arrays
2026-10-08T19:42:01.0120021Z ok 176 - the graph model copies and freezes input instead of sharing mutable arrays
2026-10-08T19:42:01.0122142Z   ---
2026-10-08T19:42:01.0122510Z   duration_ms: 0.341768
2026-10-08T19:42:01.0122923Z   ...
2026-10-08T19:42:01.0123742Z # Subtest: completion requires every prerequisite and never permits a repeated job
2026-10-08T19:42:01.0124953Z ok 177 - completion requires every prerequisite and never permits a repeated job
2026-10-08T19:42:01.0125694Z   ---
2026-10-08T19:42:01.0126048Z   duration_ms: 1.388895
2026-10-08T19:42:01.0126430Z   ...
2026-10-08T19:42:01.0127124Z # Subtest: undo and reset retain the graph and earlier completion order
2026-10-08T19:42:01.0128119Z ok 178 - undo and reset retain the graph and earlier completion order
2026-10-08T19:42:01.0128757Z   ---
2026-10-08T19:42:01.0129113Z   duration_ms: 1.023071
2026-10-08T19:42:01.0129516Z   ...
2026-10-08T19:42:01.0130226Z # Subtest: a downstream blocked job is not mislabeled as part of a cycle
2026-10-08T19:42:01.0131735Z ok 179 - a downstream blocked job is not mislabeled as part of a cycle
2026-10-08T19:42:01.0132413Z   ---
2026-10-08T19:42:01.0132790Z   duration_ms: 0.927642
2026-10-08T19:42:01.0133450Z   ...
2026-10-08T19:42:01.0134393Z # Subtest: separate strongly connected groups, a self-loop and their descendants stay distinct
2026-10-08T19:42:01.0135808Z ok 180 - separate strongly connected groups, a self-loop and their descendants stay distinct
2026-10-08T19:42:01.0136648Z   ---
2026-10-08T19:42:01.0137010Z   duration_ms: 0.526173
2026-10-08T19:42:01.0137408Z   ...
2026-10-08T19:42:01.0138170Z # Subtest: reachability follows direction and counts positive-length paths
2026-10-08T19:42:01.0139261Z ok 181 - reachability follows direction and counts positive-length paths
2026-10-08T19:42:01.0139955Z   ---
2026-10-08T19:42:01.0140299Z   duration_ms: 1.294999
2026-10-08T19:42:01.0140950Z   ...
2026-10-08T19:42:01.0141801Z # Subtest: order enumeration extends the exact prefix and reports a cap only when exceeded
2026-10-08T19:42:01.0143118Z ok 182 - order enumeration extends the exact prefix and reports a cap only when exceeded
2026-10-08T19:42:01.0143922Z   ---
2026-10-08T19:42:01.0144304Z   duration_ms: 0.909008
2026-10-08T19:42:01.0144705Z   ...
2026-10-08T19:42:01.0145438Z # Subtest: eight independent jobs produce bounded, stable complete orders
2026-10-08T19:42:01.0146529Z ok 183 - eight independent jobs produce bounded, stable complete orders
2026-10-08T19:42:01.0147232Z   ---
2026-10-08T19:42:01.0147587Z   duration_ms: 0.814912
2026-10-08T19:42:01.0147982Z   ...
2026-10-08T19:42:01.0148785Z # Subtest: the standalone build and original course download retain exact source text
2026-10-08T19:42:01.0150031Z ok 184 - the standalone build and original course download retain exact source text
2026-10-08T19:42:01.0152360Z   ---
2026-10-08T19:42:01.0152737Z   duration_ms: 5.20859
2026-10-08T19:42:01.0153108Z   ...
2026-10-08T19:42:01.0153966Z # Subtest: the builder escapes source text for HTML while recovering the original UTF-8 string
2026-10-08T19:42:01.0155278Z ok 185 - the builder escapes source text for HTML while recovering the original UTF-8 string
2026-10-08T19:42:01.0156071Z   ---
2026-10-08T19:42:01.0156434Z   duration_ms: 2.042706
2026-10-08T19:42:01.0156810Z   ...
2026-10-08T19:42:01.0157955Z # Subtest: unsupported module changes and missing or duplicated build markers fail explicitly
2026-10-08T19:42:01.0159337Z ok 186 - unsupported module changes and missing or duplicated build markers fail explicitly
2026-10-08T19:42:01.0182236Z   ---
2026-10-08T19:42:01.0182605Z   duration_ms: 48.221997
2026-10-08T19:42:01.0183015Z   ...
2026-10-08T19:42:01.0981190Z # Subtest: timing exports the admitted API and preserves every tied critical branch
2026-10-08T19:42:01.0986578Z ok 187 - timing exports the admitted API and preserves every tied critical branch
2026-10-08T19:42:01.0988021Z   ---
2026-10-08T19:42:01.0988729Z   duration_ms: 7.533544
2026-10-08T19:42:01.0989410Z   ...
2026-10-08T19:42:01.0990795Z # Subtest: all three-job DAGs and binary duration vectors match enumerated maximal paths
2026-10-08T19:42:01.0992386Z ok 188 - all three-job DAGs and binary duration vectors match enumerated maximal paths
2026-10-08T19:42:01.0993570Z   ---
2026-10-08T19:42:01.0994225Z   duration_ms: 96.411403
2026-10-08T19:42:01.0994897Z   ...
2026-10-08T19:42:01.0999988Z # Subtest: zero milestones and disconnected jobs use the global project deadline
2026-10-08T19:42:01.1003118Z ok 189 - zero milestones and disconnected jobs use the global project deadline
2026-10-08T19:42:01.1032080Z   ---
2026-10-08T19:42:01.1032696Z   duration_ms: 0.829008
2026-10-08T19:42:01.1033409Z   ...
2026-10-08T19:42:01.1046484Z # Subtest: eight-job bounds retain exact integer arithmetic and all tight zero branches
2026-10-08T19:42:01.1062098Z ok 190 - eight-job bounds retain exact integer arithmetic and all tight zero branches
2026-10-08T19:42:01.1063133Z   ---
2026-10-08T19:42:01.1063792Z   duration_ms: 19.350871
2026-10-08T19:42:01.1064470Z   ...
2026-10-08T19:42:01.1065594Z # Subtest: cyclic projects retain separate SCC, blocked-descendant and ready-job explanations
2026-10-08T19:42:01.1067215Z ok 191 - cyclic projects retain separate SCC, blocked-descendant and ready-job explanations
2026-10-08T19:42:01.1068610Z   ---
2026-10-08T19:42:01.1069158Z   duration_ms: 0.864725
2026-10-08T19:42:01.1069734Z   ...
2026-10-08T19:42:01.1071015Z # Subtest: duration records are complete, exact-own-key, strict integer inputs even for cycles
2026-10-08T19:42:01.1072568Z ok 192 - duration records are complete, exact-own-key, strict integer inputs even for cycles
2026-10-08T19:42:01.1073537Z   ---
2026-10-08T19:42:01.1074062Z   duration_ms: 4.017486
2026-10-08T19:42:01.1074638Z   ...
2026-10-08T19:42:01.1075678Z # Subtest: literal Unicode and prototype-like job names preserve exact identities and order
2026-10-08T19:42:01.1077195Z ok 193 - literal Unicode and prototype-like job names preserve exact identities and order
2026-10-08T19:42:01.1078169Z   ---
2026-10-08T19:42:01.1078713Z   duration_ms: 1.126374
2026-10-08T19:42:01.1079280Z   ...
2026-10-08T19:42:01.1080267Z # Subtest: graph refusal remains delegated to the unchanged original admission contract
2026-10-08T19:42:01.1081965Z ok 194 - graph refusal remains delegated to the unchanged original admission contract
2026-10-08T19:42:01.1082927Z   ---
2026-10-08T19:42:01.1083457Z   duration_ms: 0.490427
2026-10-08T19:42:01.1084061Z   ...
2026-10-08T19:42:01.1085048Z # Subtest: returned timing is detached and deeply frozen without freezing caller input
2026-10-08T19:42:01.1086452Z ok 195 - returned timing is detached and deeply frozen without freezing caller input
2026-10-08T19:42:01.1087377Z   ---
2026-10-08T19:42:01.1087903Z   duration_ms: 1.798109
2026-10-08T19:42:01.1088457Z   ...
2026-10-08T19:42:01.1089420Z # Subtest: duration admission refuses accessors without executing getters or coercion
2026-10-08T19:42:01.1091187Z ok 196 - duration admission refuses accessors without executing getters or coercion
2026-10-08T19:42:01.1092230Z   ---
2026-10-08T19:42:01.1092789Z   duration_ms: 3.517241
2026-10-08T19:42:01.1093438Z   ...
2026-10-08T19:42:01.1131843Z # Subtest: the checked-in timing page exactly matches the native builder output
2026-10-08T19:42:01.1133436Z ok 197 - the checked-in timing page exactly matches the native builder output
2026-10-08T19:42:01.1134771Z   ---
2026-10-08T19:42:01.1135500Z   duration_ms: 18.96001
2026-10-08T19:42:01.1136163Z   ...
2026-10-08T19:42:01.1234645Z # Subtest: the committed standalone page exactly matches its native source builder
2026-10-08T19:42:01.1236233Z ok 198 - the committed standalone page exactly matches its native source builder
2026-10-08T19:42:01.1237185Z   ---
2026-10-08T19:42:01.1237953Z   duration_ms: 7.046948
2026-10-08T19:42:01.1238580Z   ...
2026-10-08T19:42:01.1239869Z # Subtest: the actual embedded course text retains the qualified twelve-question identity byte for byte
2026-10-08T19:42:01.1241820Z ok 199 - the actual embedded course text retains the qualified twelve-question identity byte for byte
2026-10-08T19:42:01.1313124Z   ---
2026-10-08T19:42:01.1323103Z   duration_ms: 2.187417
2026-10-08T19:42:01.1323847Z   ...
2026-10-08T19:42:01.1324912Z # Subtest: the fixed uninhibited enzyme reproduces the existing course example
2026-10-08T19:42:01.1326253Z ok 200 - the fixed uninhibited enzyme reproduces the existing course example
2026-10-08T19:42:01.1327159Z   ---
2026-10-08T19:42:01.1327679Z   duration_ms: 3.060798
2026-10-08T19:42:01.1328288Z   ...
2026-10-08T19:42:01.1329418Z # Subtest: one independently worked comparison distinguishes rate, fraction and apparent parameters
2026-10-08T19:42:01.1331539Z ok 201 - one independently worked comparison distinguishes rate, fraction and apparent parameters
2026-10-08T19:42:01.1332678Z   ---
2026-10-08T19:42:01.1333215Z   duration_ms: 0.311853
2026-10-08T19:42:01.1333801Z   ...
2026-10-08T19:42:01.1334875Z # Subtest: zero substrate yields zero rates and undefined fractions, including with zero inhibitor
2026-10-08T19:42:01.1336428Z ok 202 - zero substrate yields zero rates and undefined fractions, including with zero inhibitor
2026-10-08T19:42:01.1337485Z   ---
2026-10-08T19:42:01.1338036Z   duration_ms: 0.371724
2026-10-08T19:42:01.1338974Z   ...
2026-10-08T19:42:01.1340086Z # Subtest: zero inhibitor makes all cases coincide; each Km locates its own half limiting rate
2026-10-08T19:42:01.1342056Z ok 203 - zero inhibitor makes all cases coincide; each Km locates its own half limiting rate
2026-10-08T19:42:01.1342991Z   ---
2026-10-08T19:42:01.1343531Z   duration_ms: 0.398094
2026-10-08T19:42:01.1344095Z   ...
2026-10-08T19:42:01.1345313Z # Subtest: adding substrate reduces competitive fractional loss while the pure special case stays proportional
2026-10-08T19:42:01.1347196Z ok 204 - adding substrate reduces competitive fractional loss while the pure special case stays proportional
2026-10-08T19:42:01.1348312Z   ---
2026-10-08T19:42:01.1348883Z   duration_ms: 0.237544
2026-10-08T19:42:01.1349465Z   ...
2026-10-08T19:42:01.1350813Z # Subtest: a deterministic domain grid preserves saturation, ordering and fixed baseline parameters
2026-10-08T19:42:01.1352478Z ok 205 - a deterministic domain grid preserves saturation, ordering and fixed baseline parameters
2026-10-08T19:42:01.1353502Z   ---
2026-10-08T19:42:01.1354034Z   duration_ms: 1.224558
2026-10-08T19:42:01.1354612Z   ...
2026-10-08T19:42:01.1355645Z # Subtest: invalid or coerced inputs and incomplete text never silently reuse a prior comparison
2026-10-08T19:42:01.1357285Z ok 206 - invalid or coerced inputs and incomplete text never silently reuse a prior comparison
2026-10-08T19:42:01.1358316Z   ---
2026-10-08T19:42:01.1358871Z   duration_ms: 1.757563
2026-10-08T19:42:01.1359457Z   ...
2026-10-08T19:42:01.1360923Z # Subtest: snapshots are independent and the sampled curve includes exact endpoints and course points
2026-10-08T19:42:01.1362570Z ok 207 - snapshots are independent and the sampled curve includes exact endpoints and course points
2026-10-08T19:42:01.1363586Z   ---
2026-10-08T19:42:01.1364113Z   duration_ms: 2.632057
2026-10-08T19:42:01.1364706Z   ...
2026-10-08T19:42:01.1365809Z # Subtest: CSV exports the current point, complete sample grid, units and explicit undefined cells
2026-10-08T19:42:01.1367717Z ok 208 - CSV exports the current point, complete sample grid, units and explicit undefined cells
2026-10-08T19:42:01.1368828Z   ---
2026-10-08T19:42:01.1369415Z   duration_ms: 8.044489
2026-10-08T19:42:01.1370043Z   ...
2026-10-08T19:42:01.1371518Z # Subtest: positive subnormal substrate retains analytic fractions instead of a quotient of quantized rates
2026-10-08T19:42:01.1373463Z ok 209 - positive subnormal substrate retains analytic fractions instead of a quotient of quantized rates
2026-10-08T19:42:01.1374681Z   ---
2026-10-08T19:42:01.1375260Z   duration_ms: 2.394763
2026-10-08T19:42:01.1375645Z   ...
2026-10-08T19:42:01.1789692Z # Subtest: the original twelve-question course enters the unchanged deck contract with all four concepts
2026-10-08T19:42:01.1804971Z ok 210 - the original twelve-question course enters the unchanged deck contract with all four concepts
2026-10-08T19:42:01.1818240Z   ---
2026-10-08T19:42:01.1829616Z   duration_ms: 2.411275
2026-10-08T19:42:01.1861227Z   ...
2026-10-08T19:42:01.1871848Z # Subtest: a complete adaptive session retains two first misses while separate practice and notes use this course
2026-10-08T19:42:01.1891923Z ok 211 - a complete adaptive session retains two first misses while separate practice and notes use this course
2026-10-08T19:42:01.1919364Z   ---
2026-10-08T19:42:01.1941993Z   duration_ms: 18.479763
2026-10-08T19:42:01.1943040Z   ...
2026-10-08T19:42:01.1944076Z # Subtest: a fully correct course still yields complete review and notes without invented retries
2026-10-08T19:42:01.1945434Z ok 212 - a fully correct course still yields complete review and notes without invented retries
2026-10-08T19:42:01.1946412Z   ---
2026-10-08T19:42:01.1946859Z   duration_ms: 2.196414
2026-10-08T19:42:01.1947419Z   ...
2026-10-08T19:42:01.1948262Z # Subtest: the committed direct-file explorer matches its exact modular inputs
2026-10-08T19:42:01.1949523Z ok 213 - the committed direct-file explorer matches its exact modular inputs
2026-10-08T19:42:01.1950951Z   ---
2026-10-08T19:42:01.1951437Z   duration_ms: 37.772302
2026-10-08T19:42:01.1951927Z   ...
2026-10-08T19:42:01.3186423Z # Subtest: decimal-text inputs normalize whitespace and leading zeros without number coercion
2026-10-08T19:42:01.3201195Z ok 214 - decimal-text inputs normalize whitespace and leading zeros without number coercion
2026-10-08T19:42:01.3215543Z   ---
2026-10-08T19:42:01.3226866Z   duration_ms: 3.057141
2026-10-08T19:42:01.3231918Z   ...
2026-10-08T19:42:01.3239302Z # Subtest: ambiguous, out-of-range and nontext inputs are refused before computation
2026-10-08T19:42:01.3241067Z ok 215 - ambiguous, out-of-range and nontext inputs are refused before computation
2026-10-08T19:42:01.3242139Z   ---
2026-10-08T19:42:01.3242746Z   duration_ms: 5.170639
2026-10-08T19:42:01.3243349Z   ...
2026-10-08T19:42:01.3244309Z # Subtest: the original ordered pair produces the exact worked four-division trace
2026-10-08T19:42:01.3245779Z ok 216 - the original ordered pair produces the exact worked four-division trace
2026-10-08T19:42:01.3246844Z   ---
2026-10-08T19:42:01.3247416Z   duration_ms: 0.803821
2026-10-08T19:42:01.3247988Z   ...
2026-10-08T19:42:01.3248969Z # Subtest: smaller-first inputs retain their real quotient-zero first division
2026-10-08T19:42:01.3250358Z ok 217 - smaller-first inputs retain their real quotient-zero first division
2026-10-08T19:42:01.3251705Z   ---
2026-10-08T19:42:01.3252342Z   duration_ms: 0.915631
2026-10-08T19:42:01.3252947Z   ...
2026-10-08T19:42:01.3253951Z # Subtest: zero, equal and exactly divisible pairs have their actual division counts
2026-10-08T19:42:01.3255454Z ok 218 - zero, equal and exactly divisible pairs have their actual division counts
2026-10-08T19:42:01.3256439Z   ---
2026-10-08T19:42:01.3256990Z   duration_ms: 0.72242
2026-10-08T19:42:01.3257653Z   ...
2026-10-08T19:42:01.3258776Z # Subtest: all 6,561 pairs from zero through eighty agree with common-divisor enumeration
2026-10-08T19:42:01.3260308Z ok 219 - all 6,561 pairs from zero through eighty agree with common-divisor enumeration
2026-10-08T19:42:01.3261615Z   ---
2026-10-08T19:42:01.3262643Z   duration_ms: 111.845686
2026-10-08T19:42:01.3273269Z   ...
2026-10-08T19:42:01.3274372Z # Subtest: boundary and long-chain pairs agree with a separate binary-gcd oracle
2026-10-08T19:42:01.3301591Z ok 220 - boundary and long-chain pairs agree with a separate binary-gcd oracle
2026-10-08T19:42:01.3312421Z   ---
2026-10-08T19:42:01.3313064Z   duration_ms: 15.37864
2026-10-08T19:42:01.3313700Z   ...
2026-10-08T19:42:01.3314848Z # Subtest: the saved trace is exact JSON with decimal integer strings and independent frozen results
2026-10-08T19:42:01.3316550Z ok 221 - the saved trace is exact JSON with decimal integer strings and independent frozen results
2026-10-08T19:42:01.3317631Z   ---
2026-10-08T19:42:01.3318232Z   duration_ms: 0.815163
2026-10-08T19:42:01.3320242Z   ...
2026-10-08T19:42:01.3412125Z # Subtest: the original course imports through the unchanged learner contract and round trips
2026-10-08T19:42:01.3431787Z ok 222 - the original course imports through the unchanged learner contract and round trips
2026-10-08T19:42:01.3432935Z   ---
2026-10-08T19:42:01.3433477Z   duration_ms: 4.3038
2026-10-08T19:42:01.3434041Z   ...
2026-10-08T19:42:01.3435161Z # Subtest: the course explicitly teaches the hand-calculated update, multiplier and strict boundary
2026-10-08T19:42:01.3436695Z ok 223 - the course explicitly teaches the hand-calculated update, multiplier and strict boundary
2026-10-08T19:42:01.3437770Z   ---
2026-10-08T19:42:01.3440040Z   duration_ms: 1.086069
2026-10-08T19:42:01.3440630Z   ...
2026-10-08T19:42:01.3442013Z # Subtest: the generated explorer contains the exact course bytes and current model source
2026-10-08T19:42:01.3443357Z ok 224 - the generated explorer contains the exact course bytes and current model source
2026-10-08T19:42:01.3444192Z   ---
2026-10-08T19:42:01.3444651Z   duration_ms: 70.944776
2026-10-08T19:42:01.3445141Z   ...
2026-10-08T19:42:01.3446042Z # Subtest: the default rule follows a hand-calculated update and approaches 2/3, not r=1
2026-10-08T19:42:01.3447706Z ok 225 - the default rule follows a hand-calculated update and approaches 2/3, not r=1
2026-10-08T19:42:01.3448530Z   ---
2026-10-08T19:42:01.3448989Z   duration_ms: 3.399811
2026-10-08T19:42:01.3449472Z   ...
2026-10-08T19:42:01.3450315Z # Subtest: two starts obey the signed geometric separation and cancel common forcing
2026-10-08T19:42:01.3451764Z ok 226 - two starts obey the signed geometric separation and cancel common forcing
2026-10-08T19:42:01.3452545Z   ---
2026-10-08T19:42:01.3452991Z   duration_ms: 1.72893
2026-10-08T19:42:01.3453467Z   ...
2026-10-08T19:42:01.3454188Z # Subtest: q=0 reaches the same unique fixed point after one update
2026-10-08T19:42:01.3455152Z ok 227 - q=0 reaches the same unique fixed point after one update
2026-10-08T19:42:01.3455823Z   ---
2026-10-08T19:42:01.3456268Z   duration_ms: 0.367657
2026-10-08T19:42:01.3456745Z   ...
2026-10-08T19:42:01.3457671Z # Subtest: boundary cases distinguish persistent separation, drift and repeating deviations
2026-10-08T19:42:01.3459027Z ok 228 - boundary cases distinguish persistent separation, drift and repeating deviations
2026-10-08T19:42:01.3459874Z   ---
2026-10-08T19:42:01.3460318Z   duration_ms: 0.719203
2026-10-08T19:42:01.3461003Z   ...
2026-10-08T19:42:01.3461770Z # Subtest: an exact equilibrium can stay flat while a nearby start grows
2026-10-08T19:42:01.3462808Z ok 229 - an exact equilibrium can stay flat while a nearby start grows
2026-10-08T19:42:01.3463521Z   ---
2026-10-08T19:42:01.3463965Z   duration_ms: 0.385992
2026-10-08T19:42:01.3464443Z   ...
2026-10-08T19:42:01.3465269Z # Subtest: constant input and reference move the fixed point without changing q
2026-10-08T19:42:01.3466424Z ok 230 - constant input and reference move the fixed point without changing q
2026-10-08T19:42:01.3467188Z   ---
2026-10-08T19:42:01.3467630Z   duration_ms: 0.397572
2026-10-08T19:42:01.3468125Z   ...
2026-10-08T19:42:01.3469144Z # Subtest: the admitted longest extreme trajectories remain finite and follow a closed form
2026-10-08T19:42:01.3471076Z ok 231 - the admitted longest extreme trajectories remain finite and follow a closed form
2026-10-08T19:42:01.3472024Z   ---
2026-10-08T19:42:01.3472503Z   duration_ms: 2.06617
2026-10-08T19:42:01.3473031Z   ...
2026-10-08T19:42:01.3474156Z # Subtest: validation rejects unbounded, fractional, empty and nonnumeric settings without changing the input
2026-10-08T19:42:01.3475824Z ok 232 - validation rejects unbounded, fractional, empty and nonnumeric settings without changing the input
2026-10-08T19:42:01.3476831Z   ---
2026-10-08T19:42:01.3477294Z   duration_ms: 1.202908
2026-10-08T19:42:01.3477770Z   ...
2026-10-08T19:42:01.3478624Z # Subtest: terminal CSV fields mean N updates and N+1 states; settings survive every row
2026-10-08T19:42:01.3479867Z ok 233 - terminal CSV fields mean N updates and N+1 states; settings survive every row
2026-10-08T19:42:01.3480880Z   ---
2026-10-08T19:42:01.3481339Z   duration_ms: 0.848385
2026-10-08T19:42:01.3481858Z   ...
2026-10-08T19:42:01.3482799Z # Subtest: finite-precision subtraction remains distinct from the analytical separation
2026-10-08T19:42:01.3484101Z ok 234 - finite-precision subtraction remains distinct from the analytical separation
2026-10-08T19:42:01.3484940Z   ---
2026-10-08T19:42:01.3485397Z   duration_ms: 0.459599
2026-10-08T19:42:01.3485881Z   ...
2026-10-08T19:42:01.3756922Z # Subtest: the original twelve-question course satisfies the current public deck contract
2026-10-08T19:42:01.3758733Z ok 235 - the original twelve-question course satisfies the current public deck contract
2026-10-08T19:42:01.3759806Z   ---
2026-10-08T19:42:01.3760396Z   duration_ms: 3.799277
2026-10-08T19:42:01.3761369Z   ...
2026-10-08T19:42:01.3762574Z # Subtest: course answer identities agree with separately specified arithmetic and conventions
2026-10-08T19:42:01.3764149Z ok 236 - course answer identities agree with separately specified arithmetic and conventions
2026-10-08T19:42:01.3765648Z   ---
2026-10-08T19:42:01.3766202Z   duration_ms: 0.894862
2026-10-08T19:42:01.3766760Z   ...
2026-10-08T19:42:01.3767936Z # Subtest: the actual adaptive, review, retry, and study-note consumers receive all course content
2026-10-08T19:42:01.3769584Z ok 237 - the actual adaptive, review, retry, and study-note consumers receive all course content
2026-10-08T19:42:01.3778707Z   ---
2026-10-08T19:42:01.3779289Z   duration_ms: 18.944191
2026-10-08T19:42:01.3779979Z   ...
2026-10-08T19:42:01.3781501Z # Subtest: the direct-file lab is an exact build with the original downloadable course bytes
2026-10-08T19:42:01.3783073Z ok 238 - the direct-file lab is an exact build with the original downloadable course bytes
2026-10-08T19:42:01.3784119Z   ---
2026-10-08T19:42:01.3784697Z   duration_ms: 3.862796
2026-10-08T19:42:01.3785331Z   ...
2026-10-08T19:42:01.3868635Z # Subtest: full signed convolution retains cancellation and the final product
2026-10-08T19:42:01.3875044Z ok 239 - full signed convolution retains cancellation and the final product
2026-10-08T19:42:01.3875936Z   ---
2026-10-08T19:42:01.3876427Z   duration_ms: 2.541829
2026-10-08T19:42:01.3876811Z   ...
2026-10-08T19:42:01.3877518Z # Subtest: each selected index exposes reversed kernel indices and outside-list zeros
2026-10-08T19:42:01.3878195Z ok 240 - each selected index exposes reversed kernel indices and outside-list zeros
2026-10-08T19:42:01.3878595Z   ---
2026-10-08T19:42:01.3878792Z   duration_ms: 0.8029
2026-10-08T19:42:01.3878995Z   ...
2026-10-08T19:42:01.3879387Z # Subtest: convolution is distinguished from the declared zero-lag correlation
2026-10-08T19:42:01.3879980Z ok 241 - convolution is distinguished from the declared zero-lag correlation
2026-10-08T19:42:01.3880361Z   ---
2026-10-08T19:42:01.3881163Z   duration_ms: 1.18259
2026-10-08T19:42:01.3881392Z   ...
2026-10-08T19:42:01.3882154Z # Subtest: impulses preserve origin, delays, and the declared full zero padding
2026-10-08T19:42:01.3883334Z ok 242 - impulses preserve origin, delays, and the declared full zero padding
2026-10-08T19:42:01.3884004Z   ---
2026-10-08T19:42:01.3884369Z   duration_ms: 0.377446
2026-10-08T19:42:01.3884995Z   ...
2026-10-08T19:42:01.3885600Z # Subtest: averaging and differencing include both finite boundaries
2026-10-08T19:42:01.3886485Z ok 243 - averaging and differencing include both finite boundaries
2026-10-08T19:42:01.3887071Z   ---
2026-10-08T19:42:01.3887390Z   duration_ms: 0.265026
2026-10-08T19:42:01.3887740Z   ...
2026-10-08T19:42:01.3888574Z # Subtest: fixed-kernel superposition and operand exchange hold on distinct signed cases
2026-10-08T19:42:01.3889911Z ok 244 - fixed-kernel superposition and operand exchange hold on distinct signed cases
2026-10-08T19:42:01.3890958Z   ---
2026-10-08T19:42:01.3891290Z   duration_ms: 0.544658
2026-10-08T19:42:01.3891659Z   ...
2026-10-08T19:42:01.3892488Z # Subtest: four-place inputs preserve eight-place signed products and exact cancellation
2026-10-08T19:42:01.3893786Z ok 245 - four-place inputs preserve eight-place signed products and exact cancellation
2026-10-08T19:42:01.3894585Z   ---
2026-10-08T19:42:01.3894915Z   duration_ms: 0.422459
2026-10-08T19:42:01.3895272Z   ...
2026-10-08T19:42:01.3895957Z # Subtest: the maximum admitted lists retain 47 finite outputs and the exact peak
2026-10-08T19:42:01.3897011Z ok 246 - the maximum admitted lists retain 47 finite outputs and the exact peak
2026-10-08T19:42:01.3897715Z   ---
2026-10-08T19:42:01.3898054Z   duration_ms: 0.648942
2026-10-08T19:42:01.3898436Z   ...
2026-10-08T19:42:01.3899262Z # Subtest: text admission keeps literal values and refuses ambiguous or out-of-domain input
2026-10-08T19:42:01.3900729Z ok 247 - text admission keeps literal values and refuses ambiguous or out-of-domain input
2026-10-08T19:42:01.3901476Z   ---
2026-10-08T19:42:01.3901787Z   duration_ms: 1.460628
2026-10-08T19:42:01.3902132Z   ...
2026-10-08T19:42:01.3902994Z # Subtest: direct numerical callers cannot admit holes, non-numbers, extra precision, or invalid indices
2026-10-08T19:42:01.3904578Z ok 248 - direct numerical callers cannot admit holes, non-numbers, extra precision, or invalid indices
2026-10-08T19:42:01.3905351Z   ---
2026-10-08T19:42:01.3905656Z   duration_ms: 0.790005
2026-10-08T19:42:01.3906003Z   ...
2026-10-08T19:42:01.3906718Z # Subtest: a recorded calculation owns immutable inputs, outputs, and per-index terms
2026-10-08T19:42:01.3908251Z ok 249 - a recorded calculation owns immutable inputs, outputs, and per-index terms
2026-10-08T19:42:01.3908918Z   ---
2026-10-08T19:42:01.3909217Z   duration_ms: 0.794634
2026-10-08T19:42:01.3909559Z   ...
2026-10-08T19:42:01.4043440Z # Subtest: standalone artifact exactly matches sources and contains a valid offline script
2026-10-08T19:42:01.4048060Z ok 250 - standalone artifact exactly matches sources and contains a valid offline script
2026-10-08T19:42:01.4049122Z   ---
2026-10-08T19:42:01.4049686Z   duration_ms: 6.603169
2026-10-08T19:42:01.4050273Z   ...
2026-10-08T19:42:01.4071846Z # Subtest: course survives the existing validator and editable-format round trip
2026-10-08T19:42:01.4073739Z ok 251 - course survives the existing validator and editable-format round trip
2026-10-08T19:42:01.4074778Z   ---
2026-10-08T19:42:01.4075460Z   duration_ms: 2.468121
2026-10-08T19:42:01.4076362Z   ...
2026-10-08T19:42:02.3872646Z # Subtest: literal markup and Unicode in admitted course content cannot close the generated script
2026-10-08T19:42:02.3911923Z ok 252 - literal markup and Unicode in admitted course content cannot close the generated script
2026-10-08T19:42:02.3941226Z   ---
2026-10-08T19:42:02.3942397Z   duration_ms: 16.994218
2026-10-08T19:42:02.3961544Z   ...
2026-10-08T19:42:02.3962708Z # Subtest: check mode reports stale output without replacing a retained artifact
2026-10-08T19:42:02.3964173Z ok 253 - check mode reports stale output without replacing a retained artifact
2026-10-08T19:42:02.3965171Z   ---
2026-10-08T19:42:02.3965795Z   duration_ms: 45.657936
2026-10-08T19:42:02.3966447Z   ...
2026-10-08T19:42:02.3967559Z # Subtest: unexpected UI dependency refuses the build before overwriting its artifact
2026-10-08T19:42:02.3969464Z ok 254 - unexpected UI dependency refuses the build before overwriting its artifact
2026-10-08T19:42:02.3970837Z   ---
2026-10-08T19:42:02.3971511Z   duration_ms: 56.27613
2026-10-08T19:42:02.3972174Z   ...
2026-10-08T19:42:02.3973209Z # Subtest: direct entry paths run the same check, refusal and rebuild commands
2026-10-08T19:42:02.3974244Z     # Subtest: canonical
2026-10-08T19:42:02.3974953Z     ok 1 - canonical
2026-10-08T19:42:02.3975596Z       ---
2026-10-08T19:42:02.3976221Z       duration_ms: 291.061793
2026-10-08T19:42:02.3976893Z       ...
2026-10-08T19:42:02.3977547Z     # Subtest: directory alias
2026-10-08T19:42:02.3978277Z     ok 2 - directory alias
2026-10-08T19:42:02.3978970Z       ---
2026-10-08T19:42:02.3979700Z       duration_ms: 187.971007
2026-10-08T19:42:02.3980329Z       ...
2026-10-08T19:42:02.3981095Z     # Subtest: file alias
2026-10-08T19:42:02.3981677Z     ok 3 - file alias
2026-10-08T19:42:02.3982288Z       ---
2026-10-08T19:42:02.3982894Z       duration_ms: 226.727496
2026-10-08T19:42:02.3983552Z       ...
2026-10-08T19:42:02.3984085Z     1..3
2026-10-08T19:42:02.3985076Z ok 255 - direct entry paths run the same check, refusal and rebuild commands
2026-10-08T19:42:02.3985993Z   ---
2026-10-08T19:42:02.3986541Z   duration_ms: 706.908533
2026-10-08T19:42:02.3987198Z   ...
2026-10-08T19:42:02.3988153Z # Subtest: ordinary imports and missing caller entries do not execute the CLI
2026-10-08T19:42:02.3989449Z ok 256 - ordinary imports and missing caller entries do not execute the CLI
2026-10-08T19:42:02.3990382Z   ---
2026-10-08T19:42:02.3991257Z   duration_ms: 162.544002
2026-10-08T19:42:02.3991982Z   ...
2026-10-08T19:42:02.4103363Z # Subtest: fictional reversal retains denominators and uses common weights only for reference
2026-10-08T19:42:02.4121690Z ok 257 - fictional reversal retains denominators and uses common weights only for reference
2026-10-08T19:42:02.4146131Z   ---
2026-10-08T19:42:02.4149073Z   duration_ms: 5.138299
2026-10-08T19:42:02.4149762Z   ...
2026-10-08T19:42:02.4151132Z # Subtest: ties and conflicting subgroup directions are not a strict reversal
2026-10-08T19:42:02.4152533Z ok 258 - ties and conflicting subgroup directions are not a strict reversal
2026-10-08T19:42:02.4153375Z   ---
2026-10-08T19:42:02.4153888Z   duration_ms: 1.298316
2026-10-08T19:42:02.4156859Z   ...
2026-10-08T19:42:02.4158242Z # Subtest: empty cells remain unavailable unless their reference weight is exactly zero
2026-10-08T19:42:02.4159719Z ok 259 - empty cells remain unavailable unless their reference weight is exactly zero
2026-10-08T19:42:02.4160962Z   ---
2026-10-08T19:42:02.4161493Z   duration_ms: 0.818699
2026-10-08T19:42:02.4162010Z   ...
2026-10-08T19:42:02.4162933Z # Subtest: an entirely empty option has no pooled rate or inferred group mix
2026-10-08T19:42:02.4164245Z ok 260 - an entirely empty option has no pooled rate or inferred group mix
2026-10-08T19:42:02.4165138Z   ---
2026-10-08T19:42:02.4165703Z   duration_ms: 0.38031
2026-10-08T19:42:02.4166311Z   ...
2026-10-08T19:42:02.4167279Z # Subtest: invalid numeric inputs are refused without truncation or coercion
2026-10-08T19:42:02.4168625Z ok 261 - invalid numeric inputs are refused without truncation or coercion
2026-10-08T19:42:02.4169531Z   ---
2026-10-08T19:42:02.4170091Z   duration_ms: 1.261397
2026-10-08T19:42:02.4200983Z   ...
2026-10-08T19:42:02.4231424Z # Subtest: native count entry distinguishes blank and invalid text from zero
2026-10-08T19:42:02.4251414Z ok 262 - native count entry distinguishes blank and invalid text from zero
2026-10-08T19:42:02.4261141Z   ---
2026-10-08T19:42:02.4291551Z   duration_ms: 25.241115
2026-10-08T19:42:02.4320958Z   ...
2026-10-08T19:42:02.4321969Z # Subtest: a strict difference too small for percentage display is not declared equal
2026-10-08T19:42:02.4351565Z ok 263 - a strict difference too small for percentage display is not declared equal
2026-10-08T19:42:02.4381148Z   ---
2026-10-08T19:42:02.4411136Z   duration_ms: 0.548364
2026-10-08T19:42:02.4411763Z   ...
2026-10-08T19:42:02.4431833Z # Subtest: label and group transformations preserve the intended descriptive quantities
2026-10-08T19:42:02.4444507Z ok 264 - label and group transformations preserve the intended descriptive quantities
2026-10-08T19:42:02.4447325Z   ---
2026-10-08T19:42:02.4447916Z   duration_ms: 2.222477
2026-10-08T19:42:02.4448488Z   ...
2026-10-08T19:42:02.4449498Z # Subtest: shared weights preserve both strict subgroup advantages at every permitted mix
2026-10-08T19:42:02.4451292Z ok 265 - shared weights preserve both strict subgroup advantages at every permitted mix
2026-10-08T19:42:02.4452263Z   ---
2026-10-08T19:42:02.4452783Z   duration_ms: 7.944642
2026-10-08T19:42:02.4453355Z   ...
2026-10-08T19:42:02.4454460Z # Subtest: download contains exact inputs, unavailable values and deterministic recomputable fractions
2026-10-08T19:42:02.4456095Z ok 266 - download contains exact inputs, unavailable values and deterministic recomputable fractions
2026-10-08T19:42:02.4457170Z   ---
2026-10-08T19:42:02.4457698Z   duration_ms: 0.985612
2026-10-08T19:42:02.4458277Z   ...
2026-10-08T19:42:02.4459071Z # Subtest: signed homes, exact admission and canonical copies
2026-10-08T19:42:02.4460088Z ok 267 - signed homes, exact admission and canonical copies
2026-10-08T19:42:02.4461086Z   ---
2026-10-08T19:42:02.4461600Z   duration_ms: 3.893184
2026-10-08T19:42:02.4462148Z   ...
2026-10-08T19:42:02.4463119Z # Subtest: search crosses a tombstone and insertion reuses it only after absence proof
2026-10-08T19:42:02.4464544Z ok 268 - search crosses a tombstone and insertion reuses it only after absence proof
2026-10-08T19:42:02.4465519Z   ---
2026-10-08T19:42:02.4466090Z   duration_ms: 1.857049
2026-10-08T19:42:02.4466945Z   ...
2026-10-08T19:42:02.4467867Z # Subtest: a tombstone before an existing key does not create a duplicate
2026-10-08T19:42:02.4469134Z ok 269 - a tombstone before an existing key does not create a duplicate
2026-10-08T19:42:02.4470292Z   ---
2026-10-08T19:42:02.4471224Z   duration_ms: 0.777723
2026-10-08T19:42:02.4471824Z   ...
2026-10-08T19:42:02.4472810Z # Subtest: wraparound, full refusal, duplicate success and full-cycle tombstone reuse
2026-10-08T19:42:02.4474221Z ok 270 - wraparound, full refusal, duplicate success and full-cycle tombstone reuse
2026-10-08T19:42:02.4475120Z   ---
2026-10-08T19:42:02.4475625Z   duration_ms: 0.771301
2026-10-08T19:42:02.4476170Z   ...
2026-10-08T19:42:02.4477097Z # Subtest: probe frames observe the pre-state; only a result frame applies changes
2026-10-08T19:42:02.4478432Z ok 271 - probe frames observe the pre-state; only a result frame applies changes
2026-10-08T19:42:02.4479311Z   ---
2026-10-08T19:42:02.4479896Z   duration_ms: 1.213578
2026-10-08T19:42:02.4480684Z   ...
2026-10-08T19:42:02.4481808Z # Subtest: the original course passes the existing importer and preserves its permission
2026-10-08T19:42:02.4483241Z ok 272 - the original course passes the existing importer and preserves its permission
2026-10-08T19:42:02.4484173Z   ---
2026-10-08T19:42:02.4484684Z   duration_ms: 11.91553
2026-10-08T19:42:02.4485239Z   ...
2026-10-08T19:42:02.4486272Z # Subtest: standalone page is reproducible and embeds the exact downloadable deck text
2026-10-08T19:42:02.4487646Z ok 273 - standalone page is reproducible and embeds the exact downloadable deck text
2026-10-08T19:42:02.4488551Z   ---
2026-10-08T19:42:02.4489069Z   duration_ms: 52.91252
2026-10-08T19:42:02.4489622Z   ...
2026-10-08T19:42:02.4490634Z # Subtest: BKT probabilities stay bounded across repeated evidence
2026-10-08T19:42:02.4491797Z ok 274 - BKT probabilities stay bounded across repeated evidence
2026-10-08T19:42:02.4492558Z   ---
2026-10-08T19:42:02.4493080Z   duration_ms: 7.118541
2026-10-08T19:42:02.4493811Z   ...
2026-10-08T19:42:02.4494854Z # Subtest: correct evidence raises and incorrect evidence lowers posterior for interior prior
2026-10-08T19:42:02.4496327Z ok 275 - correct evidence raises and incorrect evidence lowers posterior for interior prior
2026-10-08T19:42:02.4497280Z   ---
2026-10-08T19:42:02.4497986Z   duration_ms: 0.216355
2026-10-08T19:42:02.4498838Z   ...
2026-10-08T19:42:02.4499643Z # Subtest: parameter validation rejects impossible probabilities
2026-10-08T19:42:02.4500949Z ok 276 - parameter validation rejects impossible probabilities
2026-10-08T19:42:02.4501748Z   ---
2026-10-08T19:42:02.4502259Z   duration_ms: 0.581898
2026-10-08T19:42:02.4502808Z   ...
2026-10-08T19:42:02.4503771Z # Subtest: entropy and information gain have expected bounds and peak near uncertainty
2026-10-08T19:42:02.4505180Z ok 277 - entropy and information gain have expected bounds and peak near uncertainty
2026-10-08T19:42:02.4506080Z   ---
2026-10-08T19:42:02.4506577Z   duration_ms: 1.444369
2026-10-08T19:42:02.4507143Z   ...
2026-10-08T19:42:02.4507796Z # Subtest: selector prioritizes a weak prerequisite and is stable after exhaustion
2026-10-08T19:42:02.4508606Z ok 278 - selector prioritizes a weak prerequisite and is stable after exhaustion
2026-10-08T19:42:02.4509140Z   ---
2026-10-08T19:42:02.4509449Z   duration_ms: 0.422719
2026-10-08T19:42:02.4509775Z   ...
2026-10-08T19:42:02.4510260Z # Subtest: initial mastery creates independent named concept values
2026-10-08T19:42:02.4511565Z ok 279 - initial mastery creates independent named concept values
2026-10-08T19:42:02.4512269Z   ---
2026-10-08T19:42:02.4512588Z   duration_ms: 0.779877
2026-10-08T19:42:02.4512999Z   ...
2026-10-08T19:42:02.4513855Z # Subtest: scripted learner simulation is deterministic, bounded, and distinguishes selector modes
2026-10-08T19:42:02.4515186Z ok 280 - scripted learner simulation is deterministic, bounded, and distinguishes selector modes
2026-10-08T19:42:02.4515956Z   ---
2026-10-08T19:42:02.4516266Z   duration_ms: 0.4921
2026-10-08T19:42:02.4516616Z   ...
2026-10-08T19:42:02.4517346Z # Subtest: written scalars retain exact decimal/fraction intent and bounded admission
2026-10-08T19:42:02.4518477Z ok 281 - written scalars retain exact decimal/fraction intent and bounded admission
2026-10-08T19:42:02.4519481Z   ---
2026-10-08T19:42:02.4519836Z   duration_ms: 2.118538
2026-10-08T19:42:02.4520233Z   ...
2026-10-08T19:42:02.4521347Z # Subtest: noisy example has exact coefficients, each residual, and the minimum identity
2026-10-08T19:42:02.4522628Z ok 282 - noisy example has exact coefficients, each residual, and the minimum identity
2026-10-08T19:42:02.4523306Z   ---
2026-10-08T19:42:02.4523663Z   duration_ms: 1.433428
2026-10-08T19:42:02.4524063Z   ...
2026-10-08T19:42:02.4525077Z # Subtest: changing the middle point changes the intercept and flips residuals without inventing zero SSE
2026-10-08T19:42:02.4526614Z ok 283 - changing the middle point changes the intercept and flips residuals without inventing zero SSE
2026-10-08T19:42:02.4527494Z   ---
2026-10-08T19:42:02.4527851Z   duration_ms: 0.469016
2026-10-08T19:42:02.4528251Z   ...
2026-10-08T19:42:02.4528969Z # Subtest: all authored examples have independently worked exact outcomes
2026-10-08T19:42:02.4530026Z ok 284 - all authored examples have independently worked exact outcomes
2026-10-08T19:42:02.4530954Z   ---
2026-10-08T19:42:02.4531332Z   duration_ms: 2.204117
2026-10-08T19:42:02.4531735Z   ...
2026-10-08T19:42:02.4532676Z # Subtest: all-equal x determines the shared fitted value and minimum, not arbitrary coefficients
2026-10-08T19:42:02.4534104Z ok 285 - all-equal x determines the shared fitted value and minimum, not arbitrary coefficients
2026-10-08T19:42:02.4534948Z   ---
2026-10-08T19:42:02.4535306Z   duration_ms: 1.059108
2026-10-08T19:42:02.4535698Z   ...
2026-10-08T19:42:02.4536731Z # Subtest: ordinary repeated x and duplicate points count as rows; constant y is a valid unique horizontal fit
2026-10-08T19:42:02.4538314Z ok 286 - ordinary repeated x and duplicate points count as rows; constant y is a valid unique horizontal fit
2026-10-08T19:42:02.4539225Z   ---
2026-10-08T19:42:02.4539595Z   duration_ms: 0.710387
2026-10-08T19:42:02.4539988Z   ...
2026-10-08T19:42:02.4541167Z # Subtest: translation, x-unit change and row permutation preserve the appropriate exact quantities
2026-10-08T19:42:02.4542972Z ok 287 - translation, x-unit change and row permutation preserve the appropriate exact quantities
2026-10-08T19:42:02.4543858Z   ---
2026-10-08T19:42:02.4544223Z   duration_ms: 0.800986
2026-10-08T19:42:02.4544630Z   ...
2026-10-08T19:42:02.4545571Z # Subtest: extreme admitted geometry produces copyable exact coefficients without display rounding
2026-10-08T19:42:02.4547016Z ok 288 - extreme admitted geometry produces copyable exact coefficients without display rounding
2026-10-08T19:42:02.4547869Z   ---
2026-10-08T19:42:02.4548230Z   duration_ms: 1.281965
2026-10-08T19:42:02.4548625Z   ...
2026-10-08T19:42:02.4549414Z # Subtest: prediction location uses exact rational comparison at both endpoints
2026-10-08T19:42:02.4550830Z ok 289 - prediction location uses exact rational comparison at both endpoints
2026-10-08T19:42:02.4551558Z   ---
2026-10-08T19:42:02.4551924Z   duration_ms: 1.154196
2026-10-08T19:42:02.4552325Z   ...
2026-10-08T19:42:02.4553003Z # Subtest: zero signed error alone does not minimize the squared criterion
2026-10-08T19:42:02.4554002Z ok 290 - zero signed error alone does not minimize the squared criterion
2026-10-08T19:42:02.4554628Z   ---
2026-10-08T19:42:02.4554981Z   duration_ms: 0.533116
2026-10-08T19:42:02.4555390Z   ...
2026-10-08T19:42:02.4556363Z # Subtest: bounded changed-input corpus satisfies normal equations and direct numerical score comparison
2026-10-08T19:42:02.4557838Z ok 291 - bounded changed-input corpus satisfies normal equations and direct numerical score comparison
2026-10-08T19:42:02.4558738Z   ---
2026-10-08T19:42:02.4559084Z   duration_ms: 45.570513
2026-10-08T19:42:02.4559464Z   ...
2026-10-08T19:42:02.4560313Z # Subtest: invalid inputs refuse without mutating caller rows or leaving a writable result
2026-10-08T19:42:02.4561869Z ok 292 - invalid inputs refuse without mutating caller rows or leaving a writable result
2026-10-08T19:42:02.4562650Z   ---
2026-10-08T19:42:02.4563205Z   duration_ms: 0.934847
2026-10-08T19:42:02.4563563Z   ...
2026-10-08T19:42:02.4564402Z # Subtest: the emitted course uses the real learner format and retains all original worked items
2026-10-08T19:42:02.4565684Z ok 293 - the emitted course uses the real learner format and retains all original worked items
2026-10-08T19:42:02.4566451Z   ---
2026-10-08T19:42:02.4566791Z   duration_ms: 24.816571
2026-10-08T19:42:02.4567170Z   ...
2026-10-08T19:42:02.4568101Z # Subtest: the standalone artifact embeds exact course and guide bytes with no unresolved module dependency
2026-10-08T19:42:02.4569630Z ok 294 - the standalone artifact embeds exact course and guide bytes with no unresolved module dependency
2026-10-08T19:42:02.4570772Z   ---
2026-10-08T19:42:02.4571131Z   duration_ms: 8.823043
2026-10-08T19:42:02.4571514Z   ...
2026-10-08T19:42:02.4572507Z # Subtest: mixed partial save preserves exact native prefix, next item, option orders and uninterrupted continuation
2026-10-08T19:42:02.4574130Z ok 295 - mixed partial save preserves exact native prefix, next item, option orders and uninterrupted continuation
2026-10-08T19:42:02.4575082Z   ---
2026-10-08T19:42:02.4575446Z   duration_ms: 23.394876
2026-10-08T19:42:02.4575839Z   ...
2026-10-08T19:42:02.4576779Z # Subtest: a started lesson with no answers restores the first native question and all initial estimates
2026-10-08T19:42:02.4578247Z ok 296 - a started lesson with no answers restores the first native question and all initial estimates
2026-10-08T19:42:02.4579088Z   ---
2026-10-08T19:42:02.4579431Z   duration_ms: 2.411505
2026-10-08T19:42:02.4579815Z   ...
2026-10-08T19:42:02.4581009Z # Subtest: feedback retains the last chosen option while Next remains the next unanswered question
2026-10-08T19:42:02.4582409Z ok 297 - feedback retains the last chosen option while Next remains the next unanswered question
2026-10-08T19:42:02.4583202Z   ---
2026-10-08T19:42:02.4583579Z   duration_ms: 4.872993
2026-10-08T19:42:02.4583983Z   ...
2026-10-08T19:42:02.4584970Z # Subtest: complete sessions remain in the existing trace format, including its separate practice state
2026-10-08T19:42:02.4586669Z ok 298 - complete sessions remain in the existing trace format, including its separate practice state
2026-10-08T19:42:02.4587523Z   ---
2026-10-08T19:42:02.4587883Z   duration_ms: 8.96101
2026-10-08T19:42:02.4588274Z   ...
2026-10-08T19:42:02.4589141Z # Subtest: course content and array order are bound; harmless JSON object key order is accepted
2026-10-08T19:42:02.4590733Z ok 299 - course content and array order are bound; harmless JSON object key order is accepted
2026-10-08T19:42:02.4591506Z   ---
2026-10-08T19:42:02.4591853Z   duration_ms: 27.54069
2026-10-08T19:42:02.4592232Z   ...
2026-10-08T19:42:02.4592964Z # Subtest: model identity and every BKT parameter must match the native model
2026-10-08T19:42:02.4594058Z ok 300 - model identity and every BKT parameter must match the native model
2026-10-08T19:42:02.4594733Z   ---
2026-10-08T19:42:02.4595072Z   duration_ms: 7.990357
2026-10-08T19:42:02.4595456Z   ...
2026-10-08T19:42:02.4596365Z # Subtest: first answers must form the actual native adaptive prefix with canonical option indices
2026-10-08T19:42:02.4597770Z ok 301 - first answers must form the actual native adaptive prefix with canonical option indices
2026-10-08T19:42:02.4598597Z   ---
2026-10-08T19:42:02.4598955Z   duration_ms: 15.074348
2026-10-08T19:42:02.4599347Z   ...
2026-10-08T19:42:02.4600255Z # Subtest: mastery is replayed at full precision and never accepted from rounded or altered values
2026-10-08T19:42:02.4602074Z ok 302 - mastery is replayed at full precision and never accepted from rounded or altered values
2026-10-08T19:42:02.4602897Z   ---
2026-10-08T19:42:02.4603252Z   duration_ms: 13.013063
2026-10-08T19:42:02.4603654Z   ...
2026-10-08T19:42:02.4604545Z # Subtest: question, feedback and complete per-item permutations are checked before restoration
2026-10-08T19:42:02.4605920Z ok 303 - question, feedback and complete per-item permutations are checked before restoration
2026-10-08T19:42:02.4606932Z   ---
2026-10-08T19:42:02.4607266Z   duration_ms: 10.605292
2026-10-08T19:42:02.4607657Z   ...
2026-10-08T19:42:02.4608734Z # Subtest: successful and refused reads leave caller state untouched and return deeply immutable independent copies
2026-10-08T19:42:02.4610406Z ok 304 - successful and refused reads leave caller state untouched and return deeply immutable independent copies
2026-10-08T19:42:02.4611633Z   ---
2026-10-08T19:42:02.4611985Z   duration_ms: 2.73537
2026-10-08T19:42:02.4612357Z   ...
2026-10-08T19:42:02.4613352Z # Subtest: the JSON boundary rejects malformed, unsupported, deep and oversized files with a UTF-8 byte limit
2026-10-08T19:42:02.4614962Z ok 305 - the JSON boundary rejects malformed, unsupported, deep and oversized files with a UTF-8 byte limit
2026-10-08T19:42:02.4615896Z   ---
2026-10-08T19:42:02.4616265Z   duration_ms: 33.486408
2026-10-08T19:42:02.4616684Z   ...
2026-10-08T19:42:02.4617589Z # Subtest: save times are canonical UTC values and invalid save inputs cannot mutate a session
2026-10-08T19:42:02.4618951Z ok 306 - save times are canonical UTC values and invalid save inputs cannot mutate a session
2026-10-08T19:42:02.4619739Z   ---
2026-10-08T19:42:02.4620099Z   duration_ms: 4.768619
2026-10-08T19:42:02.4620738Z   ...
2026-10-08T19:42:02.4621743Z # Subtest: ordinary course identifiers that match object prototype names survive without shared object mutation
2026-10-08T19:42:02.4623202Z ok 307 - ordinary course identifiers that match object prototype names survive without shared object mutation
2026-10-08T19:42:02.4624059Z   ---
2026-10-08T19:42:02.4624372Z   duration_ms: 1.982714
2026-10-08T19:42:02.4624734Z   ...
2026-10-08T19:42:02.4625568Z # Subtest: the original fourteen-question course passes the real bounded importer and reviewed key
2026-10-08T19:42:02.4626927Z ok 308 - the original fourteen-question course passes the real bounded importer and reviewed key
2026-10-08T19:42:02.4627769Z   ---
2026-10-08T19:42:02.4628210Z   duration_ms: 12.01716
2026-10-08T19:42:02.4628604Z   ...
2026-10-08T19:42:02.4629697Z # Subtest: integer percentages reject malformed input instead of parsing a numeric prefix
2026-10-08T19:42:02.4631359Z ok 309 - integer percentages reject malformed input instead of parsing a numeric prefix
2026-10-08T19:42:02.4632127Z   ---
2026-10-08T19:42:02.4632472Z   duration_ms: 0.939135
2026-10-08T19:42:02.4632845Z   ...
2026-10-08T19:42:02.4633651Z # Subtest: matrix and initial admission reject shape, type, sparse values and wrong totals
2026-10-08T19:42:02.4634923Z ok 310 - matrix and initial admission reject shape, type, sparse values and wrong totals
2026-10-08T19:42:02.4635852Z   ---
2026-10-08T19:42:02.4636208Z   duration_ms: 0.929516
2026-10-08T19:42:02.4636599Z   ...
2026-10-08T19:42:02.4637575Z # Subtest: every preset and independent custom system agree with exact rational weights through step 30
2026-10-08T19:42:02.4639085Z ok 311 - every preset and independent custom system agree with exact rational weights through step 30
2026-10-08T19:42:02.4639952Z   ---
2026-10-08T19:42:02.4640311Z   duration_ms: 15.405507
2026-10-08T19:42:02.4641110Z   ...
2026-10-08T19:42:02.4641956Z # Subtest: mixing has the original worked values and an independent closed-form solution
2026-10-08T19:42:02.4643226Z ok 312 - mixing has the original worked values and an independent closed-form solution
2026-10-08T19:42:02.4643980Z   ---
2026-10-08T19:42:02.4644322Z   duration_ms: 0.61596
2026-10-08T19:42:02.4644697Z   ...
2026-10-08T19:42:02.4645490Z # Subtest: alternation is periodic while its stationary distribution remains fixed
2026-10-08T19:42:02.4646684Z ok 313 - alternation is periodic while its stationary distribution remains fixed
2026-10-08T19:42:02.4647423Z   ---
2026-10-08T19:42:02.4647766Z   duration_ms: 0.874483
2026-10-08T19:42:02.4648155Z   ...
2026-10-08T19:42:02.4649056Z # Subtest: absorbing and two-closed-state systems preserve reachability and initial dependence
2026-10-08T19:42:02.4650669Z ok 314 - absorbing and two-closed-state systems preserve reachability and initial dependence
2026-10-08T19:42:02.4651750Z   ---
2026-10-08T19:42:02.4652114Z   duration_ms: 2.084785
2026-10-08T19:42:02.4652513Z   ...
2026-10-08T19:42:02.4653388Z # Subtest: step zero, bounds, copied inputs and deep immutability keep an observation coherent
2026-10-08T19:42:02.4654701Z ok 315 - step zero, bounds, copied inputs and deep immutability keep an observation coherent
2026-10-08T19:42:02.4655506Z   ---
2026-10-08T19:42:02.4655857Z   duration_ms: 0.554576
2026-10-08T19:42:02.4656236Z   ...
2026-10-08T19:42:02.4657095Z # Subtest: observation export binds applied inputs, selected step and full computed precision
2026-10-08T19:42:02.4658471Z ok 316 - observation export binds applied inputs, selected step and full computed precision
2026-10-08T19:42:02.4659294Z   ---
2026-10-08T19:42:02.4659652Z   duration_ms: 2.43578
2026-10-08T19:42:02.4660045Z   ...
2026-10-08T19:42:02.4661421Z # Subtest: the direct-open explorer contains exact course bytes and matches the maintained builder
2026-10-08T19:42:02.4662882Z ok 317 - the direct-open explorer contains exact course bytes and matches the maintained builder
2026-10-08T19:42:02.4663748Z   ---
2026-10-08T19:42:02.4664118Z   duration_ms: 56.609819
2026-10-08T19:42:02.4664521Z   ...
2026-10-08T19:42:02.4665172Z # Independent arithmetic cases: 1458; finite rows received: 14580
2026-10-08T19:42:02.4666182Z # Subtest: six worked examples distinguish base, step and finite evidence
2026-10-08T19:42:02.4667236Z ok 318 - six worked examples distinguish base, step and finite evidence
2026-10-08T19:42:02.4667953Z   ---
2026-10-08T19:42:02.4668288Z   duration_ms: 6.338371
2026-10-08T19:42:02.4668648Z   ...
2026-10-08T19:42:02.4670978Z # Subtest: independent finite sums and differences receive 1458 bounded exact certificates
2026-10-08T19:42:02.4672221Z ok 319 - independent finite sums and differences receive 1458 bounded exact certificates
2026-10-08T19:42:02.4672950Z   ---
2026-10-08T19:42:02.4673269Z   duration_ms: 148.832874
2026-10-08T19:42:02.4673643Z   ...
2026-10-08T19:42:02.4674563Z # Subtest: coefficient extremes and denominator bounds preserve exact arithmetic
2026-10-08T19:42:02.4675658Z ok 320 - coefficient extremes and denominator bounds preserve exact arithmetic
2026-10-08T19:42:02.4676327Z   ---
2026-10-08T19:42:02.4676649Z   duration_ms: 1.019174
2026-10-08T19:42:02.4677001Z   ...
2026-10-08T19:42:02.4693636Z # Subtest: equivalent rational representation and zero denominator refusal
2026-10-08T19:42:02.4694781Z ok 321 - equivalent rational representation and zero denominator refusal
2026-10-08T19:42:02.4695471Z   ---
2026-10-08T19:42:02.4695837Z   duration_ms: 0.701941
2026-10-08T19:42:02.4696238Z   ...
2026-10-08T19:42:02.4697100Z # Subtest: strict admission rejects malformed, missing, fractional and out-of-range inputs
2026-10-08T19:42:02.4698428Z ok 322 - strict admission rejects malformed, missing, fractional and out-of-range inputs
2026-10-08T19:42:02.4699223Z   ---
2026-10-08T19:42:02.4699581Z   duration_ms: 1.094534
2026-10-08T19:42:02.4699987Z   ...
2026-10-08T19:42:02.4700966Z # Subtest: accepted inputs and every exported record branch are immutable
2026-10-08T19:42:02.4702056Z ok 323 - accepted inputs and every exported record branch are immutable
2026-10-08T19:42:02.4702750Z   ---
2026-10-08T19:42:02.4703115Z   duration_ms: 0.595673
2026-10-08T19:42:02.4703522Z   ...
2026-10-08T19:42:02.4704401Z # Subtest: course uses unchanged native deck contract and frozen independent question wording
2026-10-08T19:42:02.4705791Z ok 324 - course uses unchanged native deck contract and frozen independent question wording
2026-10-08T19:42:02.4706617Z   ---
2026-10-08T19:42:02.4706993Z   duration_ms: 13.94965
2026-10-08T19:42:02.4707385Z   ...
2026-10-08T19:42:02.4708339Z # Subtest: the original course is admitted by the existing deck contract with all four concepts covered
2026-10-08T19:42:02.4709839Z ok 325 - the original course is admitted by the existing deck contract with all four concepts covered
2026-10-08T19:42:02.4711377Z   ---
2026-10-08T19:42:02.4711752Z   duration_ms: 3.496893
2026-10-08T19:42:02.4712165Z   ...
2026-10-08T19:42:02.4713008Z # Subtest: answer positions are balanced and no correct option is uniquely the longest
2026-10-08T19:42:02.4714278Z ok 326 - answer positions are balanced and no correct option is uniquely the longest
2026-10-08T19:42:02.4715059Z   ---
2026-10-08T19:42:02.4715404Z   duration_ms: 0.317413
2026-10-08T19:42:02.4715798Z   ...
2026-10-08T19:42:02.4716801Z # Subtest: each numerical answer uses the stated correction sign, denominator or independence assumption
2026-10-08T19:42:02.4718358Z ok 327 - each numerical answer uses the stated correction sign, denominator or independence assumption
2026-10-08T19:42:02.4719229Z   ---
2026-10-08T19:42:02.4719571Z   duration_ms: 0.387935
2026-10-08T19:42:02.4719951Z   ...
2026-10-08T19:42:02.4721328Z # Subtest: standalone artifact is deterministic, preserves the exact deck bytes and contains executable classic scripts
2026-10-08T19:42:02.4723099Z ok 328 - standalone artifact is deterministic, preserves the exact deck bytes and contains executable classic scripts
2026-10-08T19:42:02.4724087Z   ---
2026-10-08T19:42:02.4724450Z   duration_ms: 4.1056
2026-10-08T19:42:02.4724848Z   ...
2026-10-08T19:42:02.4725887Z # Subtest: worked four-reading budget distinguishes raw mean, correction, sample scatter and mean uncertainty
2026-10-08T19:42:02.4727493Z ok 329 - worked four-reading budget distinguishes raw mean, correction, sample scatter and mean uncertainty
2026-10-08T19:42:02.4728416Z   ---
2026-10-08T19:42:02.4728775Z   duration_ms: 2.444837
2026-10-08T19:42:02.4729171Z   ...
2026-10-08T19:42:02.4730150Z # Subtest: a shared additive correction shifts the estimate without changing either uncertainty component
2026-10-08T19:42:02.4731943Z ok 330 - a shared additive correction shifts the estimate without changing either uncertainty component
2026-10-08T19:42:02.4732813Z   ---
2026-10-08T19:42:02.4733143Z   duration_ms: 0.357057
2026-10-08T19:42:02.4733527Z   ...
2026-10-08T19:42:02.4734824Z # Subtest: identical readings retain a nonzero shared component and are not rejected for numerical repetition
2026-10-08T19:42:02.4736495Z ok 331 - identical readings retain a nonzero shared component and are not rejected for numerical repetition
2026-10-08T19:42:02.4737378Z   ---
2026-10-08T19:42:02.4737719Z   duration_ms: 1.553031
2026-10-08T19:42:02.4738103Z   ...
2026-10-08T19:42:02.4739172Z # Subtest: future independent sample sizes hold shared calibration fixed while repeatability shrinks by square root
2026-10-08T19:42:02.4741267Z ok 332 - future independent sample sizes hold shared calibration fixed while repeatability shrinks by square root
2026-10-08T19:42:02.4742231Z   ---
2026-10-08T19:42:02.4742595Z   duration_ms: 0.507448
2026-10-08T19:42:02.4742997Z   ...
2026-10-08T19:42:02.4743925Z # Subtest: shared covariance gives the same calibration contribution for a mean of any sample size
2026-10-08T19:42:02.4745348Z ok 333 - shared covariance gives the same calibration contribution for a mean of any sample size
2026-10-08T19:42:02.4746199Z   ---
2026-10-08T19:42:02.4746570Z   duration_ms: 0.329044
2026-10-08T19:42:02.4746980Z   ...
2026-10-08T19:42:02.4747871Z # Subtest: compensated raw means preserve small residuals after large opposing readings cancel
2026-10-08T19:42:02.4749249Z ok 334 - compensated raw means preserve small residuals after large opposing readings cancel
2026-10-08T19:42:02.4750072Z   ---
2026-10-08T19:42:02.4750686Z   duration_ms: 0.306522
2026-10-08T19:42:02.4751080Z   ...
2026-10-08T19:42:02.4751996Z # Subtest: centered scatter remains meaningful for a large shared offset and at supported extremes
2026-10-08T19:42:02.4753445Z ok 335 - centered scatter remains meaningful for a large shared offset and at supported extremes
2026-10-08T19:42:02.4754279Z   ---
2026-10-08T19:42:02.4754627Z   duration_ms: 0.42816
2026-10-08T19:42:02.4754998Z   ...
2026-10-08T19:42:02.4755961Z # Subtest: reordering observations preserves the summary but does not assert statistical independence
2026-10-08T19:42:02.4757765Z ok 336 - reordering observations preserves the summary but does not assert statistical independence
2026-10-08T19:42:02.4758750Z   ---
2026-10-08T19:42:02.4759116Z   duration_ms: 1.045052
2026-10-08T19:42:02.4759515Z   ...
2026-10-08T19:42:02.4760409Z # Subtest: input parsing keeps every observation and refuses malformed or missing comma fields
2026-10-08T19:42:02.4762033Z ok 337 - input parsing keeps every observation and refuses malformed or missing comma fields
2026-10-08T19:42:02.4762846Z   ---
2026-10-08T19:42:02.4763214Z   duration_ms: 4.755845
2026-10-08T19:42:02.4763600Z   ...
2026-10-08T19:42:02.4764405Z # Subtest: supported magnitude and nonnegative half-width boundaries are explicit
2026-10-08T19:42:02.4765582Z ok 338 - supported magnitude and nonnegative half-width boundaries are explicit
2026-10-08T19:42:02.4766312Z   ---
2026-10-08T19:42:02.4766671Z   duration_ms: 0.763567
2026-10-08T19:42:02.4767073Z   ...
2026-10-08T19:42:02.4774265Z # Subtest: public calculations reject missing observations and invalid forecast counts
2026-10-08T19:42:02.4775558Z ok 339 - public calculations reject missing observations and invalid forecast counts
2026-10-08T19:42:02.4776281Z   ---
2026-10-08T19:42:02.4776629Z   duration_ms: 0.606453
2026-10-08T19:42:02.4777008Z   ...
2026-10-08T19:42:02.4777818Z # Subtest: calculation snapshots do not mutate caller arrays or change after later edits
2026-10-08T19:42:02.4779066Z ok 340 - calculation snapshots do not mutate caller arrays or change after later edits
2026-10-08T19:42:02.4779834Z   ---
2026-10-08T19:42:02.4780269Z   duration_ms: 3.344488
2026-10-08T19:42:02.4780901Z   ...
2026-10-08T19:42:02.4781894Z # Subtest: the original twelve-item course has native schema, prerequisite closure and exact export/reopen
2026-10-08T19:42:02.4783440Z ok 341 - the original twelve-item course has native schema, prerequisite closure and exact export/reopen
2026-10-08T19:42:02.4784330Z   ---
2026-10-08T19:42:02.4784688Z   duration_ms: 2.682251
2026-10-08T19:42:02.4785078Z   ...
2026-10-08T19:42:02.4786295Z # Subtest: correct course answers complete the actual selector, separate practice and literal study notes
2026-10-08T19:42:02.4787811Z ok 342 - correct course answers complete the actual selector, separate practice and literal study notes
2026-10-08T19:42:02.4788675Z   ---
2026-10-08T19:42:02.4789020Z   duration_ms: 13.132303
2026-10-08T19:42:02.4789404Z   ...
2026-10-08T19:42:02.4790309Z # Subtest: mixed course answers complete the actual selector, separate practice and literal study notes
2026-10-08T19:42:02.4792013Z ok 343 - mixed course answers complete the actual selector, separate practice and literal study notes
2026-10-08T19:42:02.4792848Z   ---
2026-10-08T19:42:02.4793188Z   duration_ms: 2.065588
2026-10-08T19:42:02.4793583Z   ...
2026-10-08T19:42:02.4794558Z # Subtest: missed course answers complete the actual selector, separate practice and literal study notes
2026-10-08T19:42:02.4796033Z ok 344 - missed course answers complete the actual selector, separate practice and literal study notes
2026-10-08T19:42:02.4797634Z   ---
2026-10-08T19:42:02.4798042Z   duration_ms: 1.455239
2026-10-08T19:42:02.4798454Z   ...
2026-10-08T19:42:02.4799358Z # Subtest: the direct-open artifact is deterministic and embeds the exact validated course text
2026-10-08T19:42:02.4800964Z ok 345 - the direct-open artifact is deterministic and embeds the exact validated course text
2026-10-08T19:42:02.4801801Z   ---
2026-10-08T19:42:02.4802159Z   duration_ms: 1.954471
2026-10-08T19:42:02.4802562Z   ...
2026-10-08T19:42:02.4803482Z # Subtest: CLI check through a symlink refuses stale output and accepts the exact current artifact
2026-10-08T19:42:02.4804879Z ok 346 - CLI check through a symlink refuses stale output and accepts the exact current artifact
2026-10-08T19:42:02.4805697Z   ---
2026-10-08T19:42:02.4806047Z   duration_ms: 89.479272
2026-10-08T19:42:02.4806429Z   ...
2026-10-08T19:42:02.4807141Z # Subtest: gametes carry one allele per locus and preserve equal segregation
2026-10-08T19:42:02.4808510Z ok 347 - gametes carry one allele per locus and preserve equal segregation
2026-10-08T19:42:02.4809210Z   ---
2026-10-08T19:42:02.4809558Z   duration_ms: 3.122092
2026-10-08T19:42:02.4809950Z   ...
2026-10-08T19:42:02.4811407Z # Subtest: Aa × Aa keeps both heterozygote routes and distinguishes genotype from phenotype
2026-10-08T19:42:02.4813038Z ok 348 - Aa × Aa keeps both heterozygote routes and distinguishes genotype from phenotype
2026-10-08T19:42:02.4813843Z   ---
2026-10-08T19:42:02.4814195Z   duration_ms: 1.268229
2026-10-08T19:42:02.4814604Z   ...
2026-10-08T19:42:02.4815363Z # Subtest: test crosses and complementary homozygotes have their own outcomes
2026-10-08T19:42:02.4816464Z ok 349 - test crosses and complementary homozygotes have their own outcomes
2026-10-08T19:42:02.4817076Z   ---
2026-10-08T19:42:02.4817390Z   duration_ms: 2.390206
2026-10-08T19:42:02.4817742Z   ...
2026-10-08T19:42:02.4818661Z # Subtest: the sixteen-route cross gives nine genotypes and 9:3:3:1 only under its stated assumptions
2026-10-08T19:42:02.4820018Z ok 350 - the sixteen-route cross gives nine genotypes and 9:3:3:1 only under its stated assumptions
2026-10-08T19:42:02.4821354Z   ---
2026-10-08T19:42:02.4821682Z   duration_ms: 0.763707
2026-10-08T19:42:02.4822041Z   ...
2026-10-08T19:42:02.4822968Z # Subtest: asymmetric AABb × Aabb derives the course answer without a memorized ratio
2026-10-08T19:42:02.4824286Z ok 351 - asymmetric AABb × Aabb derives the course answer without a memorized ratio
2026-10-08T19:42:02.4824985Z   ---
2026-10-08T19:42:02.4825302Z   duration_ms: 0.649614
2026-10-08T19:42:02.4825652Z   ...
2026-10-08T19:42:02.4826575Z # Subtest: all 90 bounded parent pairs agree with the allele-copy oracle, conserve probability and commute
2026-10-08T19:42:02.4827998Z ok 352 - all 90 bounded parent pairs agree with the allele-copy oracle, conserve probability and commute
2026-10-08T19:42:02.4828807Z   ---
2026-10-08T19:42:02.4829121Z   duration_ms: 21.016856
2026-10-08T19:42:02.4829496Z   ...
2026-10-08T19:42:02.4830141Z # Subtest: unsupported inputs cannot become a silently different cross
2026-10-08T19:42:02.4831535Z ok 353 - unsupported inputs cannot become a silently different cross
2026-10-08T19:42:02.4832155Z   ---
2026-10-08T19:42:02.4832475Z   duration_ms: 0.86135
2026-10-08T19:42:02.4832822Z   ...
2026-10-08T19:42:02.4833556Z # Subtest: a saved cross is a complete immutable record with explicit model boundaries
2026-10-08T19:42:02.4834676Z ok 354 - a saved cross is a complete immutable record with explicit model boundaries
2026-10-08T19:42:02.4835352Z   ---
2026-10-08T19:42:02.4835661Z   duration_ms: 0.896014
2026-10-08T19:42:02.4836019Z   ...
2026-10-08T19:42:03.4580132Z # Subtest: rerouting cancels one exact original edge and increases total flow
2026-10-08T19:42:03.4621741Z ok 355 - rerouting cancels one exact original edge and increases total flow
2026-10-08T19:42:03.4622836Z   ---
2026-10-08T19:42:03.4635436Z   duration_ms: 5.479026
2026-10-08T19:42:03.4638613Z   ...
2026-10-08T19:42:03.4642177Z # Subtest: all worked presets meet independent cuts and conservation
2026-10-08T19:42:03.4643413Z ok 356 - all worked presets meet independent cuts and conservation
2026-10-08T19:42:03.4644239Z   ---
2026-10-08T19:42:03.4644795Z   duration_ms: 4.904031
2026-10-08T19:42:03.4645376Z   ...
2026-10-08T19:42:03.4646404Z # Subtest: opposite original edge and cancellation remain two residual options
2026-10-08T19:42:03.4647804Z ok 357 - opposite original edge and cancellation remain two residual options
2026-10-08T19:42:03.4648790Z   ---
2026-10-08T19:42:03.4649422Z   duration_ms: 0.641368
2026-10-08T19:42:03.4650077Z   ...
2026-10-08T19:42:03.4651393Z # Subtest: all 4096 directed unit-capacity four-vertex networks match exhaustive cuts
2026-10-08T19:42:03.4652878Z ok 358 - all 4096 directed unit-capacity four-vertex networks match exhaustive cuts
2026-10-08T19:42:03.4653919Z   ---
2026-10-08T19:42:03.4654515Z   duration_ms: 691.35962
2026-10-08T19:42:03.4655213Z   ...
2026-10-08T19:42:03.4658277Z # Subtest: seeded integer networks up to eight vertices match cut enumeration
2026-10-08T19:42:03.4659494Z ok 359 - seeded integer networks up to eight vertices match cut enumeration
2026-10-08T19:42:03.4661647Z   ---
2026-10-08T19:42:03.4662283Z   duration_ms: 427.712293
2026-10-08T19:42:03.4662972Z   ...
2026-10-08T19:42:03.4663933Z # Subtest: empty, direct, zero and irrelevant source/sink reverse edges
2026-10-08T19:42:03.4665159Z ok 360 - empty, direct, zero and irrelevant source/sink reverse edges
2026-10-08T19:42:03.4667997Z   ---
2026-10-08T19:42:03.4669195Z   duration_ms: 0.291631
2026-10-08T19:42:03.4669915Z   ...
2026-10-08T19:42:03.4671162Z # Subtest: input and every retained snapshot are detached and immutable
2026-10-08T19:42:03.4672519Z ok 361 - input and every retained snapshot are detached and immutable
2026-10-08T19:42:03.4673479Z   ---
2026-10-08T19:42:03.4674136Z   duration_ms: 0.949635
2026-10-08T19:42:03.4674850Z   ...
2026-10-08T19:42:03.4675777Z # Subtest: structural and numeric refusals happen before solving
2026-10-08T19:42:03.4677041Z ok 362 - structural and numeric refusals happen before solving
2026-10-08T19:42:03.4677950Z   ---
2026-10-08T19:42:03.4678578Z   duration_ms: 0.924669
2026-10-08T19:42:03.4679247Z   ...
2026-10-08T19:42:03.4681368Z # Subtest: text parsing and observation downloads preserve the applied inputs
2026-10-08T19:42:03.4682812Z ok 363 - text parsing and observation downloads preserve the applied inputs
2026-10-08T19:42:03.4683788Z   ---
2026-10-08T19:42:03.4684393Z   duration_ms: 1.996923
2026-10-08T19:42:03.4685009Z   ...
2026-10-08T19:42:03.4685989Z # Subtest: original course is accepted by the unchanged native deck validator
2026-10-08T19:42:03.4687483Z ok 364 - original course is accepted by the unchanged native deck validator
2026-10-08T19:42:03.4688504Z   ---
2026-10-08T19:42:03.4689130Z   duration_ms: 1.449564
2026-10-08T19:42:03.4689799Z   ...
2026-10-08T19:42:03.4690985Z # Subtest: the standalone explorer matches its exact maintained inputs
2026-10-08T19:42:03.4692312Z ok 365 - the standalone explorer matches its exact maintained inputs
2026-10-08T19:42:03.4693541Z   ---
2026-10-08T19:42:03.4694224Z   duration_ms: 48.847795
2026-10-08T19:42:03.4694888Z   ...
2026-10-08T19:42:03.4821237Z # Subtest: small dyadic arithmetic keeps exact operand and result values
2026-10-08T19:42:03.4851791Z ok 366 - small dyadic arithmetic keeps exact operand and result values
2026-10-08T19:42:03.4893999Z   ---
2026-10-08T19:42:03.4894554Z   duration_ms: 2.260443
2026-10-08T19:42:03.4895069Z   ...
2026-10-08T19:42:03.4895891Z # Subtest: decimal sum retains exact conversion and operation contributions
2026-10-08T19:42:03.4897026Z ok 367 - decimal sum retains exact conversion and operation contributions
2026-10-08T19:42:03.4898307Z   ---
2026-10-08T19:42:03.4898785Z   duration_ms: 0.438078
2026-10-08T19:42:03.4899280Z   ...
2026-10-08T19:42:03.4900111Z # Subtest: conversion can erase a difference while subtraction itself is exact
2026-10-08T19:42:03.4904672Z ok 368 - conversion can erase a difference while subtraction itself is exact
2026-10-08T19:42:03.4905496Z   ---
2026-10-08T19:42:03.4906115Z   duration_ms: 0.282357
2026-10-08T19:42:03.4906588Z   ...
2026-10-08T19:42:03.4907172Z # Subtest: operation rounding can lose an exact integer step
2026-10-08T19:42:03.4907982Z ok 369 - operation rounding can lose an exact integer step
2026-10-08T19:42:03.4908518Z   ---
2026-10-08T19:42:03.4908836Z   duration_ms: 0.327862
2026-10-08T19:42:03.4909198Z   ...
2026-10-08T19:42:03.4909950Z # Subtest: nonzero signed contributions can cancel at an exactly represented result
2026-10-08T19:42:03.4911368Z ok 370 - nonzero signed contributions can cancel at an exactly represented result
2026-10-08T19:42:03.4912056Z   ---
2026-10-08T19:42:03.4912368Z   duration_ms: 0.328304
2026-10-08T19:42:03.4912723Z   ...
2026-10-08T19:42:03.4913644Z # Subtest: individual exact integers outside the safe interval are kept distinct from the API guarantee
2026-10-08T19:42:03.4915042Z ok 371 - individual exact integers outside the safe interval are kept distinct from the API guarantee
2026-10-08T19:42:03.4916110Z   ---
2026-10-08T19:42:03.4916429Z   duration_ms: 1.100316
2026-10-08T19:42:03.4916775Z   ...
2026-10-08T19:42:03.4917392Z # Subtest: signs, exact raw strings and negative zero remain explicit
2026-10-08T19:42:03.4918302Z ok 372 - signs, exact raw strings and negative zero remain explicit
2026-10-08T19:42:03.4918876Z   ---
2026-10-08T19:42:03.4919184Z   duration_ms: 0.316852
2026-10-08T19:42:03.4919532Z   ...
2026-10-08T19:42:03.4920230Z # Subtest: the declared decimal input bounds admit edges and refuse other syntax
2026-10-08T19:42:03.4921499Z ok 373 - the declared decimal input bounds admit edges and refuse other syntax
2026-10-08T19:42:03.4922153Z   ---
2026-10-08T19:42:03.4922459Z   duration_ms: 1.400937
2026-10-08T19:42:03.4922808Z   ...
2026-10-08T19:42:03.4923475Z # Subtest: worked records are complete, deterministic and deeply immutable
2026-10-08T19:42:03.4924455Z ok 374 - worked records are complete, deterministic and deeply immutable
2026-10-08T19:42:03.4925092Z   ---
2026-10-08T19:42:03.4925414Z   duration_ms: 2.140318
2026-10-08T19:42:03.4925764Z   ...
2026-10-08T19:42:03.4926609Z # Subtest: the original lesson passes the unchanged native deck contract with exact export parity
2026-10-08T19:42:03.4927918Z ok 375 - the original lesson passes the unchanged native deck contract with exact export parity
2026-10-08T19:42:03.4928676Z   ---
2026-10-08T19:42:03.4928998Z   duration_ms: 11.662414
2026-10-08T19:42:03.4929359Z   ...
2026-10-08T19:42:03.4930221Z # Subtest: language-specific worked examples agree with actual native Number and BigInt operations
2026-10-08T19:42:03.4938271Z ok 376 - language-specific worked examples agree with actual native Number and BigInt operations
2026-10-08T19:42:03.4939064Z   ---
2026-10-08T19:42:03.4939373Z   duration_ms: 0.250067
2026-10-08T19:42:03.4939733Z   ...
2026-10-08T19:42:03.4940702Z # Subtest: the directly openable explorer is an exact build of its native inputs
2026-10-08T19:42:03.4941798Z ok 377 - the directly openable explorer is an exact build of its native inputs
2026-10-08T19:42:03.4942692Z   ---
2026-10-08T19:42:03.4943016Z   duration_ms: 57.574341
2026-10-08T19:42:03.4943375Z   ...
2026-10-08T19:42:03.4943964Z # Subtest: embedded lesson download preserves exact source bytes
2026-10-08T19:42:03.4944815Z ok 378 - embedded lesson download preserves exact source bytes
2026-10-08T19:42:03.4945374Z   ---
2026-10-08T19:42:03.4945687Z   duration_ms: 24.876203
2026-10-08T19:42:03.4946049Z   ...
2026-10-08T19:42:03.4946712Z # Subtest: the original phasor course meets the complete native deck contract
2026-10-08T19:42:03.4947778Z ok 379 - the original phasor course meets the complete native deck contract
2026-10-08T19:42:03.4948440Z   ---
2026-10-08T19:42:03.4948765Z   duration_ms: 4.49101
2026-10-08T19:42:03.4949127Z   ...
2026-10-08T19:42:03.4949976Z # Subtest: the unchanged native selector reaches every imported item with bounded mastery estimates
2026-10-08T19:42:03.4951661Z ok 380 - the unchanged native selector reaches every imported item with bounded mastery estimates
2026-10-08T19:42:03.4952486Z   ---
2026-10-08T19:42:03.4952818Z   duration_ms: 16.489976
2026-10-08T19:42:03.4953206Z   ...
2026-10-08T19:42:03.4954013Z # Subtest: course answer identities agree with the separately solved blind receiving key
2026-10-08T19:42:03.4955264Z ok 381 - course answer identities agree with the separately solved blind receiving key
2026-10-08T19:42:03.4956002Z   ---
2026-10-08T19:42:03.4956342Z   duration_ms: 0.488072
2026-10-08T19:42:03.4956720Z   ...
2026-10-08T19:42:03.4957589Z # Subtest: the 3 + 4i example has amplitude five and the independently derived cosine projections
2026-10-08T19:42:03.4958940Z ok 382 - the 3 + 4i example has amplitude five and the independently derived cosine projections
2026-10-08T19:42:03.4959700Z   ---
2026-10-08T19:42:03.4960040Z   duration_ms: 6.247552
2026-10-08T19:42:03.4960420Z   ...
2026-10-08T19:42:03.4966896Z # Subtest: admission refuses omitted, blank, nonfinite, coerced and out-of-range settings
2026-10-08T19:42:03.4977172Z ok 383 - admission refuses omitted, blank, nonfinite, coerced and out-of-range settings
2026-10-08T19:42:03.4979399Z   ---
2026-10-08T19:42:03.4979750Z   duration_ms: 16.15211
2026-10-08T19:42:03.4981544Z   ...
2026-10-08T19:42:03.4984023Z # Subtest: equal opposite waves cancel exactly at arbitrary common rotations and both half-turn signs
2026-10-08T19:42:03.4986899Z ok 384 - equal opposite waves cancel exactly at arbitrary common rotations and both half-turn signs
2026-10-08T19:42:03.4989144Z   ---
2026-10-08T19:42:03.4989477Z   duration_ms: 7.619385
2026-10-08T19:42:03.4991412Z   ...
2026-10-08T19:42:03.4993689Z # Subtest: zero input and one absent component have distinct well-defined amplitude behavior
2026-10-08T19:42:03.4996410Z ok 385 - zero input and one absent component have distinct well-defined amplitude behavior
2026-10-08T19:42:03.4998682Z   ---
2026-10-08T19:42:03.4999033Z   duration_ms: 1.51104
2026-10-08T19:42:03.5001024Z   ...
2026-10-08T19:42:03.5003324Z # Subtest: a small real residual is retained instead of being relabeled exact cancellation
2026-10-08T19:42:03.5006069Z ok 386 - a small real residual is retained instead of being relabeled exact cancellation
2026-10-08T19:42:03.5009337Z   ---
2026-10-08T19:42:03.5009670Z   duration_ms: 1.529047
2026-10-08T19:42:03.5011471Z   ...
2026-10-08T19:42:03.5012415Z # Subtest: common rotation preserves magnitude and cycle average while moving the real projection
2026-10-08T19:42:03.5016524Z ok 387 - common rotation preserves magnitude and cycle average while moving the real projection
2026-10-08T19:42:03.5017460Z   ---
2026-10-08T19:42:03.5017848Z   duration_ms: 2.741912
2026-10-08T19:42:03.5018241Z   ...
2026-10-08T19:42:03.5026710Z # Subtest: principal phase respects the branch cut and zero never acquires a fabricated angle
2026-10-08T19:42:03.5028124Z ok 388 - principal phase respects the branch cut and zero never acquires a fabricated angle
2026-10-08T19:42:03.5028882Z   ---
2026-10-08T19:42:03.5029210Z   duration_ms: 1.551979
2026-10-08T19:42:03.5029579Z   ...
2026-10-08T19:42:03.5031020Z # Subtest: independent real-signal equations, amplitude law and full-cycle numerical averages agree
2026-10-08T19:42:03.5051455Z ok 389 - independent real-signal equations, amplitude law and full-cycle numerical averages agree
2026-10-08T19:42:03.5052347Z   ---
2026-10-08T19:42:03.5052724Z   duration_ms: 133.398416
2026-10-08T19:42:03.5053130Z   ...
2026-10-08T19:42:03.5053964Z # Subtest: changing frequency changes seconds but keeps every fixed-cycle signal value
2026-10-08T19:42:03.5055207Z ok 390 - changing frequency changes seconds but keeps every fixed-cycle signal value
2026-10-08T19:42:03.5055959Z   ---
2026-10-08T19:42:03.5056321Z   duration_ms: 1.261867
2026-10-08T19:42:03.5056717Z   ...
2026-10-08T19:42:03.5057457Z # Subtest: cursor changes select a point without rewriting the two-cycle trace
2026-10-08T19:42:03.5058585Z ok 391 - cursor changes select a point without rewriting the two-cycle trace
2026-10-08T19:42:03.5059309Z   ---
2026-10-08T19:42:03.5059658Z   duration_ms: 1.977745
2026-10-08T19:42:03.5060057Z   ...
2026-10-08T19:42:03.5061048Z # Subtest: a snapshot copies inputs and freezes all nested numerical results
2026-10-08T19:42:03.5062131Z ok 392 - a snapshot copies inputs and freezes all nested numerical results
2026-10-08T19:42:03.5062817Z   ---
2026-10-08T19:42:03.5063189Z   duration_ms: 0.611843
2026-10-08T19:42:03.5063572Z   ...
2026-10-08T19:42:03.5064505Z # Subtest: JSON exports the checked snapshot, explicit assumptions and undefined zero phase as null
2026-10-08T19:42:03.5065919Z ok 393 - JSON exports the checked snapshot, explicit assumptions and undefined zero phase as null
2026-10-08T19:42:03.5091028Z   ---
2026-10-08T19:42:03.5091435Z   duration_ms: 3.042414
2026-10-08T19:42:03.5091840Z   ...
2026-10-08T19:42:03.5092670Z # Subtest: CSV preserves all 129 full-precision samples and all six experiment settings
2026-10-08T19:42:03.5093949Z ok 394 - CSV preserves all 129 full-precision samples and all six experiment settings
2026-10-08T19:42:03.5095004Z   ---
2026-10-08T19:42:03.5095371Z   duration_ms: 3.49546
2026-10-08T19:42:03.5095765Z   ...
2026-10-08T19:42:03.5096565Z # Subtest: display formatting retains zero sign policy and small nonzero values
2026-10-08T19:42:03.5097707Z ok 395 - display formatting retains zero sign policy and small nonzero values
2026-10-08T19:42:03.5098384Z   ---
2026-10-08T19:42:03.5098712Z   duration_ms: 0.303397
2026-10-08T19:42:03.5099080Z   ...
2026-10-08T19:42:03.5099877Z # Subtest: constant rate accumulates with units and negative rate retains direction
2026-10-08T19:42:03.5101381Z ok 396 - constant rate accumulates with units and negative rate retains direction
2026-10-08T19:42:03.5102123Z   ---
2026-10-08T19:42:03.5102462Z   duration_ms: 5.431667
2026-10-08T19:42:03.5102833Z   ...
2026-10-08T19:42:03.5103607Z # Subtest: out-and-back prefixes retain signed and absolute accumulation separately
2026-10-08T19:42:03.5104830Z ok 397 - out-and-back prefixes retain signed and absolute accumulation separately
2026-10-08T19:42:03.5105530Z   ---
2026-10-08T19:42:03.5105866Z   duration_ms: 1.810373
2026-10-08T19:42:03.5106265Z   ...
2026-10-08T19:42:03.5106917Z # Subtest: an interior zero is split before distance accumulation
2026-10-08T19:42:03.5107831Z ok 398 - an interior zero is split before distance accumulation
2026-10-08T19:42:03.5108437Z   ---
2026-10-08T19:42:03.5108784Z   duration_ms: 3.644588
2026-10-08T19:42:03.5109188Z   ...
2026-10-08T19:42:03.5109746Z # Subtest: a non-grid zero retains exact rational area
2026-10-08T19:42:03.5110792Z ok 399 - a non-grid zero retains exact rational area
2026-10-08T19:42:03.5111344Z   ---
2026-10-08T19:42:03.5111688Z   duration_ms: 0.526463
2026-10-08T19:42:03.5112087Z   ...
2026-10-08T19:42:03.5112757Z # Subtest: zero duration, complete rest and touching zero are distinct
2026-10-08T19:42:03.5113780Z ok 400 - zero duration, complete rest and touching zero are distinct
2026-10-08T19:42:03.5114440Z   ---
2026-10-08T19:42:03.5114788Z   duration_ms: 3.688881
2026-10-08T19:42:03.5115175Z   ...
2026-10-08T19:42:03.5116254Z # Subtest: acceleration records corners, straight inserted knots and one-sided boundaries
2026-10-08T19:42:03.5119001Z ok 401 - acceleration records corners, straight inserted knots and one-sided boundaries
2026-10-08T19:42:03.5119772Z   ---
2026-10-08T19:42:03.5120112Z   duration_ms: 3.221688
2026-10-08T19:42:03.5120784Z   ...
2026-10-08T19:42:03.5121598Z # Subtest: covered segment rows agree with manually worked rest and cruise prefixes
2026-10-08T19:42:03.5122774Z ok 402 - covered segment rows agree with manually worked rest and cruise prefixes
2026-10-08T19:42:03.5123456Z   ---
2026-10-08T19:42:03.5123784Z   duration_ms: 5.372065
2026-10-08T19:42:03.5124144Z   ...
2026-10-08T19:42:03.5124924Z # Subtest: sign reversal negates signed values but preserves distance over many prefixes
2026-10-08T19:42:03.5126116Z ok 403 - sign reversal negates signed values but preserves distance over many prefixes
2026-10-08T19:42:03.5126801Z   ---
2026-10-08T19:42:03.5127083Z   duration_ms: 85.497994
2026-10-08T19:42:03.5127420Z   ...
2026-10-08T19:42:03.5128128Z # Subtest: all declared edges are admitted and all invalid inputs are refused before a result
2026-10-08T19:42:03.5129217Z ok 404 - all declared edges are admitted and all invalid inputs are refused before a result
2026-10-08T19:42:03.5129880Z   ---
2026-10-08T19:42:03.5130154Z   duration_ms: 1.670842
2026-10-08T19:42:03.5130712Z   ...
2026-10-08T19:42:03.5131387Z # Subtest: records are immutable, deterministic and retain complete authored input
2026-10-08T19:42:03.5132432Z ok 405 - records are immutable, deterministic and retain complete authored input
2026-10-08T19:42:03.5133118Z   ---
2026-10-08T19:42:03.5133450Z   duration_ms: 1.254864
2026-10-08T19:42:03.5133807Z   ...
2026-10-08T19:42:03.5134626Z # Subtest: the original course passes unchanged deck admission and balanced answer positions
2026-10-08T19:42:03.5135844Z ok 406 - the original course passes unchanged deck admission and balanced answer positions
2026-10-08T19:42:03.5136763Z   ---
2026-10-08T19:42:03.5137124Z   duration_ms: 18.222934
2026-10-08T19:42:03.5137533Z   ...
2026-10-08T19:42:03.5138201Z # Subtest: standalone parity and embedded exact course/guide bytes
2026-10-08T19:42:03.5139174Z ok 407 - standalone parity and embedded exact course/guide bytes
2026-10-08T19:42:03.5139755Z   ---
2026-10-08T19:42:03.5140080Z   duration_ms: 59.586535
2026-10-08T19:42:03.5140697Z   ...
2026-10-08T19:42:03.5141521Z # Subtest: circuit admission copies the four finite values and normalizes negative zero
2026-10-08T19:42:03.5142743Z ok 408 - circuit admission copies the four finite values and normalizes negative zero
2026-10-08T19:42:03.5143516Z   ---
2026-10-08T19:42:03.5143880Z   duration_ms: 2.902943
2026-10-08T19:42:03.5144245Z   ...
2026-10-08T19:42:03.5145031Z # Subtest: invalid records, nonfinite values and values outside each bound are refused
2026-10-08T19:42:03.5146246Z ok 409 - invalid records, nonfinite values and values outside each bound are refused
2026-10-08T19:42:03.5146990Z   ---
2026-10-08T19:42:03.5147332Z   duration_ms: 1.61643
2026-10-08T19:42:03.5147710Z   ...
2026-10-08T19:42:03.5148559Z # Subtest: text input accepts explicit decimals and exponent notation without empty coercion
2026-10-08T19:42:03.5149865Z ok 410 - text input accepts explicit decimals and exponent notation without empty coercion
2026-10-08T19:42:03.5150897Z   ---
2026-10-08T19:42:03.5151254Z   duration_ms: 0.70088
2026-10-08T19:42:03.5151622Z   ...
2026-10-08T19:42:03.5152483Z # Subtest: initial capacitor voltage is continuous and initial current uses the signed gap
2026-10-08T19:42:03.5153800Z ok 411 - initial capacitor voltage is continuous and initial current uses the signed gap
2026-10-08T19:42:03.5154589Z   ---
2026-10-08T19:42:03.5154953Z   duration_ms: 0.244516
2026-10-08T19:42:03.5155343Z   ...
2026-10-08T19:42:03.5156231Z # Subtest: discharge, reversed steps and a precharged source preserve current and power signs
2026-10-08T19:42:03.5157831Z ok 412 - discharge, reversed steps and a precharged source preserve current and power signs
2026-10-08T19:42:03.5158662Z   ---
2026-10-08T19:42:03.5159154Z   duration_ms: 0.559505
2026-10-08T19:42:03.5159544Z   ...
2026-10-08T19:42:03.5160258Z # Subtest: equilibrium retains stored energy while all transfers vanish
2026-10-08T19:42:03.5161559Z ok 413 - equilibrium retains stored energy while all transfers vanish
2026-10-08T19:42:03.5162217Z   ---
2026-10-08T19:42:03.5162581Z   duration_ms: 0.297405
2026-10-08T19:42:03.5163201Z   ...
2026-10-08T19:42:03.5164454Z # Subtest: resistance and capacitance scaling distinguish physical time from normalized time
2026-10-08T19:42:03.5165852Z ok 414 - resistance and capacitance scaling distinguish physical time from normalized time
2026-10-08T19:42:03.5166680Z   ---
2026-10-08T19:42:03.5167038Z   duration_ms: 1.13976
2026-10-08T19:42:03.5167435Z   ...
2026-10-08T19:42:03.5168128Z # Subtest: finite five-tau and eight-tau results retain a nonzero gap
2026-10-08T19:42:03.5169133Z ok 415 - finite five-tau and eight-tau results retain a nonzero gap
2026-10-08T19:42:03.5169770Z   ---
2026-10-08T19:42:03.5170121Z   duration_ms: 0.237784
2026-10-08T19:42:03.5170763Z   ...
2026-10-08T19:42:03.5171518Z # Subtest: tiny positive time retains a finite change and signed energy balance
2026-10-08T19:42:03.5172616Z ok 416 - tiny positive time retains a finite change and signed energy balance
2026-10-08T19:42:03.5173293Z   ---
2026-10-08T19:42:03.5173629Z   duration_ms: 0.646308
2026-10-08T19:42:03.5174009Z   ...
2026-10-08T19:42:03.5174778Z # Subtest: the trace is a frozen 161-sample applied snapshot including both endpoints
2026-10-08T19:42:03.5176017Z ok 417 - the trace is a frozen 161-sample applied snapshot including both endpoints
2026-10-08T19:42:03.5176756Z   ---
2026-10-08T19:42:03.5177116Z   duration_ms: 3.482336
2026-10-08T19:42:03.5177491Z   ...
2026-10-08T19:42:03.5178344Z # Subtest: observation JSON keeps applied inputs, SI units and full-precision selected results
2026-10-08T19:42:03.5179947Z ok 418 - observation JSON keeps applied inputs, SI units and full-precision selected results
2026-10-08T19:42:03.5180893Z   ---
2026-10-08T19:42:03.5181230Z   duration_ms: 4.69651
2026-10-08T19:42:03.5181626Z   ...
2026-10-08T19:42:03.5182526Z # Subtest: the original course validates in the unchanged parser with balanced concept coverage
2026-10-08T19:42:03.5184016Z ok 419 - the original course validates in the unchanged parser with balanced concept coverage
2026-10-08T19:42:03.5184837Z   ---
2026-10-08T19:42:03.5185201Z   duration_ms: 1.762673
2026-10-08T19:42:03.5185619Z   ...
2026-10-08T19:42:03.5186544Z # Subtest: the checked-in standalone lab matches its sources and preserves both download payloads
2026-10-08T19:42:03.5187979Z ok 420 - the checked-in standalone lab matches its sources and preserves both download payloads
2026-10-08T19:42:03.5188815Z   ---
2026-10-08T19:42:03.5189179Z   duration_ms: 5.626982
2026-10-08T19:42:03.5189572Z   ...
2026-10-08T19:42:03.5190643Z # Subtest: the twelve-question course is an exact native importer/serializer round trip
2026-10-08T19:42:03.5191961Z ok 421 - the twelve-question course is an exact native importer/serializer round trip
2026-10-08T19:42:03.5192732Z   ---
2026-10-08T19:42:03.5193069Z   duration_ms: 5.369041
2026-10-08T19:42:03.5193459Z   ...
2026-10-08T19:42:03.5194238Z # Subtest: base cases and the unreachable countdown use their declared inputs
2026-10-08T19:42:03.5195431Z ok 422 - base cases and the unreachable countdown use their declared inputs
2026-10-08T19:42:03.5196215Z   ---
2026-10-08T19:42:03.5196576Z   duration_ms: 0.316428
2026-10-08T19:42:03.5197023Z   ...
2026-10-08T19:42:03.5197939Z # Subtest: waiting-parent, completion-order and second-child answers preserve unfinished work
2026-10-08T19:42:03.5199386Z ok 423 - waiting-parent, completion-order and second-child answers preserve unfinished work
2026-10-08T19:42:03.5200244Z   ---
2026-10-08T19:42:03.5200853Z   duration_ms: 0.254794
2026-10-08T19:42:03.5201268Z   ...
2026-10-08T19:42:03.5202400Z # Subtest: chain and branching call counts agree with independent products and binomial sums
2026-10-08T19:42:03.5203802Z ok 424 - chain and branching call counts agree with independent products and binomial sums
2026-10-08T19:42:03.5204650Z   ---
2026-10-08T19:42:03.5205000Z   duration_ms: 0.236279
2026-10-08T19:42:03.5205377Z   ...
2026-10-08T19:42:03.5206191Z # Subtest: fresh-cache answers account for every invocation and preserve a stored zero
2026-10-08T19:42:03.5207437Z ok 425 - fresh-cache answers account for every invocation and preserve a stored zero
2026-10-08T19:42:03.5208187Z   ---
2026-10-08T19:42:03.5208538Z   duration_ms: 0.353969
2026-10-08T19:42:03.5208903Z   ...
2026-10-08T19:42:03.5209611Z # Subtest: every numeric Fibonacci guide row matches the separate reference
2026-10-08T19:42:03.5210880Z ok 426 - every numeric Fibonacci guide row matches the separate reference
2026-10-08T19:42:03.5211548Z   ---
2026-10-08T19:42:03.5211904Z   duration_ms: 0.422044
2026-10-08T19:42:03.5212291Z   ...
2026-10-08T19:42:03.5213172Z # Subtest: the existing author conversion can reopen and check every content field without loss
2026-10-08T19:42:03.5214566Z ok 427 - the existing author conversion can reopen and check every content field without loss
2026-10-08T19:42:03.5215393Z   ---
2026-10-08T19:42:03.5215756Z   duration_ms: 2.037337
2026-10-08T19:42:03.5216190Z   ...
2026-10-08T19:42:03.5217140Z # Subtest: actual selection, review, practice and study notes retain the imported answer identity
2026-10-08T19:42:03.5218587Z ok 428 - actual selection, review, practice and study notes retain the imported answer identity
2026-10-08T19:42:03.5219414Z   ---
2026-10-08T19:42:03.5219779Z   duration_ms: 21.351802
2026-10-08T19:42:03.5220187Z   ...
2026-10-08T19:42:03.5221340Z # Subtest: a damaged late answer or an explorer trace format is refused by the unmodified importer
2026-10-08T19:42:03.5222717Z ok 429 - a damaged late answer or an explorer trace format is refused by the unmodified importer
2026-10-08T19:42:03.5223760Z   ---
2026-10-08T19:42:03.5224136Z   duration_ms: 2.289296
2026-10-08T19:42:03.5224514Z   ...
2026-10-08T19:42:03.5225309Z # Subtest: all 33 bounded runs agree with independent numeric and invocation-count oracles
2026-10-08T19:42:03.5226638Z ok 430 - all 33 bounded runs agree with independent numeric and invocation-count oracles
2026-10-08T19:42:03.5227383Z   ---
2026-10-08T19:42:03.5227729Z   duration_ms: 86.311208
2026-10-08T19:42:03.5228116Z   ...
2026-10-08T19:42:03.5229153Z # Subtest: every prefix preserves stack identity, parent ownership, monotone counters, and exact return delivery
2026-10-08T19:42:03.5230976Z ok 431 - every prefix preserves stack identity, parent ownership, monotone counters, and exact return delivery
2026-10-08T19:42:03.5231923Z   ---
2026-10-08T19:42:03.5232273Z   duration_ms: 58.809173
2026-10-08T19:42:03.5232684Z   ...
2026-10-08T19:42:03.5233691Z # Subtest: factorial unwinds in actual return order and retains each multiplication until its child returns
2026-10-08T19:42:03.5235317Z ok 432 - factorial unwinds in actual return order and retains each multiplication until its child returns
2026-10-08T19:42:03.5236225Z   ---
2026-10-08T19:42:03.5236605Z   duration_ms: 0.622347
2026-10-08T19:42:03.5236981Z   ...
2026-10-08T19:42:03.5237819Z # Subtest: Fibonacci completes the left child first and preserves it across the right branch
2026-10-08T19:42:03.5239085Z ok 433 - Fibonacci completes the left child first and preserves it across the right branch
2026-10-08T19:42:03.5239857Z   ---
2026-10-08T19:42:03.5240192Z   duration_ms: 6.605319
2026-10-08T19:42:03.5240763Z   ...
2026-10-08T19:42:03.5241791Z # Subtest: memoization starts empty, caches bases, counts cache-hit frames, and never shares a previous run
2026-10-08T19:42:03.5243337Z ok 434 - memoization starts empty, caches bases, counts cache-hit frames, and never shares a previous run
2026-10-08T19:42:03.5244227Z   ---
2026-10-08T19:42:03.5244572Z   duration_ms: 3.221739
2026-10-08T19:42:03.5244960Z   ...
2026-10-08T19:42:03.5246095Z # Subtest: inspection is reversible, immutable, and exported cursor binds the exact displayed state
2026-10-08T19:42:03.5247533Z ok 435 - inspection is reversible, immutable, and exported cursor binds the exact displayed state
2026-10-08T19:42:03.5248382Z   ---
2026-10-08T19:42:03.5248736Z   duration_ms: 8.675287
2026-10-08T19:42:03.5249124Z   ...
2026-10-08T19:42:03.5249765Z # Subtest: invalid and ambiguous input is refused before tracing
2026-10-08T19:42:03.5250934Z ok 436 - invalid and ambiguous input is refused before tracing
2026-10-08T19:42:03.5251533Z   ---
2026-10-08T19:42:03.5251878Z   duration_ms: 0.728234
2026-10-08T19:42:03.5252270Z   ...
2026-10-08T19:42:03.5253168Z # Subtest: checked-in direct-file page reproduces exactly and contains no runtime module imports
2026-10-08T19:42:03.5254514Z ok 437 - checked-in direct-file page reproduces exactly and contains no runtime module imports
2026-10-08T19:42:03.5255316Z   ---
2026-10-08T19:42:03.5255678Z   duration_ms: 74.015
2026-10-08T19:42:03.5256063Z   ...
2026-10-08T19:42:03.5257062Z # Subtest: question identity survives reordered review, edits and clearing without changing earlier notes
2026-10-08T19:42:03.5258529Z ok 438 - question identity survives reordered review, edits and clearing without changing earlier notes
2026-10-08T19:42:03.5259373Z   ---
2026-10-08T19:42:03.5259726Z   duration_ms: 1.915701
2026-10-08T19:42:03.5260123Z   ...
2026-10-08T19:42:03.5261240Z # Subtest: application writing is separate and a fresh session starts with every field empty
2026-10-08T19:42:03.5262528Z ok 439 - application writing is separate and a fresh session starts with every field empty
2026-10-08T19:42:03.5263327Z   ---
2026-10-08T19:42:03.5263694Z   duration_ms: 0.868344
2026-10-08T19:42:03.5264074Z   ...
2026-10-08T19:42:03.5264881Z # Subtest: unknown or duplicate question identities and non-text edits are refused
2026-10-08T19:42:03.5266060Z ok 440 - unknown or duplicate question identities and non-text edits are refused
2026-10-08T19:42:03.5267051Z   ---
2026-10-08T19:42:03.5267403Z   duration_ms: 0.294527
2026-10-08T19:42:03.5267794Z   ...
2026-10-08T19:42:03.5268860Z # Subtest: actual study notes bind writing to questions while retaining native review, estimates and a paused retry
2026-10-08T19:42:03.5270761Z ok 441 - actual study notes bind writing to questions while retaining native review, estimates and a paused retry
2026-10-08T19:42:03.5271703Z   ---
2026-10-08T19:42:03.5272036Z   duration_ms: 2.1791
2026-10-08T19:42:03.5272430Z   ...
2026-10-08T19:42:03.5273334Z # Subtest: actual export uses the most recent edit and represents cleared fields as unwritten
2026-10-08T19:42:03.5274699Z ok 442 - actual export uses the most recent edit and represents cleared fields as unwritten
2026-10-08T19:42:03.5275490Z   ---
2026-10-08T19:42:03.5275825Z   duration_ms: 1.756105
2026-10-08T19:42:03.5276199Z   ...
2026-10-08T19:42:03.5277263Z # Subtest: export refuses missing, duplicate or foreign notebook identities instead of attaching notes by position
2026-10-08T19:42:03.5278985Z ok 443 - export refuses missing, duplicate or foreign notebook identities instead of attaching notes by position
2026-10-08T19:42:03.5279925Z   ---
2026-10-08T19:42:03.5280271Z   duration_ms: 0.597531
2026-10-08T19:42:03.5280914Z   ...
2026-10-08T19:42:03.5282102Z # Subtest: study notes retain the displayed imported-course application prompt without changing notebook or first-session data
2026-10-08T19:42:03.5284082Z ok 444 - study notes retain the displayed imported-course application prompt without changing notebook or first-session data
2026-10-08T19:42:03.5285135Z   ---
2026-10-08T19:42:03.5285509Z   duration_ms: 0.545654
2026-10-08T19:42:03.5285909Z   ...
2026-10-08T19:42:03.5286736Z # Subtest: a notebook export refuses a missing or non-text displayed application prompt
2026-10-08T19:42:03.5288018Z ok 445 - a notebook export refuses a missing or non-text displayed application prompt
2026-10-08T19:42:03.5288818Z   ---
2026-10-08T19:42:03.5289174Z   duration_ms: 0.394885
2026-10-08T19:42:03.5289557Z   ...
2026-10-08T19:42:03.5290716Z # Subtest: review preserves session order and the actual chosen answer
2026-10-08T19:42:03.5301696Z ok 446 - review preserves session order and the actual chosen answer
2026-10-08T19:42:03.5302405Z   ---
2026-10-08T19:42:03.5302764Z   duration_ms: 2.647873
2026-10-08T19:42:03.5303187Z   ...
2026-10-08T19:42:03.5303956Z # Subtest: review is an immutable snapshot independent of mutable input arrays
2026-10-08T19:42:03.5305082Z ok 447 - review is an immutable snapshot independent of mutable input arrays
2026-10-08T19:42:03.5305791Z   ---
2026-10-08T19:42:03.5306149Z   duration_ms: 0.75815
2026-10-08T19:42:03.5306548Z   ...
2026-10-08T19:42:03.5307268Z # Subtest: a review rejects unknown, duplicate, or invalid first answers
2026-10-08T19:42:03.5308297Z ok 448 - a review rejects unknown, duplicate, or invalid first answers
2026-10-08T19:42:03.5308944Z   ---
2026-10-08T19:42:03.5309312Z   duration_ms: 0.622477
2026-10-08T19:42:03.5309717Z   ...
2026-10-08T19:42:03.5311086Z # Subtest: practice includes only initially missed questions in first-attempt order
2026-10-08T19:42:03.5312343Z ok 449 - practice includes only initially missed questions in first-attempt order
2026-10-08T19:42:03.5313105Z   ---
2026-10-08T19:42:03.5313469Z   duration_ms: 0.480203
2026-10-08T19:42:03.5313853Z   ...
2026-10-08T19:42:03.5314671Z # Subtest: correct and incorrect retries remain separate from the immutable original trace
2026-10-08T19:42:03.5315907Z ok 450 - correct and incorrect retries remain separate from the immutable original trace
2026-10-08T19:42:03.5316633Z   ---
2026-10-08T19:42:03.5316960Z   duration_ms: 0.541396
2026-10-08T19:42:03.5317337Z   ...
2026-10-08T19:42:03.5318298Z # Subtest: practice resumes at the next unanswered question and refuses duplicate or out-of-order writes
2026-10-08T19:42:03.5319817Z ok 451 - practice resumes at the next unanswered question and refuses duplicate or out-of-order writes
2026-10-08T19:42:03.5321222Z   ---
2026-10-08T19:42:03.5321589Z   duration_ms: 0.4841
2026-10-08T19:42:03.5321979Z   ...
2026-10-08T19:42:03.5322620Z # Subtest: an all-correct or empty review has no practice question
2026-10-08T19:42:03.5323553Z ok 452 - an all-correct or empty review has no practice question
2026-10-08T19:42:03.5324165Z   ---
2026-10-08T19:42:03.5324519Z   duration_ms: 0.341876
2026-10-08T19:42:03.5324898Z   ...
2026-10-08T19:42:03.5325910Z # Subtest: the original course survives native validation and serialization with complete connected content
2026-10-08T19:42:03.5327447Z ok 453 - the original course survives native validation and serialization with complete connected content
2026-10-08T19:42:03.5328355Z   ---
2026-10-08T19:42:03.5328712Z   duration_ms: 6.141377
2026-10-08T19:42:03.5329103Z   ...
2026-10-08T19:42:03.5330068Z # Subtest: native item selection reaches all twelve questions and can prioritize the weak sample clock
2026-10-08T19:42:03.5331881Z ok 454 - native item selection reaches all twelve questions and can prioritize the weak sample clock
2026-10-08T19:42:03.5333357Z   ---
2026-10-08T19:42:03.5333741Z   duration_ms: 17.089528
2026-10-08T19:42:03.5334160Z   ...
2026-10-08T19:42:03.5335070Z # Subtest: answer text matches independently stated calculations and explicit sampling assumptions
2026-10-08T19:42:03.5336488Z ok 455 - answer text matches independently stated calculations and explicit sampling assumptions
2026-10-08T19:42:03.5337329Z   ---
2026-10-08T19:42:03.5337693Z   duration_ms: 0.495792
2026-10-08T19:42:03.5338095Z   ...
2026-10-08T19:42:03.5339075Z # Subtest: each supported sample clock uses inclusive endpoints and an actually different matching cosine
2026-10-08T19:42:03.5340829Z ok 456 - each supported sample clock uses inclusive endpoints and an actually different matching cosine
2026-10-08T19:42:03.5341726Z   ---
2026-10-08T19:42:03.5342072Z   duration_ms: 13.454952
2026-10-08T19:42:03.5342456Z   ...
2026-10-08T19:42:03.5343319Z # Subtest: DC, reflected aliases, the half-rate and input limits preserve their distinct meaning
2026-10-08T19:42:03.5344969Z ok 457 - DC, reflected aliases, the half-rate and input limits preserve their distinct meaning
2026-10-08T19:42:03.5345815Z   ---
2026-10-08T19:42:03.5346169Z   duration_ms: 0.991102
2026-10-08T19:42:03.5346575Z   ...
2026-10-08T19:42:03.5347468Z # Subtest: invalid numerical input is refused and snapshots cannot be changed after observation
2026-10-08T19:42:03.5348850Z ok 458 - invalid numerical input is refused and snapshots cannot be changed after observation
2026-10-08T19:42:03.5349666Z   ---
2026-10-08T19:42:03.5350022Z   duration_ms: 0.94679
2026-10-08T19:42:03.5350406Z   ...
2026-10-08T19:42:03.5351758Z # Subtest: CSV carries full precision and current parameter identity, ignoring supplied forged sample rows
2026-10-08T19:42:03.5353341Z ok 459 - CSV carries full precision and current parameter identity, ignoring supplied forged sample rows
2026-10-08T19:42:03.5354240Z   ---
2026-10-08T19:42:03.5354598Z   duration_ms: 1.373053
2026-10-08T19:42:03.5355011Z   ...
2026-10-08T19:42:03.5355990Z # Subtest: notes retain the actual first choices, session order, corrections, transfers, and attribution
2026-10-08T19:42:03.5357484Z ok 460 - notes retain the actual first choices, session order, corrections, transfers, and attribution
2026-10-08T19:42:03.5358370Z   ---
2026-10-08T19:42:03.5358744Z   duration_ms: 3.375495
2026-10-08T19:42:03.5359144Z   ...
2026-10-08T19:42:03.5360014Z # Subtest: paused and completed retries cannot replace the first answers or alter the model
2026-10-08T19:42:03.5361613Z ok 461 - paused and completed retries cannot replace the first answers or alter the model
2026-10-08T19:42:03.5362407Z   ---
2026-10-08T19:42:03.5362777Z   duration_ms: 1.197897
2026-10-08T19:42:03.5363181Z   ...
2026-10-08T19:42:03.5364092Z # Subtest: unstarted, zero-answer paused, and all-correct sessions have honest practice labels
2026-10-08T19:42:03.5365480Z ok 462 - unstarted, zero-answer paused, and all-correct sessions have honest practice labels
2026-10-08T19:42:03.5366557Z   ---
2026-10-08T19:42:03.5366923Z   duration_ms: 1.66779
2026-10-08T19:42:03.5367333Z   ...
2026-10-08T19:42:03.5368355Z # Subtest: incomplete, duplicate, legacy choice-less or malformed traces are refused rather than fabricated
2026-10-08T19:42:03.5369914Z ok 463 - incomplete, duplicate, legacy choice-less or malformed traces are refused rather than fabricated
2026-10-08T19:42:03.5371064Z   ---
2026-10-08T19:42:03.5371426Z   duration_ms: 1.010057
2026-10-08T19:42:03.5371831Z   ...
2026-10-08T19:42:03.5372803Z # Subtest: plain-text output preserves Unicode and literal markup without creating executable content
2026-10-08T19:42:03.5374305Z ok 464 - plain-text output preserves Unicode and literal markup without creating executable content
2026-10-08T19:42:03.5375175Z   ---
2026-10-08T19:42:03.5375518Z   duration_ms: 0.370158
2026-10-08T19:42:03.5375889Z   ...
2026-10-08T19:42:03.5376799Z # Subtest: the original five-vertex example has the hand-calculated settling order and cost-7 route
2026-10-08T19:42:03.5378248Z ok 465 - the original five-vertex example has the hand-calculated settling order and cost-7 route
2026-10-08T19:42:03.5379077Z   ---
2026-10-08T19:42:03.5379431Z   duration_ms: 3.52346
2026-10-08T19:42:03.5379824Z   ...
2026-10-08T19:42:03.5381079Z # Subtest: target discovery remains tentative; the cheaper route is final only on target settlement
2026-10-08T19:42:03.5382512Z ok 466 - target discovery remains tentative; the cheaper route is final only on target settlement
2026-10-08T19:42:03.5383426Z   ---
2026-10-08T19:42:03.5383787Z   duration_ms: 1.166038
2026-10-08T19:42:03.5384192Z   ...
2026-10-08T19:42:03.5385174Z # Subtest: zero weights and equal routes preserve the stated alphabetical and first-predecessor policies
2026-10-08T19:42:03.5386691Z ok 467 - zero weights and equal routes preserve the stated alphabetical and first-predecessor policies
2026-10-08T19:42:03.5387571Z   ---
2026-10-08T19:42:03.5387931Z   duration_ms: 0.869526
2026-10-08T19:42:03.5388315Z   ...
2026-10-08T19:42:03.5389578Z # Subtest: all preset source/target pairs agree with exhaustive simple paths, including reverse direction
2026-10-08T19:42:03.5391462Z ok 468 - all preset source/target pairs agree with exhaustive simple paths, including reverse direction
2026-10-08T19:42:03.5392385Z   ---
2026-10-08T19:42:03.5392740Z   duration_ms: 4.619507
2026-10-08T19:42:03.5393124Z   ...
2026-10-08T19:42:03.5393999Z # Subtest: 80 deterministic bounded graphs agree with a simple-path oracle for every source
2026-10-08T19:42:03.5395345Z ok 469 - 80 deterministic bounded graphs agree with a simple-path oracle for every source
2026-10-08T19:42:03.5396140Z   ---
2026-10-08T19:42:03.5396513Z   duration_ms: 91.726732
2026-10-08T19:42:03.5396920Z   ...
2026-10-08T19:42:03.5397595Z # Subtest: invalid graphs are refused before a runnable state exists
2026-10-08T19:42:03.5398589Z ok 470 - invalid graphs are refused before a runnable state exists
2026-10-08T19:42:03.5399207Z   ---
2026-10-08T19:42:03.5399540Z   duration_ms: 1.475503
2026-10-08T19:42:03.5399930Z   ...
2026-10-08T19:42:03.5400961Z # Subtest: run, graph, presets and trace snapshots cannot be changed by later edits
2026-10-08T19:42:03.5402159Z ok 471 - run, graph, presets and trace snapshots cannot be changed by later edits
2026-10-08T19:42:03.5402918Z   ---
2026-10-08T19:42:03.5403254Z   duration_ms: 0.722793
2026-10-08T19:42:03.5403622Z   ...
2026-10-08T19:42:03.5404548Z # Subtest: the original twelve-question course is valid, canonical and has balanced answer positions
2026-10-08T19:42:03.5405999Z ok 472 - the original twelve-question course is valid, canonical and has balanced answer positions
2026-10-08T19:42:03.5406848Z   ---
2026-10-08T19:42:03.5407206Z   duration_ms: 0.819864
2026-10-08T19:42:03.5407592Z   ...
2026-10-08T19:42:03.5408638Z # Subtest: existing knowledge, review, practice and notes contracts accept the new deck without changing the app
2026-10-08T19:42:03.5410313Z ok 473 - existing knowledge, review, practice and notes contracts accept the new deck without changing the app
2026-10-08T19:42:03.5411778Z   ---
2026-10-08T19:42:03.5412156Z   duration_ms: 16.779061
2026-10-08T19:42:03.5412573Z   ...
2026-10-08T19:42:03.9437500Z # Subtest: the original twelve-item SQL course uses the published import contract without changing its native meaning
2026-10-08T19:42:03.9441838Z ok 474 - the original twelve-item SQL course uses the published import contract without changing its native meaning
2026-10-08T19:42:03.9443378Z   ---
2026-10-08T19:42:03.9443878Z   duration_ms: 4.149013
2026-10-08T19:42:03.9444389Z   ...
2026-10-08T19:42:03.9445480Z # Subtest: actual SQLite regenerates all twenty-two saved queries and their exact course/default bindings
2026-10-08T19:42:03.9448702Z ok 475 - actual SQLite regenerates all twenty-two saved queries and their exact course/default bindings
2026-10-08T19:42:03.9449660Z   ---
2026-10-08T19:42:03.9450018Z   duration_ms: 68.454964
2026-10-08T19:42:03.9450416Z   ...
2026-10-08T19:42:03.9451765Z # Subtest: native adaptive selection, shuffled choices, review, practice and notes preserve all twelve SQL questions
2026-10-08T19:42:03.9453519Z ok 476 - native adaptive selection, shuffled choices, review, practice and notes preserve all twelve SQL questions
2026-10-08T19:42:03.9454474Z   ---
2026-10-08T19:42:03.9454807Z   duration_ms: 18.563628
2026-10-08T19:42:03.9455166Z   ...
2026-10-08T19:42:03.9456051Z # Subtest: a changed answer or invalid query refuses the build and preserves both saved artifacts
2026-10-08T19:42:03.9457440Z ok 477 - a changed answer or invalid query refuses the build and preserves both saved artifacts
2026-10-08T19:42:03.9458264Z   ---
2026-10-08T19:42:03.9458631Z   duration_ms: 522.826786
2026-10-08T19:42:03.9459045Z   ...
2026-10-08T19:42:03.9973521Z # Subtest: a stale generated explorer fails --check without silently replacing the changed file
2026-10-08T19:42:03.9975408Z ok 478 - a stale generated explorer fails --check without silently replacing the changed file
2026-10-08T19:42:03.9976618Z   ---
2026-10-08T19:42:03.9977355Z   duration_ms: 53.926025
2026-10-08T19:42:03.9977799Z   ...
2026-10-08T19:42:04.0046279Z # Subtest: original course fits the existing deck contract with all four concepts represented
2026-10-08T19:42:04.0047569Z ok 479 - original course fits the existing deck contract with all four concepts represented
2026-10-08T19:42:04.0048306Z   ---
2026-10-08T19:42:04.0048649Z   duration_ms: 3.633213
2026-10-08T19:42:04.0049011Z   ...
2026-10-08T19:42:04.0049897Z # Subtest: authored answer keys retain the independently worked quantities and conceptual distinctions
2026-10-08T19:42:04.0052295Z ok 480 - authored answer keys retain the independently worked quantities and conceptual distinctions
2026-10-08T19:42:04.0053114Z   ---
2026-10-08T19:42:04.0053437Z   duration_ms: 0.401116
2026-10-08T19:42:04.0053791Z   ...
2026-10-08T19:42:04.0054626Z # Subtest: course completes native selection, correct first answers, review, retry and study notes
2026-10-08T19:42:04.0055559Z ok 481 - course completes native selection, correct first answers, review, retry and study notes
2026-10-08T19:42:04.0056020Z   ---
2026-10-08T19:42:04.0056217Z   duration_ms: 18.727052
2026-10-08T19:42:04.0056475Z   ...
2026-10-08T19:42:04.0057189Z # Subtest: course completes native selection, mixed first answers, review, retry and study notes
2026-10-08T19:42:04.0058436Z ok 482 - course completes native selection, mixed first answers, review, retry and study notes
2026-10-08T19:42:04.0059165Z   ---
2026-10-08T19:42:04.0059468Z   duration_ms: 3.358354
2026-10-08T19:42:04.0059814Z   ...
2026-10-08T19:42:04.0060808Z # Subtest: course completes native selection, missed first answers, review, retry and study notes
2026-10-08T19:42:04.0062061Z ok 483 - course completes native selection, missed first answers, review, retry and study notes
2026-10-08T19:42:04.0062790Z   ---
2026-10-08T19:42:04.0063106Z   duration_ms: 2.041676
2026-10-08T19:42:04.0063449Z   ...
2026-10-08T19:42:04.0064251Z # Subtest: generated direct-open artifact has exact build parity and embeds the qualified course
2026-10-08T19:42:04.0065751Z ok 484 - generated direct-open artifact has exact build parity and embeds the qualified course
2026-10-08T19:42:04.0066483Z   ---
2026-10-08T19:42:04.0066786Z   duration_ms: 70.40498
2026-10-08T19:42:04.0067130Z   ...
2026-10-08T19:42:04.0067973Z # Subtest: standalone rendering keeps embedded source and course text inside their script elements
2026-10-08T19:42:04.0069251Z ok 485 - standalone rendering keeps embedded source and course text inside their script elements
2026-10-08T19:42:04.0070002Z   ---
2026-10-08T19:42:04.0070309Z   duration_ms: 0.704219
2026-10-08T19:42:04.0070863Z   ...
2026-10-08T19:42:04.0071548Z # Subtest: water: 6 / 2 mol → second
2026-10-08T19:42:04.0072159Z ok 486 - water: 6 / 2 mol → second
2026-10-08T19:42:04.0072571Z   ---
2026-10-08T19:42:04.0072890Z   duration_ms: 1.981814
2026-10-08T19:42:04.0073238Z   ...
2026-10-08T19:42:04.0073715Z # Subtest: water: 2 / 2 mol → first
2026-10-08T19:42:04.0074298Z ok 487 - water: 2 / 2 mol → first
2026-10-08T19:42:04.0074713Z   ---
2026-10-08T19:42:04.0075022Z   duration_ms: 0.166941
2026-10-08T19:42:04.0075381Z   ...
2026-10-08T19:42:04.0075855Z # Subtest: water: 4 / 2 mol → matched
2026-10-08T19:42:04.0076453Z ok 488 - water: 4 / 2 mol → matched
2026-10-08T19:42:04.0076867Z   ---
2026-10-08T19:42:04.0077180Z   duration_ms: 0.199501
2026-10-08T19:42:04.0077523Z   ...
2026-10-08T19:42:04.0078025Z # Subtest: water: 0 / 5 mol → no-product
2026-10-08T19:42:04.0078649Z ok 489 - water: 0 / 5 mol → no-product
2026-10-08T19:42:04.0079070Z   ---
2026-10-08T19:42:04.0079386Z   duration_ms: 0.143246
2026-10-08T19:42:04.0079736Z   ...
2026-10-08T19:42:04.0080224Z # Subtest: water: 5 / 0 mol → no-product
2026-10-08T19:42:04.0081312Z ok 490 - water: 5 / 0 mol → no-product
2026-10-08T19:42:04.0081736Z   ---
2026-10-08T19:42:04.0082040Z   duration_ms: 0.238062
2026-10-08T19:42:04.0082391Z   ...
2026-10-08T19:42:04.0082895Z # Subtest: water: 0 / 0 mol → no-product
2026-10-08T19:42:04.0083517Z ok 491 - water: 0 / 0 mol → no-product
2026-10-08T19:42:04.0083950Z   ---
2026-10-08T19:42:04.0084265Z   duration_ms: 0.194581
2026-10-08T19:42:04.0084827Z   ...
2026-10-08T19:42:04.0085340Z # Subtest: ammonia: 2 / 3 mol → second
2026-10-08T19:42:04.0085942Z ok 492 - ammonia: 2 / 3 mol → second
2026-10-08T19:42:04.0086353Z   ---
2026-10-08T19:42:04.0086664Z   duration_ms: 0.163724
2026-10-08T19:42:04.0087023Z   ...
2026-10-08T19:42:04.0087518Z # Subtest: ammonia: 1 / 2.4 mol → second
2026-10-08T19:42:04.0088140Z ok 493 - ammonia: 1 / 2.4 mol → second
2026-10-08T19:42:04.0088565Z   ---
2026-10-08T19:42:04.0088876Z   duration_ms: 0.249904
2026-10-08T19:42:04.0089221Z   ...
2026-10-08T19:42:04.0089714Z # Subtest: ammonia: 2 / 4.8 mol → second
2026-10-08T19:42:04.0090329Z ok 494 - ammonia: 2 / 4.8 mol → second
2026-10-08T19:42:04.0090932Z   ---
2026-10-08T19:42:04.0091245Z   duration_ms: 0.342176
2026-10-08T19:42:04.0091596Z   ...
2026-10-08T19:42:04.0092138Z # Subtest: ammonia: 0.1 / 0.3 mol → matched
2026-10-08T19:42:04.0092793Z ok 495 - ammonia: 0.1 / 0.3 mol → matched
2026-10-08T19:42:04.0093228Z   ---
2026-10-08T19:42:04.0093555Z   duration_ms: 0.252019
2026-10-08T19:42:04.0093904Z   ...
2026-10-08T19:42:04.0094426Z # Subtest: ammonia: 0.001 / 0.001 mol → second
2026-10-08T19:42:04.0095105Z ok 496 - ammonia: 0.001 / 0.001 mol → second
2026-10-08T19:42:04.0095550Z   ---
2026-10-08T19:42:04.0095859Z   duration_ms: 0.174995
2026-10-08T19:42:04.0096207Z   ...
2026-10-08T19:42:04.0096749Z # Subtest: ammonia: 0.001 / 0.003 mol → matched
2026-10-08T19:42:04.0097439Z ok 497 - ammonia: 0.001 / 0.003 mol → matched
2026-10-08T19:42:04.0097894Z   ---
2026-10-08T19:42:04.0098203Z   duration_ms: 0.148957
2026-10-08T19:42:04.0098555Z   ...
2026-10-08T19:42:04.0099073Z # Subtest: ammonia: 0.001 / 0.004 mol → first
2026-10-08T19:42:04.0099744Z ok 498 - ammonia: 0.001 / 0.004 mol → first
2026-10-08T19:42:04.0100184Z   ---
2026-10-08T19:42:04.0130990Z   duration_ms: 0.246228
2026-10-08T19:42:04.0131448Z   ...
2026-10-08T19:42:04.0132325Z # Subtest: magnesium: 1.5 / 1 mol → first
2026-10-08T19:42:04.0133012Z ok 499 - magnesium: 1.5 / 1 mol → first
2026-10-08T19:42:04.0133482Z   ---
2026-10-08T19:42:04.0133816Z   duration_ms: 0.953172
2026-10-08T19:42:04.0134182Z   ...
2026-10-08T19:42:04.0134727Z # Subtest: magnesium: 1 / 0.499 mol → second
2026-10-08T19:42:04.0135452Z ok 500 - magnesium: 1 / 0.499 mol → second
2026-10-08T19:42:04.0135907Z   ---
2026-10-08T19:42:04.0136239Z   duration_ms: 0.140321
2026-10-08T19:42:04.0136618Z   ...
2026-10-08T19:42:04.0137929Z # Subtest: magnesium: 1 / 0.5 mol → matched
2026-10-08T19:42:04.0139150Z ok 501 - magnesium: 1 / 0.5 mol → matched
2026-10-08T19:42:04.0139917Z   ---
2026-10-08T19:42:04.0140702Z   duration_ms: 0.196204
2026-10-08T19:42:04.0141328Z   ...
2026-10-08T19:42:04.0141877Z # Subtest: magnesium: 1 / 0.501 mol → first
2026-10-08T19:42:04.0143044Z ok 502 - magnesium: 1 / 0.501 mol → first
2026-10-08T19:42:04.0143768Z   ---
2026-10-08T19:42:04.0144304Z   duration_ms: 0.188932
2026-10-08T19:42:04.0144872Z   ...
2026-10-08T19:42:04.0145791Z # Subtest: water: 1000 / 1000 mol → first
2026-10-08T19:42:04.0148831Z ok 503 - water: 1000 / 1000 mol → first
2026-10-08T19:42:04.0149722Z   ---
2026-10-08T19:42:04.0150259Z   duration_ms: 0.262658
2026-10-08T19:42:04.0151265Z   ...
2026-10-08T19:42:04.0152473Z # Subtest: authored equations use the declared species and conserve each element
2026-10-08T19:42:04.0154337Z ok 504 - authored equations use the declared species and conserve each element
2026-10-08T19:42:04.0155493Z   ---
2026-10-08T19:42:04.0156119Z   duration_ms: 0.921233
2026-10-08T19:42:04.0157630Z   ...
2026-10-08T19:42:04.0158268Z # Subtest: all admitted decimal spellings resolve to exact millimoles
2026-10-08T19:42:04.0159195Z ok 505 - all admitted decimal spellings resolve to exact millimoles
2026-10-08T19:42:04.0159780Z   ---
2026-10-08T19:42:04.0160107Z   duration_ms: 0.242691
2026-10-08T19:42:04.0160684Z   ...
2026-10-08T19:42:04.0161409Z # Subtest: invalid or ambiguous amount inputs are refused without numeric coercion
2026-10-08T19:42:04.0162742Z ok 506 - invalid or ambiguous amount inputs are refused without numeric coercion
2026-10-08T19:42:04.0163426Z   ---
2026-10-08T19:42:04.0163749Z   duration_ms: 0.818432
2026-10-08T19:42:04.0164116Z   ...
2026-10-08T19:42:04.0165391Z # Subtest: positive amounts straddling an exact ratio are never classified using a floating tolerance
2026-10-08T19:42:04.0166790Z ok 507 - positive amounts straddling an exact ratio are never classified using a floating tolerance
2026-10-08T19:42:04.0167595Z   ---
2026-10-08T19:42:04.0167917Z   duration_ms: 0.176378
2026-10-08T19:42:04.0168286Z   ...
2026-10-08T19:42:04.0169053Z # Subtest: start = used + left and atom inventory is conserved across a changed-input grid
2026-10-08T19:42:04.0170218Z ok 508 - start = used + left and atom inventory is conserved across a changed-input grid
2026-10-08T19:42:04.0171232Z   ---
2026-10-08T19:42:04.0171559Z   duration_ms: 5.233887
2026-10-08T19:42:04.0171919Z   ...
2026-10-08T19:42:04.0172912Z # Subtest: doubling both supplies doubles theoretical product and excess without changing the limiting identity
2026-10-08T19:42:04.0174458Z ok 509 - doubling both supplies doubles theoretical product and excess without changing the limiting identity
2026-10-08T19:42:04.0175330Z   ---
2026-10-08T19:42:04.0175656Z   duration_ms: 0.626615
2026-10-08T19:42:04.0176018Z   ...
2026-10-08T19:42:04.0176923Z # Subtest: reaction definitions and solved records are deeply immutable without changing caller inputs
2026-10-08T19:42:04.0178321Z ok 510 - reaction definitions and solved records are deeply immutable without changing caller inputs
2026-10-08T19:42:04.0179129Z   ---
2026-10-08T19:42:04.0179442Z   duration_ms: 0.264792
2026-10-08T19:42:04.0179781Z   ...
2026-10-08T19:42:04.0180860Z # Subtest: worked record carries this prediction, mole accounting and the explicit theoretical model
2026-10-08T19:42:04.0182230Z ok 511 - worked record carries this prediction, mole accounting and the explicit theoretical model
2026-10-08T19:42:04.0183242Z   ---
2026-10-08T19:42:04.0183551Z   duration_ms: 0.723114
2026-10-08T19:42:04.0183896Z   ...
2026-10-08T19:42:04.0184809Z # Subtest: completed first answers restore in their original adaptive order with exact, unrounded estimates
2026-10-08T19:42:04.0186224Z ok 512 - completed first answers restore in their original adaptive order with exact, unrounded estimates
2026-10-08T19:42:04.0187043Z   ---
2026-10-08T19:42:04.0187393Z   duration_ms: 21.277744
2026-10-08T19:42:04.0187786Z   ...
2026-10-08T19:42:04.0188648Z # Subtest: unstarted, zero-answer, paused and complete practice remain distinct and can resume once
2026-10-08T19:42:04.0189983Z ok 513 - unstarted, zero-answer, paused and complete practice remain distinct and can resume once
2026-10-08T19:42:04.0190972Z   ---
2026-10-08T19:42:04.0191285Z   duration_ms: 6.450351
2026-10-08T19:42:04.0191639Z   ...
2026-10-08T19:42:04.0192362Z # Subtest: all-correct and all-missed completed traces use canonical answer indices
2026-10-08T19:42:04.0193486Z ok 514 - all-correct and all-missed completed traces use canonical answer indices
2026-10-08T19:42:04.0194163Z   ---
2026-10-08T19:42:04.0194485Z   duration_ms: 4.40888
2026-10-08T19:42:04.0194833Z   ...
2026-10-08T19:42:04.0195572Z # Subtest: incomplete, duplicate, unknown and out-of-range first answers are refused
2026-10-08T19:42:04.0196779Z ok 515 - incomplete, duplicate, unknown and out-of-range first answers are refused
2026-10-08T19:42:04.0197462Z   ---
2026-10-08T19:42:04.0197779Z   duration_ms: 10.107319
2026-10-08T19:42:04.0198151Z   ...
2026-10-08T19:42:04.0199027Z # Subtest: a different course revision cannot replace the current deck; property order is immaterial
2026-10-08T19:42:04.0200364Z ok 516 - a different course revision cannot replace the current deck; property order is immaterial
2026-10-08T19:42:04.0201354Z   ---
2026-10-08T19:42:04.0201669Z   duration_ms: 4.499555
2026-10-08T19:42:04.0202020Z   ...
2026-10-08T19:42:04.0202887Z # Subtest: changed model parameters, rounded estimates and incompatible versions are refused
2026-10-08T19:42:04.0204364Z ok 517 - changed model parameters, rounded estimates and incompatible versions are refused
2026-10-08T19:42:04.0205119Z   ---
2026-10-08T19:42:04.0205444Z   duration_ms: 6.90679
2026-10-08T19:42:04.0205799Z   ...
2026-10-08T19:42:04.0206586Z # Subtest: practice replay refuses duplicate, reordered, correct-first and extra answers
2026-10-08T19:42:04.0207780Z ok 518 - practice replay refuses duplicate, reordered, correct-first and extra answers
2026-10-08T19:42:04.0208490Z   ---
2026-10-08T19:42:04.0208800Z   duration_ms: 6.310451
2026-10-08T19:42:04.0209147Z   ...
2026-10-08T19:42:04.0209916Z # Subtest: bounded parsing refuses invalid JSON and oversized UTF-8 before exposing state
2026-10-08T19:42:04.0211396Z ok 519 - bounded parsing refuses invalid JSON and oversized UTF-8 before exposing state
2026-10-08T19:42:04.0212157Z   ---
2026-10-08T19:42:04.0212491Z   duration_ms: 4.680732
2026-10-08T19:42:04.0212856Z   ...
2026-10-08T19:42:04.0213789Z # Subtest: identical completed files inspect independently with no invented differences or chronology
2026-10-08T19:42:04.0215245Z ok 520 - identical completed files inspect independently with no invented differences or chronology
2026-10-08T19:42:04.0216090Z   ---
2026-10-08T19:42:04.0216430Z   duration_ms: 9.149198
2026-10-08T19:42:04.0216810Z   ...
2026-10-08T19:42:04.0217743Z # Subtest: canonical joins preserve both orders, all correctness transitions and two different wrong answers
2026-10-08T19:42:04.0219192Z ok 521 - canonical joins preserve both orders, all correctness transitions and two different wrong answers
2026-10-08T19:42:04.0220017Z   ---
2026-10-08T19:42:04.0220347Z   duration_ms: 2.881496
2026-10-08T19:42:04.0220971Z   ...
2026-10-08T19:42:04.0221587Z # Subtest: changed question order alone is not an answer difference
2026-10-08T19:42:04.0222486Z ok 522 - changed question order alone is not an answer difference
2026-10-08T19:42:04.0223070Z   ---
2026-10-08T19:42:04.0223389Z   duration_ms: 1.948472
2026-10-08T19:42:04.0223998Z   ...
2026-10-08T19:42:04.0224872Z # Subtest: unstarted, pending, incorrect retry and correct retry remain separate from first answers
2026-10-08T19:42:04.0226241Z ok 523 - unstarted, pending, incorrect retry and correct retry remain separate from first answers
2026-10-08T19:42:04.0227032Z   ---
2026-10-08T19:42:04.0227352Z   duration_ms: 6.229651
2026-10-08T19:42:04.0227717Z   ...
2026-10-08T19:42:04.0228590Z # Subtest: the current raw bundled deck remains compatible without normalizing its archive identity
2026-10-08T19:42:04.0229902Z ok 524 - the current raw bundled deck remains compatible without normalizing its archive identity
2026-10-08T19:42:04.0230909Z   ---
2026-10-08T19:42:04.0231237Z   duration_ms: 10.789627
2026-10-08T19:42:04.0231599Z   ...
2026-10-08T19:42:04.0232481Z # Subtest: object property ordering preserves identity while changed course content refuses the pair
2026-10-08T19:42:04.0233851Z ok 525 - object property ordering preserves identity while changed course content refuses the pair
2026-10-08T19:42:04.0234643Z   ---
2026-10-08T19:42:04.0234971Z   duration_ms: 5.645174
2026-10-08T19:42:04.0235331Z   ...
2026-10-08T19:42:04.0236205Z # Subtest: incomplete, malformed, changed-model and altered-estimate inputs keep the native refusals
2026-10-08T19:42:04.0237570Z ok 526 - incomplete, malformed, changed-model and altered-estimate inputs keep the native refusals
2026-10-08T19:42:04.0238360Z   ---
2026-10-08T19:42:04.0238675Z   duration_ms: 13.695281
2026-10-08T19:42:04.0239035Z   ...
2026-10-08T19:42:04.0239846Z # Subtest: inspection validates bounded deck content before using an archived deck as context
2026-10-08T19:42:04.0241347Z ok 527 - inspection validates bounded deck content before using an archived deck as context
2026-10-08T19:42:04.0242092Z   ---
2026-10-08T19:42:04.0242400Z   duration_ms: 7.499328
2026-10-08T19:42:04.0242755Z   ...
2026-10-08T19:42:04.0243612Z # Subtest: literal course content and prototype-looking IDs survive without mutable returned records
2026-10-08T19:42:04.0245176Z ok 528 - literal course content and prototype-looking IDs survive without mutable returned records
2026-10-08T19:42:04.0246019Z   ---
2026-10-08T19:42:04.0246353Z   duration_ms: 1.522441
2026-10-08T19:42:04.0246717Z   ...
2026-10-08T19:42:04.0247432Z # Subtest: independent concurrent file reads only publish their current pair
2026-10-08T19:42:04.0248496Z ok 529 - independent concurrent file reads only publish their current pair
2026-10-08T19:42:04.0249157Z   ---
2026-10-08T19:42:04.0249487Z   duration_ms: 3.020926
2026-10-08T19:42:04.0249854Z   ...
2026-10-08T19:42:04.0250935Z # Subtest: a replacement retires the old pair immediately and a superseded read cannot overwrite it
2026-10-08T19:42:04.0252285Z ok 530 - a replacement retires the old pair immediately and a superseded read cannot overwrite it
2026-10-08T19:42:04.0253069Z   ---
2026-10-08T19:42:04.0253384Z   duration_ms: 4.753606
2026-10-08T19:42:04.0253745Z   ...
2026-10-08T19:42:04.0254586Z # Subtest: clearing a pending file or receiving its late failure cannot restore comparison state
2026-10-08T19:42:04.0255957Z ok 531 - clearing a pending file or receiving its late failure cannot restore comparison state
2026-10-08T19:42:04.0256702Z   ---
2026-10-08T19:42:04.0257022Z   duration_ms: 2.336293
2026-10-08T19:42:04.0257377Z   ...
2026-10-08T19:42:04.0258239Z # Subtest: rejected or incompatible replacements clear paired output and permit ordinary recovery
2026-10-08T19:42:04.0259599Z ok 532 - rejected or incompatible replacements clear paired output and permit ordinary recovery
2026-10-08T19:42:04.0260375Z   ---
2026-10-08T19:42:04.0260926Z   duration_ms: 4.987442
2026-10-08T19:42:04.0261290Z   ...
2026-10-08T19:42:04.0262179Z # Subtest: file admission refuses oversized metadata before reading and rejects malformed UTF-8 bytes
2026-10-08T19:42:04.0263576Z ok 533 - file admission refuses oversized metadata before reading and rejects malformed UTF-8 bytes
2026-10-08T19:42:04.0264377Z   ---
2026-10-08T19:42:04.0264919Z   duration_ms: 1.136663
2026-10-08T19:42:04.0265282Z   ...
2026-10-08T19:42:04.0266084Z # Subtest: cancelled selection preserves accepted files and the immutable paired snapshot
2026-10-08T19:42:04.0267318Z ok 534 - cancelled selection preserves accepted files and the immutable paired snapshot
2026-10-08T19:42:04.0268059Z   ---
2026-10-08T19:42:04.0268379Z   duration_ms: 2.083634
2026-10-08T19:42:04.0268734Z   ...
2026-10-08T19:42:04.0269578Z # Subtest: the checked-in offline explorer contains the current source and exact admitted lesson
2026-10-08T19:42:04.0271098Z ok 535 - the checked-in offline explorer contains the current source and exact admitted lesson
2026-10-08T19:42:04.0271863Z   ---
2026-10-08T19:42:04.0272187Z   duration_ms: 6.837811
2026-10-08T19:42:04.0272544Z   ...
2026-10-08T19:42:04.0273290Z # Subtest: linear conversions keep the quantity while changing the numerical value
2026-10-08T19:42:04.0274398Z ok 536 - linear conversions keep the quantity while changing the numerical value
2026-10-08T19:42:04.0275082Z   ---
2026-10-08T19:42:04.0275395Z   duration_ms: 5.354764
2026-10-08T19:42:04.0275751Z   ...
2026-10-08T19:42:04.0276240Z # Subtest: a prefix scales every powered dimension
2026-10-08T19:42:04.0276917Z ok 537 - a prefix scales every powered dimension
2026-10-08T19:42:04.0277442Z   ---
2026-10-08T19:42:04.0277749Z   duration_ms: 1.509997
2026-10-08T19:42:04.0278092Z   ...
2026-10-08T19:42:04.0278804Z # Subtest: both numerator and denominator scales participate in rates and density
2026-10-08T19:42:04.0279893Z ok 538 - both numerator and denominator scales participate in rates and density
2026-10-08T19:42:04.0280824Z   ---
2026-10-08T19:42:04.0281151Z   duration_ms: 1.158112
2026-10-08T19:42:04.0281505Z   ...
2026-10-08T19:42:04.0282069Z # Subtest: derived units reduce to their stated m/kg/s powers
2026-10-08T19:42:04.0282922Z ok 539 - derived units reduce to their stated m/kg/s powers
2026-10-08T19:42:04.0283480Z   ---
2026-10-08T19:42:04.0283808Z   duration_ms: 2.107288
2026-10-08T19:42:04.0284193Z   ...
2026-10-08T19:42:04.0285122Z # Subtest: cancellation retains scale even when the resulting dimension is one
2026-10-08T19:42:04.0286253Z ok 540 - cancellation retains scale even when the resulting dimension is one
2026-10-08T19:42:04.0286813Z   ---
2026-10-08T19:42:04.0287008Z   duration_ms: 0.664595
2026-10-08T19:42:04.0287219Z   ...
2026-10-08T19:42:04.0287641Z # Subtest: division is left-associative and parentheses change denominator grouping
2026-10-08T19:42:04.0288284Z ok 541 - division is left-associative and parentheses change denominator grouping
2026-10-08T19:42:04.0288679Z   ---
2026-10-08T19:42:04.0288872Z   duration_ms: 0.567205
2026-10-08T19:42:04.0289074Z   ...
2026-10-08T19:42:04.0289482Z # Subtest: Unicode conveniences are explicit and whitespace is not multiplication
2026-10-08T19:42:04.0290098Z ok 542 - Unicode conveniences are explicit and whitespace is not multiplication
2026-10-08T19:42:04.0290783Z   ---
2026-10-08T19:42:04.0290973Z   duration_ms: 1.497273
2026-10-08T19:42:04.0291192Z   ...
2026-10-08T19:42:04.0291529Z # Subtest: zero does not make incompatible dimensions convertible
2026-10-08T19:42:04.0292017Z ok 543 - zero does not make incompatible dimensions convertible
2026-10-08T19:42:04.0292340Z   ---
2026-10-08T19:42:04.0292515Z   duration_ms: 0.903059
2026-10-08T19:42:04.0292714Z   ...
2026-10-08T19:42:04.0293095Z # Subtest: repeating ratios remain exact and displayed rounding is explicit
2026-10-08T19:42:04.0293662Z ok 544 - repeating ratios remain exact and displayed rounding is explicit
2026-10-08T19:42:04.0294017Z   ---
2026-10-08T19:42:04.0294192Z   duration_ms: 0.884174
2026-10-08T19:42:04.0294389Z   ...
2026-10-08T19:42:04.0294855Z # Subtest: large entered integers and small decimal distinctions survive without Number conversion
2026-10-08T19:42:04.0295588Z ok 545 - large entered integers and small decimal distinctions survive without Number conversion
2026-10-08T19:42:04.0296016Z   ---
2026-10-08T19:42:04.0296197Z   duration_ms: 0.863325
2026-10-08T19:42:04.0296570Z   ...
2026-10-08T19:42:04.0296907Z # Subtest: quantity parsing requires complete bounded decimal text
2026-10-08T19:42:04.0297403Z ok 546 - quantity parsing requires complete bounded decimal text
2026-10-08T19:42:04.0297728Z   ---
2026-10-08T19:42:04.0297908Z   duration_ms: 0.524746
2026-10-08T19:42:04.0298107Z   ...
2026-10-08T19:42:04.0298516Z # Subtest: the unit grammar rejects incomplete, excessive and unsupported expressions
2026-10-08T19:42:04.0299145Z ok 547 - the unit grammar rejects incomplete, excessive and unsupported expressions
2026-10-08T19:42:04.0299532Z   ---
2026-10-08T19:42:04.0299716Z   duration_ms: 1.217433
2026-10-08T19:42:04.0299916Z   ...
2026-10-08T19:42:04.0300277Z # Subtest: returned records are immutable JSON with exact rational strings
2026-10-08T19:42:04.0300987Z ok 548 - returned records are immutable JSON with exact rational strings
2026-10-08T19:42:04.0301341Z   ---
2026-10-08T19:42:04.0301523Z   duration_ms: 0.936771
2026-10-08T19:42:04.0301731Z   ...
2026-10-08T19:42:04.0302194Z # Subtest: normalized expressions retain every grouping and remain valid within the input bound
2026-10-08T19:42:04.0302912Z ok 549 - normalized expressions retain every grouping and remain valid within the input bound
2026-10-08T19:42:04.0303336Z   ---
2026-10-08T19:42:04.0303521Z   duration_ms: 2.239142
2026-10-08T19:42:04.0303716Z   ...
2026-10-08T19:42:04.0304162Z # Subtest: the downloadable course is the exact admitted course, without external dependencies
2026-10-08T19:42:04.0304847Z ok 550 - the downloadable course is the exact admitted course, without external dependencies
2026-10-08T19:42:04.0305257Z   ---
2026-10-08T19:42:04.0305431Z   duration_ms: 2.272585
2026-10-08T19:42:04.0305623Z   ...
2026-10-08T19:42:04.0306029Z # Subtest: rebuilding the embedded course preserves already current standalone bytes
2026-10-08T19:42:04.0306660Z ok 551 - rebuilding the embedded course preserves already current standalone bytes
2026-10-08T19:42:04.0307043Z   ---
2026-10-08T19:42:04.0307222Z   duration_ms: 51.72833
2026-10-08T19:42:04.0307417Z   ...
2026-10-08T19:42:04.0307942Z # Subtest: the course example retains a component and reconstructs the exact original
2026-10-08T19:42:04.0308565Z ok 552 - the course example retains a component and reconstructs the exact original
2026-10-08T19:42:04.0308950Z   ---
2026-10-08T19:42:04.0309126Z   duration_ms: 1.342826
2026-10-08T19:42:04.0309322Z   ...
2026-10-08T19:42:04.0309733Z # Subtest: the geometric line is unchanged by a positive or negative direction rescaling
2026-10-08T19:42:04.0310358Z ok 553 - the geometric line is unchanged by a positive or negative direction rescaling
2026-10-08T19:42:04.0310884Z   ---
2026-10-08T19:42:04.0311058Z   duration_ms: 0.626935
2026-10-08T19:42:04.0311255Z   ...
2026-10-08T19:42:04.0311675Z # Subtest: perpendicular, parallel, axis-aligned and zero-original cases remain defined
2026-10-08T19:42:04.0312319Z ok 554 - perpendicular, parallel, axis-aligned and zero-original cases remain defined
2026-10-08T19:42:04.0312717Z   ---
2026-10-08T19:42:04.0312896Z   duration_ms: 0.695473
2026-10-08T19:42:04.0313091Z   ...
2026-10-08T19:42:04.0313492Z # Subtest: malformed, missing, out-of-domain and zero direction values are refused
2026-10-08T19:42:04.0314087Z ok 555 - malformed, missing, out-of-domain and zero direction values are refused
2026-10-08T19:42:04.0314462Z   ---
2026-10-08T19:42:04.0314638Z   duration_ms: 2.104643
2026-10-08T19:42:04.0314843Z   ...
2026-10-08T19:42:04.0315188Z # Subtest: calculation does not mutate or alias its input coordinates
2026-10-08T19:42:04.0315700Z ok 556 - calculation does not mutate or alias its input coordinates
2026-10-08T19:42:04.0316036Z   ---
2026-10-08T19:42:04.0316214Z   duration_ms: 0.351614
2026-10-08T19:42:04.0316413Z   ...
2026-10-08T19:42:04.0316928Z # Subtest: 2,000 independently checked geometries satisfy the projection characterization and plot bounds
2026-10-08T19:42:04.0317723Z ok 557 - 2,000 independently checked geometries satisfy the projection characterization and plot bounds
2026-10-08T19:42:04.0318306Z   ---
2026-10-08T19:42:04.0318487Z   duration_ms: 38.534223
2026-10-08T19:42:04.0318691Z   ...
2026-10-08T19:42:04.0319153Z # Subtest: course has twelve original items, two per concept, with a balanced canonical answer key
2026-10-08T19:42:04.0319871Z ok 558 - course has twelve original items, two per concept, with a balanced canonical answer key
2026-10-08T19:42:04.0320290Z   ---
2026-10-08T19:42:04.0320592Z   duration_ms: 2.881667
2026-10-08T19:42:04.0320795Z   ...
2026-10-08T19:42:04.0321214Z # Subtest: displacement subtracts the starting point, including its negative component
2026-10-08T19:42:04.0321854Z ok 559 - displacement subtracts the starting point, including its negative component
2026-10-08T19:42:04.0322249Z   ---
2026-10-08T19:42:04.0322424Z   duration_ms: 0.897408
2026-10-08T19:42:04.0322621Z   ...
2026-10-08T19:42:04.0323052Z # Subtest: sequential displacements combine componentwise and retain the same final point
2026-10-08T19:42:04.0323728Z ok 560 - sequential displacements combine componentwise and retain the same final point
2026-10-08T19:42:04.0324137Z   ---
2026-10-08T19:42:04.0324323Z   duration_ms: 0.461939
2026-10-08T19:42:04.0324520Z   ...
2026-10-08T19:42:04.0324900Z # Subtest: Euclidean length is the square root of the sum of squared components
2026-10-08T19:42:04.0325474Z ok 561 - Euclidean length is the square root of the sum of squared components
2026-10-08T19:42:04.0325834Z   ---
2026-10-08T19:42:04.0326009Z   duration_ms: 0.342297
2026-10-08T19:42:04.0326214Z   ...
2026-10-08T19:42:04.0326607Z # Subtest: the unit direction has length one and preserves the original orientation
2026-10-08T19:42:04.0327212Z ok 562 - the unit direction has length one and preserves the original orientation
2026-10-08T19:42:04.0327587Z   ---
2026-10-08T19:42:04.0327763Z   duration_ms: 0.515127
2026-10-08T19:42:04.0327961Z   ...
2026-10-08T19:42:04.0328304Z # Subtest: the two nonzero perpendicular vectors have zero dot product
2026-10-08T19:42:04.0328809Z ok 563 - the two nonzero perpendicular vectors have zero dot product
2026-10-08T19:42:04.0329140Z   ---
2026-10-08T19:42:04.0329438Z   duration_ms: 0.297062
2026-10-08T19:42:04.0329644Z   ...
2026-10-08T19:42:04.0330032Z # Subtest: a unit-axis component retains the sign of the projected displacement
2026-10-08T19:42:04.0330921Z ok 564 - a unit-axis component retains the sign of the projected displacement
2026-10-08T19:42:04.0331316Z   ---
2026-10-08T19:42:04.0331501Z   duration_ms: 0.334462
2026-10-08T19:42:04.0331702Z   ...
2026-10-08T19:42:04.0332160Z # Subtest: the projection lies on the nonunit direction line and leaves an orthogonal residual
2026-10-08T19:42:04.0332860Z ok 565 - the projection lies on the nonunit direction line and leaves an orthogonal residual
2026-10-08T19:42:04.0333280Z   ---
2026-10-08T19:42:04.0333461Z   duration_ms: 0.470144
2026-10-08T19:42:04.0333660Z   ...
2026-10-08T19:42:04.0334049Z # Subtest: the requested residual reconstructs b as well as being perpendicular
2026-10-08T19:42:04.0334651Z ok 566 - the requested residual reconstructs b as well as being perpendicular
2026-10-08T19:42:04.0335028Z   ---
2026-10-08T19:42:04.0335211Z   duration_ms: 0.532449
2026-10-08T19:42:04.0335410Z   ...
2026-10-08T19:42:04.0335800Z # Subtest: row dot products implement the stated column-vector matrix convention
2026-10-08T19:42:04.0336387Z ok 567 - row dot products implement the stated column-vector matrix convention
2026-10-08T19:42:04.0336752Z   ---
2026-10-08T19:42:04.0336931Z   duration_ms: 0.477628
2026-10-08T19:42:04.0337132Z   ...
2026-10-08T19:42:04.0337511Z # Subtest: basis images retain the coefficients of the input linear combination
2026-10-08T19:42:04.0338090Z ok 568 - basis images retain the coefficients of the input linear combination
2026-10-08T19:42:04.0338457Z   ---
2026-10-08T19:42:04.0338633Z   duration_ms: 0.369577
2026-10-08T19:42:04.0338831Z   ...
2026-10-08T19:42:04.0339206Z # Subtest: rotation before horizontal stretch differs from the reverse order
2026-10-08T19:42:04.0339767Z ok 569 - rotation before horizontal stretch differs from the reverse order
2026-10-08T19:42:04.0340261Z   ---
2026-10-08T19:42:04.0340573Z   duration_ms: 0.29611
2026-10-08T19:42:04.0340782Z   ...
2026-10-08T19:42:04.0341243Z # Subtest: the stated distinct inputs collide under the flattening map
2026-10-08T19:42:04.0341921Z ok 570 - the stated distinct inputs collide under the flattening map
2026-10-08T19:42:04.0342265Z   ---
2026-10-08T19:42:04.0342450Z   duration_ms: 0.242701
2026-10-08T19:42:04.0342653Z   ...
2026-10-08T19:42:04.0653815Z # Subtest: the authored greedy counterexample has the complete expected table and schedule
2026-10-08T19:42:04.0656488Z ok 571 - the authored greedy counterexample has the complete expected table and schedule
2026-10-08T19:42:04.0665499Z   ---
2026-10-08T19:42:04.0665863Z   duration_ms: 2.869173
2026-10-08T19:42:04.0666143Z   ...
2026-10-08T19:42:04.0666703Z # Subtest: a changed value recomputes the selected prefix and does not mutate the example
2026-10-08T19:42:04.0667547Z ok 572 - a changed value recomputes the selected prefix and does not mutate the example
2026-10-08T19:42:04.0668070Z   ---
2026-10-08T19:42:04.0668308Z   duration_ms: 0.413469
2026-10-08T19:42:04.0668563Z   ...
2026-10-08T19:42:04.0670762Z # Subtest: touching endpoints are compatible and a positive overlap changes that decision
2026-10-08T19:42:04.0677929Z ok 573 - touching endpoints are compatible and a positive overlap changes that decision
2026-10-08T19:42:04.0678774Z   ---
2026-10-08T19:42:04.0679173Z   duration_ms: 0.448795
2026-10-08T19:42:04.0679575Z   ...
2026-10-08T19:42:04.0680386Z # Subtest: backtracking from a smaller prefix can differ from the complete optimum
2026-10-08T19:42:04.0681901Z ok 574 - backtracking from a smaller prefix can differ from the complete optimum
2026-10-08T19:42:04.0682646Z   ---
2026-10-08T19:42:04.0683004Z   duration_ms: 0.352455
2026-10-08T19:42:04.0683408Z   ...
2026-10-08T19:42:04.0686488Z # Subtest: equal alternatives keep the previous prefix under the declared stable order
2026-10-08T19:42:04.0687803Z ok 575 - equal alternatives keep the previous prefix under the declared stable order
2026-10-08T19:42:04.0688896Z   ---
2026-10-08T19:42:04.0689306Z   duration_ms: 0.586189
2026-10-08T19:42:04.0689712Z   ...
2026-10-08T19:42:04.0690896Z # Subtest: a predecessor row supplies its best prefix, not necessarily its own activity
2026-10-08T19:42:04.0692195Z ok 576 - a predecessor row supplies its best prefix, not necessarily its own activity
2026-10-08T19:42:04.0692982Z   ---
2026-10-08T19:42:04.0693353Z   duration_ms: 0.963661
2026-10-08T19:42:04.0693741Z   ...
2026-10-08T19:42:04.0694425Z # Subtest: empty and zero-valued inputs return a real empty optimum
2026-10-08T19:42:04.0695515Z ok 577 - empty and zero-valued inputs return a real empty optimum
2026-10-08T19:42:04.0696153Z   ---
2026-10-08T19:42:04.0696531Z   duration_ms: 0.448835
2026-10-08T19:42:04.0696930Z   ...
2026-10-08T19:42:04.0699156Z # Subtest: the admitted bounds and code-unit ID tie order are exact
2026-10-08T19:42:04.0700684Z ok 578 - the admitted bounds and code-unit ID tie order are exact
2026-10-08T19:42:04.0701652Z   ---
2026-10-08T19:42:04.0702363Z   duration_ms: 0.362954
2026-10-08T19:42:04.0703011Z   ...
2026-10-08T19:42:04.0703932Z # Subtest: invalid representable activity inputs are refused without changing supplied data
2026-10-08T19:42:04.0705309Z ok 579 - invalid representable activity inputs are refused without changing supplied data
2026-10-08T19:42:04.0706137Z   ---
2026-10-08T19:42:04.0706493Z   duration_ms: 1.716311
2026-10-08T19:42:04.0706881Z   ...
2026-10-08T19:42:04.0710547Z # Subtest: results are detached from both admitted inputs and future solver calls
2026-10-08T19:42:04.0711811Z ok 580 - results are detached from both admitted inputs and future solver calls
2026-10-08T19:42:04.0712473Z   ---
2026-10-08T19:42:04.0712802Z   duration_ms: 0.433556
2026-10-08T19:42:04.0713159Z   ...
2026-10-08T19:42:04.0713893Z # Subtest: the original twelve-question course is canonical and covers every concept
2026-10-08T19:42:04.0718899Z ok 581 - the original twelve-question course is canonical and covers every concept
2026-10-08T19:42:04.0719615Z   ---
2026-10-08T19:42:04.0719947Z   duration_ms: 0.786262
2026-10-08T19:42:04.0720302Z   ...
2026-10-08T19:42:04.0721538Z # Subtest: the deck goes through the existing adaptive learner, review, practice and notes consumers
2026-10-08T19:42:04.0738898Z ok 582 - the deck goes through the existing adaptive learner, review, practice and notes consumers
2026-10-08T19:42:04.0751337Z   ---
2026-10-08T19:42:04.0754756Z   duration_ms: 15.319469
2026-10-08T19:42:04.0755406Z   ...
2026-10-08T19:42:04.0766488Z # Subtest: the direct-file page matches the maintained builder and original deck download
2026-10-08T19:42:04.0767514Z ok 583 - the direct-file page matches the maintained builder and original deck download
2026-10-08T19:42:04.0767941Z   ---
2026-10-08T19:42:04.0768145Z   duration_ms: 52.899101
2026-10-08T19:42:04.0768362Z   ...
2026-10-08T19:42:04.0826938Z 1..583
2026-10-08T19:42:04.0827345Z # tests 598
2026-10-08T19:42:04.0827693Z # suites 0
2026-10-08T19:42:04.0828060Z # pass 598
2026-10-08T19:42:04.0828409Z # fail 0
2026-10-08T19:42:04.0828757Z # cancelled 0
2026-10-08T19:42:04.0829128Z # skipped 0
2026-10-08T19:42:04.0829455Z # todo 0
2026-10-08T19:42:04.0833282Z # duration_ms 4437.796947
2026-10-08T19:42:04.0922167Z ##[group]Run cp demo.html /tmp/demo-before.html
2026-10-08T19:42:04.0922584Z [36;1mcp demo.html /tmp/demo-before.html[0m
2026-10-08T19:42:04.0922905Z [36;1mpython3 tools/make_demo.py[0m
2026-10-08T19:42:04.0923503Z [36;1mcmp /tmp/demo-before.html demo.html || { echo "demo.html is stale: run 'python3 tools/make_demo.py' and commit the result"; exit 1; }[0m
2026-10-08T19:42:04.0989861Z shell: /usr/bin/bash -e {0}
2026-10-08T19:42:04.0990131Z ##[endgroup]
2026-10-08T19:42:04.1341472Z Built /home/runner/work/RecallWeave/RecallWeave/demo.html (97716 bytes)
2026-10-08T19:42:04.1492913Z Post job cleanup.
2026-10-08T19:42:04.2758630Z (node:3528) [DEP0040] DeprecationWarning: The `punycode` module is deprecated. Please use a userland alternative instead.
2026-10-08T19:42:04.2759702Z (Use `node --trace-deprecation ...` to show where the warning was created)
2026-10-08T19:42:04.2988895Z Post job cleanup.
2026-10-08T19:42:04.3849586Z [command]/usr/bin/git version
2026-10-08T19:42:04.3894309Z git version 2.55.0
2026-10-08T19:42:04.3937923Z Temporarily overriding HOME='/home/runner/work/_temp/cda5fb01-47fa-451c-88c5-5e891d8d19cf' before making global git config changes
2026-10-08T19:42:04.3939738Z Adding repository directory to the temporary git global config as a safe directory
2026-10-08T19:42:04.3944336Z [command]/usr/bin/git config --global --add safe.directory /home/runner/work/RecallWeave/RecallWeave
2026-10-08T19:42:04.3984007Z [command]/usr/bin/git config --local --name-only --get-regexp core\.sshCommand
2026-10-08T19:42:04.4026527Z [command]/usr/bin/git submodule foreach --recursive sh -c "git config --local --name-only --get-regexp 'core\.sshCommand' && git config --local --unset-all 'core.sshCommand' || :"
2026-10-08T19:42:04.4279980Z [command]/usr/bin/git config --local --name-only --get-regexp http\.https\:\/\/github\.com\/\.extraheader
2026-10-08T19:42:04.4310096Z http.https://github.com/.extraheader
2026-10-08T19:42:04.4322705Z [command]/usr/bin/git config --local --unset-all http.https://github.com/.extraheader
2026-10-08T19:42:04.4361672Z [command]/usr/bin/git submodule foreach --recursive sh -c "git config --local --name-only --get-regexp 'http\.https\:\/\/github\.com\/\.extraheader' && git config --local --unset-all 'http.https://github.com/.extraheader' || :"
2026-10-08T19:42:04.4624221Z [command]/usr/bin/git config --local --name-only --get-regexp ^includeIf\.gitdir:
2026-10-08T19:42:04.4664841Z [command]/usr/bin/git submodule foreach --recursive git config --local --show-origin --name-only --get-regexp remote.origin.url
2026-10-08T19:42:04.5063688Z Cleaning up orphan processes
2026-10-08T19:42:04.5350866Z ##[warning]Node.js 20 is deprecated. The following actions target Node.js 20 but are being forced to run on Node.js 24: actions/checkout@11d5960a326750d5838078e36cf38b85af677262, actions/setup-node@49933ea5288caeca8642d1e84afbd3f7d6820020. For more information see: https://github.blog/changelog/2025-09-19-deprecation-of-node-20-on-github-actions-runners/
