2026-10-08T16:30:17.5338700Z Current runner version: '2.337.0'
2026-10-08T16:30:17.5366344Z ##[group]Runner Image Provisioner
2026-10-08T16:30:17.5367354Z Hosted Compute Agent
2026-10-08T16:30:17.5368056Z Version: 20261002.596
2026-10-08T16:30:17.5368758Z Commit: c3d12f3313a95f25162a1503be624f3b0617f8c0
2026-10-08T16:30:17.5369536Z Build Date: 2026-10-02T22:28:27Z
2026-10-08T16:30:17.5370255Z Worker ID: {47fd1a29-f9be-4137-9c59-2868410d4b29}
2026-10-08T16:30:17.5371038Z Region: eastus2
2026-10-08T16:30:17.5371954Z Cloud: Azure
2026-10-08T16:30:17.5372614Z ##[endgroup]
2026-10-08T16:30:17.5374076Z ##[group]Operating System
2026-10-08T16:30:17.5374719Z Ubuntu
2026-10-08T16:30:17.5375378Z 24.04.5
2026-10-08T16:30:17.5375928Z LTS
2026-10-08T16:30:17.5376453Z ##[endgroup]
2026-10-08T16:30:17.5377114Z ##[group]Runner Image
2026-10-08T16:30:17.5377774Z Image: ubuntu-24.04
2026-10-08T16:30:17.5378400Z Version: 20261004.327.1
2026-10-08T16:30:17.5379752Z Included Software: https://github.com/actions/runner-images/blob/ubuntu24/20261004.327/images/ubuntu/Ubuntu2404-Readme.md
2026-10-08T16:30:17.5382088Z Image Release: https://github.com/actions/runner-images/releases/tag/ubuntu24%2F20261004.327
2026-10-08T16:30:17.5383176Z ##[endgroup]
2026-10-08T16:30:17.5384573Z ##[group]GITHUB_TOKEN Permissions
2026-10-08T16:30:17.5386858Z Contents: read
2026-10-08T16:30:17.5387559Z Metadata: read
2026-10-08T16:30:17.5388149Z ##[endgroup]
2026-10-08T16:30:17.5390807Z Secret source: Actions
2026-10-08T16:30:17.5392249Z Cache mode: write
2026-10-08T16:30:17.5393250Z Prepare workflow directory
2026-10-08T16:30:17.5725942Z Prepare all required actions
2026-10-08T16:30:17.5775267Z Getting action download info
2026-10-08T16:30:17.7905655Z Download action repository 'actions/checkout@11d5960a326750d5838078e36cf38b85af677262' (SHA:11d5960a326750d5838078e36cf38b85af677262)
2026-10-08T16:30:17.8933156Z Download action repository 'actions/setup-node@49933ea5288caeca8642d1e84afbd3f7d6820020' (SHA:49933ea5288caeca8642d1e84afbd3f7d6820020)
2026-10-08T16:30:18.0851973Z Complete job name: node-test
2026-10-08T16:30:18.1600601Z ##[group]Run actions/checkout@11d5960a326750d5838078e36cf38b85af677262
2026-10-08T16:30:18.1601825Z with:
2026-10-08T16:30:18.1602304Z   repository: Jacob-Met/RecallWeave
2026-10-08T16:30:18.1606413Z   token: ***
2026-10-08T16:30:18.1606865Z   ssh-strict: true
2026-10-08T16:30:18.1607317Z   ssh-user: git
2026-10-08T16:30:18.1607774Z   persist-credentials: true
2026-10-08T16:30:18.1608281Z   clean: true
2026-10-08T16:30:18.1608747Z   sparse-checkout-cone-mode: true
2026-10-08T16:30:18.1609272Z   fetch-depth: 1
2026-10-08T16:30:18.1609709Z   fetch-tags: false
2026-10-08T16:30:18.1610164Z   show-progress: true
2026-10-08T16:30:18.1610604Z   lfs: false
2026-10-08T16:30:18.1611019Z   submodules: false
2026-10-08T16:30:18.1611571Z   set-safe-directory: true
2026-10-08T16:30:18.1612080Z   allow-unsafe-pr-checkout: false
2026-10-08T16:30:18.1612819Z ##[endgroup]
2026-10-08T16:30:18.2679029Z Syncing repository: Jacob-Met/RecallWeave
2026-10-08T16:30:18.2682139Z ##[group]Getting Git version info
2026-10-08T16:30:18.2683366Z Working directory is '/home/runner/work/RecallWeave/RecallWeave'
2026-10-08T16:30:18.2684901Z [command]/usr/bin/git version
2026-10-08T16:30:18.2737973Z git version 2.55.0
2026-10-08T16:30:18.2758576Z ##[endgroup]
2026-10-08T16:30:18.2776065Z Temporarily overriding HOME='/home/runner/work/_temp/1187040b-4930-4500-901d-c8e0251dabe2' before making global git config changes
2026-10-08T16:30:18.2778785Z Adding repository directory to the temporary git global config as a safe directory
2026-10-08T16:30:18.2782228Z [command]/usr/bin/git config --global --add safe.directory /home/runner/work/RecallWeave/RecallWeave
2026-10-08T16:30:18.2837493Z Deleting the contents of '/home/runner/work/RecallWeave/RecallWeave'
2026-10-08T16:30:18.2846744Z ##[group]Initializing the repository
2026-10-08T16:30:18.2852931Z [command]/usr/bin/git init /home/runner/work/RecallWeave/RecallWeave
2026-10-08T16:30:18.2936218Z hint: Using 'master' as the name for the initial branch. This default branch name
2026-10-08T16:30:18.2938406Z hint: will change to "main" in Git 3.0. To configure the initial branch name
2026-10-08T16:30:18.2939879Z hint: to use in all of your new repositories, which will suppress this warning,
2026-10-08T16:30:18.2941170Z hint: call:
2026-10-08T16:30:18.2942131Z hint:
2026-10-08T16:30:18.2943059Z hint: 	git config --global init.defaultBranch <name>
2026-10-08T16:30:18.2944139Z hint:
2026-10-08T16:30:18.2945139Z hint: Names commonly chosen instead of 'master' are 'main', 'trunk' and
2026-10-08T16:30:18.2946697Z hint: 'development'. The just-created branch can be renamed via this command:
2026-10-08T16:30:18.2947955Z hint:
2026-10-08T16:30:18.2948785Z hint: 	git branch -m <name>
2026-10-08T16:30:18.2949633Z hint:
2026-10-08T16:30:18.2950694Z hint: Disable this message with "git config set advice.defaultBranchName false"
2026-10-08T16:30:18.2952551Z Initialized empty Git repository in /home/runner/work/RecallWeave/RecallWeave/.git/
2026-10-08T16:30:18.2955393Z [command]/usr/bin/git remote add origin https://github.com/Jacob-Met/RecallWeave
2026-10-08T16:30:18.3002268Z ##[endgroup]
2026-10-08T16:30:18.3003553Z ##[group]Disabling automatic garbage collection
2026-10-08T16:30:18.3006603Z [command]/usr/bin/git config --local gc.auto 0
2026-10-08T16:30:18.3040389Z ##[endgroup]
2026-10-08T16:30:18.3041858Z ##[group]Setting up auth
2026-10-08T16:30:18.3047058Z [command]/usr/bin/git config --local --name-only --get-regexp core\.sshCommand
2026-10-08T16:30:18.3081871Z [command]/usr/bin/git submodule foreach --recursive sh -c "git config --local --name-only --get-regexp 'core\.sshCommand' && git config --local --unset-all 'core.sshCommand' || :"
2026-10-08T16:30:18.3424958Z [command]/usr/bin/git config --local --name-only --get-regexp http\.https\:\/\/github\.com\/\.extraheader
2026-10-08T16:30:18.3473367Z [command]/usr/bin/git submodule foreach --recursive sh -c "git config --local --name-only --get-regexp 'http\.https\:\/\/github\.com\/\.extraheader' && git config --local --unset-all 'http.https://github.com/.extraheader' || :"
2026-10-08T16:30:18.3743838Z [command]/usr/bin/git config --local --name-only --get-regexp ^includeIf\.gitdir:
2026-10-08T16:30:18.3783812Z [command]/usr/bin/git submodule foreach --recursive git config --local --show-origin --name-only --get-regexp remote.origin.url
2026-10-08T16:30:18.4033043Z [command]/usr/bin/git config --local http.https://github.com/.extraheader AUTHORIZATION: basic ***
2026-10-08T16:30:18.4077456Z ##[endgroup]
2026-10-08T16:30:18.4078401Z ##[group]Fetching the repository
2026-10-08T16:30:18.4087375Z [command]/usr/bin/git -c protocol.version=2 fetch --no-tags --prune --no-recurse-submodules --depth=1 origin +81363271da63c5428fcb4cafba39fc89c3557b82:refs/remotes/origin/main
2026-10-08T16:30:21.0339020Z From https://github.com/Jacob-Met/RecallWeave
2026-10-08T16:30:21.0341199Z  * [new ref]         81363271da63c5428fcb4cafba39fc89c3557b82 -> origin/main
2026-10-08T16:30:21.0350875Z ##[endgroup]
2026-10-08T16:30:21.0352680Z ##[group]Determining the checkout info
2026-10-08T16:30:21.0354257Z ##[endgroup]
2026-10-08T16:30:21.0362398Z [command]/usr/bin/git sparse-checkout disable
2026-10-08T16:30:21.0409270Z [command]/usr/bin/git config --local --unset-all extensions.worktreeConfig
2026-10-08T16:30:21.0445683Z ##[group]Checking out the ref
2026-10-08T16:30:21.0449256Z [command]/usr/bin/git checkout --progress --force -B main refs/remotes/origin/main
2026-10-08T16:30:21.3027222Z Switched to a new branch 'main'
2026-10-08T16:30:21.3033061Z branch 'main' set up to track 'origin/main'.
2026-10-08T16:30:21.3055546Z ##[endgroup]
2026-10-08T16:30:21.3102923Z [command]/usr/bin/git log -1 --format=%H
2026-10-08T16:30:21.3132008Z 81363271da63c5428fcb4cafba39fc89c3557b82
2026-10-08T16:30:21.3409377Z ##[group]Run actions/setup-node@49933ea5288caeca8642d1e84afbd3f7d6820020
2026-10-08T16:30:21.3409868Z with:
2026-10-08T16:30:21.3410120Z   node-version: 20
2026-10-08T16:30:21.3410382Z   always-auth: false
2026-10-08T16:30:21.3410649Z   check-latest: false
2026-10-08T16:30:21.3413632Z   token: ***
2026-10-08T16:30:21.3413890Z ##[endgroup]
2026-10-08T16:30:21.4896059Z Attempting to download 20...
2026-10-08T16:30:21.5002661Z (node:2225) [DEP0040] DeprecationWarning: The `punycode` module is deprecated. Please use a userland alternative instead.
2026-10-08T16:30:21.5004798Z (Use `node --trace-deprecation ...` to show where the warning was created)
2026-10-08T16:30:22.0727928Z Acquiring 20.20.2 - x64 from https://github.com/actions/node-versions/releases/download/20.20.2-23521894959/node-20.20.2-linux-x64.tar.gz
2026-10-08T16:30:22.4533645Z Extracting ...
2026-10-08T16:30:22.4720293Z [command]/usr/bin/tar xz --strip 1 --warning=no-unknown-keyword --overwrite -C /home/runner/work/_temp/703292b0-735a-4a60-86e2-8a7c8c4e189e -f /home/runner/work/_temp/6b0f0ff7-b096-459c-aa01-8d87bb0c4ba5
2026-10-08T16:30:23.5720816Z Adding to the cache ...
2026-10-08T16:30:25.0722001Z ##[group]Environment details
2026-10-08T16:30:25.3105061Z node: v20.20.2
2026-10-08T16:30:25.3105459Z npm: 10.8.2
2026-10-08T16:30:25.3122434Z yarn: 1.22.22
2026-10-08T16:30:25.3123264Z ##[endgroup]
2026-10-08T16:30:25.3287156Z ##[group]Run node --test tests/*.test.mjs
2026-10-08T16:30:25.3287586Z [36;1mnode --test tests/*.test.mjs[0m
2026-10-08T16:30:25.3695041Z shell: /usr/bin/bash -e {0}
2026-10-08T16:30:25.3695395Z ##[endgroup]
2026-10-08T16:30:25.4328116Z TAP version 13
2026-10-08T16:30:25.4866919Z # Subtest: display orders retain every canonical option exactly once and are immutable
2026-10-08T16:30:25.4923074Z ok 1 - display orders retain every canonical option exactly once and are immutable
2026-10-08T16:30:25.4923895Z   ---
2026-10-08T16:30:25.4942790Z   duration_ms: 10.225804
2026-10-08T16:30:25.4967170Z   ...
2026-10-08T16:30:25.4969553Z # Subtest: a stable source replays an order and changed input can put the answer in every display position
2026-10-08T16:30:25.4970902Z ok 2 - a stable source replays an order and changed input can put the answer in every display position
2026-10-08T16:30:25.4971881Z   ---
2026-10-08T16:30:25.4992827Z   duration_ms: 1.180455
2026-10-08T16:30:25.4994506Z   ...
2026-10-08T16:30:25.4995733Z # Subtest: invalid counts or random values cannot produce duplicate, missing, or unaddressable choices
2026-10-08T16:30:25.4997328Z ok 3 - invalid counts or random values cannot produce duplicate, missing, or unaddressable choices
2026-10-08T16:30:25.4998375Z   ---
2026-10-08T16:30:25.4999021Z   duration_ms: 0.552471
2026-10-08T16:30:25.4999617Z   ...
2026-10-08T16:30:25.5000868Z # Subtest: varied displayed choices keep review, corrected practice and study notes tied to their original text
2026-10-08T16:30:25.5002857Z ok 4 - varied displayed choices keep review, corrected practice and study notes tied to their original text
2026-10-08T16:30:25.5003943Z   ---
2026-10-08T16:30:25.5004492Z   duration_ms: 16.856724
2026-10-08T16:30:25.5005058Z   ...
2026-10-08T16:30:25.5166501Z # Subtest: the direct-file author page is generated from all current author modules
2026-10-08T16:30:25.5169162Z ok 5 - the direct-file author page is generated from all current author modules
2026-10-08T16:30:25.5169963Z   ---
2026-10-08T16:30:25.5170430Z   duration_ms: 52.179147
2026-10-08T16:30:25.5170799Z   ...
2026-10-08T16:30:25.5322913Z # Subtest: the binary-search course round-trips through the published deck contract
2026-10-08T16:30:25.5362922Z ok 6 - the binary-search course round-trips through the published deck contract
2026-10-08T16:30:25.5363852Z   ---
2026-10-08T16:30:25.5364372Z   duration_ms: 4.997237
2026-10-08T16:30:25.5364910Z   ...
2026-10-08T16:30:25.5365920Z # Subtest: worked first-occurrence and absent examples agree with an independent linear partition
2026-10-08T16:30:25.5367400Z ok 7 - worked first-occurrence and absent examples agree with an independent linear partition
2026-10-08T16:30:25.5368295Z   ---
2026-10-08T16:30:25.5368778Z   duration_ms: 0.236581
2026-10-08T16:30:25.5369282Z   ...
2026-10-08T16:30:25.5370893Z # Subtest: midpoint and branch answers use the course’s half-open interval convention
2026-10-08T16:30:25.5373107Z ok 8 - midpoint and branch answers use the course’s half-open interval convention
2026-10-08T16:30:25.5373940Z   ---
2026-10-08T16:30:25.5374417Z   duration_ms: 0.230903
2026-10-08T16:30:25.5374916Z   ...
2026-10-08T16:30:25.5375775Z # Subtest: the worked trace and worst-case count follow strictly shrinking intervals
2026-10-08T16:30:25.5376969Z ok 9 - the worked trace and worst-case count follow strictly shrinking intervals
2026-10-08T16:30:25.5377767Z   ---
2026-10-08T16:30:25.5378230Z   duration_ms: 8.266736
2026-10-08T16:30:25.5378734Z   ...
2026-10-08T16:30:25.5379666Z # Subtest: the actual adaptive learner visits every new question and preserves worked feedback
2026-10-08T16:30:25.5380999Z ok 10 - the actual adaptive learner visits every new question and preserves worked feedback
2026-10-08T16:30:25.5382164Z   ---
2026-10-08T16:30:25.5382634Z   duration_ms: 15.161735
2026-10-08T16:30:25.5383144Z   ...
2026-10-08T16:30:25.5765033Z # Subtest: catalog keeps exact raw text and an immutable copy of checked metadata
2026-10-08T16:30:25.5807066Z ok 11 - catalog keeps exact raw text and an immutable copy of checked metadata
2026-10-08T16:30:25.5818793Z   ---
2026-10-08T16:30:25.5819410Z   duration_ms: 2.915393
2026-10-08T16:30:25.5820020Z   ...
2026-10-08T16:30:25.5821090Z # Subtest: curated paths reject traversal, external URLs, authoring sources and duplicates
2026-10-08T16:30:25.5822760Z ok 12 - curated paths reject traversal, external URLs, authoring sources and duplicates
2026-10-08T16:30:25.5823728Z   ---
2026-10-08T16:30:25.5824286Z   duration_ms: 1.178201
2026-10-08T16:30:25.5824839Z   ...
2026-10-08T16:30:25.5825979Z # Subtest: search uses title and concept substrings with stable order and trimmed case
2026-10-08T16:30:25.5827323Z ok 13 - search uses title and concept substrings with stable order and trimmed case
2026-10-08T16:30:25.5828175Z   ---
2026-10-08T16:30:25.5828688Z   duration_ms: 0.452342
2026-10-08T16:30:25.5829338Z   ...
2026-10-08T16:30:25.6014027Z # Subtest: standalone build matches checked-in HTML and embeds every original file unchanged
2026-10-08T16:30:25.6015569Z ok 14 - standalone build matches checked-in HTML and embeds every original file unchanged
2026-10-08T16:30:25.6016669Z   ---
2026-10-08T16:30:25.6017425Z   duration_ms: 28.145071
2026-10-08T16:30:25.6018020Z   ...
2026-10-08T16:30:25.6036921Z # Subtest: embedded course text cannot terminate the data script or become executable markup
2026-10-08T16:30:25.6064875Z ok 15 - embedded course text cannot terminate the data script or become executable markup
2026-10-08T16:30:25.6065989Z   ---
2026-10-08T16:30:25.6066486Z   duration_ms: 2.681085
2026-10-08T16:30:25.6066997Z   ...
2026-10-08T16:30:25.6480960Z # Subtest: builder refuses extra arguments before writing the generated page
2026-10-08T16:30:25.6485895Z ok 16 - builder refuses extra arguments before writing the generated page
2026-10-08T16:30:25.6486869Z   ---
2026-10-08T16:30:25.6487455Z   duration_ms: 44.200675
2026-10-08T16:30:25.6488061Z   ...
2026-10-08T16:30:25.6612846Z # Subtest: the standalone Lesson focus file matches its actual modular sources
2026-10-08T16:30:25.6652908Z ok 17 - the standalone Lesson focus file matches its actual modular sources
2026-10-08T16:30:25.6653918Z   ---
2026-10-08T16:30:25.6654476Z   duration_ms: 54.751616
2026-10-08T16:30:25.6655066Z   ...
2026-10-08T16:30:25.6655965Z # Subtest: all questions and both prerequisite branches survive a focused lesson
2026-10-08T16:30:25.6657213Z ok 18 - all questions and both prerequisite branches survive a focused lesson
2026-10-08T16:30:25.6658045Z   ---
2026-10-08T16:30:25.6658549Z   duration_ms: 4.50114
2026-10-08T16:30:25.6659098Z   ...
2026-10-08T16:30:25.6660018Z # Subtest: requested concepts remain explicit when they are also a prerequisite
2026-10-08T16:30:25.6661183Z ok 19 - requested concepts remain explicit when they are also a prerequisite
2026-10-08T16:30:25.6662385Z   ---
2026-10-08T16:30:25.6662886Z   duration_ms: 0.693701
2026-10-08T16:30:25.6663437Z   ...
2026-10-08T16:30:25.6664866Z # Subtest: clearing or changing targets never retains an earlier closure
2026-10-08T16:30:25.6666008Z ok 20 - clearing or changing targets never retains an earlier closure
2026-10-08T16:30:25.6666832Z   ---
2026-10-08T16:30:25.6667352Z   duration_ms: 1.248326
2026-10-08T16:30:25.6667891Z   ...
2026-10-08T16:30:25.6668658Z # Subtest: literal names, answer identities and immutable copied results
2026-10-08T16:30:25.6669704Z ok 21 - literal names, answer identities and immutable copied results
2026-10-08T16:30:25.6670489Z   ---
2026-10-08T16:30:25.6670995Z   duration_ms: 0.670938
2026-10-08T16:30:25.6671749Z   ...
2026-10-08T16:30:25.6672727Z # Subtest: invalid source, selection and title are refused before producing a lesson
2026-10-08T16:30:25.6674034Z ok 22 - invalid source, selection and title are refused before producing a lesson
2026-10-08T16:30:25.6674883Z   ---
2026-10-08T16:30:25.6675382Z   duration_ms: 2.048605
2026-10-08T16:30:25.6676098Z   ...
2026-10-08T16:30:25.6676972Z # Subtest: real supplied courses retain all content when all concepts are chosen
2026-10-08T16:30:25.6678429Z ok 23 - real supplied courses retain all content when all concepts are chosen
2026-10-08T16:30:25.6679256Z   ---
2026-10-08T16:30:25.6679763Z   duration_ms: 6.510256
2026-10-08T16:30:25.6680299Z   ...
2026-10-08T16:30:25.6681218Z # Subtest: compact output fits the real file limit and an oversized result is refused
2026-10-08T16:30:25.6682725Z ok 24 - compact output fits the real file limit and an oversized result is refused
2026-10-08T16:30:25.6683573Z   ---
2026-10-08T16:30:25.6684085Z   duration_ms: 12.758933
2026-10-08T16:30:25.6684642Z   ...
2026-10-08T16:30:25.7343644Z # Subtest: the direct-file handout page is generated from the current validator, document and UI sources
2026-10-08T16:30:25.7354639Z ok 25 - the direct-file handout page is generated from the current validator, document and UI sources
2026-10-08T16:30:25.7372339Z   ---
2026-10-08T16:30:25.7372888Z   duration_ms: 56.691055
2026-10-08T16:30:25.7373484Z   ...
2026-10-08T16:30:25.7493120Z # Subtest: worksheet projection contains only original public question fields in canonical order
2026-10-08T16:30:25.7550284Z ok 26 - worksheet projection contains only original public question fields in canonical order
2026-10-08T16:30:25.7612545Z   ---
2026-10-08T16:30:25.7672662Z   duration_ms: 3.482769
2026-10-08T16:30:25.7702326Z   ...
2026-10-08T16:30:25.7703569Z # Subtest: separate answer key maps B, A and F to the original two, four and six option arrays
2026-10-08T16:30:25.7732945Z ok 27 - separate answer key maps B, A and F to the original two, four and six option arrays
2026-10-08T16:30:25.7752491Z   ---
2026-10-08T16:30:25.7753184Z   duration_ms: 0.479503
2026-10-08T16:30:25.7753795Z   ...
2026-10-08T16:30:25.7754850Z # Subtest: projection is a frozen snapshot and cannot mutate or alias the selected deck
2026-10-08T16:30:25.7756207Z ok 28 - projection is a frozen snapshot and cannot mutate or alias the selected deck
2026-10-08T16:30:25.7757093Z   ---
2026-10-08T16:30:25.7757685Z   duration_ms: 1.097951
2026-10-08T16:30:25.7758212Z   ...
2026-10-08T16:30:25.7759175Z # Subtest: downloaded worksheet JSON and HTML omit authored answers and explanations
2026-10-08T16:30:25.7760567Z ok 29 - downloaded worksheet JSON and HTML omit authored answers and explanations
2026-10-08T16:30:25.7761839Z   ---
2026-10-08T16:30:25.7762626Z   duration_ms: 1.171581
2026-10-08T16:30:25.7763188Z   ...
2026-10-08T16:30:25.7764168Z # Subtest: downloaded answer key carries exact authored answers, explanations and credit
2026-10-08T16:30:25.7765572Z ok 30 - downloaded answer key carries exact authored answers, explanations and credit
2026-10-08T16:30:25.7766585Z   ---
2026-10-08T16:30:25.7767165Z   duration_ms: 0.757332
2026-10-08T16:30:25.7767835Z   ...
2026-10-08T16:30:25.7769097Z # Subtest: literal Unicode, markup, line endings and script delimiters survive JSON without becoming executable markup
2026-10-08T16:30:25.7770892Z ok 31 - literal Unicode, markup, line endings and script delimiters survive JSON without becoming executable markup
2026-10-08T16:30:25.7772763Z   ---
2026-10-08T16:30:25.7773293Z   duration_ms: 2.341348
2026-10-08T16:30:25.7773851Z   ...
2026-10-08T16:30:25.7774832Z # Subtest: real Deck studio checked downloads retain reordered questions and answer identity
2026-10-08T16:30:25.7776233Z ok 32 - real Deck studio checked downloads retain reordered questions and answer identity
2026-10-08T16:30:25.7777148Z   ---
2026-10-08T16:30:25.7777633Z   duration_ms: 1.477153
2026-10-08T16:30:25.7778165Z   ...
2026-10-08T16:30:25.7779094Z # Subtest: real parser rejects malformed, unsupported and oversized local deck input
2026-10-08T16:30:25.7780404Z ok 33 - real parser rejects malformed, unsupported and oversized local deck input
2026-10-08T16:30:25.7781288Z   ---
2026-10-08T16:30:25.7782033Z   duration_ms: 1.829862
2026-10-08T16:30:25.7782588Z   ...
2026-10-08T16:30:25.7783669Z # Subtest: handout creation refuses invalid deck answers instead of producing an untrustworthy key
2026-10-08T16:30:25.7785515Z ok 34 - handout creation refuses invalid deck answers instead of producing an untrustworthy key
2026-10-08T16:30:25.7786583Z   ---
2026-10-08T16:30:25.7787131Z   duration_ms: 0.628975
2026-10-08T16:30:25.7787682Z   ...
2026-10-08T16:30:25.7788670Z # Subtest: document modes are explicit and invalid choices never silently produce an answer key
2026-10-08T16:30:25.7790067Z ok 35 - document modes are explicit and invalid choices never silently produce an answer key
2026-10-08T16:30:25.7791012Z   ---
2026-10-08T16:30:25.7791714Z   duration_ms: 0.711238
2026-10-08T16:30:25.7792310Z   ...
2026-10-08T16:30:25.7793131Z # Subtest: worksheet and key filenames are distinct bounded local names
2026-10-08T16:30:25.7794255Z ok 36 - worksheet and key filenames are distinct bounded local names
2026-10-08T16:30:25.7795067Z   ---
2026-10-08T16:30:25.7795586Z   duration_ms: 0.445589
2026-10-08T16:30:25.7796146Z   ...
2026-10-08T16:30:25.7797104Z # Subtest: repeat exports are deterministic and leave the original selected JSON unchanged
2026-10-08T16:30:25.7798480Z ok 37 - repeat exports are deterministic and leave the original selected JSON unchanged
2026-10-08T16:30:25.7799374Z   ---
2026-10-08T16:30:25.7799876Z   duration_ms: 0.524576
2026-10-08T16:30:25.7800393Z   ...
2026-10-08T16:30:25.7801359Z # Subtest: the existing contract admits twelve original items across four connected concepts
2026-10-08T16:30:25.7813551Z ok 38 - the existing contract admits twelve original items across four connected concepts
2026-10-08T16:30:25.7814493Z   ---
2026-10-08T16:30:25.7815017Z   duration_ms: 2.496408
2026-10-08T16:30:25.7815566Z   ...
2026-10-08T16:30:25.7816543Z # Subtest: canonical correct positions are balanced without a universal longest-answer cue
2026-10-08T16:30:25.7817935Z ok 39 - canonical correct positions are balanced without a universal longest-answer cue
2026-10-08T16:30:25.7818864Z   ---
2026-10-08T16:30:25.7819367Z   duration_ms: 0.318695
2026-10-08T16:30:25.7819989Z   ...
2026-10-08T16:30:25.7821333Z # Subtest: the answer key matches independently worked charge, connection and power values
2026-10-08T16:30:25.7823024Z ok 40 - the answer key matches independently worked charge, connection and power values
2026-10-08T16:30:25.7823917Z   ---
2026-10-08T16:30:25.7824415Z   duration_ms: 0.286292
2026-10-08T16:30:25.7824934Z   ...
2026-10-08T16:30:25.7825928Z # Subtest: existing selection, review, separate retries and study notes retain every course item
2026-10-08T16:30:25.7827393Z ok 41 - existing selection, review, separate retries and study notes retain every course item
2026-10-08T16:30:25.7828287Z   ---
2026-10-08T16:30:25.7828766Z   duration_ms: 16.404702
2026-10-08T16:30:25.7829331Z   ...
2026-10-08T16:30:25.7830263Z # Subtest: the direct-file artifact rebuilds exactly and embeds the original course bytes
2026-10-08T16:30:25.7831856Z ok 42 - the direct-file artifact rebuilds exactly and embeds the original course bytes
2026-10-08T16:30:25.7832862Z   ---
2026-10-08T16:30:25.7833380Z   duration_ms: 3.86762
2026-10-08T16:30:25.7834253Z   ...
2026-10-08T16:30:25.8198129Z # Subtest: 12 V across 100 and 200 ohms agrees with independently worked branch values
2026-10-08T16:30:25.8222787Z ok 43 - 12 V across 100 and 200 ohms agrees with independently worked branch values
2026-10-08T16:30:25.8245637Z   ---
2026-10-08T16:30:25.8246240Z   duration_ms: 2.259346
2026-10-08T16:30:25.8246799Z   ...
2026-10-08T16:30:25.8247718Z # Subtest: zero voltage has finite equivalent resistance and zero current and power
2026-10-08T16:30:25.8248946Z ok 44 - zero voltage has finite equivalent resistance and zero current and power
2026-10-08T16:30:25.8249757Z   ---
2026-10-08T16:30:25.8250249Z   duration_ms: 0.35325
2026-10-08T16:30:25.8250763Z   ...
2026-10-08T16:30:25.8252002Z # Subtest: charge, loop-voltage and power relationships hold throughout a deterministic input grid
2026-10-08T16:30:25.8253506Z ok 45 - charge, loop-voltage and power relationships hold throughout a deterministic input grid
2026-10-08T16:30:25.8254367Z   ---
2026-10-08T16:30:25.8254870Z   duration_ms: 5.552508
2026-10-08T16:30:25.8255851Z   ...
2026-10-08T16:30:25.8256756Z # Subtest: permuting resistors swaps their values without changing source behavior
2026-10-08T16:30:25.8257979Z ok 46 - permuting resistors swaps their values without changing source behavior
2026-10-08T16:30:25.8258781Z   ---
2026-10-08T16:30:25.8259259Z   duration_ms: 0.339117
2026-10-08T16:30:25.8259761Z   ...
2026-10-08T16:30:25.8260696Z # Subtest: a branch change and a voltage change preserve the stated ideal-source assumptions
2026-10-08T16:30:25.8262231Z ok 47 - a branch change and a voltage change preserve the stated ideal-source assumptions
2026-10-08T16:30:25.8263147Z   ---
2026-10-08T16:30:25.8263632Z   duration_ms: 0.267151
2026-10-08T16:30:25.8264139Z   ...
2026-10-08T16:30:25.8265093Z # Subtest: equal resistors use four times as much total power in parallel at fixed nonzero voltage
2026-10-08T16:30:25.8266440Z ok 48 - equal resistors use four times as much total power in parallel at fixed nonzero voltage
2026-10-08T16:30:25.8267324Z   ---
2026-10-08T16:30:25.8267793Z   duration_ms: 0.254641
2026-10-08T16:30:25.8268285Z   ...
2026-10-08T16:30:25.8269137Z # Subtest: model refuses missing, coerced, nonfinite and out-of-domain parameters
2026-10-08T16:30:25.8270324Z ok 49 - model refuses missing, coerced, nonfinite and out-of-domain parameters
2026-10-08T16:30:25.8271116Z   ---
2026-10-08T16:30:25.8271772Z   duration_ms: 1.310264
2026-10-08T16:30:25.8272284Z   ...
2026-10-08T16:30:25.8273180Z # Subtest: text edits require explicit decimal values and never turn a blank into zero
2026-10-08T16:30:25.8274476Z ok 50 - text edits require explicit decimal values and never turn a blank into zero
2026-10-08T16:30:25.8275297Z   ---
2026-10-08T16:30:25.8275763Z   duration_ms: 0.740765
2026-10-08T16:30:25.8276258Z   ...
2026-10-08T16:30:25.8277097Z # Subtest: results are independent immutable snapshots of their input parameters
2026-10-08T16:30:25.8278290Z ok 51 - results are independent immutable snapshots of their input parameters
2026-10-08T16:30:25.8279095Z   ---
2026-10-08T16:30:25.8279573Z   duration_ms: 0.438106
2026-10-08T16:30:25.8280087Z   ...
2026-10-08T16:30:25.8280887Z # Subtest: CSV keeps both modes, physical units and full numeric precision
2026-10-08T16:30:25.8282160Z ok 52 - CSV keeps both modes, physical units and full numeric precision
2026-10-08T16:30:25.8282896Z   ---
2026-10-08T16:30:25.8283397Z   duration_ms: 1.580189
2026-10-08T16:30:25.8283945Z   ...
2026-10-08T16:30:26.2326524Z # Subtest: unfinished and completely empty drafts save without claiming lesson validity
2026-10-08T16:30:26.2382537Z ok 53 - unfinished and completely empty drafts save without claiming lesson validity
2026-10-08T16:30:26.2434141Z   ---
2026-10-08T16:30:26.2464796Z   duration_ms: 6.322401
2026-10-08T16:30:26.2465404Z   ...
2026-10-08T16:30:26.2466529Z # Subtest: duplicate text, cyclic and self prerequisites, and unfinished selections survive for repair
2026-10-08T16:30:26.2468055Z ok 54 - duplicate text, cyclic and self prerequisites, and unfinished selections survive for repair
2026-10-08T16:30:26.2469629Z   ---
2026-10-08T16:30:26.2470155Z   duration_ms: 1.827168
2026-10-08T16:30:26.2470695Z   ...
2026-10-08T16:30:26.2471924Z # Subtest: ready imported lessons retain public IDs, ordered content, answer identity and checked bytes
2026-10-08T16:30:26.2473466Z ok 55 - ready imported lessons retain public IDs, ordered content, answer identity and checked bytes
2026-10-08T16:30:26.2474446Z   ---
2026-10-08T16:30:26.2474956Z   duration_ms: 2.072774
2026-10-08T16:30:26.2475512Z   ...
2026-10-08T16:30:26.2476574Z # Subtest: canonical private keys recover near-limit counters without changing public IDs or live state
2026-10-08T16:30:26.2478092Z ok 56 - canonical private keys recover near-limit counters without changing public IDs or live state
2026-10-08T16:30:26.2479202Z   ---
2026-10-08T16:30:26.2479661Z   duration_ms: 1.028209
2026-10-08T16:30:26.2480168Z   ...
2026-10-08T16:30:26.2480978Z # Subtest: staged drafts are deeply frozen and replacement copies remain editable
2026-10-08T16:30:26.2482661Z ok 57 - staged drafts are deeply frozen and replacement copies remain editable
2026-10-08T16:30:26.2483569Z   ---
2026-10-08T16:30:26.2484078Z   duration_ms: 1.989209
2026-10-08T16:30:26.2484620Z   ...
2026-10-08T16:30:26.2485729Z # Subtest: missing or ambiguous internal references, malformed shape and unsafe counters refuse before admission
2026-10-08T16:30:26.2487471Z ok 58 - missing or ambiguous internal references, malformed shape and unsafe counters refuse before admission
2026-10-08T16:30:26.2488551Z   ---
2026-10-08T16:30:26.2489030Z   duration_ms: 3.164045
2026-10-08T16:30:26.2489702Z   ...
2026-10-08T16:30:26.2490480Z # Subtest: only recognized editor fields cross the draft boundary
2026-10-08T16:30:26.2491685Z ok 59 - only recognized editor fields cross the draft boundary
2026-10-08T16:30:26.2492404Z   ---
2026-10-08T16:30:26.2492906Z   duration_ms: 0.626712
2026-10-08T16:30:26.2493443Z   ...
2026-10-08T16:30:26.2494395Z # Subtest: a lesson larger than its admission limit can be saved as a draft and repaired later
2026-10-08T16:30:26.2495773Z ok 60 - a lesson larger than its admission limit can be saved as a draft and repaired later
2026-10-08T16:30:26.2496688Z   ---
2026-10-08T16:30:26.2497199Z   duration_ms: 15.743696
2026-10-08T16:30:26.2497833Z   ...
2026-10-08T16:30:26.2498791Z # Subtest: draft size limits count actual UTF-8 bytes and failed saving leaves writing intact
2026-10-08T16:30:26.2500217Z ok 61 - draft size limits count actual UTF-8 bytes and failed saving leaves writing intact
2026-10-08T16:30:26.2501154Z   ---
2026-10-08T16:30:26.2501836Z   duration_ms: 62.078828
2026-10-08T16:30:26.2502367Z   ...
2026-10-08T16:30:26.2503342Z # Subtest: compact drafts remain saveable near and exactly at the byte limit without added whitespace
2026-10-08T16:30:26.2504897Z ok 62 - compact drafts remain saveable near and exactly at the byte limit without added whitespace
2026-10-08T16:30:26.2505875Z   ---
2026-10-08T16:30:26.2506393Z   duration_ms: 262.26308
2026-10-08T16:30:26.2506920Z   ...
2026-10-08T16:30:26.2507912Z # Subtest: a file whose canonical private keys exceed the saved limit is refused before admission
2026-10-08T16:30:26.2509347Z ok 63 - a file whose canonical private keys exceed the saved limit is refused before admission
2026-10-08T16:30:26.2510289Z   ---
2026-10-08T16:30:26.2510774Z   duration_ms: 53.433215
2026-10-08T16:30:26.2511316Z   ...
2026-10-08T16:30:26.2762350Z # Subtest: a valid deck stages without touching authored text and commits once with full immutable content
2026-10-08T16:30:26.2783055Z ok 64 - a valid deck stages without touching authored text and commits once with full immutable content
2026-10-08T16:30:26.2784050Z   ---
2026-10-08T16:30:26.2784545Z   duration_ms: 15.31529
2026-10-08T16:30:26.2785003Z   ...
2026-10-08T16:30:26.2786094Z # Subtest: invalid JSON, invalid answer, oversized file and unreadable file preserve the draft and allow retry
2026-10-08T16:30:26.2787649Z ok 65 - invalid JSON, invalid answer, oversized file and unreadable file preserve the draft and allow retry
2026-10-08T16:30:26.2789167Z   ---
2026-10-08T16:30:26.2789599Z   duration_ms: 8.769058
2026-10-08T16:30:26.2790172Z   ...
2026-10-08T16:30:26.2791377Z # Subtest: unfinished and cyclic draft files stage visibly and replace once with an immutable editable state
2026-10-08T16:30:26.2793150Z ok 66 - unfinished and cyclic draft files stage visibly and replace once with an immutable editable state
2026-10-08T16:30:26.2794168Z   ---
2026-10-08T16:30:26.2794617Z   duration_ms: 3.615403
2026-10-08T16:30:26.2795080Z   ...
2026-10-08T16:30:26.2796016Z # Subtest: a draft suffix cannot admit an oversized lesson deck through the larger draft-file limit
2026-10-08T16:30:26.2797426Z ok 67 - a draft suffix cannot admit an oversized lesson deck through the larger draft-file limit
2026-10-08T16:30:26.2798342Z   ---
2026-10-08T16:30:26.2798833Z   duration_ms: 8.228155
2026-10-08T16:30:26.2799376Z   ...
2026-10-08T16:30:26.2800674Z # Subtest: malformed and unsupported editable drafts preserve the old draft and retire pending previews
2026-10-08T16:30:26.2802667Z ok 68 - malformed and unsupported editable drafts preserve the old draft and retire pending previews
2026-10-08T16:30:26.2803650Z   ---
2026-10-08T16:30:26.2804162Z   duration_ms: 5.793217
2026-10-08T16:30:26.2804699Z   ...
2026-10-08T16:30:26.2805623Z # Subtest: newest selected format wins across slow draft-to-deck and deck-to-draft reads
2026-10-08T16:30:26.2806936Z ok 69 - newest selected format wins across slow draft-to-deck and deck-to-draft reads
2026-10-08T16:30:26.2807792Z   ---
2026-10-08T16:30:26.2808286Z   duration_ms: 2.611994
2026-10-08T16:30:26.2808795Z   ...
2026-10-08T16:30:26.2809799Z # Subtest: explicit Keep current draft clears staged replacement and restores the open control focus
2026-10-08T16:30:26.2811307Z ok 70 - explicit Keep current draft clears staged replacement and restores the open control focus
2026-10-08T16:30:26.2812446Z   ---
2026-10-08T16:30:26.2812939Z   duration_ms: 1.547267
2026-10-08T16:30:26.2813460Z   ...
2026-10-08T16:30:26.2814453Z # Subtest: opening another chooser invalidates its old preview even when the chooser is cancelled
2026-10-08T16:30:26.2815992Z ok 71 - opening another chooser invalidates its old preview even when the chooser is cancelled
2026-10-08T16:30:26.2816935Z   ---
2026-10-08T16:30:26.2817411Z   duration_ms: 2.470997
2026-10-08T16:30:26.2817929Z   ...
2026-10-08T16:30:26.2818738Z # Subtest: a newer valid choice wins over an earlier slow success or failure
2026-10-08T16:30:26.2819863Z ok 72 - a newer valid choice wins over an earlier slow success or failure
2026-10-08T16:30:26.2820650Z   ---
2026-10-08T16:30:26.2821157Z   duration_ms: 7.720096
2026-10-08T16:30:26.2821888Z   ...
2026-10-08T16:30:26.2822828Z # Subtest: cancelled or empty file selection prevents a late read from reopening a preview
2026-10-08T16:30:26.2824228Z ok 73 - cancelled or empty file selection prevents a late read from reopening a preview
2026-10-08T16:30:26.2825126Z   ---
2026-10-08T16:30:26.2825611Z   duration_ms: 1.415063
2026-10-08T16:30:26.2826136Z   ...
2026-10-08T16:30:26.2827038Z # Subtest: invalid newer files invalidate an earlier pending or staged valid deck
2026-10-08T16:30:26.2828235Z ok 74 - invalid newer files invalidate an earlier pending or staged valid deck
2026-10-08T16:30:26.2829012Z   ---
2026-10-08T16:30:26.2829507Z   duration_ms: 1.850616
2026-10-08T16:30:26.2830028Z   ...
2026-10-08T16:30:26.2831039Z # Subtest: undo restores all writing while clearing only references to deliberately removed concepts
2026-10-08T16:30:26.2832784Z ok 75 - undo restores all writing while clearing only references to deliberately removed concepts
2026-10-08T16:30:26.2833730Z   ---
2026-10-08T16:30:26.2834242Z   duration_ms: 2.991106
2026-10-08T16:30:26.2834789Z   ...
2026-10-08T16:30:26.2835862Z # Subtest: undo retains known selections and even unfinished self links while removing a missing prerequisite
2026-10-08T16:30:26.2837399Z ok 76 - undo retains known selections and even unfinished self links while removing a missing prerequisite
2026-10-08T16:30:26.2838679Z   ---
2026-10-08T16:30:26.2839194Z   duration_ms: 0.351647
2026-10-08T16:30:26.2839701Z   ...
2026-10-08T16:30:26.2840494Z # Subtest: blank editor requires authored metadata and a deliberate answer
2026-10-08T16:30:26.2841817Z ok 77 - blank editor requires authored metadata and a deliberate answer
2026-10-08T16:30:26.2842654Z   ---
2026-10-08T16:30:26.2843136Z   duration_ms: 4.575542
2026-10-08T16:30:26.2843644Z   ...
2026-10-08T16:30:26.2844662Z # Subtest: opening a validated lesson makes an independent editable draft and preserves IDs and literals
2026-10-08T16:30:26.2846148Z ok 78 - opening a validated lesson makes an independent editable draft and preserves IDs and literals
2026-10-08T16:30:26.2847113Z   ---
2026-10-08T16:30:26.2847602Z   duration_ms: 1.129352
2026-10-08T16:30:26.2848206Z   ...
2026-10-08T16:30:26.2849172Z # Subtest: correctness follows an option when moved or when a preceding option is removed
2026-10-08T16:30:26.2858844Z ok 79 - correctness follows an option when moved or when a preceding option is removed
2026-10-08T16:30:26.2860050Z   ---
2026-10-08T16:30:26.2860557Z   duration_ms: 0.890016
2026-10-08T16:30:26.2861086Z   ...
2026-10-08T16:30:26.2862073Z # Subtest: option limits refuse without deleting text or changing the answer
2026-10-08T16:30:26.2863248Z ok 80 - option limits refuse without deleting text or changing the answer
2026-10-08T16:30:26.2864016Z   ---
2026-10-08T16:30:26.2864513Z   duration_ms: 0.803747
2026-10-08T16:30:26.2865050Z   ...
2026-10-08T16:30:26.2866111Z # Subtest: concept renaming updates question and prerequisite references while used deletion is refused
2026-10-08T16:30:26.2867655Z ok 81 - concept renaming updates question and prerequisite references while used deletion is refused
2026-10-08T16:30:26.2868650Z   ---
2026-10-08T16:30:26.2869159Z   duration_ms: 0.581668
2026-10-08T16:30:26.2869672Z   ...
2026-10-08T16:30:26.2870578Z # Subtest: cycles, uncovered concepts and duplicate answer text remain repairable drafts
2026-10-08T16:30:26.2872157Z ok 82 - cycles, uncovered concepts and duplicate answer text remain repairable drafts
2026-10-08T16:30:26.2873058Z   ---
2026-10-08T16:30:26.2873559Z   duration_ms: 0.779688
2026-10-08T16:30:26.2874071Z   ...
2026-10-08T16:30:26.2875070Z # Subtest: question reordering and undo restore the removed question without rolling back later edits
2026-10-08T16:30:26.2876970Z ok 83 - question reordering and undo restore the removed question without rolling back later edits
2026-10-08T16:30:26.2877950Z   ---
2026-10-08T16:30:26.2878453Z   duration_ms: 1.82179
2026-10-08T16:30:26.2878984Z   ...
2026-10-08T16:30:26.2879756Z # Subtest: new question IDs do not overwrite IDs from an opened deck
2026-10-08T16:30:26.2880809Z ok 84 - new question IDs do not overwrite IDs from an opened deck
2026-10-08T16:30:26.2881764Z   ---
2026-10-08T16:30:26.2882285Z   duration_ms: 0.596191
2026-10-08T16:30:26.2882797Z   ...
2026-10-08T16:30:26.2883771Z # Subtest: checked snapshots are immutable, deterministic, and separate from later draft edits
2026-10-08T16:30:26.2885133Z ok 85 - checked snapshots are immutable, deterministic, and separate from later draft edits
2026-10-08T16:30:26.2886151Z   ---
2026-10-08T16:30:26.2886641Z   duration_ms: 0.637689
2026-10-08T16:30:26.2887192Z   ...
2026-10-08T16:30:26.2888376Z # Subtest: individually valid multibyte content cannot export a file larger than the importer admits
2026-10-08T16:30:26.2890214Z ok 86 - individually valid multibyte content cannot export a file larger than the importer admits
2026-10-08T16:30:26.2891269Z   ---
2026-10-08T16:30:26.2942230Z   duration_ms: 10.997213
2026-10-08T16:30:26.2960432Z   ...
2026-10-08T16:30:26.2983013Z # Subtest: download filenames are bounded local names
2026-10-08T16:30:26.2983893Z ok 87 - download filenames are bounded local names
2026-10-08T16:30:26.2984607Z   ---
2026-10-08T16:30:26.2985082Z   duration_ms: 0.437756
2026-10-08T16:30:26.2985602Z   ...
2026-10-08T16:30:26.2986883Z # Subtest: the existing bundled deck imports unchanged without a format field
2026-10-08T16:30:26.2988022Z ok 88 - the existing bundled deck imports unchanged without a format field
2026-10-08T16:30:26.2988816Z   ---
2026-10-08T16:30:26.2989291Z   duration_ms: 3.023849
2026-10-08T16:30:26.2989797Z   ...
2026-10-08T16:30:26.2990750Z # Subtest: a deck is an immutable copy, and unknown fields cannot configure the runtime
2026-10-08T16:30:26.2992157Z ok 89 - a deck is an immutable copy, and unknown fields cannot configure the runtime
2026-10-08T16:30:26.2992931Z   ---
2026-10-08T16:30:26.2993417Z   duration_ms: 0.615603
2026-10-08T16:30:26.2993909Z   ...
2026-10-08T16:30:26.2994875Z # Subtest: malformed JSON, unsupported versions and wrong top-level values give actionable errors
2026-10-08T16:30:26.2996260Z ok 90 - malformed JSON, unsupported versions and wrong top-level values give actionable errors
2026-10-08T16:30:26.2997165Z   ---
2026-10-08T16:30:26.2997699Z   duration_ms: 0.284889
2026-10-08T16:30:26.2998222Z   ...
2026-10-08T16:30:26.2999205Z # Subtest: JSON byte limit counts multibyte text and accepts the exact boundary
2026-10-08T16:30:26.3000340Z ok 91 - JSON byte limit counts multibyte text and accepts the exact boundary
2026-10-08T16:30:26.3001102Z   ---
2026-10-08T16:30:26.3001740Z   duration_ms: 2.263302
2026-10-08T16:30:26.3002254Z   ...
2026-10-08T16:30:26.3003074Z # Subtest: required readable metadata and bounded question fields are validated
2026-10-08T16:30:26.3004231Z ok 92 - required readable metadata and bounded question fields are validated
2026-10-08T16:30:26.3004998Z   ---
2026-10-08T16:30:26.3005462Z   duration_ms: 1.501312
2026-10-08T16:30:26.3005956Z   ...
2026-10-08T16:30:26.3006780Z # Subtest: empty and oversized collections and duplicate identities are refused
2026-10-08T16:30:26.3007911Z ok 93 - empty and oversized collections and duplicate identities are refused
2026-10-08T16:30:26.3008680Z   ---
2026-10-08T16:30:26.3009140Z   duration_ms: 0.492194
2026-10-08T16:30:26.3009648Z   ...
2026-10-08T16:30:26.3010454Z # Subtest: every question and prerequisite must name a known covered concept
2026-10-08T16:30:26.3011700Z ok 94 - every question and prerequisite must name a known covered concept
2026-10-08T16:30:26.3012454Z   ---
2026-10-08T16:30:26.3012915Z   duration_ms: 0.291481
2026-10-08T16:30:26.3013418Z   ...
2026-10-08T16:30:26.3014310Z # Subtest: self-requirements and concept cycles across different questions are refused
2026-10-08T16:30:26.3015574Z ok 95 - self-requirements and concept cycles across different questions are refused
2026-10-08T16:30:26.3016381Z   ---
2026-10-08T16:30:26.3016829Z   duration_ms: 0.274593
2026-10-08T16:30:26.3017321Z   ...
2026-10-08T16:30:26.3018205Z # Subtest: choices require distinct readable options and an actual integer answer index
2026-10-08T16:30:26.3019446Z ok 96 - choices require distinct readable options and an actual integer answer index
2026-10-08T16:30:26.3020264Z   ---
2026-10-08T16:30:26.3020742Z   duration_ms: 0.558311
2026-10-08T16:30:26.3021283Z   ...
2026-10-08T16:30:26.3022329Z # Subtest: 100 questions and 32 concepts work through the existing selector to exhaustion
2026-10-08T16:30:26.3023623Z ok 97 - 100 questions and 32 concepts work through the existing selector to exhaustion
2026-10-08T16:30:26.3024735Z   ---
2026-10-08T16:30:26.3025350Z   duration_ms: 126.771794
2026-10-08T16:30:26.3026012Z   ...
2026-10-08T16:30:26.3027107Z # Subtest: imported answer indices, literal text and object-key names survive learning and practice
2026-10-08T16:30:26.3028790Z ok 98 - imported answer indices, literal text and object-key names survive learning and practice
2026-10-08T16:30:26.3029935Z   ---
2026-10-08T16:30:26.3030487Z   duration_ms: 0.841788
2026-10-08T16:30:26.3031009Z   ...
2026-10-08T16:30:26.3032076Z # Subtest: downloadable example round-trips through the import contract with full attribution
2026-10-08T16:30:26.3033511Z ok 99 - downloadable example round-trips through the import contract with full attribution
2026-10-08T16:30:26.3034637Z   ---
2026-10-08T16:30:26.3035096Z   duration_ms: 0.645691
2026-10-08T16:30:26.3035603Z   ...
2026-10-08T16:30:26.3036451Z # Subtest: the exact original course is bounded, admitted, balanced and round-trippable
2026-10-08T16:30:26.3037648Z ok 100 - the exact original course is bounded, admitted, balanced and round-trippable
2026-10-08T16:30:26.3038428Z   ---
2026-10-08T16:30:26.3038862Z   duration_ms: 4.058538
2026-10-08T16:30:26.3039339Z   ...
2026-10-08T16:30:26.3040114Z # Subtest: every stated answer follows the literal graph, with one correct option
2026-10-08T16:30:26.3040932Z     # Subtest: dg-links-1
2026-10-08T16:30:26.3041445Z     ok 1 - dg-links-1
2026-10-08T16:30:26.3042124Z       ---
2026-10-08T16:30:26.3042612Z       duration_ms: 0.679586
2026-10-08T16:30:26.3043129Z       ...
2026-10-08T16:30:26.3043595Z     # Subtest: dg-links-2
2026-10-08T16:30:26.3044115Z     ok 2 - dg-links-2
2026-10-08T16:30:26.3044598Z       ---
2026-10-08T16:30:26.3045068Z       duration_ms: 0.540352
2026-10-08T16:30:26.3045587Z       ...
2026-10-08T16:30:26.3046243Z     # Subtest: dg-links-3
2026-10-08T16:30:26.3046747Z     ok 3 - dg-links-3
2026-10-08T16:30:26.3047217Z       ---
2026-10-08T16:30:26.3047679Z       duration_ms: 1.748311
2026-10-08T16:30:26.3048177Z       ...
2026-10-08T16:30:26.3048633Z     # Subtest: dg-reach-1
2026-10-08T16:30:26.3049134Z     ok 4 - dg-reach-1
2026-10-08T16:30:26.3049608Z       ---
2026-10-08T16:30:26.3050067Z       duration_ms: 0.540823
2026-10-08T16:30:26.3050626Z       ...
2026-10-08T16:30:26.3076932Z     # Subtest: dg-reach-2
2026-10-08T16:30:26.3077615Z     ok 5 - dg-reach-2
2026-10-08T16:30:26.3078129Z       ---
2026-10-08T16:30:26.3078595Z       duration_ms: 0.475848
2026-10-08T16:30:26.3079089Z       ...
2026-10-08T16:30:26.3079543Z     # Subtest: dg-reach-3
2026-10-08T16:30:26.3080056Z     ok 6 - dg-reach-3
2026-10-08T16:30:26.3080534Z       ---
2026-10-08T16:30:26.3080991Z       duration_ms: 0.263425
2026-10-08T16:30:26.3081646Z       ...
2026-10-08T16:30:26.3082145Z     # Subtest: dg-order-1
2026-10-08T16:30:26.3082697Z     ok 7 - dg-order-1
2026-10-08T16:30:26.3083167Z       ---
2026-10-08T16:30:26.3083599Z       duration_ms: 0.314227
2026-10-08T16:30:26.3084105Z       ...
2026-10-08T16:30:26.3084546Z     # Subtest: dg-order-2
2026-10-08T16:30:26.3085040Z     ok 8 - dg-order-2
2026-10-08T16:30:26.3085502Z       ---
2026-10-08T16:30:26.3085956Z       duration_ms: 0.510253
2026-10-08T16:30:26.3086460Z       ...
2026-10-08T16:30:26.3086912Z     # Subtest: dg-order-3
2026-10-08T16:30:26.3087425Z     ok 9 - dg-order-3
2026-10-08T16:30:26.3087910Z       ---
2026-10-08T16:30:26.3088359Z       duration_ms: 0.608562
2026-10-08T16:30:26.3088863Z       ...
2026-10-08T16:30:26.3089310Z     # Subtest: dg-update-1
2026-10-08T16:30:26.3089860Z     ok 10 - dg-update-1
2026-10-08T16:30:26.3090368Z       ---
2026-10-08T16:30:26.3090832Z       duration_ms: 0.95471
2026-10-08T16:30:26.3091333Z       ...
2026-10-08T16:30:26.3091974Z     # Subtest: dg-update-2
2026-10-08T16:30:26.3092515Z     ok 11 - dg-update-2
2026-10-08T16:30:26.3092977Z       ---
2026-10-08T16:30:26.3093415Z       duration_ms: 0.572203
2026-10-08T16:30:26.3093908Z       ...
2026-10-08T16:30:26.3094369Z     # Subtest: dg-update-3
2026-10-08T16:30:26.3094896Z     ok 12 - dg-update-3
2026-10-08T16:30:26.3095366Z       ---
2026-10-08T16:30:26.3095809Z       duration_ms: 0.678155
2026-10-08T16:30:26.3096307Z       ...
2026-10-08T16:30:26.3096759Z     1..12
2026-10-08T16:30:26.3097652Z ok 101 - every stated answer follows the literal graph, with one correct option
2026-10-08T16:30:26.3098456Z   ---
2026-10-08T16:30:26.3098922Z   duration_ms: 11.371196
2026-10-08T16:30:26.3099418Z   ...
2026-10-08T16:30:26.3100424Z # Subtest: structurally valid changed content exposes graph reversal and blocked-descendant mistakes
2026-10-08T16:30:26.3101999Z ok 102 - structurally valid changed content exposes graph reversal and blocked-descendant mistakes
2026-10-08T16:30:26.3102871Z   ---
2026-10-08T16:30:26.3103413Z   duration_ms: 3.203338
2026-10-08T16:30:26.3104228Z   ...
2026-10-08T16:30:26.3105156Z # Subtest: the real selector, review, practice, notes and trace consumer preserve this course
2026-10-08T16:30:26.3106480Z ok 103 - the real selector, review, practice, notes and trace consumer preserve this course
2026-10-08T16:30:26.3107302Z   ---
2026-10-08T16:30:26.3107757Z   duration_ms: 23.188873
2026-10-08T16:30:26.3108259Z   ...
2026-10-08T16:30:26.3109036Z # Subtest: literal input preserves case, Unicode and prototype-like names
2026-10-08T16:30:26.3110124Z ok 104 - literal input preserves case, Unicode and prototype-like names
2026-10-08T16:30:26.3110854Z   ---
2026-10-08T16:30:26.3111313Z   duration_ms: 3.963234
2026-10-08T16:30:26.3112139Z   ...
2026-10-08T16:30:26.3112952Z # Subtest: bounded input rejects ambiguity, duplicate arrows and unknown names
2026-10-08T16:30:26.3113969Z ok 105 - bounded input rejects ambiguity, duplicate arrows and unknown names
2026-10-08T16:30:26.3114621Z   ---
2026-10-08T16:30:26.3114950Z   duration_ms: 2.493102
2026-10-08T16:30:26.3115331Z   ...
2026-10-08T16:30:26.3116398Z # Subtest: the graph model copies and freezes input instead of sharing mutable arrays
2026-10-08T16:30:26.3117521Z ok 106 - the graph model copies and freezes input instead of sharing mutable arrays
2026-10-08T16:30:26.3118182Z   ---
2026-10-08T16:30:26.3118481Z   duration_ms: 1.950367
2026-10-08T16:30:26.3118820Z   ...
2026-10-08T16:30:26.3119498Z # Subtest: completion requires every prerequisite and never permits a repeated job
2026-10-08T16:30:26.3120528Z ok 107 - completion requires every prerequisite and never permits a repeated job
2026-10-08T16:30:26.3121127Z   ---
2026-10-08T16:30:26.3121398Z   duration_ms: 1.852979
2026-10-08T16:30:26.3122015Z   ...
2026-10-08T16:30:26.3122575Z # Subtest: undo and reset retain the graph and earlier completion order
2026-10-08T16:30:26.3123383Z ok 108 - undo and reset retain the graph and earlier completion order
2026-10-08T16:30:26.3123904Z   ---
2026-10-08T16:30:26.3124211Z   duration_ms: 1.32623
2026-10-08T16:30:26.3124546Z   ...
2026-10-08T16:30:26.3125101Z # Subtest: a downstream blocked job is not mislabeled as part of a cycle
2026-10-08T16:30:26.3125965Z ok 109 - a downstream blocked job is not mislabeled as part of a cycle
2026-10-08T16:30:26.3126510Z   ---
2026-10-08T16:30:26.3126798Z   duration_ms: 1.055523
2026-10-08T16:30:26.3127132Z   ...
2026-10-08T16:30:26.3127872Z # Subtest: separate strongly connected groups, a self-loop and their descendants stay distinct
2026-10-08T16:30:26.3129022Z ok 110 - separate strongly connected groups, a self-loop and their descendants stay distinct
2026-10-08T16:30:26.3129706Z   ---
2026-10-08T16:30:26.3129999Z   duration_ms: 0.697285
2026-10-08T16:30:26.3130324Z   ...
2026-10-08T16:30:26.3130941Z # Subtest: reachability follows direction and counts positive-length paths
2026-10-08T16:30:26.3132001Z ok 111 - reachability follows direction and counts positive-length paths
2026-10-08T16:30:26.3132585Z   ---
2026-10-08T16:30:26.3132871Z   duration_ms: 1.53691
2026-10-08T16:30:26.3133182Z   ...
2026-10-08T16:30:26.3133912Z # Subtest: order enumeration extends the exact prefix and reports a cap only when exceeded
2026-10-08T16:30:26.3135040Z ok 112 - order enumeration extends the exact prefix and reports a cap only when exceeded
2026-10-08T16:30:26.3135729Z   ---
2026-10-08T16:30:26.3136053Z   duration_ms: 0.678274
2026-10-08T16:30:26.3136398Z   ...
2026-10-08T16:30:26.3137027Z # Subtest: eight independent jobs produce bounded, stable complete orders
2026-10-08T16:30:26.3137999Z ok 113 - eight independent jobs produce bounded, stable complete orders
2026-10-08T16:30:26.3138588Z   ---
2026-10-08T16:30:26.3138893Z   duration_ms: 0.748918
2026-10-08T16:30:26.3139237Z   ...
2026-10-08T16:30:26.3139938Z # Subtest: the standalone build and original course download retain exact source text
2026-10-08T16:30:26.3140981Z ok 114 - the standalone build and original course download retain exact source text
2026-10-08T16:30:26.3142406Z   ---
2026-10-08T16:30:26.3142748Z   duration_ms: 5.148297
2026-10-08T16:30:26.3143395Z   ...
2026-10-08T16:30:26.3144211Z # Subtest: the builder escapes source text for HTML while recovering the original UTF-8 string
2026-10-08T16:30:26.3145386Z ok 115 - the builder escapes source text for HTML while recovering the original UTF-8 string
2026-10-08T16:30:26.3146077Z   ---
2026-10-08T16:30:26.3146390Z   duration_ms: 1.95835
2026-10-08T16:30:26.3146739Z   ...
2026-10-08T16:30:26.3147522Z # Subtest: unsupported module changes and missing or duplicated build markers fail explicitly
2026-10-08T16:30:26.3148730Z ok 116 - unsupported module changes and missing or duplicated build markers fail explicitly
2026-10-08T16:30:26.3149418Z   ---
2026-10-08T16:30:26.3149721Z   duration_ms: 63.995931
2026-10-08T16:30:26.3150070Z   ...
2026-10-08T16:30:26.3150819Z # Subtest: the original twelve-question course satisfies the current public deck contract
2026-10-08T16:30:26.3152178Z ok 117 - the original twelve-question course satisfies the current public deck contract
2026-10-08T16:30:26.3152873Z   ---
2026-10-08T16:30:26.3153182Z   duration_ms: 3.372681
2026-10-08T16:30:26.3153802Z   ...
2026-10-08T16:30:26.3154613Z # Subtest: course answer identities agree with separately specified arithmetic and conventions
2026-10-08T16:30:26.3155820Z ok 118 - course answer identities agree with separately specified arithmetic and conventions
2026-10-08T16:30:26.3156576Z   ---
2026-10-08T16:30:26.3156895Z   duration_ms: 0.736599
2026-10-08T16:30:26.3157232Z   ...
2026-10-08T16:30:26.3158014Z # Subtest: the actual adaptive, review, retry, and study-note consumers receive all course content
2026-10-08T16:30:26.3159221Z ok 119 - the actual adaptive, review, retry, and study-note consumers receive all course content
2026-10-08T16:30:26.3159937Z   ---
2026-10-08T16:30:26.3160264Z   duration_ms: 18.338488
2026-10-08T16:30:26.3160615Z   ...
2026-10-08T16:30:26.3161350Z # Subtest: the direct-file lab is an exact build with the original downloadable course bytes
2026-10-08T16:30:26.3162771Z ok 120 - the direct-file lab is an exact build with the original downloadable course bytes
2026-10-08T16:30:26.3163452Z   ---
2026-10-08T16:30:26.3163767Z   duration_ms: 3.185519
2026-10-08T16:30:26.3164129Z   ...
2026-10-08T16:30:26.3312132Z # Subtest: full signed convolution retains cancellation and the final product
2026-10-08T16:30:26.3323465Z ok 121 - full signed convolution retains cancellation and the final product
2026-10-08T16:30:26.3324567Z   ---
2026-10-08T16:30:26.3325162Z   duration_ms: 2.385419
2026-10-08T16:30:26.3325762Z   ...
2026-10-08T16:30:26.3326764Z # Subtest: each selected index exposes reversed kernel indices and outside-list zeros
2026-10-08T16:30:26.3328166Z ok 122 - each selected index exposes reversed kernel indices and outside-list zeros
2026-10-08T16:30:26.3329097Z   ---
2026-10-08T16:30:26.3329657Z   duration_ms: 0.816898
2026-10-08T16:30:26.3330272Z   ...
2026-10-08T16:30:26.3331114Z # Subtest: convolution is distinguished from the declared zero-lag correlation
2026-10-08T16:30:26.3332614Z ok 123 - convolution is distinguished from the declared zero-lag correlation
2026-10-08T16:30:26.3333422Z   ---
2026-10-08T16:30:26.3334000Z   duration_ms: 1.831235
2026-10-08T16:30:26.3334557Z   ...
2026-10-08T16:30:26.3335474Z # Subtest: impulses preserve origin, delays, and the declared full zero padding
2026-10-08T16:30:26.3336763Z ok 124 - impulses preserve origin, delays, and the declared full zero padding
2026-10-08T16:30:26.3337634Z   ---
2026-10-08T16:30:26.3338172Z   duration_ms: 0.342492
2026-10-08T16:30:26.3338756Z   ...
2026-10-08T16:30:26.3339592Z # Subtest: averaging and differencing include both finite boundaries
2026-10-08T16:30:26.3340743Z ok 125 - averaging and differencing include both finite boundaries
2026-10-08T16:30:26.3341757Z   ---
2026-10-08T16:30:26.3342343Z   duration_ms: 0.251005
2026-10-08T16:30:26.3342994Z   ...
2026-10-08T16:30:26.3344072Z # Subtest: fixed-kernel superposition and operand exchange hold on distinct signed cases
2026-10-08T16:30:26.3345689Z ok 126 - fixed-kernel superposition and operand exchange hold on distinct signed cases
2026-10-08T16:30:26.3347143Z   ---
2026-10-08T16:30:26.3347643Z   duration_ms: 0.559423
2026-10-08T16:30:26.3348164Z   ...
2026-10-08T16:30:26.3349074Z # Subtest: four-place inputs preserve eight-place signed products and exact cancellation
2026-10-08T16:30:26.3350051Z ok 127 - four-place inputs preserve eight-place signed products and exact cancellation
2026-10-08T16:30:26.3350640Z   ---
2026-10-08T16:30:26.3351034Z   duration_ms: 0.449846
2026-10-08T16:30:26.3351421Z   ...
2026-10-08T16:30:26.3352433Z # Subtest: the maximum admitted lists retain 47 finite outputs and the exact peak
2026-10-08T16:30:26.3353349Z ok 128 - the maximum admitted lists retain 47 finite outputs and the exact peak
2026-10-08T16:30:26.3354083Z   ---
2026-10-08T16:30:26.3354559Z   duration_ms: 0.610275
2026-10-08T16:30:26.3355016Z   ...
2026-10-08T16:30:26.3355825Z # Subtest: text admission keeps literal values and refuses ambiguous or out-of-domain input
2026-10-08T16:30:26.3357518Z ok 129 - text admission keeps literal values and refuses ambiguous or out-of-domain input
2026-10-08T16:30:26.3358301Z   ---
2026-10-08T16:30:26.3358642Z   duration_ms: 1.247673
2026-10-08T16:30:26.3358996Z   ...
2026-10-08T16:30:26.3359880Z # Subtest: direct numerical callers cannot admit holes, non-numbers, extra precision, or invalid indices
2026-10-08T16:30:26.3361260Z ok 130 - direct numerical callers cannot admit holes, non-numbers, extra precision, or invalid indices
2026-10-08T16:30:26.3362292Z   ---
2026-10-08T16:30:26.3362622Z   duration_ms: 0.56441
2026-10-08T16:30:26.3363337Z   ...
2026-10-08T16:30:26.3364079Z # Subtest: a recorded calculation owns immutable inputs, outputs, and per-index terms
2026-10-08T16:30:26.3365172Z ok 131 - a recorded calculation owns immutable inputs, outputs, and per-index terms
2026-10-08T16:30:26.3365829Z   ---
2026-10-08T16:30:26.3366141Z   duration_ms: 0.609704
2026-10-08T16:30:26.3366500Z   ...
2026-10-08T16:30:26.3624551Z # Subtest: standalone artifact exactly matches sources and contains a valid offline script
2026-10-08T16:30:26.3652755Z ok 132 - standalone artifact exactly matches sources and contains a valid offline script
2026-10-08T16:30:26.3655533Z   ---
2026-10-08T16:30:26.3656229Z   duration_ms: 6.166109
2026-10-08T16:30:26.3656959Z   ...
2026-10-08T16:30:26.3657880Z # Subtest: course survives the existing validator and editable-format round trip
2026-10-08T16:30:26.3659130Z ok 133 - course survives the existing validator and editable-format round trip
2026-10-08T16:30:26.3659990Z   ---
2026-10-08T16:30:26.3660531Z   duration_ms: 1.77838
2026-10-08T16:30:26.3661090Z   ...
2026-10-08T16:30:27.2953782Z # Subtest: literal markup and Unicode in admitted course content cannot close the generated script
2026-10-08T16:30:27.2958257Z ok 134 - literal markup and Unicode in admitted course content cannot close the generated script
2026-10-08T16:30:27.2959340Z   ---
2026-10-08T16:30:27.2960019Z   duration_ms: 21.131729
2026-10-08T16:30:27.2960574Z   ...
2026-10-08T16:30:27.2962774Z # Subtest: check mode reports stale output without replacing a retained artifact
2026-10-08T16:30:27.2964112Z ok 135 - check mode reports stale output without replacing a retained artifact
2026-10-08T16:30:27.2964945Z   ---
2026-10-08T16:30:27.2965461Z   duration_ms: 62.916604
2026-10-08T16:30:27.2966006Z   ...
2026-10-08T16:30:27.2984884Z # Subtest: unexpected UI dependency refuses the build before overwriting its artifact
2026-10-08T16:30:27.3017508Z ok 136 - unexpected UI dependency refuses the build before overwriting its artifact
2026-10-08T16:30:27.3018624Z   ---
2026-10-08T16:30:27.3042196Z   duration_ms: 72.477891
2026-10-08T16:30:27.3072254Z   ...
2026-10-08T16:30:27.3102417Z # Subtest: direct entry paths run the same check, refusal and rebuild commands
2026-10-08T16:30:27.3132057Z     # Subtest: canonical
2026-10-08T16:30:27.3132755Z     ok 1 - canonical
2026-10-08T16:30:27.3145116Z       ---
2026-10-08T16:30:27.3145736Z       duration_ms: 233.505606
2026-10-08T16:30:27.3146838Z       ...
2026-10-08T16:30:27.3147436Z     # Subtest: directory alias
2026-10-08T16:30:27.3148108Z     ok 2 - directory alias
2026-10-08T16:30:27.3148698Z       ---
2026-10-08T16:30:27.3149239Z       duration_ms: 193.8395
2026-10-08T16:30:27.3149829Z       ...
2026-10-08T16:30:27.3150358Z     # Subtest: file alias
2026-10-08T16:30:27.3150950Z     ok 3 - file alias
2026-10-08T16:30:27.3151798Z       ---
2026-10-08T16:30:27.3152378Z       duration_ms: 216.557154
2026-10-08T16:30:27.3152926Z       ...
2026-10-08T16:30:27.3153355Z     1..3
2026-10-08T16:30:27.3154137Z ok 137 - direct entry paths run the same check, refusal and rebuild commands
2026-10-08T16:30:27.3154892Z   ---
2026-10-08T16:30:27.3155373Z   duration_ms: 645.076188
2026-10-08T16:30:27.3155996Z   ...
2026-10-08T16:30:27.3156803Z # Subtest: ordinary imports and missing caller entries do not execute the CLI
2026-10-08T16:30:27.3157981Z ok 138 - ordinary imports and missing caller entries do not execute the CLI
2026-10-08T16:30:27.3158868Z   ---
2026-10-08T16:30:27.3159381Z   duration_ms: 138.701814
2026-10-08T16:30:27.3160201Z   ...
2026-10-08T16:30:27.3260369Z # Subtest: fictional reversal retains denominators and uses common weights only for reference
2026-10-08T16:30:27.3264989Z ok 139 - fictional reversal retains denominators and uses common weights only for reference
2026-10-08T16:30:27.3266002Z   ---
2026-10-08T16:30:27.3266508Z   duration_ms: 3.693749
2026-10-08T16:30:27.3267052Z   ...
2026-10-08T16:30:27.3267904Z # Subtest: ties and conflicting subgroup directions are not a strict reversal
2026-10-08T16:30:27.3269077Z ok 140 - ties and conflicting subgroup directions are not a strict reversal
2026-10-08T16:30:27.3269865Z   ---
2026-10-08T16:30:27.3270350Z   duration_ms: 0.776583
2026-10-08T16:30:27.3270875Z   ...
2026-10-08T16:30:27.3271949Z # Subtest: empty cells remain unavailable unless their reference weight is exactly zero
2026-10-08T16:30:27.3273219Z ok 141 - empty cells remain unavailable unless their reference weight is exactly zero
2026-10-08T16:30:27.3274074Z   ---
2026-10-08T16:30:27.3274563Z   duration_ms: 0.465832
2026-10-08T16:30:27.3275073Z   ...
2026-10-08T16:30:27.3275876Z # Subtest: an entirely empty option has no pooled rate or inferred group mix
2026-10-08T16:30:27.3276971Z ok 142 - an entirely empty option has no pooled rate or inferred group mix
2026-10-08T16:30:27.3277750Z   ---
2026-10-08T16:30:27.3278241Z   duration_ms: 0.209638
2026-10-08T16:30:27.3278745Z   ...
2026-10-08T16:30:27.3279579Z # Subtest: invalid numeric inputs are refused without truncation or coercion
2026-10-08T16:30:27.3280652Z ok 143 - invalid numeric inputs are refused without truncation or coercion
2026-10-08T16:30:27.3281413Z   ---
2026-10-08T16:30:27.3282093Z   duration_ms: 0.764384
2026-10-08T16:30:27.3282601Z   ...
2026-10-08T16:30:27.3283397Z # Subtest: native count entry distinguishes blank and invalid text from zero
2026-10-08T16:30:27.3284490Z ok 144 - native count entry distinguishes blank and invalid text from zero
2026-10-08T16:30:27.3285267Z   ---
2026-10-08T16:30:27.3285758Z   duration_ms: 18.117841
2026-10-08T16:30:27.3286297Z   ...
2026-10-08T16:30:27.3287153Z # Subtest: a strict difference too small for percentage display is not declared equal
2026-10-08T16:30:27.3288376Z ok 145 - a strict difference too small for percentage display is not declared equal
2026-10-08T16:30:27.3289192Z   ---
2026-10-08T16:30:27.3289686Z   duration_ms: 0.512267
2026-10-08T16:30:27.3290198Z   ...
2026-10-08T16:30:27.3291057Z # Subtest: label and group transformations preserve the intended descriptive quantities
2026-10-08T16:30:27.3292514Z ok 146 - label and group transformations preserve the intended descriptive quantities
2026-10-08T16:30:27.3293345Z   ---
2026-10-08T16:30:27.3293817Z   duration_ms: 2.252034
2026-10-08T16:30:27.3294312Z   ...
2026-10-08T16:30:27.3295193Z # Subtest: shared weights preserve both strict subgroup advantages at every permitted mix
2026-10-08T16:30:27.3296476Z ok 147 - shared weights preserve both strict subgroup advantages at every permitted mix
2026-10-08T16:30:27.3297738Z   ---
2026-10-08T16:30:27.3298245Z   duration_ms: 6.433089
2026-10-08T16:30:27.3298767Z   ...
2026-10-08T16:30:27.3299794Z # Subtest: download contains exact inputs, unavailable values and deterministic recomputable fractions
2026-10-08T16:30:27.3301282Z ok 148 - download contains exact inputs, unavailable values and deterministic recomputable fractions
2026-10-08T16:30:27.3302404Z   ---
2026-10-08T16:30:27.3302890Z   duration_ms: 0.567266
2026-10-08T16:30:27.3303404Z   ...
2026-10-08T16:30:27.3304138Z # Subtest: BKT probabilities stay bounded across repeated evidence
2026-10-08T16:30:27.3305126Z ok 149 - BKT probabilities stay bounded across repeated evidence
2026-10-08T16:30:27.3305842Z   ---
2026-10-08T16:30:27.3306303Z   duration_ms: 7.480509
2026-10-08T16:30:27.3306801Z   ...
2026-10-08T16:30:27.3307736Z # Subtest: correct evidence raises and incorrect evidence lowers posterior for interior prior
2026-10-08T16:30:27.3309090Z ok 150 - correct evidence raises and incorrect evidence lowers posterior for interior prior
2026-10-08T16:30:27.3310232Z   ---
2026-10-08T16:30:27.3310737Z   duration_ms: 0.24179
2026-10-08T16:30:27.3311251Z   ...
2026-10-08T16:30:27.3312234Z # Subtest: parameter validation rejects impossible probabilities
2026-10-08T16:30:27.3313227Z ok 151 - parameter validation rejects impossible probabilities
2026-10-08T16:30:27.3313940Z   ---
2026-10-08T16:30:27.3314410Z   duration_ms: 0.535193
2026-10-08T16:30:27.3314916Z   ...
2026-10-08T16:30:27.3315795Z # Subtest: entropy and information gain have expected bounds and peak near uncertainty
2026-10-08T16:30:27.3317021Z ok 152 - entropy and information gain have expected bounds and peak near uncertainty
2026-10-08T16:30:27.3317835Z   ---
2026-10-08T16:30:27.3318279Z   duration_ms: 2.3737
2026-10-08T16:30:27.3318752Z   ...
2026-10-08T16:30:27.3319594Z # Subtest: selector prioritizes a weak prerequisite and is stable after exhaustion
2026-10-08T16:30:27.3320795Z ok 153 - selector prioritizes a weak prerequisite and is stable after exhaustion
2026-10-08T16:30:27.3321787Z   ---
2026-10-08T16:30:27.3322275Z   duration_ms: 0.409321
2026-10-08T16:30:27.3322778Z   ...
2026-10-08T16:30:27.3323537Z # Subtest: initial mastery creates independent named concept values
2026-10-08T16:30:27.3324547Z ok 154 - initial mastery creates independent named concept values
2026-10-08T16:30:27.3325295Z   ---
2026-10-08T16:30:27.3325763Z   duration_ms: 0.977678
2026-10-08T16:30:27.3326266Z   ...
2026-10-08T16:30:27.3327270Z # Subtest: scripted learner simulation is deterministic, bounded, and distinguishes selector modes
2026-10-08T16:30:27.3328667Z ok 155 - scripted learner simulation is deterministic, bounded, and distinguishes selector modes
2026-10-08T16:30:27.3329574Z   ---
2026-10-08T16:30:27.3330046Z   duration_ms: 0.562488
2026-10-08T16:30:27.3330549Z   ...
2026-10-08T16:30:27.3331822Z # Subtest: mixed partial save preserves exact native prefix, next item, option orders and uninterrupted continuation
2026-10-08T16:30:27.3333519Z ok 156 - mixed partial save preserves exact native prefix, next item, option orders and uninterrupted continuation
2026-10-08T16:30:27.3334509Z   ---
2026-10-08T16:30:27.3334978Z   duration_ms: 19.266925
2026-10-08T16:30:27.3335489Z   ...
2026-10-08T16:30:27.3336475Z # Subtest: a started lesson with no answers restores the first native question and all initial estimates
2026-10-08T16:30:27.3337922Z ok 157 - a started lesson with no answers restores the first native question and all initial estimates
2026-10-08T16:30:27.3338830Z   ---
2026-10-08T16:30:27.3339294Z   duration_ms: 2.239023
2026-10-08T16:30:27.3339800Z   ...
2026-10-08T16:30:27.3340756Z # Subtest: feedback retains the last chosen option while Next remains the next unanswered question
2026-10-08T16:30:27.3342433Z ok 158 - feedback retains the last chosen option while Next remains the next unanswered question
2026-10-08T16:30:27.3343342Z   ---
2026-10-08T16:30:27.3343823Z   duration_ms: 4.738194
2026-10-08T16:30:27.3344339Z   ...
2026-10-08T16:30:27.3345615Z # Subtest: complete sessions remain in the existing trace format, including its separate practice state
2026-10-08T16:30:27.3347078Z ok 159 - complete sessions remain in the existing trace format, including its separate practice state
2026-10-08T16:30:27.3347983Z   ---
2026-10-08T16:30:27.3348451Z   duration_ms: 5.635281
2026-10-08T16:30:27.3348948Z   ...
2026-10-08T16:30:27.3349914Z # Subtest: course content and array order are bound; harmless JSON object key order is accepted
2026-10-08T16:30:27.3351240Z ok 160 - course content and array order are bound; harmless JSON object key order is accepted
2026-10-08T16:30:27.3352348Z   ---
2026-10-08T16:30:27.3352843Z   duration_ms: 13.496675
2026-10-08T16:30:27.3353372Z   ...
2026-10-08T16:30:27.3354212Z # Subtest: model identity and every BKT parameter must match the native model
2026-10-08T16:30:27.3355324Z ok 161 - model identity and every BKT parameter must match the native model
2026-10-08T16:30:27.3356083Z   ---
2026-10-08T16:30:27.3356561Z   duration_ms: 7.501623
2026-10-08T16:30:27.3357071Z   ...
2026-10-08T16:30:27.3358231Z # Subtest: first answers must form the actual native adaptive prefix with canonical option indices
2026-10-08T16:30:27.3359640Z ok 162 - first answers must form the actual native adaptive prefix with canonical option indices
2026-10-08T16:30:27.3374130Z   ---
2026-10-08T16:30:27.3374643Z   duration_ms: 24.608513
2026-10-08T16:30:27.3375163Z   ...
2026-10-08T16:30:27.3376074Z # Subtest: mastery is replayed at full precision and never accepted from rounded or altered values
2026-10-08T16:30:27.3377457Z ok 163 - mastery is replayed at full precision and never accepted from rounded or altered values
2026-10-08T16:30:27.3378266Z   ---
2026-10-08T16:30:27.3378725Z   duration_ms: 16.7907
2026-10-08T16:30:27.3379219Z   ...
2026-10-08T16:30:27.3380146Z # Subtest: question, feedback and complete per-item permutations are checked before restoration
2026-10-08T16:30:27.3381696Z ok 164 - question, feedback and complete per-item permutations are checked before restoration
2026-10-08T16:30:27.3382535Z   ---
2026-10-08T16:30:27.3382962Z   duration_ms: 16.581603
2026-10-08T16:30:27.3383436Z   ...
2026-10-08T16:30:27.3384447Z # Subtest: successful and refused reads leave caller state untouched and return deeply immutable independent copies
2026-10-08T16:30:27.3385972Z ok 165 - successful and refused reads leave caller state untouched and return deeply immutable independent copies
2026-10-08T16:30:27.3386904Z   ---
2026-10-08T16:30:27.3387387Z   duration_ms: 2.086105
2026-10-08T16:30:27.3387854Z   ...
2026-10-08T16:30:27.3388800Z # Subtest: the JSON boundary rejects malformed, unsupported, deep and oversized files with a UTF-8 byte limit
2026-10-08T16:30:27.3390220Z ok 166 - the JSON boundary rejects malformed, unsupported, deep and oversized files with a UTF-8 byte limit
2026-10-08T16:30:27.3391087Z   ---
2026-10-08T16:30:27.3391695Z   duration_ms: 35.638194
2026-10-08T16:30:27.3392181Z   ...
2026-10-08T16:30:27.3393024Z # Subtest: save times are canonical UTC values and invalid save inputs cannot mutate a session
2026-10-08T16:30:27.3394238Z ok 167 - save times are canonical UTC values and invalid save inputs cannot mutate a session
2026-10-08T16:30:27.3395042Z   ---
2026-10-08T16:30:27.3395493Z   duration_ms: 3.281635
2026-10-08T16:30:27.3395966Z   ...
2026-10-08T16:30:27.3397037Z # Subtest: ordinary course identifiers that match object prototype names survive without shared object mutation
2026-10-08T16:30:27.3398692Z ok 168 - ordinary course identifiers that match object prototype names survive without shared object mutation
2026-10-08T16:30:27.3399693Z   ---
2026-10-08T16:30:27.3400163Z   duration_ms: 1.949856
2026-10-08T16:30:27.3400667Z   ...
2026-10-08T16:30:27.3401793Z # Subtest: the original course is admitted by the existing deck contract with all four concepts covered
2026-10-08T16:30:27.3419228Z ok 169 - the original course is admitted by the existing deck contract with all four concepts covered
2026-10-08T16:30:27.3420211Z   ---
2026-10-08T16:30:27.3421052Z   duration_ms: 2.450453
2026-10-08T16:30:27.3421793Z   ...
2026-10-08T16:30:27.3422694Z # Subtest: answer positions are balanced and no correct option is uniquely the longest
2026-10-08T16:30:27.3423976Z ok 170 - answer positions are balanced and no correct option is uniquely the longest
2026-10-08T16:30:27.3424827Z   ---
2026-10-08T16:30:27.3425289Z   duration_ms: 0.34095
2026-10-08T16:30:27.3425786Z   ...
2026-10-08T16:30:27.3426806Z # Subtest: each numerical answer uses the stated correction sign, denominator or independence assumption
2026-10-08T16:30:27.3428296Z ok 171 - each numerical answer uses the stated correction sign, denominator or independence assumption
2026-10-08T16:30:27.3429219Z   ---
2026-10-08T16:30:27.3429683Z   duration_ms: 0.336533
2026-10-08T16:30:27.3430179Z   ...
2026-10-08T16:30:27.3431321Z # Subtest: standalone artifact is deterministic, preserves the exact deck bytes and contains executable classic scripts
2026-10-08T16:30:27.3433753Z ok 172 - standalone artifact is deterministic, preserves the exact deck bytes and contains executable classic scripts
2026-10-08T16:30:27.3434925Z   ---
2026-10-08T16:30:27.3435393Z   duration_ms: 3.888564
2026-10-08T16:30:27.3435890Z   ...
2026-10-08T16:30:27.3436927Z # Subtest: worked four-reading budget distinguishes raw mean, correction, sample scatter and mean uncertainty
2026-10-08T16:30:27.3438455Z ok 173 - worked four-reading budget distinguishes raw mean, correction, sample scatter and mean uncertainty
2026-10-08T16:30:27.3439176Z   ---
2026-10-08T16:30:27.3439497Z   duration_ms: 2.379979
2026-10-08T16:30:27.3439843Z   ...
2026-10-08T16:30:27.3440486Z # Subtest: a shared additive correction shifts the estimate without changing either uncertainty component
2026-10-08T16:30:27.3441432Z ok 174 - a shared additive correction shifts the estimate without changing either uncertainty component
2026-10-08T16:30:27.3442505Z   ---
2026-10-08T16:30:27.3442801Z   duration_ms: 0.351867
2026-10-08T16:30:27.3443146Z   ...
2026-10-08T16:30:27.3444057Z # Subtest: identical readings retain a nonzero shared component and are not rejected for numerical repetition
2026-10-08T16:30:27.3445356Z ok 175 - identical readings retain a nonzero shared component and are not rejected for numerical repetition
2026-10-08T16:30:27.3446131Z   ---
2026-10-08T16:30:27.3446439Z   duration_ms: 1.790799
2026-10-08T16:30:27.3446777Z   ...
2026-10-08T16:30:27.3447729Z # Subtest: future independent sample sizes hold shared calibration fixed while repeatability shrinks by square root
2026-10-08T16:30:27.3449240Z ok 176 - future independent sample sizes hold shared calibration fixed while repeatability shrinks by square root
2026-10-08T16:30:27.3449891Z   ---
2026-10-08T16:30:27.3450179Z   duration_ms: 0.571602
2026-10-08T16:30:27.3450488Z   ...
2026-10-08T16:30:27.3451263Z # Subtest: shared covariance gives the same calibration contribution for a mean of any sample size
2026-10-08T16:30:27.3452620Z ok 177 - shared covariance gives the same calibration contribution for a mean of any sample size
2026-10-08T16:30:27.3453312Z   ---
2026-10-08T16:30:27.3453619Z   duration_ms: 0.308888
2026-10-08T16:30:27.3453950Z   ...
2026-10-08T16:30:27.3454725Z # Subtest: compensated raw means preserve small residuals after large opposing readings cancel
2026-10-08T16:30:27.3455917Z ok 178 - compensated raw means preserve small residuals after large opposing readings cancel
2026-10-08T16:30:27.3456629Z   ---
2026-10-08T16:30:27.3456938Z   duration_ms: 0.331294
2026-10-08T16:30:27.3457274Z   ...
2026-10-08T16:30:27.3458084Z # Subtest: centered scatter remains meaningful for a large shared offset and at supported extremes
2026-10-08T16:30:27.3459319Z ok 179 - centered scatter remains meaningful for a large shared offset and at supported extremes
2026-10-08T16:30:27.3460042Z   ---
2026-10-08T16:30:27.3460352Z   duration_ms: 0.413417
2026-10-08T16:30:27.3460691Z   ...
2026-10-08T16:30:27.3461705Z # Subtest: reordering observations preserves the summary but does not assert statistical independence
2026-10-08T16:30:27.3463436Z ok 180 - reordering observations preserves the summary but does not assert statistical independence
2026-10-08T16:30:27.3464205Z   ---
2026-10-08T16:30:27.3464516Z   duration_ms: 0.986832
2026-10-08T16:30:27.3464849Z   ...
2026-10-08T16:30:27.3465649Z # Subtest: input parsing keeps every observation and refuses malformed or missing comma fields
2026-10-08T16:30:27.3466834Z ok 181 - input parsing keeps every observation and refuses malformed or missing comma fields
2026-10-08T16:30:27.3467531Z   ---
2026-10-08T16:30:27.3467834Z   duration_ms: 1.762163
2026-10-08T16:30:27.3468185Z   ...
2026-10-08T16:30:27.3468877Z # Subtest: supported magnitude and nonnegative half-width boundaries are explicit
2026-10-08T16:30:27.3469930Z ok 182 - supported magnitude and nonnegative half-width boundaries are explicit
2026-10-08T16:30:27.3470606Z   ---
2026-10-08T16:30:27.3470927Z   duration_ms: 0.73769
2026-10-08T16:30:27.3471276Z   ...
2026-10-08T16:30:27.3472210Z # Subtest: public calculations reject missing observations and invalid forecast counts
2026-10-08T16:30:27.3473556Z ok 183 - public calculations reject missing observations and invalid forecast counts
2026-10-08T16:30:27.3474212Z   ---
2026-10-08T16:30:27.3474511Z   duration_ms: 0.567766
2026-10-08T16:30:27.3474850Z   ...
2026-10-08T16:30:27.3475571Z # Subtest: calculation snapshots do not mutate caller arrays or change after later edits
2026-10-08T16:30:27.3476679Z ok 184 - calculation snapshots do not mutate caller arrays or change after later edits
2026-10-08T16:30:27.3477338Z   ---
2026-10-08T16:30:27.3477636Z   duration_ms: 0.322741
2026-10-08T16:30:27.3477972Z   ...
2026-10-08T16:30:27.3478860Z # Subtest: the original twelve-item course has native schema, prerequisite closure and exact export/reopen
2026-10-08T16:30:27.3480206Z ok 185 - the original twelve-item course has native schema, prerequisite closure and exact export/reopen
2026-10-08T16:30:27.3480989Z   ---
2026-10-08T16:30:27.3481284Z   duration_ms: 3.704627
2026-10-08T16:30:27.3481821Z   ...
2026-10-08T16:30:27.3482683Z # Subtest: correct course answers complete the actual selector, separate practice and literal study notes
2026-10-08T16:30:27.3484016Z ok 186 - correct course answers complete the actual selector, separate practice and literal study notes
2026-10-08T16:30:27.3484783Z   ---
2026-10-08T16:30:27.3485085Z   duration_ms: 16.230426
2026-10-08T16:30:27.3485439Z   ...
2026-10-08T16:30:27.3486254Z # Subtest: mixed course answers complete the actual selector, separate practice and literal study notes
2026-10-08T16:30:27.3487564Z ok 187 - mixed course answers complete the actual selector, separate practice and literal study notes
2026-10-08T16:30:27.3488322Z   ---
2026-10-08T16:30:27.3488652Z   duration_ms: 2.31166
2026-10-08T16:30:27.3488993Z   ...
2026-10-08T16:30:27.3489840Z # Subtest: missed course answers complete the actual selector, separate practice and literal study notes
2026-10-08T16:30:27.3491153Z ok 188 - missed course answers complete the actual selector, separate practice and literal study notes
2026-10-08T16:30:27.3492129Z   ---
2026-10-08T16:30:27.3492451Z   duration_ms: 1.464313
2026-10-08T16:30:27.3492808Z   ...
2026-10-08T16:30:27.3493596Z # Subtest: the direct-open artifact is deterministic and embeds the exact validated course text
2026-10-08T16:30:27.3494820Z ok 189 - the direct-open artifact is deterministic and embeds the exact validated course text
2026-10-08T16:30:27.3495534Z   ---
2026-10-08T16:30:27.3495840Z   duration_ms: 2.900159
2026-10-08T16:30:27.3496188Z   ...
2026-10-08T16:30:27.3496995Z # Subtest: CLI check through a symlink refuses stale output and accepts the exact current artifact
2026-10-08T16:30:27.3498222Z ok 190 - CLI check through a symlink refuses stale output and accepts the exact current artifact
2026-10-08T16:30:27.3498934Z   ---
2026-10-08T16:30:27.3499240Z   duration_ms: 99.065877
2026-10-08T16:30:27.3499596Z   ...
2026-10-08T16:30:27.3500239Z # Subtest: gametes carry one allele per locus and preserve equal segregation
2026-10-08T16:30:27.3501618Z ok 191 - gametes carry one allele per locus and preserve equal segregation
2026-10-08T16:30:27.3502229Z   ---
2026-10-08T16:30:27.3502535Z   duration_ms: 2.014186
2026-10-08T16:30:27.3502879Z   ...
2026-10-08T16:30:27.3503985Z # Subtest: Aa × Aa keeps both heterozygote routes and distinguishes genotype from phenotype
2026-10-08T16:30:27.3505478Z ok 192 - Aa × Aa keeps both heterozygote routes and distinguishes genotype from phenotype
2026-10-08T16:30:27.3506176Z   ---
2026-10-08T16:30:27.3506482Z   duration_ms: 0.841061
2026-10-08T16:30:27.3506826Z   ...
2026-10-08T16:30:27.3507477Z # Subtest: test crosses and complementary homozygotes have their own outcomes
2026-10-08T16:30:27.3508446Z ok 193 - test crosses and complementary homozygotes have their own outcomes
2026-10-08T16:30:27.3509063Z   ---
2026-10-08T16:30:27.3509364Z   duration_ms: 1.714671
2026-10-08T16:30:27.3509699Z   ...
2026-10-08T16:30:27.3510552Z # Subtest: the sixteen-route cross gives nine genotypes and 9:3:3:1 only under its stated assumptions
2026-10-08T16:30:27.3512283Z ok 194 - the sixteen-route cross gives nine genotypes and 9:3:3:1 only under its stated assumptions
2026-10-08T16:30:27.3513036Z   ---
2026-10-08T16:30:27.3513344Z   duration_ms: 0.735844
2026-10-08T16:30:27.3513683Z   ...
2026-10-08T16:30:27.3514545Z # Subtest: asymmetric AABb × Aabb derives the course answer without a memorized ratio
2026-10-08T16:30:27.3515718Z ok 195 - asymmetric AABb × Aabb derives the course answer without a memorized ratio
2026-10-08T16:30:27.3516324Z   ---
2026-10-08T16:30:27.3516638Z   duration_ms: 0.538902
2026-10-08T16:30:27.3516976Z   ...
2026-10-08T16:30:27.3517695Z # Subtest: all 90 bounded parent pairs agree with the allele-copy oracle, conserve probability and commute
2026-10-08T16:30:27.3518812Z ok 196 - all 90 bounded parent pairs agree with the allele-copy oracle, conserve probability and commute
2026-10-08T16:30:27.3519482Z   ---
2026-10-08T16:30:27.3519751Z   duration_ms: 18.869686
2026-10-08T16:30:27.3520077Z   ...
2026-10-08T16:30:27.3520667Z # Subtest: unsupported inputs cannot become a silently different cross
2026-10-08T16:30:27.3521665Z ok 197 - unsupported inputs cannot become a silently different cross
2026-10-08T16:30:27.3522186Z   ---
2026-10-08T16:30:27.3522446Z   duration_ms: 0.800761
2026-10-08T16:30:27.3522738Z   ...
2026-10-08T16:30:27.3523400Z # Subtest: a saved cross is a complete immutable record with explicit model boundaries
2026-10-08T16:30:27.3524408Z ok 198 - a saved cross is a complete immutable record with explicit model boundaries
2026-10-08T16:30:27.3525047Z   ---
2026-10-08T16:30:27.3525351Z   duration_ms: 0.928601
2026-10-08T16:30:27.3525684Z   ...
2026-10-08T16:30:27.3526296Z # Subtest: small dyadic arithmetic keeps exact operand and result values
2026-10-08T16:30:27.3527200Z ok 199 - small dyadic arithmetic keeps exact operand and result values
2026-10-08T16:30:27.3527788Z   ---
2026-10-08T16:30:27.3528085Z   duration_ms: 2.045743
2026-10-08T16:30:27.3528424Z   ...
2026-10-08T16:30:27.3529062Z # Subtest: decimal sum retains exact conversion and operation contributions
2026-10-08T16:30:27.3530006Z ok 200 - decimal sum retains exact conversion and operation contributions
2026-10-08T16:30:27.3530598Z   ---
2026-10-08T16:30:27.3530905Z   duration_ms: 0.45051
2026-10-08T16:30:27.3531243Z   ...
2026-10-08T16:30:27.3532194Z # Subtest: conversion can erase a difference while subtraction itself is exact
2026-10-08T16:30:27.3533174Z ok 201 - conversion can erase a difference while subtraction itself is exact
2026-10-08T16:30:27.3533803Z   ---
2026-10-08T16:30:27.3534109Z   duration_ms: 0.279566
2026-10-08T16:30:27.3534462Z   ...
2026-10-08T16:30:27.3534989Z # Subtest: operation rounding can lose an exact integer step
2026-10-08T16:30:27.3535753Z ok 202 - operation rounding can lose an exact integer step
2026-10-08T16:30:27.3536264Z   ---
2026-10-08T16:30:27.3536565Z   duration_ms: 0.361037
2026-10-08T16:30:27.3536899Z   ...
2026-10-08T16:30:27.3537604Z # Subtest: nonzero signed contributions can cancel at an exactly represented result
2026-10-08T16:30:27.3538924Z ok 203 - nonzero signed contributions can cancel at an exactly represented result
2026-10-08T16:30:27.3539571Z   ---
2026-10-08T16:30:27.3539866Z   duration_ms: 0.347497
2026-10-08T16:30:27.3540201Z   ...
2026-10-08T16:30:27.3541059Z # Subtest: individual exact integers outside the safe interval are kept distinct from the API guarantee
2026-10-08T16:30:27.3542542Z ok 204 - individual exact integers outside the safe interval are kept distinct from the API guarantee
2026-10-08T16:30:27.3543301Z   ---
2026-10-08T16:30:27.3543601Z   duration_ms: 1.800919
2026-10-08T16:30:27.3543945Z   ...
2026-10-08T16:30:27.3544535Z # Subtest: signs, exact raw strings and negative zero remain explicit
2026-10-08T16:30:27.3545389Z ok 205 - signs, exact raw strings and negative zero remain explicit
2026-10-08T16:30:27.3545950Z   ---
2026-10-08T16:30:27.3546247Z   duration_ms: 0.316841
2026-10-08T16:30:27.3546589Z   ...
2026-10-08T16:30:27.3547248Z # Subtest: the declared decimal input bounds admit edges and refuse other syntax
2026-10-08T16:30:27.3548460Z ok 206 - the declared decimal input bounds admit edges and refuse other syntax
2026-10-08T16:30:27.3549114Z   ---
2026-10-08T16:30:27.3549425Z   duration_ms: 1.457808
2026-10-08T16:30:27.3549763Z   ...
2026-10-08T16:30:27.3550390Z # Subtest: worked records are complete, deterministic and deeply immutable
2026-10-08T16:30:27.3551331Z ok 207 - worked records are complete, deterministic and deeply immutable
2026-10-08T16:30:27.3552143Z   ---
2026-10-08T16:30:27.3552445Z   duration_ms: 2.67576
2026-10-08T16:30:27.3552790Z   ...
2026-10-08T16:30:27.3553578Z # Subtest: the original lesson passes the unchanged native deck contract with exact export parity
2026-10-08T16:30:27.3554797Z ok 208 - the original lesson passes the unchanged native deck contract with exact export parity
2026-10-08T16:30:27.3555519Z   ---
2026-10-08T16:30:27.3555812Z   duration_ms: 9.248556
2026-10-08T16:30:27.3556119Z   ...
2026-10-08T16:30:27.3556927Z # Subtest: language-specific worked examples agree with actual native Number and BigInt operations
2026-10-08T16:30:27.3558175Z ok 209 - language-specific worked examples agree with actual native Number and BigInt operations
2026-10-08T16:30:27.3558888Z   ---
2026-10-08T16:30:27.3559178Z   duration_ms: 0.249231
2026-10-08T16:30:27.3559503Z   ...
2026-10-08T16:30:27.3560178Z # Subtest: the directly openable explorer is an exact build of its native inputs
2026-10-08T16:30:27.3561167Z ok 210 - the directly openable explorer is an exact build of its native inputs
2026-10-08T16:30:27.3561982Z   ---
2026-10-08T16:30:27.3562283Z   duration_ms: 38.849042
2026-10-08T16:30:27.3562619Z   ...
2026-10-08T16:30:27.3563172Z # Subtest: embedded lesson download preserves exact source bytes
2026-10-08T16:30:27.3563974Z ok 211 - embedded lesson download preserves exact source bytes
2026-10-08T16:30:27.3564496Z   ---
2026-10-08T16:30:27.3564788Z   duration_ms: 16.907568
2026-10-08T16:30:27.3565129Z   ...
2026-10-08T16:30:27.3565851Z # Subtest: the twelve-question course is an exact native importer/serializer round trip
2026-10-08T16:30:27.3566917Z ok 212 - the twelve-question course is an exact native importer/serializer round trip
2026-10-08T16:30:27.3567570Z   ---
2026-10-08T16:30:27.3567864Z   duration_ms: 5.121768
2026-10-08T16:30:27.3568201Z   ...
2026-10-08T16:30:27.3568826Z # Subtest: base cases and the unreachable countdown use their declared inputs
2026-10-08T16:30:27.3569876Z ok 213 - base cases and the unreachable countdown use their declared inputs
2026-10-08T16:30:27.3570626Z   ---
2026-10-08T16:30:27.3571088Z   duration_ms: 0.432092
2026-10-08T16:30:27.3571980Z   ...
2026-10-08T16:30:27.3572943Z # Subtest: waiting-parent, completion-order and second-child answers preserve unfinished work
2026-10-08T16:30:27.3574450Z ok 214 - waiting-parent, completion-order and second-child answers preserve unfinished work
2026-10-08T16:30:27.3575316Z   ---
2026-10-08T16:30:27.3575788Z   duration_ms: 0.288369
2026-10-08T16:30:27.3576602Z   ...
2026-10-08T16:30:27.3648621Z # Subtest: chain and branching call counts agree with independent products and binomial sums
2026-10-08T16:30:27.3649833Z ok 215 - chain and branching call counts agree with independent products and binomial sums
2026-10-08T16:30:27.3650540Z   ---
2026-10-08T16:30:27.3650842Z   duration_ms: 0.345423
2026-10-08T16:30:27.3651182Z   ...
2026-10-08T16:30:27.3652109Z # Subtest: fresh-cache answers account for every invocation and preserve a stored zero
2026-10-08T16:30:27.3653200Z ok 216 - fresh-cache answers account for every invocation and preserve a stored zero
2026-10-08T16:30:27.3653857Z   ---
2026-10-08T16:30:27.3654160Z   duration_ms: 0.515527
2026-10-08T16:30:27.3654509Z   ...
2026-10-08T16:30:27.3655140Z # Subtest: every numeric Fibonacci guide row matches the separate reference
2026-10-08T16:30:27.3656080Z ok 217 - every numeric Fibonacci guide row matches the separate reference
2026-10-08T16:30:27.3656672Z   ---
2026-10-08T16:30:27.3657001Z   duration_ms: 0.460145
2026-10-08T16:30:27.3657349Z   ...
2026-10-08T16:30:27.3658519Z # Subtest: the existing author conversion can reopen and check every content field without loss
2026-10-08T16:30:27.3659760Z ok 218 - the existing author conversion can reopen and check every content field without loss
2026-10-08T16:30:27.3660472Z   ---
2026-10-08T16:30:27.3660773Z   duration_ms: 1.773458
2026-10-08T16:30:27.3661111Z   ...
2026-10-08T16:30:27.3662931Z # Subtest: actual selection, review, practice and study notes retain the imported answer identity
2026-10-08T16:30:27.3664188Z ok 219 - actual selection, review, practice and study notes retain the imported answer identity
2026-10-08T16:30:27.3664902Z   ---
2026-10-08T16:30:27.3665207Z   duration_ms: 17.027787
2026-10-08T16:30:27.3665555Z   ...
2026-10-08T16:30:27.3666326Z # Subtest: a damaged late answer or an explorer trace format is refused by the unmodified importer
2026-10-08T16:30:27.3667512Z ok 220 - a damaged late answer or an explorer trace format is refused by the unmodified importer
2026-10-08T16:30:27.3668216Z   ---
2026-10-08T16:30:27.3668525Z   duration_ms: 1.651366
2026-10-08T16:30:27.3668857Z   ...
2026-10-08T16:30:27.3669559Z # Subtest: all 33 bounded runs agree with independent numeric and invocation-count oracles
2026-10-08T16:30:27.3670646Z ok 221 - all 33 bounded runs agree with independent numeric and invocation-count oracles
2026-10-08T16:30:27.3671307Z   ---
2026-10-08T16:30:27.3671920Z   duration_ms: 72.502568
2026-10-08T16:30:27.3672262Z   ...
2026-10-08T16:30:27.3673179Z # Subtest: every prefix preserves stack identity, parent ownership, monotone counters, and exact return delivery
2026-10-08T16:30:27.3674610Z ok 222 - every prefix preserves stack identity, parent ownership, monotone counters, and exact return delivery
2026-10-08T16:30:27.3675433Z   ---
2026-10-08T16:30:27.3675741Z   duration_ms: 51.26875
2026-10-08T16:30:27.3676059Z   ...
2026-10-08T16:30:27.3676921Z # Subtest: factorial unwinds in actual return order and retains each multiplication until its child returns
2026-10-08T16:30:27.3678283Z ok 223 - factorial unwinds in actual return order and retains each multiplication until its child returns
2026-10-08T16:30:27.3679064Z   ---
2026-10-08T16:30:27.3679376Z   duration_ms: 0.62487
2026-10-08T16:30:27.3679738Z   ...
2026-10-08T16:30:27.3680501Z # Subtest: Fibonacci completes the left child first and preserves it across the right branch
2026-10-08T16:30:27.3681854Z ok 224 - Fibonacci completes the left child first and preserves it across the right branch
2026-10-08T16:30:27.3682568Z   ---
2026-10-08T16:30:27.3682887Z   duration_ms: 0.442878
2026-10-08T16:30:27.3683238Z   ...
2026-10-08T16:30:27.3684148Z # Subtest: memoization starts empty, caches bases, counts cache-hit frames, and never shares a previous run
2026-10-08T16:30:27.3685517Z ok 225 - memoization starts empty, caches bases, counts cache-hit frames, and never shares a previous run
2026-10-08T16:30:27.3686296Z   ---
2026-10-08T16:30:27.3686604Z   duration_ms: 5.688331
2026-10-08T16:30:27.3687221Z   ...
2026-10-08T16:30:27.3688062Z # Subtest: inspection is reversible, immutable, and exported cursor binds the exact displayed state
2026-10-08T16:30:27.3689328Z ok 226 - inspection is reversible, immutable, and exported cursor binds the exact displayed state
2026-10-08T16:30:27.3690067Z   ---
2026-10-08T16:30:27.3690376Z   duration_ms: 18.623089
2026-10-08T16:30:27.3690734Z   ...
2026-10-08T16:30:27.3691290Z # Subtest: invalid and ambiguous input is refused before tracing
2026-10-08T16:30:27.3692265Z ok 227 - invalid and ambiguous input is refused before tracing
2026-10-08T16:30:27.3692793Z   ---
2026-10-08T16:30:27.3693095Z   duration_ms: 0.769354
2026-10-08T16:30:27.3693436Z   ...
2026-10-08T16:30:27.3694222Z # Subtest: checked-in direct-file page reproduces exactly and contains no runtime module imports
2026-10-08T16:30:27.3695437Z ok 228 - checked-in direct-file page reproduces exactly and contains no runtime module imports
2026-10-08T16:30:27.3696163Z   ---
2026-10-08T16:30:27.3696470Z   duration_ms: 77.098724
2026-10-08T16:30:27.3696819Z   ...
2026-10-08T16:30:27.3697894Z # Subtest: question identity survives reordered review, edits and clearing without changing earlier notes
2026-10-08T16:30:27.3699252Z ok 229 - question identity survives reordered review, edits and clearing without changing earlier notes
2026-10-08T16:30:27.3700021Z   ---
2026-10-08T16:30:27.3700337Z   duration_ms: 2.521921
2026-10-08T16:30:27.3700680Z   ...
2026-10-08T16:30:27.3701440Z # Subtest: application writing is separate and a fresh session starts with every field empty
2026-10-08T16:30:27.3732684Z ok 230 - application writing is separate and a fresh session starts with every field empty
2026-10-08T16:30:27.3733427Z   ---
2026-10-08T16:30:27.3733720Z   duration_ms: 1.170421
2026-10-08T16:30:27.3734099Z   ...
2026-10-08T16:30:27.3734812Z # Subtest: unknown or duplicate question identities and non-text edits are refused
2026-10-08T16:30:27.3735851Z ok 231 - unknown or duplicate question identities and non-text edits are refused
2026-10-08T16:30:27.3736499Z   ---
2026-10-08T16:30:27.3736816Z   duration_ms: 0.400997
2026-10-08T16:30:27.3737170Z   ...
2026-10-08T16:30:27.3738144Z # Subtest: actual study notes bind writing to questions while retaining native review, estimates and a paused retry
2026-10-08T16:30:27.3739620Z ok 232 - actual study notes bind writing to questions while retaining native review, estimates and a paused retry
2026-10-08T16:30:27.3740458Z   ---
2026-10-08T16:30:27.3740765Z   duration_ms: 2.887665
2026-10-08T16:30:27.3741106Z   ...
2026-10-08T16:30:27.3742066Z # Subtest: actual export uses the most recent edit and represents cleared fields as unwritten
2026-10-08T16:30:27.3743226Z ok 233 - actual export uses the most recent edit and represents cleared fields as unwritten
2026-10-08T16:30:27.3743992Z   ---
2026-10-08T16:30:27.3744309Z   duration_ms: 1.497007
2026-10-08T16:30:27.3744651Z   ...
2026-10-08T16:30:27.3745577Z # Subtest: export refuses missing, duplicate or foreign notebook identities instead of attaching notes by position
2026-10-08T16:30:27.3747057Z ok 234 - export refuses missing, duplicate or foreign notebook identities instead of attaching notes by position
2026-10-08T16:30:27.3747879Z   ---
2026-10-08T16:30:27.3748192Z   duration_ms: 0.792419
2026-10-08T16:30:27.3748545Z   ...
2026-10-08T16:30:27.3749596Z # Subtest: study notes retain the displayed imported-course application prompt without changing notebook or first-session data
2026-10-08T16:30:27.3751284Z ok 235 - study notes retain the displayed imported-course application prompt without changing notebook or first-session data
2026-10-08T16:30:27.3752510Z   ---
2026-10-08T16:30:27.3752833Z   duration_ms: 0.807671
2026-10-08T16:30:27.3753190Z   ...
2026-10-08T16:30:27.3753942Z # Subtest: a notebook export refuses a missing or non-text displayed application prompt
2026-10-08T16:30:27.3755074Z ok 236 - a notebook export refuses a missing or non-text displayed application prompt
2026-10-08T16:30:27.3755747Z   ---
2026-10-08T16:30:27.3756057Z   duration_ms: 0.471341
2026-10-08T16:30:27.3756687Z   ...
2026-10-08T16:30:27.3757312Z # Subtest: review preserves session order and the actual chosen answer
2026-10-08T16:30:27.3758199Z ok 237 - review preserves session order and the actual chosen answer
2026-10-08T16:30:27.3758761Z   ---
2026-10-08T16:30:27.3759066Z   duration_ms: 2.506498
2026-10-08T16:30:27.3759408Z   ...
2026-10-08T16:30:27.3760059Z # Subtest: review is an immutable snapshot independent of mutable input arrays
2026-10-08T16:30:27.3761030Z ok 238 - review is an immutable snapshot independent of mutable input arrays
2026-10-08T16:30:27.3761789Z   ---
2026-10-08T16:30:27.3762079Z   duration_ms: 0.713762
2026-10-08T16:30:27.3762398Z   ...
2026-10-08T16:30:27.3762999Z # Subtest: a review rejects unknown, duplicate, or invalid first answers
2026-10-08T16:30:27.3763897Z ok 239 - a review rejects unknown, duplicate, or invalid first answers
2026-10-08T16:30:27.3764476Z   ---
2026-10-08T16:30:27.3764771Z   duration_ms: 0.48415
2026-10-08T16:30:27.3765119Z   ...
2026-10-08T16:30:27.3766014Z # Subtest: practice includes only initially missed questions in first-attempt order
2026-10-08T16:30:27.3767053Z ok 240 - practice includes only initially missed questions in first-attempt order
2026-10-08T16:30:27.3767676Z   ---
2026-10-08T16:30:27.3767975Z   duration_ms: 0.451872
2026-10-08T16:30:27.3768305Z   ...
2026-10-08T16:30:27.3769015Z # Subtest: correct and incorrect retries remain separate from the immutable original trace
2026-10-08T16:30:27.3770148Z ok 241 - correct and incorrect retries remain separate from the immutable original trace
2026-10-08T16:30:27.3770820Z   ---
2026-10-08T16:30:27.3771114Z   duration_ms: 0.418022
2026-10-08T16:30:27.3771745Z   ...
2026-10-08T16:30:27.3772592Z # Subtest: practice resumes at the next unanswered question and refuses duplicate or out-of-order writes
2026-10-08T16:30:27.3773918Z ok 242 - practice resumes at the next unanswered question and refuses duplicate or out-of-order writes
2026-10-08T16:30:27.3774676Z   ---
2026-10-08T16:30:27.3774982Z   duration_ms: 0.420155
2026-10-08T16:30:27.3775317Z   ...
2026-10-08T16:30:27.3775900Z # Subtest: an all-correct or empty review has no practice question
2026-10-08T16:30:27.3776724Z ok 243 - an all-correct or empty review has no practice question
2026-10-08T16:30:27.3777255Z   ---
2026-10-08T16:30:27.3777547Z   duration_ms: 0.318164
2026-10-08T16:30:27.3777879Z   ...
2026-10-08T16:30:27.3778766Z # Subtest: the original course survives native validation and serialization with complete connected content
2026-10-08T16:30:27.3780153Z ok 244 - the original course survives native validation and serialization with complete connected content
2026-10-08T16:30:27.3780940Z   ---
2026-10-08T16:30:27.3781234Z   duration_ms: 3.021364
2026-10-08T16:30:27.3781764Z   ...
2026-10-08T16:30:27.3782594Z # Subtest: native item selection reaches all twelve questions and can prioritize the weak sample clock
2026-10-08T16:30:27.3783894Z ok 245 - native item selection reaches all twelve questions and can prioritize the weak sample clock
2026-10-08T16:30:27.3784647Z   ---
2026-10-08T16:30:27.3784955Z   duration_ms: 11.518191
2026-10-08T16:30:27.3785304Z   ...
2026-10-08T16:30:27.3786125Z # Subtest: answer text matches independently stated calculations and explicit sampling assumptions
2026-10-08T16:30:27.3787404Z ok 246 - answer text matches independently stated calculations and explicit sampling assumptions
2026-10-08T16:30:27.3788162Z   ---
2026-10-08T16:30:27.3788485Z   duration_ms: 0.440876
2026-10-08T16:30:27.3788825Z   ...
2026-10-08T16:30:27.3789688Z # Subtest: each supported sample clock uses inclusive endpoints and an actually different matching cosine
2026-10-08T16:30:27.3791034Z ok 247 - each supported sample clock uses inclusive endpoints and an actually different matching cosine
2026-10-08T16:30:27.3791956Z   ---
2026-10-08T16:30:27.3792271Z   duration_ms: 16.33816
2026-10-08T16:30:27.3792612Z   ...
2026-10-08T16:30:27.3793398Z # Subtest: DC, reflected aliases, the half-rate and input limits preserve their distinct meaning
2026-10-08T16:30:27.3794920Z ok 248 - DC, reflected aliases, the half-rate and input limits preserve their distinct meaning
2026-10-08T16:30:27.3795582Z   ---
2026-10-08T16:30:27.3795880Z   duration_ms: 1.281686
2026-10-08T16:30:27.3796226Z   ...
2026-10-08T16:30:27.3796953Z # Subtest: invalid numerical input is refused and snapshots cannot be changed after observation
2026-10-08T16:30:27.3798099Z ok 249 - invalid numerical input is refused and snapshots cannot be changed after observation
2026-10-08T16:30:27.3798804Z   ---
2026-10-08T16:30:27.3799105Z   duration_ms: 0.849583
2026-10-08T16:30:27.3799450Z   ...
2026-10-08T16:30:27.3800336Z # Subtest: CSV carries full precision and current parameter identity, ignoring supplied forged sample rows
2026-10-08T16:30:27.3801892Z ok 250 - CSV carries full precision and current parameter identity, ignoring supplied forged sample rows
2026-10-08T16:30:27.3802666Z   ---
2026-10-08T16:30:27.3802975Z   duration_ms: 1.346563
2026-10-08T16:30:27.3803324Z   ...
2026-10-08T16:30:27.3804416Z # Subtest: notes retain the actual first choices, session order, corrections, transfers, and attribution
2026-10-08T16:30:27.3805733Z ok 251 - notes retain the actual first choices, session order, corrections, transfers, and attribution
2026-10-08T16:30:27.3806489Z   ---
2026-10-08T16:30:27.3806799Z   duration_ms: 2.485967
2026-10-08T16:30:27.3807143Z   ...
2026-10-08T16:30:27.3807902Z # Subtest: paused and completed retries cannot replace the first answers or alter the model
2026-10-08T16:30:27.3809067Z ok 252 - paused and completed retries cannot replace the first answers or alter the model
2026-10-08T16:30:27.3809769Z   ---
2026-10-08T16:30:27.3810072Z   duration_ms: 0.933308
2026-10-08T16:30:27.3810411Z   ...
2026-10-08T16:30:27.3811196Z # Subtest: unstarted, zero-answer paused, and all-correct sessions have honest practice labels
2026-10-08T16:30:27.3812644Z ok 253 - unstarted, zero-answer paused, and all-correct sessions have honest practice labels
2026-10-08T16:30:27.3813386Z   ---
2026-10-08T16:30:27.3813688Z   duration_ms: 1.43873
2026-10-08T16:30:27.3814035Z   ...
2026-10-08T16:30:27.3814914Z # Subtest: incomplete, duplicate, legacy choice-less or malformed traces are refused rather than fabricated
2026-10-08T16:30:27.3816296Z ok 254 - incomplete, duplicate, legacy choice-less or malformed traces are refused rather than fabricated
2026-10-08T16:30:27.3817084Z   ---
2026-10-08T16:30:27.3817393Z   duration_ms: 0.947509
2026-10-08T16:30:27.3817742Z   ...
2026-10-08T16:30:27.3818582Z # Subtest: plain-text output preserves Unicode and literal markup without creating executable content
2026-10-08T16:30:27.3819875Z ok 255 - plain-text output preserves Unicode and literal markup without creating executable content
2026-10-08T16:30:27.3820624Z   ---
2026-10-08T16:30:27.3820935Z   duration_ms: 0.357652
2026-10-08T16:30:27.3821276Z   ...
2026-10-08T16:30:27.4023246Z # Subtest: the original five-vertex example has the hand-calculated settling order and cost-7 route
2026-10-08T16:30:27.4024609Z ok 256 - the original five-vertex example has the hand-calculated settling order and cost-7 route
2026-10-08T16:30:27.4025308Z   ---
2026-10-08T16:30:27.4025610Z   duration_ms: 3.416132
2026-10-08T16:30:27.4025962Z   ...
2026-10-08T16:30:27.4026748Z # Subtest: target discovery remains tentative; the cheaper route is final only on target settlement
2026-10-08T16:30:27.4028033Z ok 257 - target discovery remains tentative; the cheaper route is final only on target settlement
2026-10-08T16:30:27.4028775Z   ---
2026-10-08T16:30:27.4030710Z   duration_ms: 1.412115
2026-10-08T16:30:27.4031322Z   ...
2026-10-08T16:30:27.4045210Z # Subtest: zero weights and equal routes preserve the stated alphabetical and first-predecessor policies
2026-10-08T16:30:27.4048604Z ok 258 - zero weights and equal routes preserve the stated alphabetical and first-predecessor policies
2026-10-08T16:30:27.4049525Z   ---
2026-10-08T16:30:27.4050003Z   duration_ms: 1.267084
2026-10-08T16:30:27.4050496Z   ...
2026-10-08T16:30:27.4052265Z # Subtest: all preset source/target pairs agree with exhaustive simple paths, including reverse direction
2026-10-08T16:30:27.4053862Z ok 259 - all preset source/target pairs agree with exhaustive simple paths, including reverse direction
2026-10-08T16:30:27.4054864Z   ---
2026-10-08T16:30:27.4055360Z   duration_ms: 5.457717
2026-10-08T16:30:27.4055895Z   ...
2026-10-08T16:30:27.4056837Z # Subtest: 80 deterministic bounded graphs agree with a simple-path oracle for every source
2026-10-08T16:30:27.4058204Z ok 260 - 80 deterministic bounded graphs agree with a simple-path oracle for every source
2026-10-08T16:30:27.4059098Z   ---
2026-10-08T16:30:27.4059581Z   duration_ms: 104.023571
2026-10-08T16:30:27.4060106Z   ...
2026-10-08T16:30:27.4069663Z # Subtest: invalid graphs are refused before a runnable state exists
2026-10-08T16:30:27.4070831Z ok 261 - invalid graphs are refused before a runnable state exists
2026-10-08T16:30:27.4071750Z   ---
2026-10-08T16:30:27.4072230Z   duration_ms: 1.181607
2026-10-08T16:30:27.4072739Z   ...
2026-10-08T16:30:27.4073915Z # Subtest: run, graph, presets and trace snapshots cannot be changed by later edits
2026-10-08T16:30:27.4075185Z ok 262 - run, graph, presets and trace snapshots cannot be changed by later edits
2026-10-08T16:30:27.4075991Z   ---
2026-10-08T16:30:27.4076485Z   duration_ms: 0.634223
2026-10-08T16:30:27.4077011Z   ...
2026-10-08T16:30:27.4078021Z # Subtest: the original twelve-question course is valid, canonical and has balanced answer positions
2026-10-08T16:30:27.4079499Z ok 263 - the original twelve-question course is valid, canonical and has balanced answer positions
2026-10-08T16:30:27.4080491Z   ---
2026-10-08T16:30:27.4080996Z   duration_ms: 0.734463
2026-10-08T16:30:27.4081711Z   ...
2026-10-08T16:30:27.4082830Z # Subtest: existing knowledge, review, practice and notes contracts accept the new deck without changing the app
2026-10-08T16:30:27.4084465Z ok 264 - existing knowledge, review, practice and notes contracts accept the new deck without changing the app
2026-10-08T16:30:27.4085514Z   ---
2026-10-08T16:30:27.4086040Z   duration_ms: 11.243163
2026-10-08T16:30:27.4086582Z   ...
2026-10-08T16:30:27.4330937Z # Subtest: the original twelve-item SQL course uses the published import contract without changing its native meaning
2026-10-08T16:30:27.4335373Z ok 265 - the original twelve-item SQL course uses the published import contract without changing its native meaning
2026-10-08T16:30:27.4336546Z   ---
2026-10-08T16:30:27.4337102Z   duration_ms: 3.578783
2026-10-08T16:30:27.4337608Z   ...
2026-10-08T16:30:27.4339133Z # Subtest: actual SQLite regenerates all twenty-two saved queries and their exact course/default bindings
2026-10-08T16:30:27.4343117Z ok 266 - actual SQLite regenerates all twenty-two saved queries and their exact course/default bindings
2026-10-08T16:30:27.4344052Z   ---
2026-10-08T16:30:27.4344517Z   duration_ms: 102.368524
2026-10-08T16:30:27.4345007Z   ...
2026-10-08T16:30:27.4353168Z # Subtest: native adaptive selection, shuffled choices, review, practice and notes preserve all twelve SQL questions
2026-10-08T16:30:27.4355599Z ok 267 - native adaptive selection, shuffled choices, review, practice and notes preserve all twelve SQL questions
2026-10-08T16:30:27.4356653Z   ---
2026-10-08T16:30:27.4357146Z   duration_ms: 14.343645
2026-10-08T16:30:27.4357670Z   ...
2026-10-08T16:30:27.8995765Z # Subtest: a changed answer or invalid query refuses the build and preserves both saved artifacts
2026-10-08T16:30:27.8996764Z ok 268 - a changed answer or invalid query refuses the build and preserves both saved artifacts
2026-10-08T16:30:27.9002421Z   ---
2026-10-08T16:30:27.9002769Z   duration_ms: 469.606986
2026-10-08T16:30:27.9003127Z   ...
2026-10-08T16:30:27.9479835Z # Subtest: a stale generated explorer fails --check without silently replacing the changed file
2026-10-08T16:30:27.9484250Z ok 269 - a stale generated explorer fails --check without silently replacing the changed file
2026-10-08T16:30:27.9484995Z   ---
2026-10-08T16:30:27.9485710Z   duration_ms: 48.451946
2026-10-08T16:30:27.9486080Z   ...
2026-10-08T16:30:27.9555735Z # Subtest: original course fits the existing deck contract with all four concepts represented
2026-10-08T16:30:27.9556995Z ok 270 - original course fits the existing deck contract with all four concepts represented
2026-10-08T16:30:27.9557717Z   ---
2026-10-08T16:30:27.9558046Z   duration_ms: 3.930436
2026-10-08T16:30:27.9558402Z   ...
2026-10-08T16:30:27.9559235Z # Subtest: authored answer keys retain the independently worked quantities and conceptual distinctions
2026-10-08T16:30:27.9560502Z ok 271 - authored answer keys retain the independently worked quantities and conceptual distinctions
2026-10-08T16:30:27.9561214Z   ---
2026-10-08T16:30:27.9561688Z   duration_ms: 0.42383
2026-10-08T16:30:27.9562019Z   ...
2026-10-08T16:30:27.9562788Z # Subtest: course completes native selection, correct first answers, review, retry and study notes
2026-10-08T16:30:27.9564002Z ok 272 - course completes native selection, correct first answers, review, retry and study notes
2026-10-08T16:30:27.9564761Z   ---
2026-10-08T16:30:27.9565335Z   duration_ms: 15.467395
2026-10-08T16:30:27.9565704Z   ...
2026-10-08T16:30:27.9566476Z # Subtest: course completes native selection, mixed first answers, review, retry and study notes
2026-10-08T16:30:27.9567687Z ok 273 - course completes native selection, mixed first answers, review, retry and study notes
2026-10-08T16:30:27.9568402Z   ---
2026-10-08T16:30:27.9568711Z   duration_ms: 3.404613
2026-10-08T16:30:27.9569056Z   ...
2026-10-08T16:30:27.9569835Z # Subtest: course completes native selection, missed first answers, review, retry and study notes
2026-10-08T16:30:27.9571014Z ok 274 - course completes native selection, missed first answers, review, retry and study notes
2026-10-08T16:30:27.9571900Z   ---
2026-10-08T16:30:27.9572206Z   duration_ms: 2.046695
2026-10-08T16:30:27.9572543Z   ...
2026-10-08T16:30:27.9573328Z # Subtest: generated direct-open artifact has exact build parity and embeds the qualified course
2026-10-08T16:30:27.9574536Z ok 275 - generated direct-open artifact has exact build parity and embeds the qualified course
2026-10-08T16:30:27.9575231Z   ---
2026-10-08T16:30:27.9575535Z   duration_ms: 59.592986
2026-10-08T16:30:27.9575893Z   ...
2026-10-08T16:30:27.9576694Z # Subtest: standalone rendering keeps embedded source and course text inside their script elements
2026-10-08T16:30:27.9577899Z ok 276 - standalone rendering keeps embedded source and course text inside their script elements
2026-10-08T16:30:27.9578595Z   ---
2026-10-08T16:30:27.9578884Z   duration_ms: 0.710737
2026-10-08T16:30:27.9579211Z   ...
2026-10-08T16:30:27.9579917Z # Subtest: water: 6 / 2 mol → second
2026-10-08T16:30:27.9580511Z ok 277 - water: 6 / 2 mol → second
2026-10-08T16:30:27.9580904Z   ---
2026-10-08T16:30:27.9581220Z   duration_ms: 2.545416
2026-10-08T16:30:27.9581877Z   ...
2026-10-08T16:30:27.9582401Z # Subtest: water: 2 / 2 mol → first
2026-10-08T16:30:27.9582961Z ok 278 - water: 2 / 2 mol → first
2026-10-08T16:30:27.9583361Z   ---
2026-10-08T16:30:27.9583672Z   duration_ms: 0.224855
2026-10-08T16:30:27.9584016Z   ...
2026-10-08T16:30:27.9584464Z # Subtest: water: 4 / 2 mol → matched
2026-10-08T16:30:27.9585025Z ok 279 - water: 4 / 2 mol → matched
2026-10-08T16:30:27.9585404Z   ---
2026-10-08T16:30:27.9585702Z   duration_ms: 0.286156
2026-10-08T16:30:27.9586040Z   ...
2026-10-08T16:30:27.9586521Z # Subtest: water: 0 / 5 mol → no-product
2026-10-08T16:30:27.9587122Z ok 280 - water: 0 / 5 mol → no-product
2026-10-08T16:30:27.9587519Z   ---
2026-10-08T16:30:27.9587813Z   duration_ms: 0.218696
2026-10-08T16:30:27.9588141Z   ...
2026-10-08T16:30:27.9588598Z # Subtest: water: 5 / 0 mol → no-product
2026-10-08T16:30:27.9589175Z ok 281 - water: 5 / 0 mol → no-product
2026-10-08T16:30:27.9589580Z   ---
2026-10-08T16:30:27.9589874Z   duration_ms: 0.384501
2026-10-08T16:30:27.9590202Z   ...
2026-10-08T16:30:27.9590653Z # Subtest: water: 0 / 0 mol → no-product
2026-10-08T16:30:27.9591226Z ok 282 - water: 0 / 0 mol → no-product
2026-10-08T16:30:27.9592283Z   ---
2026-10-08T16:30:27.9592605Z   duration_ms: 0.212766
2026-10-08T16:30:27.9592944Z   ...
2026-10-08T16:30:27.9593436Z # Subtest: ammonia: 2 / 3 mol → second
2026-10-08T16:30:27.9594018Z ok 283 - ammonia: 2 / 3 mol → second
2026-10-08T16:30:27.9598936Z   ---
2026-10-08T16:30:27.9609317Z   duration_ms: 0.254048
2026-10-08T16:30:27.9609730Z   ...
2026-10-08T16:30:27.9610325Z # Subtest: ammonia: 1 / 2.4 mol → second
2026-10-08T16:30:27.9610963Z ok 284 - ammonia: 1 / 2.4 mol → second
2026-10-08T16:30:27.9611395Z   ---
2026-10-08T16:30:27.9612023Z   duration_ms: 0.339966
2026-10-08T16:30:27.9612251Z   ...
2026-10-08T16:30:27.9612567Z # Subtest: ammonia: 2 / 4.8 mol → second
2026-10-08T16:30:27.9612941Z ok 285 - ammonia: 2 / 4.8 mol → second
2026-10-08T16:30:27.9613219Z   ---
2026-10-08T16:30:27.9613427Z   duration_ms: 0.433976
2026-10-08T16:30:27.9613648Z   ...
2026-10-08T16:30:27.9613954Z # Subtest: ammonia: 0.1 / 0.3 mol → matched
2026-10-08T16:30:27.9614548Z ok 286 - ammonia: 0.1 / 0.3 mol → matched
2026-10-08T16:30:27.9614973Z   ---
2026-10-08T16:30:27.9615542Z   duration_ms: 0.3698
2026-10-08T16:30:27.9615851Z   ...
2026-10-08T16:30:27.9616330Z # Subtest: ammonia: 0.001 / 0.001 mol → second
2026-10-08T16:30:27.9616916Z ok 287 - ammonia: 0.001 / 0.001 mol → second
2026-10-08T16:30:27.9617306Z   ---
2026-10-08T16:30:27.9617606Z   duration_ms: 0.246407
2026-10-08T16:30:27.9617953Z   ...
2026-10-08T16:30:27.9618446Z # Subtest: ammonia: 0.001 / 0.003 mol → matched
2026-10-08T16:30:27.9619134Z ok 288 - ammonia: 0.001 / 0.003 mol → matched
2026-10-08T16:30:27.9619527Z   ---
2026-10-08T16:30:27.9619795Z   duration_ms: 0.210232
2026-10-08T16:30:27.9620107Z   ...
2026-10-08T16:30:27.9620532Z # Subtest: ammonia: 0.001 / 0.004 mol → first
2026-10-08T16:30:27.9621100Z ok 289 - ammonia: 0.001 / 0.004 mol → first
2026-10-08T16:30:27.9621645Z   ---
2026-10-08T16:30:27.9621944Z   duration_ms: 1.921658
2026-10-08T16:30:27.9622273Z   ...
2026-10-08T16:30:27.9622698Z # Subtest: magnesium: 1.5 / 1 mol → first
2026-10-08T16:30:27.9623267Z ok 290 - magnesium: 1.5 / 1 mol → first
2026-10-08T16:30:27.9623662Z   ---
2026-10-08T16:30:27.9623942Z   duration_ms: 0.333206
2026-10-08T16:30:27.9624268Z   ...
2026-10-08T16:30:27.9624726Z # Subtest: magnesium: 1 / 0.499 mol → second
2026-10-08T16:30:27.9625321Z ok 291 - magnesium: 1 / 0.499 mol → second
2026-10-08T16:30:27.9625715Z   ---
2026-10-08T16:30:27.9626003Z   duration_ms: 0.203643
2026-10-08T16:30:27.9626312Z   ...
2026-10-08T16:30:27.9626757Z # Subtest: magnesium: 1 / 0.5 mol → matched
2026-10-08T16:30:27.9627361Z ok 292 - magnesium: 1 / 0.5 mol → matched
2026-10-08T16:30:27.9627789Z   ---
2026-10-08T16:30:27.9628096Z   duration_ms: 0.297622
2026-10-08T16:30:27.9628440Z   ...
2026-10-08T16:30:27.9628908Z # Subtest: magnesium: 1 / 0.501 mol → first
2026-10-08T16:30:27.9629513Z ok 293 - magnesium: 1 / 0.501 mol → first
2026-10-08T16:30:27.9629933Z   ---
2026-10-08T16:30:27.9630239Z   duration_ms: 0.230754
2026-10-08T16:30:27.9630559Z   ...
2026-10-08T16:30:27.9631120Z # Subtest: water: 1000 / 1000 mol → first
2026-10-08T16:30:27.9631915Z ok 294 - water: 1000 / 1000 mol → first
2026-10-08T16:30:27.9632329Z   ---
2026-10-08T16:30:27.9632629Z   duration_ms: 0.373335
2026-10-08T16:30:27.9632958Z   ...
2026-10-08T16:30:27.9633622Z # Subtest: authored equations use the declared species and conserve each element
2026-10-08T16:30:27.9634615Z ok 295 - authored equations use the declared species and conserve each element
2026-10-08T16:30:27.9635244Z   ---
2026-10-08T16:30:27.9635540Z   duration_ms: 1.30423
2026-10-08T16:30:27.9635877Z   ...
2026-10-08T16:30:27.9636449Z # Subtest: all admitted decimal spellings resolve to exact millimoles
2026-10-08T16:30:27.9637266Z ok 296 - all admitted decimal spellings resolve to exact millimoles
2026-10-08T16:30:27.9637823Z   ---
2026-10-08T16:30:27.9638137Z   duration_ms: 0.350141
2026-10-08T16:30:27.9638475Z   ...
2026-10-08T16:30:27.9639147Z # Subtest: invalid or ambiguous amount inputs are refused without numeric coercion
2026-10-08T16:30:27.9640466Z ok 297 - invalid or ambiguous amount inputs are refused without numeric coercion
2026-10-08T16:30:27.9641096Z   ---
2026-10-08T16:30:27.9641408Z   duration_ms: 1.049281
2026-10-08T16:30:27.9641971Z   ...
2026-10-08T16:30:27.9642775Z # Subtest: positive amounts straddling an exact ratio are never classified using a floating tolerance
2026-10-08T16:30:27.9644024Z ok 298 - positive amounts straddling an exact ratio are never classified using a floating tolerance
2026-10-08T16:30:27.9644745Z   ---
2026-10-08T16:30:27.9645041Z   duration_ms: 0.246356
2026-10-08T16:30:27.9645373Z   ...
2026-10-08T16:30:27.9646108Z # Subtest: start = used + left and atom inventory is conserved across a changed-input grid
2026-10-08T16:30:27.9647183Z ok 299 - start = used + left and atom inventory is conserved across a changed-input grid
2026-10-08T16:30:27.9647835Z   ---
2026-10-08T16:30:27.9648145Z   duration_ms: 6.008066
2026-10-08T16:30:27.9648483Z   ...
2026-10-08T16:30:27.9649637Z # Subtest: doubling both supplies doubles theoretical product and excess without changing the limiting identity
2026-10-08T16:30:27.9651099Z ok 300 - doubling both supplies doubles theoretical product and excess without changing the limiting identity
2026-10-08T16:30:27.9651831Z   ---
2026-10-08T16:30:27.9652043Z   duration_ms: 0.735404
2026-10-08T16:30:27.9652272Z   ...
2026-10-08T16:30:27.9652782Z # Subtest: reaction definitions and solved records are deeply immutable without changing caller inputs
2026-10-08T16:30:27.9653557Z ok 301 - reaction definitions and solved records are deeply immutable without changing caller inputs
2026-10-08T16:30:27.9654018Z   ---
2026-10-08T16:30:27.9654222Z   duration_ms: 0.354357
2026-10-08T16:30:27.9654443Z   ...
2026-10-08T16:30:27.9654997Z # Subtest: worked record carries this prediction, mole accounting and the explicit theoretical model
2026-10-08T16:30:27.9655724Z ok 302 - worked record carries this prediction, mole accounting and the explicit theoretical model
2026-10-08T16:30:27.9656176Z   ---
2026-10-08T16:30:27.9656365Z   duration_ms: 0.933338
2026-10-08T16:30:27.9656579Z   ...
2026-10-08T16:30:27.9657096Z # Subtest: completed first answers restore in their original adaptive order with exact, unrounded estimates
2026-10-08T16:30:27.9657887Z ok 303 - completed first answers restore in their original adaptive order with exact, unrounded estimates
2026-10-08T16:30:27.9658336Z   ---
2026-10-08T16:30:27.9658544Z   duration_ms: 14.331336
2026-10-08T16:30:27.9658767Z   ...
2026-10-08T16:30:27.9659283Z # Subtest: unstarted, zero-answer, paused and complete practice remain distinct and can resume once
2026-10-08T16:30:27.9659998Z ok 304 - unstarted, zero-answer, paused and complete practice remain distinct and can resume once
2026-10-08T16:30:27.9660424Z   ---
2026-10-08T16:30:27.9660626Z   duration_ms: 8.597718
2026-10-08T16:30:27.9660841Z   ...
2026-10-08T16:30:27.9661253Z # Subtest: all-correct and all-missed completed traces use canonical answer indices
2026-10-08T16:30:27.9662027Z ok 305 - all-correct and all-missed completed traces use canonical answer indices
2026-10-08T16:30:27.9662414Z   ---
2026-10-08T16:30:27.9662607Z   duration_ms: 4.263291
2026-10-08T16:30:27.9662828Z   ...
2026-10-08T16:30:27.9663242Z # Subtest: incomplete, duplicate, unknown and out-of-range first answers are refused
2026-10-08T16:30:27.9663860Z ok 306 - incomplete, duplicate, unknown and out-of-range first answers are refused
2026-10-08T16:30:27.9664256Z   ---
2026-10-08T16:30:27.9664447Z   duration_ms: 13.887025
2026-10-08T16:30:27.9664668Z   ...
2026-10-08T16:30:27.9665165Z # Subtest: a different course revision cannot replace the current deck; property order is immaterial
2026-10-08T16:30:27.9665902Z ok 307 - a different course revision cannot replace the current deck; property order is immaterial
2026-10-08T16:30:27.9666337Z   ---
2026-10-08T16:30:27.9666530Z   duration_ms: 5.9164
2026-10-08T16:30:27.9666745Z   ...
2026-10-08T16:30:27.9667211Z # Subtest: changed model parameters, rounded estimates and incompatible versions are refused
2026-10-08T16:30:27.9668084Z ok 308 - changed model parameters, rounded estimates and incompatible versions are refused
2026-10-08T16:30:27.9668508Z   ---
2026-10-08T16:30:27.9668705Z   duration_ms: 6.543202
2026-10-08T16:30:27.9668928Z   ...
2026-10-08T16:30:27.9669375Z # Subtest: practice replay refuses duplicate, reordered, correct-first and extra answers
2026-10-08T16:30:27.9670016Z ok 309 - practice replay refuses duplicate, reordered, correct-first and extra answers
2026-10-08T16:30:27.9670415Z   ---
2026-10-08T16:30:27.9670602Z   duration_ms: 9.81589
2026-10-08T16:30:27.9670812Z   ...
2026-10-08T16:30:27.9671239Z # Subtest: bounded parsing refuses invalid JSON and oversized UTF-8 before exposing state
2026-10-08T16:30:27.9672108Z ok 310 - bounded parsing refuses invalid JSON and oversized UTF-8 before exposing state
2026-10-08T16:30:27.9672509Z   ---
2026-10-08T16:30:27.9672705Z   duration_ms: 5.277199
2026-10-08T16:30:27.9672917Z   ...
2026-10-08T16:30:27.9673545Z # Subtest: identical completed files inspect independently with no invented differences or chronology
2026-10-08T16:30:27.9674304Z ok 311 - identical completed files inspect independently with no invented differences or chronology
2026-10-08T16:30:27.9674746Z   ---
2026-10-08T16:30:27.9674940Z   duration_ms: 9.586689
2026-10-08T16:30:27.9675172Z   ...
2026-10-08T16:30:27.9675698Z # Subtest: canonical joins preserve both orders, all correctness transitions and two different wrong answers
2026-10-08T16:30:27.9676485Z ok 312 - canonical joins preserve both orders, all correctness transitions and two different wrong answers
2026-10-08T16:30:27.9676933Z   ---
2026-10-08T16:30:27.9677125Z   duration_ms: 2.53445
2026-10-08T16:30:27.9677342Z   ...
2026-10-08T16:30:27.9677685Z # Subtest: changed question order alone is not an answer difference
2026-10-08T16:30:27.9678176Z ok 313 - changed question order alone is not an answer difference
2026-10-08T16:30:27.9678504Z   ---
2026-10-08T16:30:27.9678697Z   duration_ms: 1.627691
2026-10-08T16:30:27.9678918Z   ...
2026-10-08T16:30:27.9679395Z # Subtest: unstarted, pending, incorrect retry and correct retry remain separate from first answers
2026-10-08T16:30:27.9680100Z ok 314 - unstarted, pending, incorrect retry and correct retry remain separate from first answers
2026-10-08T16:30:27.9680525Z   ---
2026-10-08T16:30:27.9680716Z   duration_ms: 9.426201
2026-10-08T16:30:27.9680926Z   ...
2026-10-08T16:30:27.9681378Z # Subtest: the current raw bundled deck remains compatible without normalizing its archive identity
2026-10-08T16:30:27.9682232Z ok 315 - the current raw bundled deck remains compatible without normalizing its archive identity
2026-10-08T16:30:27.9682659Z   ---
2026-10-08T16:30:27.9682857Z   duration_ms: 7.152534
2026-10-08T16:30:27.9683075Z   ...
2026-10-08T16:30:27.9683558Z # Subtest: object property ordering preserves identity while changed course content refuses the pair
2026-10-08T16:30:27.9684291Z ok 316 - object property ordering preserves identity while changed course content refuses the pair
2026-10-08T16:30:27.9684729Z   ---
2026-10-08T16:30:27.9684920Z   duration_ms: 5.340894
2026-10-08T16:30:27.9685126Z   ...
2026-10-08T16:30:27.9685603Z # Subtest: incomplete, malformed, changed-model and altered-estimate inputs keep the native refusals
2026-10-08T16:30:27.9686319Z ok 317 - incomplete, malformed, changed-model and altered-estimate inputs keep the native refusals
2026-10-08T16:30:27.9686754Z   ---
2026-10-08T16:30:27.9686943Z   duration_ms: 6.10517
2026-10-08T16:30:27.9687151Z   ...
2026-10-08T16:30:27.9687595Z # Subtest: inspection validates bounded deck content before using an archived deck as context
2026-10-08T16:30:27.9688266Z ok 318 - inspection validates bounded deck content before using an archived deck as context
2026-10-08T16:30:27.9688671Z   ---
2026-10-08T16:30:27.9688862Z   duration_ms: 6.726574
2026-10-08T16:30:27.9689070Z   ...
2026-10-08T16:30:27.9689537Z # Subtest: literal course content and prototype-looking IDs survive without mutable returned records
2026-10-08T16:30:27.9690430Z ok 319 - literal course content and prototype-looking IDs survive without mutable returned records
2026-10-08T16:30:27.9690856Z   ---
2026-10-08T16:30:27.9691045Z   duration_ms: 1.416146
2026-10-08T16:30:27.9691256Z   ...
2026-10-08T16:30:27.9691789Z # Subtest: independent concurrent file reads only publish their current pair
2026-10-08T16:30:27.9692364Z ok 320 - independent concurrent file reads only publish their current pair
2026-10-08T16:30:27.9692730Z   ---
2026-10-08T16:30:27.9692923Z   duration_ms: 2.689921
2026-10-08T16:30:27.9693136Z   ...
2026-10-08T16:30:27.9693610Z # Subtest: a replacement retires the old pair immediately and a superseded read cannot overwrite it
2026-10-08T16:30:27.9694312Z ok 321 - a replacement retires the old pair immediately and a superseded read cannot overwrite it
2026-10-08T16:30:27.9694730Z   ---
2026-10-08T16:30:27.9694916Z   duration_ms: 6.557354
2026-10-08T16:30:27.9695119Z   ...
2026-10-08T16:30:27.9695568Z # Subtest: clearing a pending file or receiving its late failure cannot restore comparison state
2026-10-08T16:30:27.9696392Z ok 322 - clearing a pending file or receiving its late failure cannot restore comparison state
2026-10-08T16:30:27.9696811Z   ---
2026-10-08T16:30:27.9696996Z   duration_ms: 1.248758
2026-10-08T16:30:27.9697210Z   ...
2026-10-08T16:30:27.9697674Z # Subtest: rejected or incompatible replacements clear paired output and permit ordinary recovery
2026-10-08T16:30:27.9698377Z ok 323 - rejected or incompatible replacements clear paired output and permit ordinary recovery
2026-10-08T16:30:27.9698809Z   ---
2026-10-08T16:30:27.9698997Z   duration_ms: 3.313078
2026-10-08T16:30:27.9699210Z   ...
2026-10-08T16:30:27.9699686Z # Subtest: file admission refuses oversized metadata before reading and rejects malformed UTF-8 bytes
2026-10-08T16:30:27.9700406Z ok 324 - file admission refuses oversized metadata before reading and rejects malformed UTF-8 bytes
2026-10-08T16:30:27.9700843Z   ---
2026-10-08T16:30:27.9701029Z   duration_ms: 0.971365
2026-10-08T16:30:27.9701248Z   ...
2026-10-08T16:30:27.9701841Z # Subtest: cancelled selection preserves accepted files and the immutable paired snapshot
2026-10-08T16:30:27.9702507Z ok 325 - cancelled selection preserves accepted files and the immutable paired snapshot
2026-10-08T16:30:27.9702909Z   ---
2026-10-08T16:30:27.9703105Z   duration_ms: 1.597336
2026-10-08T16:30:27.9703321Z   ...
2026-10-08T16:30:27.9703783Z # Subtest: the checked-in offline explorer contains the current source and exact admitted lesson
2026-10-08T16:30:27.9704473Z ok 326 - the checked-in offline explorer contains the current source and exact admitted lesson
2026-10-08T16:30:27.9704907Z   ---
2026-10-08T16:30:27.9705097Z   duration_ms: 5.723743
2026-10-08T16:30:27.9705314Z   ...
2026-10-08T16:30:27.9705724Z # Subtest: linear conversions keep the quantity while changing the numerical value
2026-10-08T16:30:27.9706320Z ok 327 - linear conversions keep the quantity while changing the numerical value
2026-10-08T16:30:27.9706704Z   ---
2026-10-08T16:30:27.9706893Z   duration_ms: 5.685627
2026-10-08T16:30:27.9707101Z   ...
2026-10-08T16:30:27.9707390Z # Subtest: a prefix scales every powered dimension
2026-10-08T16:30:27.9707769Z ok 328 - a prefix scales every powered dimension
2026-10-08T16:30:27.9708061Z   ---
2026-10-08T16:30:27.9708257Z   duration_ms: 1.447783
2026-10-08T16:30:27.9708469Z   ...
2026-10-08T16:30:27.9708867Z # Subtest: both numerator and denominator scales participate in rates and density
2026-10-08T16:30:27.9709458Z ok 329 - both numerator and denominator scales participate in rates and density
2026-10-08T16:30:27.9709835Z   ---
2026-10-08T16:30:27.9710024Z   duration_ms: 1.053477
2026-10-08T16:30:27.9710235Z   ...
2026-10-08T16:30:27.9710558Z # Subtest: derived units reduce to their stated m/kg/s powers
2026-10-08T16:30:27.9711008Z ok 330 - derived units reduce to their stated m/kg/s powers
2026-10-08T16:30:27.9711318Z   ---
2026-10-08T16:30:27.9711630Z   duration_ms: 2.228961
2026-10-08T16:30:27.9711848Z   ...
2026-10-08T16:30:27.9712411Z # Subtest: cancellation retains scale even when the resulting dimension is one
2026-10-08T16:30:27.9712984Z ok 331 - cancellation retains scale even when the resulting dimension is one
2026-10-08T16:30:27.9713402Z   ---
2026-10-08T16:30:27.9713693Z   duration_ms: 0.596567
2026-10-08T16:30:27.9714015Z   ...
2026-10-08T16:30:27.9714667Z # Subtest: division is left-associative and parentheses change denominator grouping
2026-10-08T16:30:27.9715741Z ok 332 - division is left-associative and parentheses change denominator grouping
2026-10-08T16:30:27.9716307Z   ---
2026-10-08T16:30:27.9716590Z   duration_ms: 0.449799
2026-10-08T16:30:27.9716924Z   ...
2026-10-08T16:30:27.9717571Z # Subtest: Unicode conveniences are explicit and whitespace is not multiplication
2026-10-08T16:30:27.9718537Z ok 333 - Unicode conveniences are explicit and whitespace is not multiplication
2026-10-08T16:30:27.9719168Z   ---
2026-10-08T16:30:27.9719444Z   duration_ms: 1.24341
2026-10-08T16:30:27.9719794Z   ...
2026-10-08T16:30:27.9720636Z # Subtest: zero does not make incompatible dimensions convertible
2026-10-08T16:30:27.9721670Z ok 334 - zero does not make incompatible dimensions convertible
2026-10-08T16:30:27.9722218Z   ---
2026-10-08T16:30:27.9722535Z   duration_ms: 0.620342
2026-10-08T16:30:27.9722889Z   ...
2026-10-08T16:30:27.9723544Z # Subtest: repeating ratios remain exact and displayed rounding is explicit
2026-10-08T16:30:27.9724495Z ok 335 - repeating ratios remain exact and displayed rounding is explicit
2026-10-08T16:30:27.9725097Z   ---
2026-10-08T16:30:27.9725413Z   duration_ms: 0.604479
2026-10-08T16:30:27.9725763Z   ...
2026-10-08T16:30:27.9726575Z # Subtest: large entered integers and small decimal distinctions survive without Number conversion
2026-10-08T16:30:27.9727819Z ok 336 - large entered integers and small decimal distinctions survive without Number conversion
2026-10-08T16:30:27.9728600Z   ---
2026-10-08T16:30:27.9728957Z   duration_ms: 0.535076
2026-10-08T16:30:27.9729311Z   ...
2026-10-08T16:30:27.9729971Z # Subtest: quantity parsing requires complete bounded decimal text
2026-10-08T16:30:27.9730804Z ok 337 - quantity parsing requires complete bounded decimal text
2026-10-08T16:30:27.9731344Z   ---
2026-10-08T16:30:27.9731813Z   duration_ms: 0.318123
2026-10-08T16:30:27.9732183Z   ...
2026-10-08T16:30:27.9732969Z # Subtest: the unit grammar rejects incomplete, excessive and unsupported expressions
2026-10-08T16:30:27.9734127Z ok 338 - the unit grammar rejects incomplete, excessive and unsupported expressions
2026-10-08T16:30:27.9734824Z   ---
2026-10-08T16:30:27.9735167Z   duration_ms: 0.681514
2026-10-08T16:30:27.9735551Z   ...
2026-10-08T16:30:27.9736226Z # Subtest: returned records are immutable JSON with exact rational strings
2026-10-08T16:30:27.9737203Z ok 339 - returned records are immutable JSON with exact rational strings
2026-10-08T16:30:27.9737862Z   ---
2026-10-08T16:30:27.9754600Z   duration_ms: 0.623027
2026-10-08T16:30:27.9754862Z   ...
2026-10-08T16:30:27.9755378Z # Subtest: normalized expressions retain every grouping and remain valid within the input bound
2026-10-08T16:30:27.9756135Z ok 340 - normalized expressions retain every grouping and remain valid within the input bound
2026-10-08T16:30:27.9756586Z   ---
2026-10-08T16:30:27.9756792Z   duration_ms: 1.538127
2026-10-08T16:30:27.9757018Z   ...
2026-10-08T16:30:27.9757478Z # Subtest: the downloadable course is the exact admitted course, without external dependencies
2026-10-08T16:30:27.9758192Z ok 341 - the downloadable course is the exact admitted course, without external dependencies
2026-10-08T16:30:27.9758610Z   ---
2026-10-08T16:30:27.9758805Z   duration_ms: 2.567408
2026-10-08T16:30:27.9759020Z   ...
2026-10-08T16:30:27.9759494Z # Subtest: rebuilding the embedded course preserves already current standalone bytes
2026-10-08T16:30:27.9760119Z ok 342 - rebuilding the embedded course preserves already current standalone bytes
2026-10-08T16:30:27.9760516Z   ---
2026-10-08T16:30:27.9760717Z   duration_ms: 54.418981
2026-10-08T16:30:27.9761203Z   ...
2026-10-08T16:30:27.9761905Z # Subtest: the course example retains a component and reconstructs the exact original
2026-10-08T16:30:27.9762551Z ok 343 - the course example retains a component and reconstructs the exact original
2026-10-08T16:30:27.9762940Z   ---
2026-10-08T16:30:27.9763137Z   duration_ms: 1.229529
2026-10-08T16:30:27.9763351Z   ...
2026-10-08T16:30:27.9763768Z # Subtest: the geometric line is unchanged by a positive or negative direction rescaling
2026-10-08T16:30:27.9764394Z ok 344 - the geometric line is unchanged by a positive or negative direction rescaling
2026-10-08T16:30:27.9764792Z   ---
2026-10-08T16:30:27.9764981Z   duration_ms: 0.562657
2026-10-08T16:30:27.9765187Z   ...
2026-10-08T16:30:27.9765615Z # Subtest: perpendicular, parallel, axis-aligned and zero-original cases remain defined
2026-10-08T16:30:27.9766248Z ok 345 - perpendicular, parallel, axis-aligned and zero-original cases remain defined
2026-10-08T16:30:27.9766678Z   ---
2026-10-08T16:30:27.9766881Z   duration_ms: 0.603958
2026-10-08T16:30:27.9767086Z   ...
2026-10-08T16:30:27.9767643Z # Subtest: malformed, missing, out-of-domain and zero direction values are refused
2026-10-08T16:30:27.9768239Z ok 346 - malformed, missing, out-of-domain and zero direction values are refused
2026-10-08T16:30:27.9768612Z   ---
2026-10-08T16:30:27.9768794Z   duration_ms: 2.706065
2026-10-08T16:30:27.9769002Z   ...
2026-10-08T16:30:27.9769347Z # Subtest: calculation does not mutate or alias its input coordinates
2026-10-08T16:30:27.9769847Z ok 347 - calculation does not mutate or alias its input coordinates
2026-10-08T16:30:27.9770173Z   ---
2026-10-08T16:30:27.9770355Z   duration_ms: 0.360466
2026-10-08T16:30:27.9770556Z   ...
2026-10-08T16:30:27.9771062Z # Subtest: 2,000 independently checked geometries satisfy the projection characterization and plot bounds
2026-10-08T16:30:27.9772074Z ok 348 - 2,000 independently checked geometries satisfy the projection characterization and plot bounds
2026-10-08T16:30:27.9772816Z   ---
2026-10-08T16:30:27.9773113Z   duration_ms: 31.064274
2026-10-08T16:30:27.9773457Z   ...
2026-10-08T16:30:27.9774162Z # Subtest: course has twelve original items, two per concept, with a balanced canonical answer key
2026-10-08T16:30:27.9775203Z ok 349 - course has twelve original items, two per concept, with a balanced canonical answer key
2026-10-08T16:30:27.9775628Z   ---
2026-10-08T16:30:27.9775839Z   duration_ms: 2.689911
2026-10-08T16:30:27.9776062Z   ...
2026-10-08T16:30:27.9776499Z # Subtest: displacement subtracts the starting point, including its negative component
2026-10-08T16:30:27.9777142Z ok 350 - displacement subtracts the starting point, including its negative component
2026-10-08T16:30:27.9777536Z   ---
2026-10-08T16:30:27.9777730Z   duration_ms: 0.925808
2026-10-08T16:30:27.9777942Z   ...
2026-10-08T16:30:27.9778379Z # Subtest: sequential displacements combine componentwise and retain the same final point
2026-10-08T16:30:27.9779035Z ok 351 - sequential displacements combine componentwise and retain the same final point
2026-10-08T16:30:27.9779459Z   ---
2026-10-08T16:30:27.9779655Z   duration_ms: 0.395288
2026-10-08T16:30:27.9779864Z   ...
2026-10-08T16:30:27.9780275Z # Subtest: Euclidean length is the square root of the sum of squared components
2026-10-08T16:30:27.9780861Z ok 352 - Euclidean length is the square root of the sum of squared components
2026-10-08T16:30:27.9781226Z   ---
2026-10-08T16:30:27.9781432Z   duration_ms: 0.325935
2026-10-08T16:30:27.9781940Z   ...
2026-10-08T16:30:27.9782352Z # Subtest: the unit direction has length one and preserves the original orientation
2026-10-08T16:30:27.9782953Z ok 353 - the unit direction has length one and preserves the original orientation
2026-10-08T16:30:27.9783328Z   ---
2026-10-08T16:30:27.9783517Z   duration_ms: 1.047293
2026-10-08T16:30:27.9783736Z   ...
2026-10-08T16:30:27.9784092Z # Subtest: the two nonzero perpendicular vectors have zero dot product
2026-10-08T16:30:27.9784599Z ok 354 - the two nonzero perpendicular vectors have zero dot product
2026-10-08T16:30:27.9785133Z   ---
2026-10-08T16:30:27.9785331Z   duration_ms: 0.319766
2026-10-08T16:30:27.9785539Z   ...
2026-10-08T16:30:27.9785939Z # Subtest: a unit-axis component retains the sign of the projected displacement
2026-10-08T16:30:27.9786503Z ok 355 - a unit-axis component retains the sign of the projected displacement
2026-10-08T16:30:27.9786861Z   ---
2026-10-08T16:30:27.9787052Z   duration_ms: 0.331703
2026-10-08T16:30:27.9787262Z   ...
2026-10-08T16:30:27.9787710Z # Subtest: the projection lies on the nonunit direction line and leaves an orthogonal residual
2026-10-08T16:30:27.9788383Z ok 356 - the projection lies on the nonunit direction line and leaves an orthogonal residual
2026-10-08T16:30:27.9788798Z   ---
2026-10-08T16:30:27.9788991Z   duration_ms: 0.485101
2026-10-08T16:30:27.9789215Z   ...
2026-10-08T16:30:27.9789605Z # Subtest: the requested residual reconstructs b as well as being perpendicular
2026-10-08T16:30:27.9790169Z ok 357 - the requested residual reconstructs b as well as being perpendicular
2026-10-08T16:30:27.9790651Z   ---
2026-10-08T16:30:27.9790844Z   duration_ms: 0.492864
2026-10-08T16:30:27.9791046Z   ...
2026-10-08T16:30:27.9791440Z # Subtest: row dot products implement the stated column-vector matrix convention
2026-10-08T16:30:27.9792564Z ok 358 - row dot products implement the stated column-vector matrix convention
2026-10-08T16:30:27.9793150Z   ---
2026-10-08T16:30:27.9793359Z   duration_ms: 0.415528
2026-10-08T16:30:27.9793568Z   ...
2026-10-08T16:30:27.9793945Z # Subtest: basis images retain the coefficients of the input linear combination
2026-10-08T16:30:27.9794521Z ok 359 - basis images retain the coefficients of the input linear combination
2026-10-08T16:30:27.9794888Z   ---
2026-10-08T16:30:27.9795076Z   duration_ms: 0.303541
2026-10-08T16:30:27.9795282Z   ...
2026-10-08T16:30:27.9795662Z # Subtest: rotation before horizontal stretch differs from the reverse order
2026-10-08T16:30:27.9796216Z ok 360 - rotation before horizontal stretch differs from the reverse order
2026-10-08T16:30:27.9796589Z   ---
2026-10-08T16:30:27.9796776Z   duration_ms: 0.353656
2026-10-08T16:30:27.9796981Z   ...
2026-10-08T16:30:27.9797326Z # Subtest: the stated distinct inputs collide under the flattening map
2026-10-08T16:30:27.9797825Z ok 361 - the stated distinct inputs collide under the flattening map
2026-10-08T16:30:27.9798153Z   ---
2026-10-08T16:30:27.9798342Z   duration_ms: 0.333597
2026-10-08T16:30:27.9798545Z   ...
2026-10-08T16:30:27.9798734Z 1..361
2026-10-08T16:30:27.9798922Z # tests 376
2026-10-08T16:30:27.9799113Z # suites 0
2026-10-08T16:30:27.9799310Z # pass 376
2026-10-08T16:30:27.9799503Z # fail 0
2026-10-08T16:30:27.9799698Z # cancelled 0
2026-10-08T16:30:27.9799898Z # skipped 0
2026-10-08T16:30:27.9800084Z # todo 0
2026-10-08T16:30:27.9800329Z # duration_ms 2547.348357
2026-10-08T16:30:27.9837791Z ##[group]Run cp demo.html /tmp/demo-before.html
2026-10-08T16:30:27.9838187Z [36;1mcp demo.html /tmp/demo-before.html[0m
2026-10-08T16:30:27.9838514Z [36;1mpython3 tools/make_demo.py[0m
2026-10-08T16:30:27.9839111Z [36;1mcmp /tmp/demo-before.html demo.html || { echo "demo.html is stale: run 'python3 tools/make_demo.py' and commit the result"; exit 1; }[0m
2026-10-08T16:30:27.9910635Z shell: /usr/bin/bash -e {0}
2026-10-08T16:30:27.9910904Z ##[endgroup]
2026-10-08T16:30:28.0272435Z Built /home/runner/work/RecallWeave/RecallWeave/demo.html (97565 bytes)
2026-10-08T16:30:28.0433161Z Post job cleanup.
2026-10-08T16:30:28.1664742Z (node:3050) [DEP0040] DeprecationWarning: The `punycode` module is deprecated. Please use a userland alternative instead.
2026-10-08T16:30:28.1665635Z (Use `node --trace-deprecation ...` to show where the warning was created)
2026-10-08T16:30:28.1917134Z Post job cleanup.
2026-10-08T16:30:28.2840594Z [command]/usr/bin/git version
2026-10-08T16:30:28.2883243Z git version 2.55.0
2026-10-08T16:30:28.2921773Z Temporarily overriding HOME='/home/runner/work/_temp/1ed4c325-d1ab-45fc-ac84-50d9c6697c28' before making global git config changes
2026-10-08T16:30:28.2923667Z Adding repository directory to the temporary git global config as a safe directory
2026-10-08T16:30:28.2927229Z [command]/usr/bin/git config --global --add safe.directory /home/runner/work/RecallWeave/RecallWeave
2026-10-08T16:30:28.2973558Z [command]/usr/bin/git config --local --name-only --get-regexp core\.sshCommand
2026-10-08T16:30:28.3012106Z [command]/usr/bin/git submodule foreach --recursive sh -c "git config --local --name-only --get-regexp 'core\.sshCommand' && git config --local --unset-all 'core.sshCommand' || :"
2026-10-08T16:30:28.3281920Z [command]/usr/bin/git config --local --name-only --get-regexp http\.https\:\/\/github\.com\/\.extraheader
2026-10-08T16:30:28.3313251Z http.https://github.com/.extraheader
2026-10-08T16:30:28.3325074Z [command]/usr/bin/git config --local --unset-all http.https://github.com/.extraheader
2026-10-08T16:30:28.3365303Z [command]/usr/bin/git submodule foreach --recursive sh -c "git config --local --name-only --get-regexp 'http\.https\:\/\/github\.com\/\.extraheader' && git config --local --unset-all 'http.https://github.com/.extraheader' || :"
2026-10-08T16:30:28.3644118Z [command]/usr/bin/git config --local --name-only --get-regexp ^includeIf\.gitdir:
2026-10-08T16:30:28.3689300Z [command]/usr/bin/git submodule foreach --recursive git config --local --show-origin --name-only --get-regexp remote.origin.url
2026-10-08T16:30:28.4166261Z Cleaning up orphan processes
2026-10-08T16:30:28.4459858Z ##[warning]Node.js 20 is deprecated. The following actions target Node.js 20 but are being forced to run on Node.js 24: actions/checkout@11d5960a326750d5838078e36cf38b85af677262, actions/setup-node@49933ea5288caeca8642d1e84afbd3f7d6820020. For more information see: https://github.blog/changelog/2025-09-19-deprecation-of-node-20-on-github-actions-runners/
