2026-10-08T20:01:57.2226231Z Current runner version: '2.337.0'
2026-10-08T20:01:57.2253942Z ##[group]Runner Image Provisioner
2026-10-08T20:01:57.2255025Z Hosted Compute Agent
2026-10-08T20:01:57.2255781Z Version: 20261002.596
2026-10-08T20:01:57.2256549Z Commit: c3d12f3313a95f25162a1503be624f3b0617f8c0
2026-10-08T20:01:57.2257572Z Build Date: 2026-10-02T22:28:27Z
2026-10-08T20:01:57.2258417Z Worker ID: {7c5bda10-fcb0-45b2-a211-13db61eeb24d}
2026-10-08T20:01:57.2259486Z Region: northcentralus
2026-10-08T20:01:57.2260343Z Cloud: Azure
2026-10-08T20:01:57.2261059Z ##[endgroup]
2026-10-08T20:01:57.2262900Z ##[group]Operating System
2026-10-08T20:01:57.2263680Z Ubuntu
2026-10-08T20:01:57.2264305Z 24.04.5
2026-10-08T20:01:57.2265067Z LTS
2026-10-08T20:01:57.2265687Z ##[endgroup]
2026-10-08T20:01:57.2266397Z ##[group]Runner Image
2026-10-08T20:01:57.2267175Z Image: ubuntu-24.04
2026-10-08T20:01:57.2267852Z Version: 20261004.327.1
2026-10-08T20:01:57.2269702Z Included Software: https://github.com/actions/runner-images/blob/ubuntu24/20261004.327/images/ubuntu/Ubuntu2404-Readme.md
2026-10-08T20:01:57.2271767Z Image Release: https://github.com/actions/runner-images/releases/tag/ubuntu24%2F20261004.327
2026-10-08T20:01:57.2273022Z ##[endgroup]
2026-10-08T20:01:57.2274445Z ##[group]GITHUB_TOKEN Permissions
2026-10-08T20:01:57.2276501Z Contents: read
2026-10-08T20:01:57.2277236Z Metadata: read
2026-10-08T20:01:57.2278100Z ##[endgroup]
2026-10-08T20:01:57.2280802Z Secret source: Actions
2026-10-08T20:01:57.2282008Z Cache mode: write
2026-10-08T20:01:57.2282856Z Prepare workflow directory
2026-10-08T20:01:57.3598381Z Prepare all required actions
2026-10-08T20:01:57.3636881Z Getting action download info
2026-10-08T20:01:57.5434998Z Download action repository 'actions/checkout@11d5960a326750d5838078e36cf38b85af677262' (SHA:11d5960a326750d5838078e36cf38b85af677262)
2026-10-08T20:01:57.9380606Z Download action repository 'actions/setup-node@49933ea5288caeca8642d1e84afbd3f7d6820020' (SHA:49933ea5288caeca8642d1e84afbd3f7d6820020)
2026-10-08T20:01:58.3167842Z Complete job name: node-test
2026-10-08T20:01:58.4185212Z ##[group]Run actions/checkout@11d5960a326750d5838078e36cf38b85af677262
2026-10-08T20:01:58.4186110Z with:
2026-10-08T20:01:58.4186520Z   repository: Jacob-Met/RecallWeave
2026-10-08T20:01:58.4190044Z   token: ***
2026-10-08T20:01:58.4190437Z   ssh-strict: true
2026-10-08T20:01:58.4190847Z   ssh-user: git
2026-10-08T20:01:58.4191244Z   persist-credentials: true
2026-10-08T20:01:58.4191681Z   clean: true
2026-10-08T20:01:58.4192075Z   sparse-checkout-cone-mode: true
2026-10-08T20:01:58.4192530Z   fetch-depth: 1
2026-10-08T20:01:58.4192907Z   fetch-tags: false
2026-10-08T20:01:58.4193307Z   show-progress: true
2026-10-08T20:01:58.4193709Z   lfs: false
2026-10-08T20:01:58.4194086Z   submodules: false
2026-10-08T20:01:58.4194490Z   set-safe-directory: true
2026-10-08T20:01:58.4194925Z   allow-unsafe-pr-checkout: false
2026-10-08T20:01:58.4195544Z ##[endgroup]
2026-10-08T20:01:58.5004091Z Syncing repository: Jacob-Met/RecallWeave
2026-10-08T20:01:58.5005726Z ##[group]Getting Git version info
2026-10-08T20:01:58.5006421Z Working directory is '/home/runner/work/RecallWeave/RecallWeave'
2026-10-08T20:01:58.5007434Z [command]/usr/bin/git version
2026-10-08T20:01:58.5063958Z git version 2.55.0
2026-10-08T20:01:58.5080916Z ##[endgroup]
2026-10-08T20:01:58.5095482Z Temporarily overriding HOME='/home/runner/work/_temp/755a6f22-8c0c-4a7f-b564-03a5a3dbe57c' before making global git config changes
2026-10-08T20:01:58.5097075Z Adding repository directory to the temporary git global config as a safe directory
2026-10-08T20:01:58.5098480Z [command]/usr/bin/git config --global --add safe.directory /home/runner/work/RecallWeave/RecallWeave
2026-10-08T20:01:58.5303027Z Deleting the contents of '/home/runner/work/RecallWeave/RecallWeave'
2026-10-08T20:01:58.5306438Z ##[group]Initializing the repository
2026-10-08T20:01:58.5311727Z [command]/usr/bin/git init /home/runner/work/RecallWeave/RecallWeave
2026-10-08T20:01:58.6083650Z hint: Using 'master' as the name for the initial branch. This default branch name
2026-10-08T20:01:58.6085429Z hint: will change to "main" in Git 3.0. To configure the initial branch name
2026-10-08T20:01:58.6086980Z hint: to use in all of your new repositories, which will suppress this warning,
2026-10-08T20:01:58.6087857Z hint: call:
2026-10-08T20:01:58.6088704Z hint:
2026-10-08T20:01:58.6089688Z hint: 	git config --global init.defaultBranch <name>
2026-10-08T20:01:58.6090585Z hint:
2026-10-08T20:01:58.6091427Z hint: Names commonly chosen instead of 'master' are 'main', 'trunk' and
2026-10-08T20:01:58.6092744Z hint: 'development'. The just-created branch can be renamed via this command:
2026-10-08T20:01:58.6093937Z hint:
2026-10-08T20:01:58.6094564Z hint: 	git branch -m <name>
2026-10-08T20:01:58.6095242Z hint:
2026-10-08T20:01:58.6096166Z hint: Disable this message with "git config set advice.defaultBranchName false"
2026-10-08T20:01:58.6097657Z Initialized empty Git repository in /home/runner/work/RecallWeave/RecallWeave/.git/
2026-10-08T20:01:58.6100404Z [command]/usr/bin/git remote add origin https://github.com/Jacob-Met/RecallWeave
2026-10-08T20:01:58.6175103Z ##[endgroup]
2026-10-08T20:01:58.6176373Z ##[group]Disabling automatic garbage collection
2026-10-08T20:01:58.6178081Z [command]/usr/bin/git config --local gc.auto 0
2026-10-08T20:01:58.6267153Z ##[endgroup]
2026-10-08T20:01:58.6268220Z ##[group]Setting up auth
2026-10-08T20:01:58.6273253Z [command]/usr/bin/git config --local --name-only --get-regexp core\.sshCommand
2026-10-08T20:01:58.6303590Z [command]/usr/bin/git submodule foreach --recursive sh -c "git config --local --name-only --get-regexp 'core\.sshCommand' && git config --local --unset-all 'core.sshCommand' || :"
2026-10-08T20:01:58.6646067Z [command]/usr/bin/git config --local --name-only --get-regexp http\.https\:\/\/github\.com\/\.extraheader
2026-10-08T20:01:58.6677878Z [command]/usr/bin/git submodule foreach --recursive sh -c "git config --local --name-only --get-regexp 'http\.https\:\/\/github\.com\/\.extraheader' && git config --local --unset-all 'http.https://github.com/.extraheader' || :"
2026-10-08T20:01:58.6865308Z [command]/usr/bin/git config --local --name-only --get-regexp ^includeIf\.gitdir:
2026-10-08T20:01:58.6894814Z [command]/usr/bin/git submodule foreach --recursive git config --local --show-origin --name-only --get-regexp remote.origin.url
2026-10-08T20:01:58.7081240Z [command]/usr/bin/git config --local http.https://github.com/.extraheader AUTHORIZATION: basic ***
2026-10-08T20:01:58.7858250Z ##[endgroup]
2026-10-08T20:01:58.7859690Z ##[group]Fetching the repository
2026-10-08T20:01:58.7868651Z [command]/usr/bin/git -c protocol.version=2 fetch --no-tags --prune --no-recurse-submodules --depth=1 origin +13f396498c1dc246eda657bf24bc05ec441f44cf:refs/remotes/pull/152/merge
2026-10-08T20:02:02.0391453Z From https://github.com/Jacob-Met/RecallWeave
2026-10-08T20:02:02.0392028Z  * [new ref]         13f396498c1dc246eda657bf24bc05ec441f44cf -> pull/152/merge
2026-10-08T20:02:02.0395093Z ##[endgroup]
2026-10-08T20:02:02.0395767Z ##[group]Determining the checkout info
2026-10-08T20:02:02.0397341Z ##[endgroup]
2026-10-08T20:02:02.0402198Z [command]/usr/bin/git sparse-checkout disable
2026-10-08T20:02:02.0445807Z [command]/usr/bin/git config --local --unset-all extensions.worktreeConfig
2026-10-08T20:02:02.0477709Z ##[group]Checking out the ref
2026-10-08T20:02:02.0480610Z [command]/usr/bin/git checkout --progress --force refs/remotes/pull/152/merge
2026-10-08T20:02:02.3625878Z Note: switching to 'refs/remotes/pull/152/merge'.
2026-10-08T20:02:02.3626178Z 
2026-10-08T20:02:02.3626399Z You are in 'detached HEAD' state. You can look around, make experimental
2026-10-08T20:02:02.3626838Z changes and commit them, and you can discard any commits you make in this
2026-10-08T20:02:02.3627237Z state without impacting any branches by switching back to a branch.
2026-10-08T20:02:02.3627473Z 
2026-10-08T20:02:02.3627669Z If you want to create a new branch to retain commits you create, you may
2026-10-08T20:02:02.3628101Z do so (now or later) by using -c with the switch command. Example:
2026-10-08T20:02:02.3628637Z 
2026-10-08T20:02:02.3628729Z   git switch -c <new-branch-name>
2026-10-08T20:02:02.3628878Z 
2026-10-08T20:02:02.3628971Z Or undo this operation with:
2026-10-08T20:02:02.3629109Z 
2026-10-08T20:02:02.3629183Z   git switch -
2026-10-08T20:02:02.3629517Z 
2026-10-08T20:02:02.3629769Z Turn off this advice by setting config variable advice.detachedHead to false
2026-10-08T20:02:02.3630014Z 
2026-10-08T20:02:02.3630286Z HEAD is now at 13f3964 Merge 0cdd3403ab02fc2b438bd4d188ed4a23040f90b2 into 992080948d3464d52270001308b0e2e3e257c962
2026-10-08T20:02:02.3653081Z ##[endgroup]
2026-10-08T20:02:02.3692405Z [command]/usr/bin/git log -1 --format=%H
2026-10-08T20:02:02.3714409Z 13f396498c1dc246eda657bf24bc05ec441f44cf
2026-10-08T20:02:02.3937859Z ##[group]Run actions/setup-node@49933ea5288caeca8642d1e84afbd3f7d6820020
2026-10-08T20:02:02.3938187Z with:
2026-10-08T20:02:02.3938370Z   node-version: 20
2026-10-08T20:02:02.3938550Z   always-auth: false
2026-10-08T20:02:02.3938751Z   check-latest: false
2026-10-08T20:02:02.3941001Z   token: ***
2026-10-08T20:02:02.3941177Z ##[endgroup]
2026-10-08T20:02:02.5100413Z Attempting to download 20...
2026-10-08T20:02:02.5184637Z (node:2067) [DEP0040] DeprecationWarning: The `punycode` module is deprecated. Please use a userland alternative instead.
2026-10-08T20:02:02.5185705Z (Use `node --trace-deprecation ...` to show where the warning was created)
2026-10-08T20:02:03.4150548Z Acquiring 20.20.2 - x64 from https://github.com/actions/node-versions/releases/download/20.20.2-23521894959/node-20.20.2-linux-x64.tar.gz
2026-10-08T20:02:04.2130750Z Extracting ...
2026-10-08T20:02:04.2239105Z [command]/usr/bin/tar xz --strip 1 --warning=no-unknown-keyword --overwrite -C /home/runner/work/_temp/4d25cd3a-d7f1-40b1-a70c-eb71dea36544 -f /home/runner/work/_temp/fcab76d2-40da-431a-b72d-6f050f513156
2026-10-08T20:02:05.0732500Z Adding to the cache ...
2026-10-08T20:02:06.7822668Z ##[group]Environment details
2026-10-08T20:02:06.9549885Z node: v20.20.2
2026-10-08T20:02:06.9550243Z npm: 10.8.2
2026-10-08T20:02:06.9550472Z yarn: 1.22.22
2026-10-08T20:02:06.9551014Z ##[endgroup]
2026-10-08T20:02:06.9698234Z ##[group]Run node --test tests/*.test.mjs
2026-10-08T20:02:06.9698551Z [36;1mnode --test tests/*.test.mjs[0m
2026-10-08T20:02:06.9917857Z shell: /usr/bin/bash -e {0}
2026-10-08T20:02:06.9918101Z ##[endgroup]
2026-10-08T20:02:07.0396370Z TAP version 13
2026-10-08T20:02:07.0861036Z # Subtest: display orders retain every canonical option exactly once and are immutable
2026-10-08T20:02:07.0878064Z ok 1 - display orders retain every canonical option exactly once and are immutable
2026-10-08T20:02:07.0879007Z   ---
2026-10-08T20:02:07.0879724Z   duration_ms: 11.288395
2026-10-08T20:02:07.0880246Z   ...
2026-10-08T20:02:07.0881187Z # Subtest: a stable source replays an order and changed input can put the answer in every display position
2026-10-08T20:02:07.0882473Z ok 2 - a stable source replays an order and changed input can put the answer in every display position
2026-10-08T20:02:07.0883306Z   ---
2026-10-08T20:02:07.0883763Z   duration_ms: 0.751629
2026-10-08T20:02:07.0884313Z   ...
2026-10-08T20:02:07.0885212Z # Subtest: invalid counts or random values cannot produce duplicate, missing, or unaddressable choices
2026-10-08T20:02:07.0886436Z ok 3 - invalid counts or random values cannot produce duplicate, missing, or unaddressable choices
2026-10-08T20:02:07.0887234Z   ---
2026-10-08T20:02:07.0887667Z   duration_ms: 0.30901
2026-10-08T20:02:07.0888132Z   ...
2026-10-08T20:02:07.0893919Z # Subtest: varied displayed choices keep review, corrected practice and study notes tied to their original text
2026-10-08T20:02:07.0895276Z ok 4 - varied displayed choices keep review, corrected practice and study notes tied to their original text
2026-10-08T20:02:07.0896198Z   ---
2026-10-08T20:02:07.0896680Z   duration_ms: 6.387603
2026-10-08T20:02:07.0897114Z   ...
2026-10-08T20:02:07.1030577Z # Subtest: the direct-file author page is generated from all current author modules
2026-10-08T20:02:07.1032252Z ok 5 - the direct-file author page is generated from all current author modules
2026-10-08T20:02:07.1037883Z   ---
2026-10-08T20:02:07.1047557Z   duration_ms: 33.985705
2026-10-08T20:02:07.1047980Z   ...
2026-10-08T20:02:07.1120315Z # Subtest: the binary-search course round-trips through the published deck contract
2026-10-08T20:02:07.1130098Z ok 6 - the binary-search course round-trips through the published deck contract
2026-10-08T20:02:07.1131061Z   ---
2026-10-08T20:02:07.1131588Z   duration_ms: 3.17891
2026-10-08T20:02:07.1132020Z   ...
2026-10-08T20:02:07.1132854Z # Subtest: worked first-occurrence and absent examples agree with an independent linear partition
2026-10-08T20:02:07.1134079Z ok 7 - worked first-occurrence and absent examples agree with an independent linear partition
2026-10-08T20:02:07.1134874Z   ---
2026-10-08T20:02:07.1135305Z   duration_ms: 0.252776
2026-10-08T20:02:07.1135783Z   ...
2026-10-08T20:02:07.1137248Z # Subtest: midpoint and branch answers use the course’s half-open interval convention
2026-10-08T20:02:07.1138500Z ok 8 - midpoint and branch answers use the course’s half-open interval convention
2026-10-08T20:02:07.1139605Z   ---
2026-10-08T20:02:07.1140179Z   duration_ms: 0.269791
2026-10-08T20:02:07.1140706Z   ...
2026-10-08T20:02:07.1141549Z # Subtest: the worked trace and worst-case count follow strictly shrinking intervals
2026-10-08T20:02:07.1142768Z ok 9 - the worked trace and worst-case count follow strictly shrinking intervals
2026-10-08T20:02:07.1143581Z   ---
2026-10-08T20:02:07.1144153Z   duration_ms: 11.196248
2026-10-08T20:02:07.1144629Z   ...
2026-10-08T20:02:07.1145380Z # Subtest: the actual adaptive learner visits every new question and preserves worked feedback
2026-10-08T20:02:07.1146443Z ok 10 - the actual adaptive learner visits every new question and preserves worked feedback
2026-10-08T20:02:07.1148447Z   ---
2026-10-08T20:02:07.1148914Z   duration_ms: 14.462864
2026-10-08T20:02:07.1149557Z   ...
2026-10-08T20:02:07.1520792Z # Subtest: duplicate equality classifies a suffix while retaining the first possible boundary
2026-10-08T20:02:07.1550589Z ok 11 - duplicate equality classifies a suffix while retaining the first possible boundary
2026-10-08T20:02:07.1579832Z   ---
2026-10-08T20:02:07.1589867Z   duration_ms: 1.877794
2026-10-08T20:02:07.1590359Z   ...
2026-10-08T20:02:07.1591205Z # Subtest: empty, before-first and after-end results remain boundaries rather than invented elements
2026-10-08T20:02:07.1592370Z ok 12 - empty, before-first and after-end results remain boundaries rather than invented elements
2026-10-08T20:02:07.1593081Z   ---
2026-10-08T20:02:07.1593453Z   duration_ms: 0.280708
2026-10-08T20:02:07.1593870Z   ...
2026-10-08T20:02:07.1595044Z # Subtest: the guide’s two equal-length paths retain their different ordering-comparison counts
2026-10-08T20:02:07.1596390Z ok 13 - the guide’s two equal-length paths retain their different ordering-comparison counts
2026-10-08T20:02:07.1597109Z   ---
2026-10-08T20:02:07.1597513Z   duration_ms: 0.360807
2026-10-08T20:02:07.1597926Z   ...
2026-10-08T20:02:07.1598718Z # Subtest: a complete 32-value trace is detached and immutable without changing the caller
2026-10-08T20:02:07.1599869Z ok 14 - a complete 32-value trace is detached and immutable without changing the caller
2026-10-08T20:02:07.1600535Z   ---
2026-10-08T20:02:07.1600942Z   duration_ms: 1.264822
2026-10-08T20:02:07.1601346Z   ...
2026-10-08T20:02:07.1602139Z # Subtest: text admission preserves order, allows repeats and refuses an invalid current draft
2026-10-08T20:02:07.1603234Z ok 15 - text admission preserves order, allows repeats and refuses an invalid current draft
2026-10-08T20:02:07.1603959Z   ---
2026-10-08T20:02:07.1604333Z   duration_ms: 0.707623
2026-10-08T20:02:07.1604785Z   ...
2026-10-08T20:02:07.1605539Z # Subtest: every teaching preset is admitted and its complete record survives JSON transport
2026-10-08T20:02:07.1606608Z ok 16 - every teaching preset is admitted and its complete record survives JSON transport
2026-10-08T20:02:07.1607530Z   ---
2026-10-08T20:02:07.1607888Z   duration_ms: 0.75948
2026-10-08T20:02:07.1608301Z   ...
2026-10-08T20:02:07.1960606Z # Subtest: standalone build retains the original course and guide bytes exactly
2026-10-08T20:02:07.1961479Z ok 17 - standalone build retains the original course and guide bytes exactly
2026-10-08T20:02:07.1977932Z   ---
2026-10-08T20:02:07.1978388Z   duration_ms: 47.033563
2026-10-08T20:02:07.1978941Z   ...
2026-10-08T20:02:07.2025429Z # Subtest: the committed direct-file explorer exactly reproduces from its native modules and checked deck
2026-10-08T20:02:07.2060811Z ok 18 - the committed direct-file explorer exactly reproduces from its native modules and checked deck
2026-10-08T20:02:07.2064633Z   ---
2026-10-08T20:02:07.2065011Z   duration_ms: 6.325722
2026-10-08T20:02:07.2065394Z   ...
2026-10-08T20:02:07.2066028Z # Subtest: literal course content cannot close the embedded script and is retained byte-for-byte
2026-10-08T20:02:07.2067006Z ok 19 - literal course content cannot close the embedded script and is retained byte-for-byte
2026-10-08T20:02:07.2067556Z   ---
2026-10-08T20:02:07.2067823Z   duration_ms: 1.537237
2026-10-08T20:02:07.2068094Z   ...
2026-10-08T20:02:07.2068640Z # Subtest: builder refuses invalid decks and ambiguous template/source boundaries
2026-10-08T20:02:07.2069169Z ok 20 - builder refuses invalid decks and ambiguous template/source boundaries
2026-10-08T20:02:07.2069743Z   ---
2026-10-08T20:02:07.2070020Z   duration_ms: 2.250208
2026-10-08T20:02:07.2070284Z   ...
2026-10-08T20:02:07.2071001Z # Subtest: the original course is admitted by the unchanged deck validator with the fixed answer map
2026-10-08T20:02:07.2071998Z ok 21 - the original course is admitted by the unchanged deck validator with the fixed answer map
2026-10-08T20:02:07.2072550Z   ---
2026-10-08T20:02:07.2072792Z   duration_ms: 2.541441
2026-10-08T20:02:07.2073034Z   ...
2026-10-08T20:02:07.2073592Z # Subtest: independent finite assignments establish the nontrivial authored choice witnesses
2026-10-08T20:02:07.2074794Z ok 22 - independent finite assignments establish the nontrivial authored choice witnesses
2026-10-08T20:02:07.2075373Z   ---
2026-10-08T20:02:07.2075637Z   duration_ms: 0.835393
2026-10-08T20:02:07.2075935Z   ...
2026-10-08T20:02:07.2077084Z # Subtest: native selector → review → separate practice → archive/notes preserves the correct course trace
2026-10-08T20:02:07.2078417Z ok 23 - native selector → review → separate practice → archive/notes preserves the correct course trace
2026-10-08T20:02:07.2079083Z   ---
2026-10-08T20:02:07.2079747Z   duration_ms: 13.193065
2026-10-08T20:02:07.2080058Z   ...
2026-10-08T20:02:07.2080935Z # Subtest: native selector → review → separate practice → archive/notes preserves the missed course trace
2026-10-08T20:02:07.2082014Z ok 24 - native selector → review → separate practice → archive/notes preserves the missed course trace
2026-10-08T20:02:07.2082581Z   ---
2026-10-08T20:02:07.2082822Z   duration_ms: 2.482814
2026-10-08T20:02:07.2083104Z   ...
2026-10-08T20:02:07.2083889Z # Subtest: native selector → review → separate practice → archive/notes preserves the mixed course trace
2026-10-08T20:02:07.2084971Z ok 25 - native selector → review → separate practice → archive/notes preserves the mixed course trace
2026-10-08T20:02:07.2085536Z   ---
2026-10-08T20:02:07.2085775Z   duration_ms: 2.270678
2026-10-08T20:02:07.2086036Z   ...
2026-10-08T20:02:07.2321635Z # Subtest: all binary connectives match independently enumerated TT, TF, FT, FF columns
2026-10-08T20:02:07.2327310Z ok 26 - all binary connectives match independently enumerated TT, TF, FT, FF columns
2026-10-08T20:02:07.2328168Z   ---
2026-10-08T20:02:07.2328569Z   duration_ms: 4.142503
2026-10-08T20:02:07.2328964Z   ...
2026-10-08T20:02:07.2329847Z # Subtest: the union is alphabetical, complete and unique even with disjoint variables
2026-10-08T20:02:07.2330910Z ok 27 - the union is alphabetical, complete and unique even with disjoint variables
2026-10-08T20:02:07.2331963Z   ---
2026-10-08T20:02:07.2332313Z   duration_ms: 0.606603
2026-10-08T20:02:07.2332708Z   ...
2026-10-08T20:02:07.2350110Z # Subtest: precedence and grouping are explicit, and implication is right associative
2026-10-08T20:02:07.2360318Z ok 28 - precedence and grouping are explicit, and implication is right associative
2026-10-08T20:02:07.2390135Z   ---
2026-10-08T20:02:07.2410087Z   duration_ms: 0.609267
2026-10-08T20:02:07.2410679Z   ...
2026-10-08T20:02:07.2411464Z # Subtest: case, whitespace and parentheses preserve the same formal expression
2026-10-08T20:02:07.2412513Z ok 29 - case, whitespace and parentheses preserve the same formal expression
2026-10-08T20:02:07.2413199Z   ---
2026-10-08T20:02:07.2413634Z   duration_ms: 0.24213
2026-10-08T20:02:07.2414094Z   ...
2026-10-08T20:02:07.2415002Z # Subtest: equivalence is exhaustive; converse and incorrect De Morgan variants retain counterexamples
2026-10-08T20:02:07.2416259Z ok 30 - equivalence is exhaustive; converse and incorrect De Morgan variants retain counterexamples
2026-10-08T20:02:07.2417078Z   ---
2026-10-08T20:02:07.2417517Z   duration_ms: 0.670367
2026-10-08T20:02:07.2418006Z   ...
2026-10-08T20:02:07.2418838Z # Subtest: valid inference and affirming the consequent differ at a concrete full assignment
2026-10-08T20:02:07.2420156Z ok 31 - valid inference and affirming the consequent differ at a concrete full assignment
2026-10-08T20:02:07.2420901Z   ---
2026-10-08T20:02:07.2421341Z   duration_ms: 0.334678
2026-10-08T20:02:07.2421805Z   ...
2026-10-08T20:02:07.2422571Z # Subtest: constants have one empty assignment, and single-expression mode is distinct
2026-10-08T20:02:07.2423616Z ok 32 - constants have one empty assignment, and single-expression mode is distinct
2026-10-08T20:02:07.2424346Z   ---
2026-10-08T20:02:07.2424805Z   duration_ms: 0.308148
2026-10-08T20:02:07.2425298Z   ...
2026-10-08T20:02:07.2426211Z # Subtest: invalid edits refuse unknown words, partial expressions, code, HTML and unsupported notation
2026-10-08T20:02:07.2427518Z ok 33 - invalid edits refuse unknown words, partial expressions, code, HTML and unsupported notation
2026-10-08T20:02:07.2428566Z   ---
2026-10-08T20:02:07.2429028Z   duration_ms: 2.164781
2026-10-08T20:02:07.2429654Z   ...
2026-10-08T20:02:07.2430564Z # Subtest: boundary inputs admit declared limits and reject the next character, token, parenthesis or operator
2026-10-08T20:02:07.2431913Z ok 34 - boundary inputs admit declared limits and reject the next character, token, parenthesis or operator
2026-10-08T20:02:07.2432771Z   ---
2026-10-08T20:02:07.2433242Z   duration_ms: 1.348857
2026-10-08T20:02:07.2433745Z   ...
2026-10-08T20:02:07.2434594Z # Subtest: returned analysis is deeply immutable and subsequent calls do not alter prior results
2026-10-08T20:02:07.2435847Z ok 35 - returned analysis is deeply immutable and subsequent calls do not alter prior results
2026-10-08T20:02:07.2436631Z   ---
2026-10-08T20:02:07.2437069Z   duration_ms: 0.429249
2026-10-08T20:02:07.2437569Z   ...
2026-10-08T20:02:07.2438416Z # Subtest: CSV uses the current inputs, full union and every row regardless of any display filter
2026-10-08T20:02:07.2439834Z ok 36 - CSV uses the current inputs, full union and every row regardless of any display filter
2026-10-08T20:02:07.2440621Z   ---
2026-10-08T20:02:07.2441077Z   duration_ms: 0.494035
2026-10-08T20:02:07.2441561Z   ...
2026-10-08T20:02:07.2442535Z # Subtest: independent receiving columns challenge right grouping, stronger and, and an unused-in-output variable
2026-10-08T20:02:07.2444113Z ok 37 - independent receiving columns challenge right grouping, stronger and, and an unused-in-output variable
2026-10-08T20:02:07.2445083Z   ---
2026-10-08T20:02:07.2445580Z   duration_ms: 0.510099
2026-10-08T20:02:07.2446072Z   ...
2026-10-08T20:02:07.2817379Z # Subtest: literal text grammar keeps letters, digits and request multiplicity
2026-10-08T20:02:07.2821033Z ok 38 - literal text grammar keeps letters, digits and request multiplicity
2026-10-08T20:02:07.2821568Z   ---
2026-10-08T20:02:07.2822225Z   duration_ms: 2.271058
2026-10-08T20:02:07.2822521Z   ...
2026-10-08T20:02:07.2832858Z # Subtest: text refuses ambiguous tokens, case conversion and bounded overflows
2026-10-08T20:02:07.2849599Z ok 39 - text refuses ambiguous tokens, case conversion and bounded overflows
2026-10-08T20:02:07.2850475Z   ---
2026-10-08T20:02:07.2850952Z   duration_ms: 0.576227
2026-10-08T20:02:07.2851393Z   ...
2026-10-08T20:02:07.2852028Z # Subtest: core rejects unsupported capacity and unexpected outer fields
2026-10-08T20:02:07.2852875Z ok 40 - core rejects unsupported capacity and unexpected outer fields
2026-10-08T20:02:07.2853497Z   ---
2026-10-08T20:02:07.2853905Z   duration_ms: 0.843635
2026-10-08T20:02:07.2854315Z   ...
2026-10-08T20:02:07.2855025Z # Subtest: core refuses sparse arrays, attached metadata and nonliteral page values
2026-10-08T20:02:07.2855918Z ok 41 - core refuses sparse arrays, attached metadata and nonliteral page values
2026-10-08T20:02:07.2856542Z   ---
2026-10-08T20:02:07.2856934Z   duration_ms: 0.320507
2026-10-08T20:02:07.2857389Z   ...
2026-10-08T20:02:07.2858087Z # Subtest: FIFO complete trace keeps insertion order on a hit
2026-10-08T20:02:07.2858871Z ok 42 - FIFO complete trace keeps insertion order on a hit
2026-10-08T20:02:07.2859621Z   ---
2026-10-08T20:02:07.2860047Z   duration_ms: 0.612692
2026-10-08T20:02:07.2860483Z   ...
2026-10-08T20:02:07.2861198Z # Subtest: LRU complete trace refreshes recency and can lose this fixed comparison
2026-10-08T20:02:07.2862142Z ok 43 - LRU complete trace refreshes recency and can lose this fixed comparison
2026-10-08T20:02:07.2862859Z   ---
2026-10-08T20:02:07.2863265Z   duration_ms: 0.398153
2026-10-08T20:02:07.2863690Z   ...
2026-10-08T20:02:07.2864415Z # Subtest: the classic FIFO anomaly retains exact miss positions and capacity totals
2026-10-08T20:02:07.2865426Z ok 44 - the classic FIFO anomaly retains exact miss positions and capacity totals
2026-10-08T20:02:07.2866166Z   ---
2026-10-08T20:02:07.2866639Z   duration_ms: 0.600434
2026-10-08T20:02:07.2867148Z   ...
2026-10-08T20:02:07.2868314Z # Subtest: literal identity, capacity one and a loop that fits retain first-access misses
2026-10-08T20:02:07.2902448Z ok 45 - literal identity, capacity one and a loop that fits retain first-access misses
2026-10-08T20:02:07.2935464Z   ---
2026-10-08T20:02:07.2936014Z   duration_ms: 1.611097
2026-10-08T20:02:07.2936516Z   ...
2026-10-08T20:02:07.2937291Z # Subtest: empty input produces zero counts without a manufactured percentage
2026-10-08T20:02:07.2938296Z ok 46 - empty input produces zero counts without a manufactured percentage
2026-10-08T20:02:07.2938986Z   ---
2026-10-08T20:02:07.2939623Z   duration_ms: 0.628625
2026-10-08T20:02:07.2940107Z   ...
2026-10-08T20:02:07.2940847Z # Subtest: caller mutations cannot change retained input, earlier steps or totals
2026-10-08T20:02:07.2941831Z ok 47 - caller mutations cannot change retained input, earlier steps or totals
2026-10-08T20:02:07.2942496Z   ---
2026-10-08T20:02:07.2942901Z   duration_ms: 0.486354
2026-10-08T20:02:07.2943351Z   ...
2026-10-08T20:02:07.2944044Z # Subtest: every reachable result object is frozen and mutation attempts fail
2026-10-08T20:02:07.2944977Z ok 48 - every reachable result object is frozen and mutation attempts fail
2026-10-08T20:02:07.2945625Z   ---
2026-10-08T20:02:07.2946034Z   duration_ms: 0.573613
2026-10-08T20:02:07.2946466Z   ...
2026-10-08T20:02:07.2947216Z # Subtest: retained prefixes agree with fresh empty-start runs at each selected capacity
2026-10-08T20:02:07.2948272Z ok 49 - retained prefixes agree with fresh empty-start runs at each selected capacity
2026-10-08T20:02:07.2948973Z   ---
2026-10-08T20:02:07.2949532Z   duration_ms: 17.139942
2026-10-08T20:02:07.2949985Z   ...
2026-10-08T20:02:07.2950697Z # Subtest: state transitions conserve requests, slots and resident page identity
2026-10-08T20:02:07.2951669Z ok 50 - state transitions conserve requests, slots and resident page identity
2026-10-08T20:02:07.2952332Z   ---
2026-10-08T20:02:07.2952751Z   duration_ms: 0.827141
2026-10-08T20:02:07.2953505Z   ...
2026-10-08T20:02:07.2954255Z # Subtest: course is admitted by the unchanged importer and exact authoring round trip
2026-10-08T20:02:07.2955321Z ok 51 - course is admitted by the unchanged importer and exact authoring round trip
2026-10-08T20:02:07.2956017Z   ---
2026-10-08T20:02:07.2956432Z   duration_ms: 1.341586
2026-10-08T20:02:07.2956922Z   ...
2026-10-08T20:02:07.2957671Z # Subtest: course keeps its independently solved answer map and unique concept coverage
2026-10-08T20:02:07.2958703Z ok 52 - course keeps its independently solved answer map and unique concept coverage
2026-10-08T20:02:07.2959539Z   ---
2026-10-08T20:02:07.2959969Z   duration_ms: 0.345654
2026-10-08T20:02:07.2960421Z   ...
2026-10-08T20:02:07.2961280Z # Subtest: the real learner selector exhausts this deck once and preserves first tries during practice
2026-10-08T20:02:07.2962469Z ok 53 - the real learner selector exhausts this deck once and preserves first tries during practice
2026-10-08T20:02:07.2963240Z   ---
2026-10-08T20:02:07.2963646Z   duration_ms: 10.954268
2026-10-08T20:02:07.2964095Z   ...
2026-10-08T20:02:07.2984141Z # Subtest: standalone generation is deterministic and the committed file is current
2026-10-08T20:02:07.3010325Z ok 54 - standalone generation is deterministic and the committed file is current
2026-10-08T20:02:07.3015044Z   ---
2026-10-08T20:02:07.3015475Z   duration_ms: 19.898555
2026-10-08T20:02:07.3015919Z   ...
2026-10-08T20:02:07.3016725Z # Subtest: standalone course embedding preserves exact UTF-8 bytes and HTML-like lesson text
2026-10-08T20:02:07.3017835Z ok 55 - standalone course embedding preserves exact UTF-8 bytes and HTML-like lesson text
2026-10-08T20:02:07.3018535Z   ---
2026-10-08T20:02:07.3018930Z   duration_ms: 1.910402
2026-10-08T20:02:07.3019494Z   ...
2026-10-08T20:02:07.3020188Z # Subtest: builder fails closed when template or source import boundaries change
2026-10-08T20:02:07.3021144Z ok 56 - builder fails closed when template or source import boundaries change
2026-10-08T20:02:07.3021803Z   ---
2026-10-08T20:02:07.3022204Z   duration_ms: 1.342658
2026-10-08T20:02:07.3022625Z   ...
2026-10-08T20:02:07.3178141Z # Subtest: the original twelve-question lesson passes the current unchanged importer contract
2026-10-08T20:02:07.3180384Z ok 57 - the original twelve-question lesson passes the current unchanged importer contract
2026-10-08T20:02:07.3219905Z   ---
2026-10-08T20:02:07.3220666Z   duration_ms: 9.368679
2026-10-08T20:02:07.3221212Z   ...
2026-10-08T20:02:07.3222103Z # Subtest: the actual standalone builder passes parity and embeds the exact downloadable lesson
2026-10-08T20:02:07.3223778Z ok 58 - the actual standalone builder passes parity and embeds the exact downloadable lesson
2026-10-08T20:02:07.3224790Z   ---
2026-10-08T20:02:07.3225317Z   duration_ms: 34.999002
2026-10-08T20:02:07.3225913Z   ...
2026-10-08T20:02:07.3226916Z # Subtest: successive integer products retain a distinct starting point and multiplier
2026-10-08T20:02:07.3228131Z ok 59 - successive integer products retain a distinct starting point and multiplier
2026-10-08T20:02:07.3229131Z   ---
2026-10-08T20:02:07.3230670Z   duration_ms: 3.802282
2026-10-08T20:02:07.3231263Z   ...
2026-10-08T20:02:07.3232154Z # Subtest: zero steps mean one explicitly assigned initial row, including zero multiplier
2026-10-08T20:02:07.3233469Z ok 60 - zero steps mean one explicitly assigned initial row, including zero multiplier
2026-10-08T20:02:07.3234315Z   ---
2026-10-08T20:02:07.3234720Z   duration_ms: 0.411663
2026-10-08T20:02:07.3235243Z   ...
2026-10-08T20:02:07.3236187Z # Subtest: a returning quarter-turn sequence retains repeated indexed positions
2026-10-08T20:02:07.3237491Z ok 61 - a returning quarter-turn sequence retains repeated indexed positions
2026-10-08T20:02:07.3238315Z   ---
2026-10-08T20:02:07.3238732Z   duration_ms: 1.422717
2026-10-08T20:02:07.3239452Z   ...
2026-10-08T20:02:07.3240309Z # Subtest: zero starting points and zero multipliers keep their different defined quantities
2026-10-08T20:02:07.3241863Z ok 62 - zero starting points and zero multipliers keep their different defined quantities
2026-10-08T20:02:07.3242643Z   ---
2026-10-08T20:02:07.3243022Z   duration_ms: 0.352184
2026-10-08T20:02:07.3243541Z   ...
2026-10-08T20:02:07.3244446Z # Subtest: bounded fractional coordinates keep full numeric output and remain finite at both limits
2026-10-08T20:02:07.3245852Z ok 63 - bounded fractional coordinates keep full numeric output and remain finite at both limits
2026-10-08T20:02:07.3246681Z   ---
2026-10-08T20:02:07.3247170Z   duration_ms: 0.561025
2026-10-08T20:02:07.3247579Z   ...
2026-10-08T20:02:07.3248463Z # Subtest: invalid and partial coordinate text and unsupported counts refuse the whole experiment
2026-10-08T20:02:07.3249836Z ok 64 - invalid and partial coordinate text and unsupported counts refuse the whole experiment
2026-10-08T20:02:07.3250682Z   ---
2026-10-08T20:02:07.3251169Z   duration_ms: 0.870235
2026-10-08T20:02:07.3251576Z   ...
2026-10-08T20:02:07.3252531Z # Subtest: plot units are equal, imaginary-positive is upward, and every indexed point fits
2026-10-08T20:02:07.3253701Z ok 65 - plot units are equal, imaginary-positive is upward, and every indexed point fits
2026-10-08T20:02:07.3254482Z   ---
2026-10-08T20:02:07.3254959Z   duration_ms: 0.671679
2026-10-08T20:02:07.3255360Z   ...
2026-10-08T20:02:07.3256208Z # Subtest: principal angles, signed zero and approximate formatting have declared behavior
2026-10-08T20:02:07.3257347Z ok 66 - principal angles, signed zero and approximate formatting have declared behavior
2026-10-08T20:02:07.3258017Z   ---
2026-10-08T20:02:07.3258391Z   duration_ms: 0.331984
2026-10-08T20:02:07.3258798Z   ...
2026-10-08T20:02:07.3259693Z # Subtest: accepted snapshots are immutable and JSON retains all unrounded computed values
2026-10-08T20:02:07.3260769Z ok 67 - accepted snapshots are immutable and JSON retains all unrounded computed values
2026-10-08T20:02:07.3261437Z   ---
2026-10-08T20:02:07.3261845Z   duration_ms: 0.736956
2026-10-08T20:02:07.3262279Z   ...
2026-10-08T20:02:07.7732610Z # Subtest: every small-set outcome and count agrees with filtered position assignments
2026-10-08T20:02:07.7750671Z ok 68 - every small-set outcome and count agrees with filtered position assignments
2026-10-08T20:02:07.7751378Z   ---
2026-10-08T20:02:07.7751840Z   duration_ms: 40.855095
2026-10-08T20:02:07.7752293Z   ...
2026-10-08T20:02:07.7753042Z # Subtest: largest allowed inputs preserve complete counts and distant outcome addresses
2026-10-08T20:02:07.7754047Z ok 69 - largest allowed inputs preserve complete counts and distant outcome addresses
2026-10-08T20:02:07.7754773Z   ---
2026-10-08T20:02:07.7755206Z   duration_ms: 346.439916
2026-10-08T20:02:07.7755659Z   ...
2026-10-08T20:02:07.7756390Z # Subtest: empty and impossible selections are different, with explicit zero boundaries
2026-10-08T20:02:07.7757486Z ok 70 - empty and impossible selections are different, with explicit zero boundaries
2026-10-08T20:02:07.7758204Z   ---
2026-10-08T20:02:07.7758641Z   duration_ms: 0.843795
2026-10-08T20:02:07.7759091Z   ...
2026-10-08T20:02:07.7760149Z # Subtest: multiset representations retain repeated labels and explain unequal group sizes
2026-10-08T20:02:07.7761293Z ok 71 - multiset representations retain repeated labels and explain unequal group sizes
2026-10-08T20:02:07.7762019Z   ---
2026-10-08T20:02:07.7762440Z   duration_ms: 0.513453
2026-10-08T20:02:07.7762895Z   ...
2026-10-08T20:02:07.7763681Z # Subtest: decimal drafts and programmatic inputs reject unsupported numeric forms and models
2026-10-08T20:02:07.7764799Z ok 72 - decimal drafts and programmatic inputs reject unsupported numeric forms and models
2026-10-08T20:02:07.7765555Z   ---
2026-10-08T20:02:07.7765964Z   duration_ms: 0.907981
2026-10-08T20:02:07.7766388Z   ...
2026-10-08T20:02:07.7767169Z # Subtest: page and outcome addresses are bounded and wrong types cannot silently round
2026-10-08T20:02:07.7768197Z ok 73 - page and outcome addresses are bounded and wrong types cannot silently round
2026-10-08T20:02:07.7769179Z   ---
2026-10-08T20:02:07.7769783Z   duration_ms: 0.502368
2026-10-08T20:02:07.7770321Z   ...
2026-10-08T20:02:07.7770964Z # Subtest: result copies stay stable and fully JSON serializable
2026-10-08T20:02:07.7771806Z ok 74 - result copies stay stable and fully JSON serializable
2026-10-08T20:02:07.7772424Z   ---
2026-10-08T20:02:07.7772835Z   duration_ms: 0.741763
2026-10-08T20:02:07.7773275Z   ...
2026-10-08T20:02:07.7787955Z # Subtest: the twelve original questions validate through the published deck contract
2026-10-08T20:02:07.7789163Z ok 75 - the twelve original questions validate through the published deck contract
2026-10-08T20:02:07.7790077Z   ---
2026-10-08T20:02:07.7790495Z   duration_ms: 1.19655
2026-10-08T20:02:07.7790993Z   ...
2026-10-08T20:02:07.7791889Z # Subtest: the generated offline page is current, contains the exact course, and has a parseable script
2026-10-08T20:02:07.7793219Z ok 76 - the generated offline page is current, contains the exact course, and has a parseable script
2026-10-08T20:02:07.7794101Z   ---
2026-10-08T20:02:07.7794512Z   duration_ms: 42.266686
2026-10-08T20:02:07.7794899Z   ...
2026-10-08T20:02:07.7851119Z # Subtest: catalog keeps exact raw text and an immutable copy of checked metadata
2026-10-08T20:02:07.7860479Z ok 77 - catalog keeps exact raw text and an immutable copy of checked metadata
2026-10-08T20:02:07.7861182Z   ---
2026-10-08T20:02:07.7861609Z   duration_ms: 2.664474
2026-10-08T20:02:07.7862044Z   ...
2026-10-08T20:02:07.7862796Z # Subtest: curated paths reject traversal, external URLs, authoring sources and duplicates
2026-10-08T20:02:07.7863863Z ok 78 - curated paths reject traversal, external URLs, authoring sources and duplicates
2026-10-08T20:02:07.7864565Z   ---
2026-10-08T20:02:07.7864963Z   duration_ms: 1.211202
2026-10-08T20:02:07.7865393Z   ...
2026-10-08T20:02:07.7866098Z # Subtest: search uses title and concept substrings with stable order and trimmed case
2026-10-08T20:02:07.7867154Z ok 79 - search uses title and concept substrings with stable order and trimmed case
2026-10-08T20:02:07.7867825Z   ---
2026-10-08T20:02:07.7868221Z   duration_ms: 0.517239
2026-10-08T20:02:07.7868941Z   ...
2026-10-08T20:02:07.7869999Z # Subtest: standalone build matches checked-in HTML and embeds every original file unchanged
2026-10-08T20:02:07.7871096Z ok 80 - standalone build matches checked-in HTML and embeds every original file unchanged
2026-10-08T20:02:07.7871783Z   ---
2026-10-08T20:02:07.7872182Z   duration_ms: 30.638725
2026-10-08T20:02:07.7872611Z   ...
2026-10-08T20:02:07.7873346Z # Subtest: embedded course text cannot terminate the data script or become executable markup
2026-10-08T20:02:07.7874383Z ok 81 - embedded course text cannot terminate the data script or become executable markup
2026-10-08T20:02:07.7875080Z   ---
2026-10-08T20:02:07.7875468Z   duration_ms: 2.794367
2026-10-08T20:02:07.7875879Z   ...
2026-10-08T20:02:07.7876530Z # Subtest: builder refuses extra arguments before writing the generated page
2026-10-08T20:02:07.7877439Z ok 82 - builder refuses extra arguments before writing the generated page
2026-10-08T20:02:07.7878046Z   ---
2026-10-08T20:02:07.7878459Z   duration_ms: 50.532519
2026-10-08T20:02:07.7878881Z   ...
2026-10-08T20:02:07.7879840Z # Subtest: the standalone Lesson focus file matches its actual modular sources
2026-10-08T20:02:07.7880729Z ok 83 - the standalone Lesson focus file matches its actual modular sources
2026-10-08T20:02:07.7881325Z   ---
2026-10-08T20:02:07.7881687Z   duration_ms: 50.307198
2026-10-08T20:02:07.7882080Z   ...
2026-10-08T20:02:07.7882718Z # Subtest: all questions and both prerequisite branches survive a focused lesson
2026-10-08T20:02:07.7883552Z ok 84 - all questions and both prerequisite branches survive a focused lesson
2026-10-08T20:02:07.7884115Z   ---
2026-10-08T20:02:07.7884459Z   duration_ms: 3.956817
2026-10-08T20:02:07.7884841Z   ...
2026-10-08T20:02:07.7885460Z # Subtest: requested concepts remain explicit when they are also a prerequisite
2026-10-08T20:02:07.7886593Z ok 85 - requested concepts remain explicit when they are also a prerequisite
2026-10-08T20:02:07.7887173Z   ---
2026-10-08T20:02:07.7887554Z   duration_ms: 0.38295
2026-10-08T20:02:07.7887928Z   ...
2026-10-08T20:02:07.7888510Z # Subtest: clearing or changing targets never retains an earlier closure
2026-10-08T20:02:07.7889494Z ok 86 - clearing or changing targets never retains an earlier closure
2026-10-08T20:02:07.7890066Z   ---
2026-10-08T20:02:07.7890430Z   duration_ms: 0.847591
2026-10-08T20:02:07.7890818Z   ...
2026-10-08T20:02:07.7891404Z # Subtest: literal names, answer identities and immutable copied results
2026-10-08T20:02:07.7892203Z ok 87 - literal names, answer identities and immutable copied results
2026-10-08T20:02:07.7892771Z   ---
2026-10-08T20:02:07.7893131Z   duration_ms: 0.481807
2026-10-08T20:02:07.7914759Z   ...
2026-10-08T20:02:07.7915495Z # Subtest: invalid source, selection and title are refused before producing a lesson
2026-10-08T20:02:07.7916486Z ok 88 - invalid source, selection and title are refused before producing a lesson
2026-10-08T20:02:07.7917176Z   ---
2026-10-08T20:02:07.7917580Z   duration_ms: 1.466973
2026-10-08T20:02:07.7918013Z   ...
2026-10-08T20:02:07.7918696Z # Subtest: real supplied courses retain all content when all concepts are chosen
2026-10-08T20:02:07.7919853Z ok 89 - real supplied courses retain all content when all concepts are chosen
2026-10-08T20:02:07.7920510Z   ---
2026-10-08T20:02:07.7920904Z   duration_ms: 5.220687
2026-10-08T20:02:07.7921299Z   ...
2026-10-08T20:02:07.7921969Z # Subtest: compact output fits the real file limit and an oversized result is refused
2026-10-08T20:02:07.7922928Z ok 90 - compact output fits the real file limit and an oversized result is refused
2026-10-08T20:02:07.7923557Z   ---
2026-10-08T20:02:07.7923939Z   duration_ms: 8.613055
2026-10-08T20:02:07.7924345Z   ...
2026-10-08T20:02:07.7925137Z # Subtest: the direct-file handout page is generated from the current validator, document and UI sources
2026-10-08T20:02:07.7926314Z ok 91 - the direct-file handout page is generated from the current validator, document and UI sources
2026-10-08T20:02:07.7927030Z   ---
2026-10-08T20:02:07.7927622Z   duration_ms: 31.566615
2026-10-08T20:02:07.7928097Z   ...
2026-10-08T20:02:07.7928868Z # Subtest: worksheet projection contains only original public question fields in canonical order
2026-10-08T20:02:07.7930170Z ok 92 - worksheet projection contains only original public question fields in canonical order
2026-10-08T20:02:07.7930886Z   ---
2026-10-08T20:02:07.7931280Z   duration_ms: 2.578867
2026-10-08T20:02:07.7931688Z   ...
2026-10-08T20:02:07.7932429Z # Subtest: separate answer key maps B, A and F to the original two, four and six option arrays
2026-10-08T20:02:07.7933464Z ok 93 - separate answer key maps B, A and F to the original two, four and six option arrays
2026-10-08T20:02:07.7934153Z   ---
2026-10-08T20:02:07.7934531Z   duration_ms: 0.340837
2026-10-08T20:02:07.7934937Z   ...
2026-10-08T20:02:07.7935637Z # Subtest: projection is a frozen snapshot and cannot mutate or alias the selected deck
2026-10-08T20:02:07.7936673Z ok 94 - projection is a frozen snapshot and cannot mutate or alias the selected deck
2026-10-08T20:02:07.7937315Z   ---
2026-10-08T20:02:07.7937701Z   duration_ms: 0.815293
2026-10-08T20:02:07.7938106Z   ...
2026-10-08T20:02:07.7938815Z # Subtest: downloaded worksheet JSON and HTML omit authored answers and explanations
2026-10-08T20:02:07.7939943Z ok 95 - downloaded worksheet JSON and HTML omit authored answers and explanations
2026-10-08T20:02:07.7940603Z   ---
2026-10-08T20:02:07.7940983Z   duration_ms: 0.845128
2026-10-08T20:02:07.7941391Z   ...
2026-10-08T20:02:07.7942107Z # Subtest: downloaded answer key carries exact authored answers, explanations and credit
2026-10-08T20:02:07.7943103Z ok 96 - downloaded answer key carries exact authored answers, explanations and credit
2026-10-08T20:02:07.7943753Z   ---
2026-10-08T20:02:07.7944125Z   duration_ms: 1.57281
2026-10-08T20:02:07.7944526Z   ...
2026-10-08T20:02:07.7945630Z # Subtest: literal Unicode, markup, line endings and script delimiters survive JSON without becoming executable markup
2026-10-08T20:02:07.7946936Z ok 97 - literal Unicode, markup, line endings and script delimiters survive JSON without becoming executable markup
2026-10-08T20:02:07.7947727Z   ---
2026-10-08T20:02:07.7948100Z   duration_ms: 1.221297
2026-10-08T20:02:07.7948502Z   ...
2026-10-08T20:02:07.7949238Z # Subtest: real Deck studio checked downloads retain reordered questions and answer identity
2026-10-08T20:02:07.7950614Z ok 98 - real Deck studio checked downloads retain reordered questions and answer identity
2026-10-08T20:02:07.7951303Z   ---
2026-10-08T20:02:07.7951691Z   duration_ms: 1.029963
2026-10-08T20:02:07.7952121Z   ...
2026-10-08T20:02:07.7952836Z # Subtest: real parser rejects malformed, unsupported and oversized local deck input
2026-10-08T20:02:07.7953804Z ok 99 - real parser rejects malformed, unsupported and oversized local deck input
2026-10-08T20:02:07.7954417Z   ---
2026-10-08T20:02:07.7954805Z   duration_ms: 1.399463
2026-10-08T20:02:07.7955219Z   ...
2026-10-08T20:02:07.7956005Z # Subtest: handout creation refuses invalid deck answers instead of producing an untrustworthy key
2026-10-08T20:02:07.7957040Z ok 100 - handout creation refuses invalid deck answers instead of producing an untrustworthy key
2026-10-08T20:02:07.7958386Z   ---
2026-10-08T20:02:07.7958790Z   duration_ms: 0.460815
2026-10-08T20:02:07.7959469Z   ...
2026-10-08T20:02:07.7960286Z # Subtest: document modes are explicit and invalid choices never silently produce an answer key
2026-10-08T20:02:07.7961399Z ok 101 - document modes are explicit and invalid choices never silently produce an answer key
2026-10-08T20:02:07.7962100Z   ---
2026-10-08T20:02:07.7962459Z   duration_ms: 0.499102
2026-10-08T20:02:07.7962836Z   ...
2026-10-08T20:02:07.7963378Z # Subtest: worksheet and key filenames are distinct bounded local names
2026-10-08T20:02:07.7964157Z ok 102 - worksheet and key filenames are distinct bounded local names
2026-10-08T20:02:07.7964718Z   ---
2026-10-08T20:02:07.7965070Z   duration_ms: 0.933048
2026-10-08T20:02:07.7965476Z   ...
2026-10-08T20:02:07.7966485Z # Subtest: repeat exports are deterministic and leave the original selected JSON unchanged
2026-10-08T20:02:07.7967703Z ok 103 - repeat exports are deterministic and leave the original selected JSON unchanged
2026-10-08T20:02:07.7968431Z   ---
2026-10-08T20:02:07.7968823Z   duration_ms: 0.421638
2026-10-08T20:02:07.7969376Z   ...
2026-10-08T20:02:07.7970163Z # Subtest: the existing contract admits twelve original items across four connected concepts
2026-10-08T20:02:07.7971272Z ok 104 - the existing contract admits twelve original items across four connected concepts
2026-10-08T20:02:07.7971906Z   ---
2026-10-08T20:02:07.7972267Z   duration_ms: 2.630264
2026-10-08T20:02:07.7972642Z   ...
2026-10-08T20:02:07.7973341Z # Subtest: canonical correct positions are balanced without a universal longest-answer cue
2026-10-08T20:02:07.7976068Z ok 105 - canonical correct positions are balanced without a universal longest-answer cue
2026-10-08T20:02:07.7976816Z   ---
2026-10-08T20:02:07.7977201Z   duration_ms: 0.312796
2026-10-08T20:02:07.7977580Z   ...
2026-10-08T20:02:07.7978259Z # Subtest: the answer key matches independently worked charge, connection and power values
2026-10-08T20:02:07.7979208Z ok 106 - the answer key matches independently worked charge, connection and power values
2026-10-08T20:02:07.7979959Z   ---
2026-10-08T20:02:07.7980329Z   duration_ms: 0.33564
2026-10-08T20:02:07.7980710Z   ...
2026-10-08T20:02:07.7981415Z # Subtest: existing selection, review, separate retries and study notes retain every course item
2026-10-08T20:02:07.7982427Z ok 107 - existing selection, review, separate retries and study notes retain every course item
2026-10-08T20:02:07.7983085Z   ---
2026-10-08T20:02:07.7983493Z   duration_ms: 13.148532
2026-10-08T20:02:07.7983905Z   ...
2026-10-08T20:02:07.7984601Z # Subtest: the direct-file artifact rebuilds exactly and embeds the original course bytes
2026-10-08T20:02:07.7985782Z ok 108 - the direct-file artifact rebuilds exactly and embeds the original course bytes
2026-10-08T20:02:07.7986436Z   ---
2026-10-08T20:02:07.7986801Z   duration_ms: 2.838733
2026-10-08T20:02:07.7987193Z   ...
2026-10-08T20:02:07.7987848Z # Subtest: 12 V across 100 and 200 ohms agrees with independently worked branch values
2026-10-08T20:02:07.7988763Z ok 109 - 12 V across 100 and 200 ohms agrees with independently worked branch values
2026-10-08T20:02:07.7989592Z   ---
2026-10-08T20:02:07.7989963Z   duration_ms: 1.66004
2026-10-08T20:02:07.7990358Z   ...
2026-10-08T20:02:07.7991020Z # Subtest: zero voltage has finite equivalent resistance and zero current and power
2026-10-08T20:02:07.7991968Z ok 110 - zero voltage has finite equivalent resistance and zero current and power
2026-10-08T20:02:07.7992614Z   ---
2026-10-08T20:02:07.7992985Z   duration_ms: 0.25513
2026-10-08T20:02:07.7993380Z   ...
2026-10-08T20:02:07.7994162Z # Subtest: charge, loop-voltage and power relationships hold throughout a deterministic input grid
2026-10-08T20:02:07.7995310Z ok 111 - charge, loop-voltage and power relationships hold throughout a deterministic input grid
2026-10-08T20:02:07.7996033Z   ---
2026-10-08T20:02:07.7996410Z   duration_ms: 4.406246
2026-10-08T20:02:07.7996823Z   ...
2026-10-08T20:02:07.7997499Z # Subtest: permuting resistors swaps their values without changing source behavior
2026-10-08T20:02:07.7998456Z ok 112 - permuting resistors swaps their values without changing source behavior
2026-10-08T20:02:07.7999100Z   ---
2026-10-08T20:02:07.7999616Z   duration_ms: 0.254409
2026-10-08T20:02:07.8000021Z   ...
2026-10-08T20:02:07.8000747Z # Subtest: a branch change and a voltage change preserve the stated ideal-source assumptions
2026-10-08T20:02:07.8001789Z ok 113 - a branch change and a voltage change preserve the stated ideal-source assumptions
2026-10-08T20:02:07.8002467Z   ---
2026-10-08T20:02:07.8002840Z   duration_ms: 0.211955
2026-10-08T20:02:07.8003237Z   ...
2026-10-08T20:02:07.8003999Z # Subtest: equal resistors use four times as much total power in parallel at fixed nonzero voltage
2026-10-08T20:02:07.8005313Z ok 114 - equal resistors use four times as much total power in parallel at fixed nonzero voltage
2026-10-08T20:02:07.8006022Z   ---
2026-10-08T20:02:07.8006397Z   duration_ms: 0.200187
2026-10-08T20:02:07.8006796Z   ...
2026-10-08T20:02:07.8007476Z # Subtest: model refuses missing, coerced, nonfinite and out-of-domain parameters
2026-10-08T20:02:07.8008439Z ok 115 - model refuses missing, coerced, nonfinite and out-of-domain parameters
2026-10-08T20:02:07.8009083Z   ---
2026-10-08T20:02:07.8009605Z   duration_ms: 1.075881
2026-10-08T20:02:07.8010016Z   ...
2026-10-08T20:02:07.8010704Z # Subtest: text edits require explicit decimal values and never turn a blank into zero
2026-10-08T20:02:07.8011691Z ok 116 - text edits require explicit decimal values and never turn a blank into zero
2026-10-08T20:02:07.8012337Z   ---
2026-10-08T20:02:07.8012717Z   duration_ms: 0.579793
2026-10-08T20:02:07.8013136Z   ...
2026-10-08T20:02:07.8013815Z # Subtest: results are independent immutable snapshots of their input parameters
2026-10-08T20:02:07.8014759Z ok 117 - results are independent immutable snapshots of their input parameters
2026-10-08T20:02:07.8015395Z   ---
2026-10-08T20:02:07.8015767Z   duration_ms: 0.90739
2026-10-08T20:02:07.8016171Z   ...
2026-10-08T20:02:07.8016797Z # Subtest: CSV keeps both modes, physical units and full numeric precision
2026-10-08T20:02:07.8017658Z ok 118 - CSV keeps both modes, physical units and full numeric precision
2026-10-08T20:02:07.8018255Z   ---
2026-10-08T20:02:07.8018638Z   duration_ms: 1.326033
2026-10-08T20:02:07.8019054Z   ...
2026-10-08T20:02:07.9640314Z # Subtest: unfinished and completely empty drafts save without claiming lesson validity
2026-10-08T20:02:07.9708223Z ok 119 - unfinished and completely empty drafts save without claiming lesson validity
2026-10-08T20:02:07.9720469Z   ---
2026-10-08T20:02:07.9721021Z   duration_ms: 4.736667
2026-10-08T20:02:07.9721989Z   ...
2026-10-08T20:02:07.9722826Z # Subtest: duplicate text, cyclic and self prerequisites, and unfinished selections survive for repair
2026-10-08T20:02:07.9724028Z ok 120 - duplicate text, cyclic and self prerequisites, and unfinished selections survive for repair
2026-10-08T20:02:07.9724802Z   ---
2026-10-08T20:02:07.9725175Z   duration_ms: 1.328207
2026-10-08T20:02:07.9725568Z   ...
2026-10-08T20:02:07.9726345Z # Subtest: ready imported lessons retain public IDs, ordered content, answer identity and checked bytes
2026-10-08T20:02:07.9727517Z ok 121 - ready imported lessons retain public IDs, ordered content, answer identity and checked bytes
2026-10-08T20:02:07.9728222Z   ---
2026-10-08T20:02:07.9728563Z   duration_ms: 1.440393
2026-10-08T20:02:07.9728943Z   ...
2026-10-08T20:02:07.9730017Z # Subtest: canonical private keys recover near-limit counters without changing public IDs or live state
2026-10-08T20:02:07.9731214Z ok 122 - canonical private keys recover near-limit counters without changing public IDs or live state
2026-10-08T20:02:07.9731972Z   ---
2026-10-08T20:02:07.9732355Z   duration_ms: 1.450178
2026-10-08T20:02:07.9732742Z   ...
2026-10-08T20:02:07.9733311Z # Subtest: staged drafts are deeply frozen and replacement copies remain editable
2026-10-08T20:02:07.9734158Z ok 123 - staged drafts are deeply frozen and replacement copies remain editable
2026-10-08T20:02:07.9734684Z   ---
2026-10-08T20:02:07.9735022Z   duration_ms: 0.373176
2026-10-08T20:02:07.9735400Z   ...
2026-10-08T20:02:07.9736237Z # Subtest: missing or ambiguous internal references, malformed shape and unsafe counters refuse before admission
2026-10-08T20:02:07.9737492Z ok 124 - missing or ambiguous internal references, malformed shape and unsafe counters refuse before admission
2026-10-08T20:02:07.9738347Z   ---
2026-10-08T20:02:07.9738703Z   duration_ms: 2.464597
2026-10-08T20:02:07.9739193Z   ...
2026-10-08T20:02:07.9739904Z # Subtest: only recognized editor fields cross the draft boundary
2026-10-08T20:02:07.9740661Z ok 125 - only recognized editor fields cross the draft boundary
2026-10-08T20:02:07.9741201Z   ---
2026-10-08T20:02:07.9741772Z   duration_ms: 0.388127
2026-10-08T20:02:07.9742148Z   ...
2026-10-08T20:02:07.9742882Z # Subtest: a lesson larger than its admission limit can be saved as a draft and repaired later
2026-10-08T20:02:07.9743940Z ok 126 - a lesson larger than its admission limit can be saved as a draft and repaired later
2026-10-08T20:02:07.9744601Z   ---
2026-10-08T20:02:07.9744982Z   duration_ms: 12.569621
2026-10-08T20:02:07.9745352Z   ...
2026-10-08T20:02:07.9746061Z # Subtest: draft size limits count actual UTF-8 bytes and failed saving leaves writing intact
2026-10-08T20:02:07.9747069Z ok 127 - draft size limits count actual UTF-8 bytes and failed saving leaves writing intact
2026-10-08T20:02:07.9747745Z   ---
2026-10-08T20:02:07.9748102Z   duration_ms: 52.273719
2026-10-08T20:02:07.9748504Z   ...
2026-10-08T20:02:07.9749371Z # Subtest: compact drafts remain saveable near and exactly at the byte limit without added whitespace
2026-10-08T20:02:07.9750590Z ok 128 - compact drafts remain saveable near and exactly at the byte limit without added whitespace
2026-10-08T20:02:07.9751297Z   ---
2026-10-08T20:02:07.9751653Z   duration_ms: 186.346922
2026-10-08T20:02:07.9752045Z   ...
2026-10-08T20:02:07.9752773Z # Subtest: a file whose canonical private keys exceed the saved limit is refused before admission
2026-10-08T20:02:07.9753849Z ok 129 - a file whose canonical private keys exceed the saved limit is refused before admission
2026-10-08T20:02:07.9754544Z   ---
2026-10-08T20:02:07.9754894Z   duration_ms: 24.755752
2026-10-08T20:02:07.9755317Z   ...
2026-10-08T20:02:07.9851619Z # Subtest: a valid deck stages without touching authored text and commits once with full immutable content
2026-10-08T20:02:07.9883505Z ok 130 - a valid deck stages without touching authored text and commits once with full immutable content
2026-10-08T20:02:07.9884324Z   ---
2026-10-08T20:02:07.9885039Z   duration_ms: 9.077976
2026-10-08T20:02:07.9885454Z   ...
2026-10-08T20:02:07.9886316Z # Subtest: invalid JSON, invalid answer, oversized file and unreadable file preserve the draft and allow retry
2026-10-08T20:02:07.9887542Z ok 131 - invalid JSON, invalid answer, oversized file and unreadable file preserve the draft and allow retry
2026-10-08T20:02:07.9888295Z   ---
2026-10-08T20:02:07.9888683Z   duration_ms: 7.466509
2026-10-08T20:02:07.9889097Z   ...
2026-10-08T20:02:07.9890092Z # Subtest: unfinished and cyclic draft files stage visibly and replace once with an immutable editable state
2026-10-08T20:02:07.9920229Z ok 132 - unfinished and cyclic draft files stage visibly and replace once with an immutable editable state
2026-10-08T20:02:07.9929936Z   ---
2026-10-08T20:02:07.9930378Z   duration_ms: 2.9975
2026-10-08T20:02:07.9930803Z   ...
2026-10-08T20:02:07.9931614Z # Subtest: a draft suffix cannot admit an oversized lesson deck through the larger draft-file limit
2026-10-08T20:02:07.9932728Z ok 133 - a draft suffix cannot admit an oversized lesson deck through the larger draft-file limit
2026-10-08T20:02:07.9959763Z   ---
2026-10-08T20:02:07.9962129Z   duration_ms: 6.670004
2026-10-08T20:02:07.9962555Z   ...
2026-10-08T20:02:07.9963378Z # Subtest: malformed and unsupported editable drafts preserve the old draft and retire pending previews
2026-10-08T20:02:07.9964576Z ok 134 - malformed and unsupported editable drafts preserve the old draft and retire pending previews
2026-10-08T20:02:07.9965307Z   ---
2026-10-08T20:02:07.9965683Z   duration_ms: 5.036568
2026-10-08T20:02:07.9966089Z   ...
2026-10-08T20:02:07.9966800Z # Subtest: newest selected format wins across slow draft-to-deck and deck-to-draft reads
2026-10-08T20:02:07.9967817Z ok 135 - newest selected format wins across slow draft-to-deck and deck-to-draft reads
2026-10-08T20:02:07.9968483Z   ---
2026-10-08T20:02:07.9968861Z   duration_ms: 1.977672
2026-10-08T20:02:07.9969420Z   ...
2026-10-08T20:02:07.9970223Z # Subtest: explicit Keep current draft clears staged replacement and restores the open control focus
2026-10-08T20:02:07.9971613Z ok 136 - explicit Keep current draft clears staged replacement and restores the open control focus
2026-10-08T20:02:07.9972378Z   ---
2026-10-08T20:02:07.9972753Z   duration_ms: 1.121629
2026-10-08T20:02:07.9973170Z   ...
2026-10-08T20:02:07.9973952Z # Subtest: opening another chooser invalidates its old preview even when the chooser is cancelled
2026-10-08T20:02:07.9975053Z ok 137 - opening another chooser invalidates its old preview even when the chooser is cancelled
2026-10-08T20:02:07.9975756Z   ---
2026-10-08T20:02:07.9976126Z   duration_ms: 1.182409
2026-10-08T20:02:07.9976536Z   ...
2026-10-08T20:02:07.9977218Z # Subtest: a newer valid choice wins over an earlier slow success or failure
2026-10-08T20:02:07.9978159Z ok 138 - a newer valid choice wins over an earlier slow success or failure
2026-10-08T20:02:07.9978795Z   ---
2026-10-08T20:02:07.9979218Z   duration_ms: 4.097106
2026-10-08T20:02:07.9979775Z   ...
2026-10-08T20:02:07.9980551Z # Subtest: cancelled or empty file selection prevents a late read from reopening a preview
2026-10-08T20:02:07.9981667Z ok 139 - cancelled or empty file selection prevents a late read from reopening a preview
2026-10-08T20:02:07.9982383Z   ---
2026-10-08T20:02:07.9982806Z   duration_ms: 0.955963
2026-10-08T20:02:07.9983262Z   ...
2026-10-08T20:02:07.9984033Z # Subtest: invalid newer files invalidate an earlier pending or staged valid deck
2026-10-08T20:02:07.9985088Z ok 140 - invalid newer files invalidate an earlier pending or staged valid deck
2026-10-08T20:02:07.9985822Z   ---
2026-10-08T20:02:07.9986249Z   duration_ms: 1.593071
2026-10-08T20:02:07.9986732Z   ...
2026-10-08T20:02:07.9987618Z # Subtest: undo restores all writing while clearing only references to deliberately removed concepts
2026-10-08T20:02:07.9988956Z ok 141 - undo restores all writing while clearing only references to deliberately removed concepts
2026-10-08T20:02:07.9989959Z   ---
2026-10-08T20:02:07.9990347Z   duration_ms: 2.12383
2026-10-08T20:02:07.9990959Z   ...
2026-10-08T20:02:07.9991804Z # Subtest: undo retains known selections and even unfinished self links while removing a missing prerequisite
2026-10-08T20:02:07.9993016Z ok 142 - undo retains known selections and even unfinished self links while removing a missing prerequisite
2026-10-08T20:02:07.9994095Z   ---
2026-10-08T20:02:07.9994537Z   duration_ms: 0.263712
2026-10-08T20:02:07.9994941Z   ...
2026-10-08T20:02:07.9995677Z # Subtest: blank editor requires authored metadata and a deliberate answer
2026-10-08T20:02:07.9996553Z ok 143 - blank editor requires authored metadata and a deliberate answer
2026-10-08T20:02:07.9997142Z   ---
2026-10-08T20:02:07.9997521Z   duration_ms: 4.320347
2026-10-08T20:02:07.9997919Z   ...
2026-10-08T20:02:07.9998702Z # Subtest: opening a validated lesson makes an independent editable draft and preserves IDs and literals
2026-10-08T20:02:07.9999975Z ok 144 - opening a validated lesson makes an independent editable draft and preserves IDs and literals
2026-10-08T20:02:08.0001046Z   ---
2026-10-08T20:02:08.0001731Z   duration_ms: 1.030994
2026-10-08T20:02:08.0002138Z   ...
2026-10-08T20:02:08.0002817Z # Subtest: correctness follows an option when moved or when a preceding option is removed
2026-10-08T20:02:08.0003788Z ok 145 - correctness follows an option when moved or when a preceding option is removed
2026-10-08T20:02:08.0004431Z   ---
2026-10-08T20:02:08.0004829Z   duration_ms: 0.794252
2026-10-08T20:02:08.0005241Z   ...
2026-10-08T20:02:08.0005882Z # Subtest: option limits refuse without deleting text or changing the answer
2026-10-08T20:02:08.0006760Z ok 146 - option limits refuse without deleting text or changing the answer
2026-10-08T20:02:08.0007440Z   ---
2026-10-08T20:02:08.0007827Z   duration_ms: 0.687373
2026-10-08T20:02:08.0008239Z   ...
2026-10-08T20:02:08.0009033Z # Subtest: concept renaming updates question and prerequisite references while used deletion is refused
2026-10-08T20:02:08.0010371Z ok 147 - concept renaming updates question and prerequisite references while used deletion is refused
2026-10-08T20:02:08.0011168Z   ---
2026-10-08T20:02:08.0011763Z   duration_ms: 0.468007
2026-10-08T20:02:08.0012197Z   ...
2026-10-08T20:02:08.0012878Z # Subtest: cycles, uncovered concepts and duplicate answer text remain repairable drafts
2026-10-08T20:02:08.0013903Z ok 148 - cycles, uncovered concepts and duplicate answer text remain repairable drafts
2026-10-08T20:02:08.0014619Z   ---
2026-10-08T20:02:08.0015027Z   duration_ms: 0.626502
2026-10-08T20:02:08.0015461Z   ...
2026-10-08T20:02:08.0016927Z # Subtest: question reordering and undo restore the removed question without rolling back later edits
2026-10-08T20:02:08.0018166Z ok 149 - question reordering and undo restore the removed question without rolling back later edits
2026-10-08T20:02:08.0018928Z   ---
2026-10-08T20:02:08.0019473Z   duration_ms: 1.822151
2026-10-08T20:02:08.0019912Z   ...
2026-10-08T20:02:08.0020526Z # Subtest: new question IDs do not overwrite IDs from an opened deck
2026-10-08T20:02:08.0021367Z ok 150 - new question IDs do not overwrite IDs from an opened deck
2026-10-08T20:02:08.0022045Z   ---
2026-10-08T20:02:08.0022624Z   duration_ms: 0.481456
2026-10-08T20:02:08.0023050Z   ...
2026-10-08T20:02:08.0023805Z # Subtest: checked snapshots are immutable, deterministic, and separate from later draft edits
2026-10-08T20:02:08.0024928Z ok 151 - checked snapshots are immutable, deterministic, and separate from later draft edits
2026-10-08T20:02:08.0025611Z   ---
2026-10-08T20:02:08.0026010Z   duration_ms: 0.391242
2026-10-08T20:02:08.0026427Z   ...
2026-10-08T20:02:08.0027224Z # Subtest: individually valid multibyte content cannot export a file larger than the importer admits
2026-10-08T20:02:08.0028372Z ok 152 - individually valid multibyte content cannot export a file larger than the importer admits
2026-10-08T20:02:08.0029137Z   ---
2026-10-08T20:02:08.0029679Z   duration_ms: 5.776665
2026-10-08T20:02:08.0030103Z   ...
2026-10-08T20:02:08.0030630Z # Subtest: download filenames are bounded local names
2026-10-08T20:02:08.0031547Z ok 153 - download filenames are bounded local names
2026-10-08T20:02:08.0032111Z   ---
2026-10-08T20:02:08.0032516Z   duration_ms: 0.304663
2026-10-08T20:02:08.0032933Z   ...
2026-10-08T20:02:08.0033591Z # Subtest: the existing bundled deck imports unchanged without a format field
2026-10-08T20:02:08.0034504Z ok 154 - the existing bundled deck imports unchanged without a format field
2026-10-08T20:02:08.0035150Z   ---
2026-10-08T20:02:08.0035538Z   duration_ms: 2.316247
2026-10-08T20:02:08.0035937Z   ...
2026-10-08T20:02:08.0036632Z # Subtest: a deck is an immutable copy, and unknown fields cannot configure the runtime
2026-10-08T20:02:08.0037605Z ok 155 - a deck is an immutable copy, and unknown fields cannot configure the runtime
2026-10-08T20:02:08.0038266Z   ---
2026-10-08T20:02:08.0038672Z   duration_ms: 0.603147
2026-10-08T20:02:08.0039099Z   ...
2026-10-08T20:02:08.0040191Z # Subtest: malformed JSON, unsupported versions and wrong top-level values give actionable errors
2026-10-08T20:02:08.0041388Z ok 156 - malformed JSON, unsupported versions and wrong top-level values give actionable errors
2026-10-08T20:02:08.0042169Z   ---
2026-10-08T20:02:08.0042579Z   duration_ms: 0.261699
2026-10-08T20:02:08.0043001Z   ...
2026-10-08T20:02:08.0043670Z # Subtest: JSON byte limit counts multibyte text and accepts the exact boundary
2026-10-08T20:02:08.0044581Z ok 157 - JSON byte limit counts multibyte text and accepts the exact boundary
2026-10-08T20:02:08.0045210Z   ---
2026-10-08T20:02:08.0045610Z   duration_ms: 2.139953
2026-10-08T20:02:08.0046024Z   ...
2026-10-08T20:02:08.0046687Z # Subtest: required readable metadata and bounded question fields are validated
2026-10-08T20:02:08.0047644Z ok 158 - required readable metadata and bounded question fields are validated
2026-10-08T20:02:08.0048311Z   ---
2026-10-08T20:02:08.0048707Z   duration_ms: 1.47854
2026-10-08T20:02:08.0049118Z   ...
2026-10-08T20:02:08.0050077Z # Subtest: empty and oversized collections and duplicate identities are refused
2026-10-08T20:02:08.0051195Z ok 159 - empty and oversized collections and duplicate identities are refused
2026-10-08T20:02:08.0051914Z   ---
2026-10-08T20:02:08.0052320Z   duration_ms: 0.455457
2026-10-08T20:02:08.0052745Z   ...
2026-10-08T20:02:08.0053411Z # Subtest: every question and prerequisite must name a known covered concept
2026-10-08T20:02:08.0054344Z ok 160 - every question and prerequisite must name a known covered concept
2026-10-08T20:02:08.0054990Z   ---
2026-10-08T20:02:08.0055386Z   duration_ms: 0.286196
2026-10-08T20:02:08.0055812Z   ...
2026-10-08T20:02:08.0056548Z # Subtest: self-requirements and concept cycles across different questions are refused
2026-10-08T20:02:08.0057623Z ok 161 - self-requirements and concept cycles across different questions are refused
2026-10-08T20:02:08.0058314Z   ---
2026-10-08T20:02:08.0058692Z   duration_ms: 0.346665
2026-10-08T20:02:08.0059095Z   ...
2026-10-08T20:02:08.0060146Z # Subtest: choices require distinct readable options and an actual integer answer index
2026-10-08T20:02:08.0061199Z ok 162 - choices require distinct readable options and an actual integer answer index
2026-10-08T20:02:08.0061887Z   ---
2026-10-08T20:02:08.0062320Z   duration_ms: 0.701414
2026-10-08T20:02:08.0062730Z   ...
2026-10-08T20:02:08.0063420Z # Subtest: 100 questions and 32 concepts work through the existing selector to exhaustion
2026-10-08T20:02:08.0064427Z ok 163 - 100 questions and 32 concepts work through the existing selector to exhaustion
2026-10-08T20:02:08.0065072Z   ---
2026-10-08T20:02:08.0065464Z   duration_ms: 119.53326
2026-10-08T20:02:08.0065892Z   ...
2026-10-08T20:02:08.0066687Z # Subtest: imported answer indices, literal text and object-key names survive learning and practice
2026-10-08T20:02:08.0067827Z ok 164 - imported answer indices, literal text and object-key names survive learning and practice
2026-10-08T20:02:08.0068575Z   ---
2026-10-08T20:02:08.0068965Z   duration_ms: 0.928381
2026-10-08T20:02:08.0069742Z   ...
2026-10-08T20:02:08.0070507Z # Subtest: downloadable example round-trips through the import contract with full attribution
2026-10-08T20:02:08.0071659Z ok 165 - downloadable example round-trips through the import contract with full attribution
2026-10-08T20:02:08.0072373Z   ---
2026-10-08T20:02:08.0072758Z   duration_ms: 0.507485
2026-10-08T20:02:08.0073168Z   ...
2026-10-08T20:02:08.0073847Z # Subtest: the exact original course is bounded, admitted, balanced and round-trippable
2026-10-08T20:02:08.0074857Z ok 166 - the exact original course is bounded, admitted, balanced and round-trippable
2026-10-08T20:02:08.0075544Z   ---
2026-10-08T20:02:08.0075937Z   duration_ms: 2.692746
2026-10-08T20:02:08.0076356Z   ...
2026-10-08T20:02:08.0077045Z # Subtest: every stated answer follows the literal graph, with one correct option
2026-10-08T20:02:08.0077754Z     # Subtest: dg-links-1
2026-10-08T20:02:08.0078219Z     ok 1 - dg-links-1
2026-10-08T20:02:08.0078653Z       ---
2026-10-08T20:02:08.0079048Z       duration_ms: 0.428718
2026-10-08T20:02:08.0079757Z       ...
2026-10-08T20:02:08.0080151Z     # Subtest: dg-links-2
2026-10-08T20:02:08.0080608Z     ok 2 - dg-links-2
2026-10-08T20:02:08.0081062Z       ---
2026-10-08T20:02:08.0081460Z       duration_ms: 0.379865
2026-10-08T20:02:08.0081905Z       ...
2026-10-08T20:02:08.0090531Z     # Subtest: dg-links-3
2026-10-08T20:02:08.0091037Z     ok 3 - dg-links-3
2026-10-08T20:02:08.0091491Z       ---
2026-10-08T20:02:08.0091900Z       duration_ms: 1.390018
2026-10-08T20:02:08.0119801Z       ...
2026-10-08T20:02:08.0130014Z     # Subtest: dg-reach-1
2026-10-08T20:02:08.0130514Z     ok 4 - dg-reach-1
2026-10-08T20:02:08.0130908Z       ---
2026-10-08T20:02:08.0131282Z       duration_ms: 0.375298
2026-10-08T20:02:08.0131686Z       ...
2026-10-08T20:02:08.0132039Z     # Subtest: dg-reach-2
2026-10-08T20:02:08.0132452Z     ok 5 - dg-reach-2
2026-10-08T20:02:08.0132835Z       ---
2026-10-08T20:02:08.0133191Z       duration_ms: 0.313557
2026-10-08T20:02:08.0133590Z       ...
2026-10-08T20:02:08.0133955Z     # Subtest: dg-reach-3
2026-10-08T20:02:08.0134351Z     ok 6 - dg-reach-3
2026-10-08T20:02:08.0134934Z       ---
2026-10-08T20:02:08.0135312Z       duration_ms: 0.183513
2026-10-08T20:02:08.0135711Z       ...
2026-10-08T20:02:08.0136069Z     # Subtest: dg-order-1
2026-10-08T20:02:08.0136469Z     ok 7 - dg-order-1
2026-10-08T20:02:08.0136846Z       ---
2026-10-08T20:02:08.0137207Z       duration_ms: 0.223322
2026-10-08T20:02:08.0137587Z       ...
2026-10-08T20:02:08.0137926Z     # Subtest: dg-order-2
2026-10-08T20:02:08.0138306Z     ok 8 - dg-order-2
2026-10-08T20:02:08.0138665Z       ---
2026-10-08T20:02:08.0139003Z       duration_ms: 0.394136
2026-10-08T20:02:08.0139546Z       ...
2026-10-08T20:02:08.0139907Z     # Subtest: dg-order-3
2026-10-08T20:02:08.0140304Z     ok 9 - dg-order-3
2026-10-08T20:02:08.0140697Z       ---
2026-10-08T20:02:08.0141043Z       duration_ms: 0.435518
2026-10-08T20:02:08.0141435Z       ...
2026-10-08T20:02:08.0141787Z     # Subtest: dg-update-1
2026-10-08T20:02:08.0142205Z     ok 10 - dg-update-1
2026-10-08T20:02:08.0142574Z       ---
2026-10-08T20:02:08.0142936Z       duration_ms: 0.637579
2026-10-08T20:02:08.0143324Z       ...
2026-10-08T20:02:08.0143656Z     # Subtest: dg-update-2
2026-10-08T20:02:08.0144066Z     ok 11 - dg-update-2
2026-10-08T20:02:08.0144445Z       ---
2026-10-08T20:02:08.0144802Z       duration_ms: 0.88109
2026-10-08T20:02:08.0145196Z       ...
2026-10-08T20:02:08.0145537Z     # Subtest: dg-update-3
2026-10-08T20:02:08.0145952Z     ok 12 - dg-update-3
2026-10-08T20:02:08.0146325Z       ---
2026-10-08T20:02:08.0146681Z       duration_ms: 0.467525
2026-10-08T20:02:08.0147077Z       ...
2026-10-08T20:02:08.0147405Z     1..12
2026-10-08T20:02:08.0148067Z ok 167 - every stated answer follows the literal graph, with one correct option
2026-10-08T20:02:08.0148692Z   ---
2026-10-08T20:02:08.0149039Z   duration_ms: 7.965822
2026-10-08T20:02:08.0149601Z   ...
2026-10-08T20:02:08.0150299Z # Subtest: structurally valid changed content exposes graph reversal and blocked-descendant mistakes
2026-10-08T20:02:08.0151214Z ok 168 - structurally valid changed content exposes graph reversal and blocked-descendant mistakes
2026-10-08T20:02:08.0151596Z   ---
2026-10-08T20:02:08.0151776Z   duration_ms: 2.139643
2026-10-08T20:02:08.0151984Z   ...
2026-10-08T20:02:08.0152373Z # Subtest: the real selector, review, practice, notes and trace consumer preserve this course
2026-10-08T20:02:08.0152930Z ok 169 - the real selector, review, practice, notes and trace consumer preserve this course
2026-10-08T20:02:08.0153281Z   ---
2026-10-08T20:02:08.0153461Z   duration_ms: 14.985425
2026-10-08T20:02:08.0153653Z   ...
2026-10-08T20:02:08.0783369Z # Subtest: literal input preserves case, Unicode and prototype-like names
2026-10-08T20:02:08.0784661Z ok 170 - literal input preserves case, Unicode and prototype-like names
2026-10-08T20:02:08.0785391Z   ---
2026-10-08T20:02:08.0785772Z   duration_ms: 2.244619
2026-10-08T20:02:08.0786153Z   ...
2026-10-08T20:02:08.0786833Z # Subtest: bounded input rejects ambiguity, duplicate arrows and unknown names
2026-10-08T20:02:08.0787734Z ok 171 - bounded input rejects ambiguity, duplicate arrows and unknown names
2026-10-08T20:02:08.0788329Z   ---
2026-10-08T20:02:08.0788690Z   duration_ms: 1.322508
2026-10-08T20:02:08.0789068Z   ...
2026-10-08T20:02:08.0790024Z # Subtest: the graph model copies and freezes input instead of sharing mutable arrays
2026-10-08T20:02:08.0790976Z ok 172 - the graph model copies and freezes input instead of sharing mutable arrays
2026-10-08T20:02:08.0791606Z   ---
2026-10-08T20:02:08.0791961Z   duration_ms: 1.056191
2026-10-08T20:02:08.0792339Z   ...
2026-10-08T20:02:08.0792991Z # Subtest: completion requires every prerequisite and never permits a repeated job
2026-10-08T20:02:08.0793921Z ok 173 - completion requires every prerequisite and never permits a repeated job
2026-10-08T20:02:08.0794541Z   ---
2026-10-08T20:02:08.0794888Z   duration_ms: 0.926899
2026-10-08T20:02:08.0795267Z   ...
2026-10-08T20:02:08.0795860Z # Subtest: undo and reset retain the graph and earlier completion order
2026-10-08T20:02:08.0796990Z ok 174 - undo and reset retain the graph and earlier completion order
2026-10-08T20:02:08.0797562Z   ---
2026-10-08T20:02:08.0797909Z   duration_ms: 0.696636
2026-10-08T20:02:08.0798285Z   ...
2026-10-08T20:02:08.0798877Z # Subtest: a downstream blocked job is not mislabeled as part of a cycle
2026-10-08T20:02:08.0799991Z ok 175 - a downstream blocked job is not mislabeled as part of a cycle
2026-10-08T20:02:08.0800556Z   ---
2026-10-08T20:02:08.0800907Z   duration_ms: 0.541706
2026-10-08T20:02:08.0801285Z   ...
2026-10-08T20:02:08.0802018Z # Subtest: separate strongly connected groups, a self-loop and their descendants stay distinct
2026-10-08T20:02:08.0803087Z ok 176 - separate strongly connected groups, a self-loop and their descendants stay distinct
2026-10-08T20:02:08.0803772Z   ---
2026-10-08T20:02:08.0804131Z   duration_ms: 0.422508
2026-10-08T20:02:08.0804511Z   ...
2026-10-08T20:02:08.0805138Z # Subtest: reachability follows direction and counts positive-length paths
2026-10-08T20:02:08.0806012Z ok 177 - reachability follows direction and counts positive-length paths
2026-10-08T20:02:08.0806600Z   ---
2026-10-08T20:02:08.0806953Z   duration_ms: 0.864647
2026-10-08T20:02:08.0807323Z   ...
2026-10-08T20:02:08.0808020Z # Subtest: order enumeration extends the exact prefix and reports a cap only when exceeded
2026-10-08T20:02:08.0809011Z ok 178 - order enumeration extends the exact prefix and reports a cap only when exceeded
2026-10-08T20:02:08.0809819Z   ---
2026-10-08T20:02:08.0810178Z   duration_ms: 0.481977
2026-10-08T20:02:08.0810563Z   ...
2026-10-08T20:02:08.0811176Z # Subtest: eight independent jobs produce bounded, stable complete orders
2026-10-08T20:02:08.0812028Z ok 179 - eight independent jobs produce bounded, stable complete orders
2026-10-08T20:02:08.0812630Z   ---
2026-10-08T20:02:08.0812985Z   duration_ms: 0.422629
2026-10-08T20:02:08.0813373Z   ...
2026-10-08T20:02:08.0814050Z # Subtest: the standalone build and original course download retain exact source text
2026-10-08T20:02:08.0815310Z ok 180 - the standalone build and original course download retain exact source text
2026-10-08T20:02:08.0815971Z   ---
2026-10-08T20:02:08.0816335Z   duration_ms: 2.719697
2026-10-08T20:02:08.0817006Z   ...
2026-10-08T20:02:08.0818099Z # Subtest: the builder escapes source text for HTML while recovering the original UTF-8 string
2026-10-08T20:02:08.0819067Z ok 181 - the builder escapes source text for HTML while recovering the original UTF-8 string
2026-10-08T20:02:08.0819748Z   ---
2026-10-08T20:02:08.0820005Z   duration_ms: 0.940109
2026-10-08T20:02:08.0820283Z   ...
2026-10-08T20:02:08.0850296Z # Subtest: unsupported module changes and missing or duplicated build markers fail explicitly
2026-10-08T20:02:08.0851532Z ok 182 - unsupported module changes and missing or duplicated build markers fail explicitly
2026-10-08T20:02:08.0852191Z   ---
2026-10-08T20:02:08.0852585Z   duration_ms: 30.679977
2026-10-08T20:02:08.0853027Z   ...
2026-10-08T20:02:08.1324775Z # Subtest: timing exports the admitted API and preserves every tied critical branch
2026-10-08T20:02:08.1340124Z ok 183 - timing exports the admitted API and preserves every tied critical branch
2026-10-08T20:02:08.1366010Z   ---
2026-10-08T20:02:08.1389786Z   duration_ms: 5.414396
2026-10-08T20:02:08.1397144Z   ...
2026-10-08T20:02:08.1397942Z # Subtest: all three-job DAGs and binary duration vectors match enumerated maximal paths
2026-10-08T20:02:08.1398966Z ok 184 - all three-job DAGs and binary duration vectors match enumerated maximal paths
2026-10-08T20:02:08.1399794Z   ---
2026-10-08T20:02:08.1400190Z   duration_ms: 75.068729
2026-10-08T20:02:08.1400612Z   ...
2026-10-08T20:02:08.1401326Z # Subtest: zero milestones and disconnected jobs use the global project deadline
2026-10-08T20:02:08.1402284Z ok 185 - zero milestones and disconnected jobs use the global project deadline
2026-10-08T20:02:08.1402932Z   ---
2026-10-08T20:02:08.1403313Z   duration_ms: 0.628185
2026-10-08T20:02:08.1403734Z   ...
2026-10-08T20:02:08.1404774Z # Subtest: eight-job bounds retain exact integer arithmetic and all tight zero branches
2026-10-08T20:02:08.1405826Z ok 186 - eight-job bounds retain exact integer arithmetic and all tight zero branches
2026-10-08T20:02:08.1406561Z   ---
2026-10-08T20:02:08.1406955Z   duration_ms: 10.911885
2026-10-08T20:02:08.1407399Z   ...
2026-10-08T20:02:08.1408187Z # Subtest: cyclic projects retain separate SCC, blocked-descendant and ready-job explanations
2026-10-08T20:02:08.1409469Z ok 187 - cyclic projects retain separate SCC, blocked-descendant and ready-job explanations
2026-10-08T20:02:08.1410257Z   ---
2026-10-08T20:02:08.1410674Z   duration_ms: 0.576498
2026-10-08T20:02:08.1411104Z   ...
2026-10-08T20:02:08.1411870Z # Subtest: duration records are complete, exact-own-key, strict integer inputs even for cycles
2026-10-08T20:02:08.1412986Z ok 188 - duration records are complete, exact-own-key, strict integer inputs even for cycles
2026-10-08T20:02:08.1413826Z   ---
2026-10-08T20:02:08.1414221Z   duration_ms: 1.442696
2026-10-08T20:02:08.1414641Z   ...
2026-10-08T20:02:08.1415407Z # Subtest: literal Unicode and prototype-like job names preserve exact identities and order
2026-10-08T20:02:08.1416555Z ok 189 - literal Unicode and prototype-like job names preserve exact identities and order
2026-10-08T20:02:08.1417303Z   ---
2026-10-08T20:02:08.1417724Z   duration_ms: 0.892498
2026-10-08T20:02:08.1418152Z   ...
2026-10-08T20:02:08.1418896Z # Subtest: graph refusal remains delegated to the unchanged original admission contract
2026-10-08T20:02:08.1420140Z ok 190 - graph refusal remains delegated to the unchanged original admission contract
2026-10-08T20:02:08.1420846Z   ---
2026-10-08T20:02:08.1421264Z   duration_ms: 0.380767
2026-10-08T20:02:08.1421701Z   ...
2026-10-08T20:02:08.1422442Z # Subtest: returned timing is detached and deeply frozen without freezing caller input
2026-10-08T20:02:08.1423534Z ok 191 - returned timing is detached and deeply frozen without freezing caller input
2026-10-08T20:02:08.1424537Z   ---
2026-10-08T20:02:08.1424950Z   duration_ms: 1.281787
2026-10-08T20:02:08.1425394Z   ...
2026-10-08T20:02:08.1426123Z # Subtest: duration admission refuses accessors without executing getters or coercion
2026-10-08T20:02:08.1427173Z ok 192 - duration admission refuses accessors without executing getters or coercion
2026-10-08T20:02:08.1427878Z   ---
2026-10-08T20:02:08.1428287Z   duration_ms: 3.227622
2026-10-08T20:02:08.1428733Z   ...
2026-10-08T20:02:08.1459589Z # Subtest: the checked-in timing page exactly matches the native builder output
2026-10-08T20:02:08.1463529Z ok 193 - the checked-in timing page exactly matches the native builder output
2026-10-08T20:02:08.1464243Z   ---
2026-10-08T20:02:08.1464651Z   duration_ms: 19.120102
2026-10-08T20:02:08.1465082Z   ...
2026-10-08T20:02:08.1592736Z # Subtest: the committed standalone page exactly matches its native source builder
2026-10-08T20:02:08.1593812Z ok 194 - the committed standalone page exactly matches its native source builder
2026-10-08T20:02:08.1594522Z   ---
2026-10-08T20:02:08.1594925Z   duration_ms: 5.394426
2026-10-08T20:02:08.1595336Z   ...
2026-10-08T20:02:08.1596145Z # Subtest: the actual embedded course text retains the qualified twelve-question identity byte for byte
2026-10-08T20:02:08.1597312Z ok 195 - the actual embedded course text retains the qualified twelve-question identity byte for byte
2026-10-08T20:02:08.1598113Z   ---
2026-10-08T20:02:08.1598491Z   duration_ms: 2.390907
2026-10-08T20:02:08.1598887Z   ...
2026-10-08T20:02:08.1620247Z # Subtest: the fixed uninhibited enzyme reproduces the existing course example
2026-10-08T20:02:08.1622826Z ok 196 - the fixed uninhibited enzyme reproduces the existing course example
2026-10-08T20:02:08.1623269Z   ---
2026-10-08T20:02:08.1623522Z   duration_ms: 2.007817
2026-10-08T20:02:08.1623787Z   ...
2026-10-08T20:02:08.1624288Z # Subtest: one independently worked comparison distinguishes rate, fraction and apparent parameters
2026-10-08T20:02:08.1624987Z ok 197 - one independently worked comparison distinguishes rate, fraction and apparent parameters
2026-10-08T20:02:08.1625687Z   ---
2026-10-08T20:02:08.1625936Z   duration_ms: 0.262521
2026-10-08T20:02:08.1626194Z   ...
2026-10-08T20:02:08.1626649Z # Subtest: zero substrate yields zero rates and undefined fractions, including with zero inhibitor
2026-10-08T20:02:08.1627309Z ok 198 - zero substrate yields zero rates and undefined fractions, including with zero inhibitor
2026-10-08T20:02:08.1627726Z   ---
2026-10-08T20:02:08.1627962Z   duration_ms: 0.415988
2026-10-08T20:02:08.1628393Z   ...
2026-10-08T20:02:08.1628926Z # Subtest: zero inhibitor makes all cases coincide; each Km locates its own half limiting rate
2026-10-08T20:02:08.1630054Z ok 199 - zero inhibitor makes all cases coincide; each Km locates its own half limiting rate
2026-10-08T20:02:08.1630818Z   ---
2026-10-08T20:02:08.1631227Z   duration_ms: 0.422769
2026-10-08T20:02:08.1631603Z   ...
2026-10-08T20:02:08.1632152Z # Subtest: adding substrate reduces competitive fractional loss while the pure special case stays proportional
2026-10-08T20:02:08.1632906Z ok 200 - adding substrate reduces competitive fractional loss while the pure special case stays proportional
2026-10-08T20:02:08.1633457Z   ---
2026-10-08T20:02:08.1706710Z   duration_ms: 0.226016
2026-10-08T20:02:08.1707042Z   ...
2026-10-08T20:02:08.1707741Z # Subtest: a deterministic domain grid preserves saturation, ordering and fixed baseline parameters
2026-10-08T20:02:08.1708783Z ok 201 - a deterministic domain grid preserves saturation, ordering and fixed baseline parameters
2026-10-08T20:02:08.1709532Z   ---
2026-10-08T20:02:08.1709820Z   duration_ms: 0.810887
2026-10-08T20:02:08.1710124Z   ...
2026-10-08T20:02:08.1710785Z # Subtest: invalid or coerced inputs and incomplete text never silently reuse a prior comparison
2026-10-08T20:02:08.1711713Z ok 202 - invalid or coerced inputs and incomplete text never silently reuse a prior comparison
2026-10-08T20:02:08.1712612Z   ---
2026-10-08T20:02:08.1712887Z   duration_ms: 1.164844
2026-10-08T20:02:08.1713193Z   ...
2026-10-08T20:02:08.1713877Z # Subtest: snapshots are independent and the sampled curve includes exact endpoints and course points
2026-10-08T20:02:08.1714884Z ok 203 - snapshots are independent and the sampled curve includes exact endpoints and course points
2026-10-08T20:02:08.1715499Z   ---
2026-10-08T20:02:08.1715765Z   duration_ms: 1.515876
2026-10-08T20:02:08.1716063Z   ...
2026-10-08T20:02:08.1716704Z # Subtest: CSV exports the current point, complete sample grid, units and explicit undefined cells
2026-10-08T20:02:08.1717674Z ok 204 - CSV exports the current point, complete sample grid, units and explicit undefined cells
2026-10-08T20:02:08.1718254Z   ---
2026-10-08T20:02:08.1718529Z   duration_ms: 4.500135
2026-10-08T20:02:08.1718824Z   ...
2026-10-08T20:02:08.1719645Z # Subtest: positive subnormal substrate retains analytic fractions instead of a quotient of quantized rates
2026-10-08T20:02:08.1720739Z ok 205 - positive subnormal substrate retains analytic fractions instead of a quotient of quantized rates
2026-10-08T20:02:08.1721376Z   ---
2026-10-08T20:02:08.1721661Z   duration_ms: 1.609865
2026-10-08T20:02:08.1721959Z   ...
2026-10-08T20:02:08.2020802Z # Subtest: the original twelve-question course enters the unchanged deck contract with all four concepts
2026-10-08T20:02:08.2030198Z ok 206 - the original twelve-question course enters the unchanged deck contract with all four concepts
2026-10-08T20:02:08.2040084Z   ---
2026-10-08T20:02:08.2040521Z   duration_ms: 1.5594
2026-10-08T20:02:08.2041306Z   ...
2026-10-08T20:02:08.2042156Z # Subtest: a complete adaptive session retains two first misses while separate practice and notes use this course
2026-10-08T20:02:08.2043383Z ok 207 - a complete adaptive session retains two first misses while separate practice and notes use this course
2026-10-08T20:02:08.2044145Z   ---
2026-10-08T20:02:08.2044533Z   duration_ms: 9.6447
2026-10-08T20:02:08.2044949Z   ...
2026-10-08T20:02:08.2045667Z # Subtest: a fully correct course still yields complete review and notes without invented retries
2026-10-08T20:02:08.2046951Z ok 208 - a fully correct course still yields complete review and notes without invented retries
2026-10-08T20:02:08.2047622Z   ---
2026-10-08T20:02:08.2047974Z   duration_ms: 0.687403
2026-10-08T20:02:08.2048362Z   ...
2026-10-08T20:02:08.2052795Z # Subtest: the committed direct-file explorer matches its exact modular inputs
2026-10-08T20:02:08.2080193Z ok 209 - the committed direct-file explorer matches its exact modular inputs
2026-10-08T20:02:08.2080895Z   ---
2026-10-08T20:02:08.2081274Z   duration_ms: 42.517384
2026-10-08T20:02:08.2081663Z   ...
2026-10-08T20:02:08.3191683Z # Subtest: decimal-text inputs normalize whitespace and leading zeros without number coercion
2026-10-08T20:02:08.3198082Z ok 210 - decimal-text inputs normalize whitespace and leading zeros without number coercion
2026-10-08T20:02:08.3198894Z   ---
2026-10-08T20:02:08.3199574Z   duration_ms: 2.068177
2026-10-08T20:02:08.3200021Z   ...
2026-10-08T20:02:08.3200742Z # Subtest: ambiguous, out-of-range and nontext inputs are refused before computation
2026-10-08T20:02:08.3201646Z ok 211 - ambiguous, out-of-range and nontext inputs are refused before computation
2026-10-08T20:02:08.3202334Z   ---
2026-10-08T20:02:08.3202734Z   duration_ms: 2.221546
2026-10-08T20:02:08.3203144Z   ...
2026-10-08T20:02:08.3203836Z # Subtest: the original ordered pair produces the exact worked four-division trace
2026-10-08T20:02:08.3204803Z ok 212 - the original ordered pair produces the exact worked four-division trace
2026-10-08T20:02:08.3205429Z   ---
2026-10-08T20:02:08.3205829Z   duration_ms: 0.540974
2026-10-08T20:02:08.3206247Z   ...
2026-10-08T20:02:08.3206911Z # Subtest: smaller-first inputs retain their real quotient-zero first division
2026-10-08T20:02:08.3207837Z ok 213 - smaller-first inputs retain their real quotient-zero first division
2026-10-08T20:02:08.3208502Z   ---
2026-10-08T20:02:08.3209591Z   duration_ms: 0.529859
2026-10-08T20:02:08.3210073Z   ...
2026-10-08T20:02:08.3210807Z # Subtest: zero, equal and exactly divisible pairs have their actual division counts
2026-10-08T20:02:08.3211828Z ok 214 - zero, equal and exactly divisible pairs have their actual division counts
2026-10-08T20:02:08.3212513Z   ---
2026-10-08T20:02:08.3212916Z   duration_ms: 0.502027
2026-10-08T20:02:08.3213404Z   ...
2026-10-08T20:02:08.3214196Z # Subtest: all 6,561 pairs from zero through eighty agree with common-divisor enumeration
2026-10-08T20:02:08.3215466Z ok 215 - all 6,561 pairs from zero through eighty agree with common-divisor enumeration
2026-10-08T20:02:08.3216196Z   ---
2026-10-08T20:02:08.3216554Z   duration_ms: 95.564203
2026-10-08T20:02:08.3216917Z   ...
2026-10-08T20:02:08.3217590Z # Subtest: boundary and long-chain pairs agree with a separate binary-gcd oracle
2026-10-08T20:02:08.3218456Z ok 216 - boundary and long-chain pairs agree with a separate binary-gcd oracle
2026-10-08T20:02:08.3218945Z   ---
2026-10-08T20:02:08.3219182Z   duration_ms: 11.542067
2026-10-08T20:02:08.3219572Z   ...
2026-10-08T20:02:08.3220022Z # Subtest: the saved trace is exact JSON with decimal integer strings and independent frozen results
2026-10-08T20:02:08.3220572Z ok 217 - the saved trace is exact JSON with decimal integer strings and independent frozen results
2026-10-08T20:02:08.3220903Z   ---
2026-10-08T20:02:08.3221064Z   duration_ms: 0.609477
2026-10-08T20:02:08.3221246Z   ...
2026-10-08T20:02:08.3258517Z # Subtest: the original course imports through the unchanged learner contract and round trips
2026-10-08T20:02:08.3291796Z ok 218 - the original course imports through the unchanged learner contract and round trips
2026-10-08T20:02:08.3293831Z   ---
2026-10-08T20:02:08.3294246Z   duration_ms: 3.116006
2026-10-08T20:02:08.3294645Z   ...
2026-10-08T20:02:08.3295387Z # Subtest: the course explicitly teaches the hand-calculated update, multiplier and strict boundary
2026-10-08T20:02:08.3296562Z ok 219 - the course explicitly teaches the hand-calculated update, multiplier and strict boundary
2026-10-08T20:02:08.3297283Z   ---
2026-10-08T20:02:08.3297862Z   duration_ms: 0.266597
2026-10-08T20:02:08.3298244Z   ...
2026-10-08T20:02:08.3298935Z # Subtest: the generated explorer contains the exact course bytes and current model source
2026-10-08T20:02:08.3300077Z ok 220 - the generated explorer contains the exact course bytes and current model source
2026-10-08T20:02:08.3300693Z   ---
2026-10-08T20:02:08.3301040Z   duration_ms: 64.441418
2026-10-08T20:02:08.3301408Z   ...
2026-10-08T20:02:08.3302049Z # Subtest: the default rule follows a hand-calculated update and approaches 2/3, not r=1
2026-10-08T20:02:08.3303004Z ok 221 - the default rule follows a hand-calculated update and approaches 2/3, not r=1
2026-10-08T20:02:08.3303646Z   ---
2026-10-08T20:02:08.3304022Z   duration_ms: 2.35212
2026-10-08T20:02:08.3304419Z   ...
2026-10-08T20:02:08.3305123Z # Subtest: two starts obey the signed geometric separation and cancel common forcing
2026-10-08T20:02:08.3306165Z ok 222 - two starts obey the signed geometric separation and cancel common forcing
2026-10-08T20:02:08.3306841Z   ---
2026-10-08T20:02:08.3307211Z   duration_ms: 1.012125
2026-10-08T20:02:08.3307610Z   ...
2026-10-08T20:02:08.3308205Z # Subtest: q=0 reaches the same unique fixed point after one update
2026-10-08T20:02:08.3309009Z ok 223 - q=0 reaches the same unique fixed point after one update
2026-10-08T20:02:08.3309757Z   ---
2026-10-08T20:02:08.3310094Z   duration_ms: 0.255521
2026-10-08T20:02:08.3310446Z   ...
2026-10-08T20:02:08.3311156Z # Subtest: boundary cases distinguish persistent separation, drift and repeating deviations
2026-10-08T20:02:08.3312271Z ok 224 - boundary cases distinguish persistent separation, drift and repeating deviations
2026-10-08T20:02:08.3312903Z   ---
2026-10-08T20:02:08.3313253Z   duration_ms: 0.507796
2026-10-08T20:02:08.3313627Z   ...
2026-10-08T20:02:08.3314181Z # Subtest: an exact equilibrium can stay flat while a nearby start grows
2026-10-08T20:02:08.3315151Z ok 225 - an exact equilibrium can stay flat while a nearby start grows
2026-10-08T20:02:08.3315682Z   ---
2026-10-08T20:02:08.3316020Z   duration_ms: 0.278654
2026-10-08T20:02:08.3316381Z   ...
2026-10-08T20:02:08.3316970Z # Subtest: constant input and reference move the fixed point without changing q
2026-10-08T20:02:08.3317815Z ok 226 - constant input and reference move the fixed point without changing q
2026-10-08T20:02:08.3318376Z   ---
2026-10-08T20:02:08.3318712Z   duration_ms: 0.292405
2026-10-08T20:02:08.3319074Z   ...
2026-10-08T20:02:08.3320226Z # Subtest: the admitted longest extreme trajectories remain finite and follow a closed form
2026-10-08T20:02:08.3321193Z ok 227 - the admitted longest extreme trajectories remain finite and follow a closed form
2026-10-08T20:02:08.3321812Z   ---
2026-10-08T20:02:08.3322148Z   duration_ms: 1.728992
2026-10-08T20:02:08.3322515Z   ...
2026-10-08T20:02:08.3323309Z # Subtest: validation rejects unbounded, fractional, empty and nonnumeric settings without changing the input
2026-10-08T20:02:08.3324531Z ok 228 - validation rejects unbounded, fractional, empty and nonnumeric settings without changing the input
2026-10-08T20:02:08.3325234Z   ---
2026-10-08T20:02:08.3325568Z   duration_ms: 0.838548
2026-10-08T20:02:08.3325922Z   ...
2026-10-08T20:02:08.3326578Z # Subtest: terminal CSV fields mean N updates and N+1 states; settings survive every row
2026-10-08T20:02:08.3327522Z ok 229 - terminal CSV fields mean N updates and N+1 states; settings survive every row
2026-10-08T20:02:08.3328121Z   ---
2026-10-08T20:02:08.3328456Z   duration_ms: 0.600263
2026-10-08T20:02:08.3328810Z   ...
2026-10-08T20:02:08.3329606Z # Subtest: finite-precision subtraction remains distinct from the analytical separation
2026-10-08T20:02:08.3330624Z ok 230 - finite-precision subtraction remains distinct from the analytical separation
2026-10-08T20:02:08.3331250Z   ---
2026-10-08T20:02:08.3331579Z   duration_ms: 0.30944
2026-10-08T20:02:08.3331950Z   ...
2026-10-08T20:02:08.3383883Z # Subtest: the original twelve-question course satisfies the current public deck contract
2026-10-08T20:02:08.3385394Z ok 231 - the original twelve-question course satisfies the current public deck contract
2026-10-08T20:02:08.3386136Z   ---
2026-10-08T20:02:08.3386563Z   duration_ms: 2.538938
2026-10-08T20:02:08.3387016Z   ...
2026-10-08T20:02:08.3393792Z # Subtest: course answer identities agree with separately specified arithmetic and conventions
2026-10-08T20:02:08.3396498Z ok 232 - course answer identities agree with separately specified arithmetic and conventions
2026-10-08T20:02:08.3397175Z   ---
2026-10-08T20:02:08.3397573Z   duration_ms: 0.539793
2026-10-08T20:02:08.3398002Z   ...
2026-10-08T20:02:08.3404469Z # Subtest: the actual adaptive, review, retry, and study-note consumers receive all course content
2026-10-08T20:02:08.3407503Z ok 233 - the actual adaptive, review, retry, and study-note consumers receive all course content
2026-10-08T20:02:08.3408183Z   ---
2026-10-08T20:02:08.3408571Z   duration_ms: 12.007625
2026-10-08T20:02:08.3408971Z   ...
2026-10-08T20:02:08.3416016Z # Subtest: the direct-file lab is an exact build with the original downloadable course bytes
2026-10-08T20:02:08.3418164Z ok 234 - the direct-file lab is an exact build with the original downloadable course bytes
2026-10-08T20:02:08.3418906Z   ---
2026-10-08T20:02:08.3419499Z   duration_ms: 2.584766
2026-10-08T20:02:08.3419948Z   ...
2026-10-08T20:02:08.3594237Z # Subtest: full signed convolution retains cancellation and the final product
2026-10-08T20:02:08.3595320Z ok 235 - full signed convolution retains cancellation and the final product
2026-10-08T20:02:08.3596020Z   ---
2026-10-08T20:02:08.3596458Z   duration_ms: 1.532224
2026-10-08T20:02:08.3596909Z   ...
2026-10-08T20:02:08.3597637Z # Subtest: each selected index exposes reversed kernel indices and outside-list zeros
2026-10-08T20:02:08.3598696Z ok 236 - each selected index exposes reversed kernel indices and outside-list zeros
2026-10-08T20:02:08.3599989Z   ---
2026-10-08T20:02:08.3600415Z   duration_ms: 0.600744
2026-10-08T20:02:08.3600856Z   ...
2026-10-08T20:02:08.3601579Z # Subtest: convolution is distinguished from the declared zero-lag correlation
2026-10-08T20:02:08.3602571Z ok 237 - convolution is distinguished from the declared zero-lag correlation
2026-10-08T20:02:08.3603256Z   ---
2026-10-08T20:02:08.3603690Z   duration_ms: 0.910615
2026-10-08T20:02:08.3604134Z   ...
2026-10-08T20:02:08.3604865Z # Subtest: impulses preserve origin, delays, and the declared full zero padding
2026-10-08T20:02:08.3605878Z ok 238 - impulses preserve origin, delays, and the declared full zero padding
2026-10-08T20:02:08.3606547Z   ---
2026-10-08T20:02:08.3606982Z   duration_ms: 0.274779
2026-10-08T20:02:08.3607419Z   ...
2026-10-08T20:02:08.3608065Z # Subtest: averaging and differencing include both finite boundaries
2026-10-08T20:02:08.3608952Z ok 239 - averaging and differencing include both finite boundaries
2026-10-08T20:02:08.3609937Z   ---
2026-10-08T20:02:08.3610394Z   duration_ms: 0.204694
2026-10-08T20:02:08.3610849Z   ...
2026-10-08T20:02:08.3611664Z # Subtest: fixed-kernel superposition and operand exchange hold on distinct signed cases
2026-10-08T20:02:08.3612778Z ok 240 - fixed-kernel superposition and operand exchange hold on distinct signed cases
2026-10-08T20:02:08.3613555Z   ---
2026-10-08T20:02:08.3613968Z   duration_ms: 0.42997
2026-10-08T20:02:08.3614388Z   ...
2026-10-08T20:02:08.3616313Z # Subtest: four-place inputs preserve eight-place signed products and exact cancellation
2026-10-08T20:02:08.3618181Z ok 241 - four-place inputs preserve eight-place signed products and exact cancellation
2026-10-08T20:02:08.3618781Z   ---
2026-10-08T20:02:08.3635438Z   duration_ms: 0.325124
2026-10-08T20:02:08.3667610Z   ...
2026-10-08T20:02:08.3687065Z # Subtest: the maximum admitted lists retain 47 finite outputs and the exact peak
2026-10-08T20:02:08.3687976Z ok 242 - the maximum admitted lists retain 47 finite outputs and the exact peak
2026-10-08T20:02:08.3688542Z   ---
2026-10-08T20:02:08.3688829Z   duration_ms: 0.380597
2026-10-08T20:02:08.3689140Z   ...
2026-10-08T20:02:08.3690328Z # Subtest: text admission keeps literal values and refuses ambiguous or out-of-domain input
2026-10-08T20:02:08.3691291Z ok 243 - text admission keeps literal values and refuses ambiguous or out-of-domain input
2026-10-08T20:02:08.3691843Z   ---
2026-10-08T20:02:08.3692129Z   duration_ms: 0.980088
2026-10-08T20:02:08.3692429Z   ...
2026-10-08T20:02:08.3693184Z # Subtest: direct numerical callers cannot admit holes, non-numbers, extra precision, or invalid indices
2026-10-08T20:02:08.3694257Z ok 244 - direct numerical callers cannot admit holes, non-numbers, extra precision, or invalid indices
2026-10-08T20:02:08.3694872Z   ---
2026-10-08T20:02:08.3695129Z   duration_ms: 0.42314
2026-10-08T20:02:08.3695840Z   ...
2026-10-08T20:02:08.3696465Z # Subtest: a recorded calculation owns immutable inputs, outputs, and per-index terms
2026-10-08T20:02:08.3697424Z ok 245 - a recorded calculation owns immutable inputs, outputs, and per-index terms
2026-10-08T20:02:08.3697968Z   ---
2026-10-08T20:02:08.3698243Z   duration_ms: 0.45027
2026-10-08T20:02:08.3698537Z   ...
2026-10-08T20:02:08.3815725Z # Subtest: standalone artifact exactly matches sources and contains a valid offline script
2026-10-08T20:02:08.3829777Z ok 246 - standalone artifact exactly matches sources and contains a valid offline script
2026-10-08T20:02:08.3854457Z   ---
2026-10-08T20:02:08.3854829Z   duration_ms: 3.666726
2026-10-08T20:02:08.3855254Z   ...
2026-10-08T20:02:08.3855963Z # Subtest: course survives the existing validator and editable-format round trip
2026-10-08T20:02:08.3860285Z ok 247 - course survives the existing validator and editable-format round trip
2026-10-08T20:02:08.3860963Z   ---
2026-10-08T20:02:08.3861368Z   duration_ms: 1.267956
2026-10-08T20:02:08.3861763Z   ...
2026-10-08T20:02:09.1000701Z # Subtest: literal markup and Unicode in admitted course content cannot close the generated script
2026-10-08T20:02:09.1030246Z ok 248 - literal markup and Unicode in admitted course content cannot close the generated script
2026-10-08T20:02:09.1089750Z   ---
2026-10-08T20:02:09.1102252Z   duration_ms: 13.07675
2026-10-08T20:02:09.1139878Z   ...
2026-10-08T20:02:09.1140710Z # Subtest: check mode reports stale output without replacing a retained artifact
2026-10-08T20:02:09.1177853Z ok 249 - check mode reports stale output without replacing a retained artifact
2026-10-08T20:02:09.1210064Z   ---
2026-10-08T20:02:09.1220341Z   duration_ms: 38.026155
2026-10-08T20:02:09.1220834Z   ...
2026-10-08T20:02:09.1221623Z # Subtest: unexpected UI dependency refuses the build before overwriting its artifact
2026-10-08T20:02:09.1222731Z ok 250 - unexpected UI dependency refuses the build before overwriting its artifact
2026-10-08T20:02:09.1223433Z   ---
2026-10-08T20:02:09.1223863Z   duration_ms: 41.647096
2026-10-08T20:02:09.1224326Z   ...
2026-10-08T20:02:09.1225030Z # Subtest: direct entry paths run the same check, refusal and rebuild commands
2026-10-08T20:02:09.1225794Z     # Subtest: canonical
2026-10-08T20:02:09.1226257Z     ok 1 - canonical
2026-10-08T20:02:09.1226706Z       ---
2026-10-08T20:02:09.1227144Z       duration_ms: 155.418458
2026-10-08T20:02:09.1227617Z       ...
2026-10-08T20:02:09.1228075Z     # Subtest: directory alias
2026-10-08T20:02:09.1228570Z     ok 2 - directory alias
2026-10-08T20:02:09.1229034Z       ---
2026-10-08T20:02:09.1229677Z       duration_ms: 161.969268
2026-10-08T20:02:09.1230159Z       ...
2026-10-08T20:02:09.1230579Z     # Subtest: file alias
2026-10-08T20:02:09.1231110Z     ok 3 - file alias
2026-10-08T20:02:09.1231552Z       ---
2026-10-08T20:02:09.1231982Z       duration_ms: 175.847589
2026-10-08T20:02:09.1232440Z       ...
2026-10-08T20:02:09.1232842Z     1..3
2026-10-08T20:02:09.1233501Z ok 251 - direct entry paths run the same check, refusal and rebuild commands
2026-10-08T20:02:09.1256345Z   ---
2026-10-08T20:02:09.1289946Z   duration_ms: 494.204672
2026-10-08T20:02:09.1319742Z   ...
2026-10-08T20:02:09.1320520Z # Subtest: ordinary imports and missing caller entries do not execute the CLI
2026-10-08T20:02:09.1350598Z ok 252 - ordinary imports and missing caller entries do not execute the CLI
2026-10-08T20:02:09.1379808Z   ---
2026-10-08T20:02:09.1409811Z   duration_ms: 136.909887
2026-10-08T20:02:09.1410357Z   ...
2026-10-08T20:02:09.1435904Z # Subtest: fictional reversal retains denominators and uses common weights only for reference
2026-10-08T20:02:09.1452656Z ok 253 - fictional reversal retains denominators and uses common weights only for reference
2026-10-08T20:02:09.1480389Z   ---
2026-10-08T20:02:09.1480862Z   duration_ms: 3.810636
2026-10-08T20:02:09.1481328Z   ...
2026-10-08T20:02:09.1482097Z # Subtest: ties and conflicting subgroup directions are not a strict reversal
2026-10-08T20:02:09.1483061Z ok 254 - ties and conflicting subgroup directions are not a strict reversal
2026-10-08T20:02:09.1483724Z   ---
2026-10-08T20:02:09.1484139Z   duration_ms: 0.889856
2026-10-08T20:02:09.1484609Z   ...
2026-10-08T20:02:09.1485344Z # Subtest: empty cells remain unavailable unless their reference weight is exactly zero
2026-10-08T20:02:09.1486397Z ok 255 - empty cells remain unavailable unless their reference weight is exactly zero
2026-10-08T20:02:09.1487126Z   ---
2026-10-08T20:02:09.1487537Z   duration_ms: 0.546239
2026-10-08T20:02:09.1487964Z   ...
2026-10-08T20:02:09.1488648Z # Subtest: an entirely empty option has no pooled rate or inferred group mix
2026-10-08T20:02:09.1489780Z ok 256 - an entirely empty option has no pooled rate or inferred group mix
2026-10-08T20:02:09.1490485Z   ---
2026-10-08T20:02:09.1490887Z   duration_ms: 0.25631
2026-10-08T20:02:09.1491313Z   ...
2026-10-08T20:02:09.1492013Z # Subtest: invalid numeric inputs are refused without truncation or coercion
2026-10-08T20:02:09.1492941Z ok 257 - invalid numeric inputs are refused without truncation or coercion
2026-10-08T20:02:09.1493587Z   ---
2026-10-08T20:02:09.1494008Z   duration_ms: 0.792298
2026-10-08T20:02:09.1494450Z   ...
2026-10-08T20:02:09.1495490Z # Subtest: native count entry distinguishes blank and invalid text from zero
2026-10-08T20:02:09.1496433Z ok 258 - native count entry distinguishes blank and invalid text from zero
2026-10-08T20:02:09.1497069Z   ---
2026-10-08T20:02:09.1497477Z   duration_ms: 16.57011
2026-10-08T20:02:09.1497938Z   ...
2026-10-08T20:02:09.1498665Z # Subtest: a strict difference too small for percentage display is not declared equal
2026-10-08T20:02:09.1499840Z ok 259 - a strict difference too small for percentage display is not declared equal
2026-10-08T20:02:09.1500553Z   ---
2026-10-08T20:02:09.1500969Z   duration_ms: 0.362266
2026-10-08T20:02:09.1501417Z   ...
2026-10-08T20:02:09.1502171Z # Subtest: label and group transformations preserve the intended descriptive quantities
2026-10-08T20:02:09.1503227Z ok 260 - label and group transformations preserve the intended descriptive quantities
2026-10-08T20:02:09.1503928Z   ---
2026-10-08T20:02:09.1504331Z   duration_ms: 1.597443
2026-10-08T20:02:09.1504776Z   ...
2026-10-08T20:02:09.1505524Z # Subtest: shared weights preserve both strict subgroup advantages at every permitted mix
2026-10-08T20:02:09.1506613Z ok 261 - shared weights preserve both strict subgroup advantages at every permitted mix
2026-10-08T20:02:09.1507326Z   ---
2026-10-08T20:02:09.1507747Z   duration_ms: 6.468753
2026-10-08T20:02:09.1508199Z   ...
2026-10-08T20:02:09.1509043Z # Subtest: download contains exact inputs, unavailable values and deterministic recomputable fractions
2026-10-08T20:02:09.1510473Z ok 262 - download contains exact inputs, unavailable values and deterministic recomputable fractions
2026-10-08T20:02:09.1529000Z   ---
2026-10-08T20:02:09.1551156Z   duration_ms: 0.550057
2026-10-08T20:02:09.1579863Z   ...
2026-10-08T20:02:09.1605454Z # Subtest: signed homes, exact admission and canonical copies
2026-10-08T20:02:09.1624478Z ok 263 - signed homes, exact admission and canonical copies
2026-10-08T20:02:09.1660109Z   ---
2026-10-08T20:02:09.1752346Z   duration_ms: 2.643297
2026-10-08T20:02:09.1752950Z   ...
2026-10-08T20:02:09.1753962Z # Subtest: search crosses a tombstone and insertion reuses it only after absence proof
2026-10-08T20:02:09.1755168Z ok 264 - search crosses a tombstone and insertion reuses it only after absence proof
2026-10-08T20:02:09.1755878Z   ---
2026-10-08T20:02:09.1756274Z   duration_ms: 2.946302
2026-10-08T20:02:09.1756684Z   ...
2026-10-08T20:02:09.1757351Z # Subtest: a tombstone before an existing key does not create a duplicate
2026-10-08T20:02:09.1758283Z ok 265 - a tombstone before an existing key does not create a duplicate
2026-10-08T20:02:09.1758916Z   ---
2026-10-08T20:02:09.1759557Z   duration_ms: 0.666543
2026-10-08T20:02:09.1760010Z   ...
2026-10-08T20:02:09.1760741Z # Subtest: wraparound, full refusal, duplicate success and full-cycle tombstone reuse
2026-10-08T20:02:09.1761769Z ok 266 - wraparound, full refusal, duplicate success and full-cycle tombstone reuse
2026-10-08T20:02:09.1762463Z   ---
2026-10-08T20:02:09.1762911Z   duration_ms: 0.628155
2026-10-08T20:02:09.1764658Z   ...
2026-10-08T20:02:09.1765375Z # Subtest: probe frames observe the pre-state; only a result frame applies changes
2026-10-08T20:02:09.1766386Z ok 267 - probe frames observe the pre-state; only a result frame applies changes
2026-10-08T20:02:09.1767056Z   ---
2026-10-08T20:02:09.1767482Z   duration_ms: 0.877642
2026-10-08T20:02:09.1768065Z   ...
2026-10-08T20:02:09.1768864Z # Subtest: the original course passes the existing importer and preserves its permission
2026-10-08T20:02:09.1770049Z ok 268 - the original course passes the existing importer and preserves its permission
2026-10-08T20:02:09.1770759Z   ---
2026-10-08T20:02:09.1771176Z   duration_ms: 11.444545
2026-10-08T20:02:09.1771617Z   ...
2026-10-08T20:02:09.1772341Z # Subtest: standalone page is reproducible and embeds the exact downloadable deck text
2026-10-08T20:02:09.1773341Z ok 269 - standalone page is reproducible and embeds the exact downloadable deck text
2026-10-08T20:02:09.1774009Z   ---
2026-10-08T20:02:09.1774654Z   duration_ms: 45.160018
2026-10-08T20:02:09.1775086Z   ...
2026-10-08T20:02:09.1775693Z # Subtest: BKT probabilities stay bounded across repeated evidence
2026-10-08T20:02:09.1776497Z ok 270 - BKT probabilities stay bounded across repeated evidence
2026-10-08T20:02:09.1777056Z   ---
2026-10-08T20:02:09.1777460Z   duration_ms: 6.471899
2026-10-08T20:02:09.1777878Z   ...
2026-10-08T20:02:09.1778660Z # Subtest: correct evidence raises and incorrect evidence lowers posterior for interior prior
2026-10-08T20:02:09.1779994Z ok 271 - correct evidence raises and incorrect evidence lowers posterior for interior prior
2026-10-08T20:02:09.1780733Z   ---
2026-10-08T20:02:09.1781147Z   duration_ms: 0.162219
2026-10-08T20:02:09.1781581Z   ...
2026-10-08T20:02:09.1782221Z # Subtest: parameter validation rejects impossible probabilities
2026-10-08T20:02:09.1782961Z ok 272 - parameter validation rejects impossible probabilities
2026-10-08T20:02:09.1783558Z   ---
2026-10-08T20:02:09.1783967Z   duration_ms: 0.412398
2026-10-08T20:02:09.1784431Z   ...
2026-10-08T20:02:09.1785180Z # Subtest: entropy and information gain have expected bounds and peak near uncertainty
2026-10-08T20:02:09.1786205Z ok 273 - entropy and information gain have expected bounds and peak near uncertainty
2026-10-08T20:02:09.1786923Z   ---
2026-10-08T20:02:09.1787329Z   duration_ms: 1.116817
2026-10-08T20:02:09.1787744Z   ...
2026-10-08T20:02:09.1788480Z # Subtest: selector prioritizes a weak prerequisite and is stable after exhaustion
2026-10-08T20:02:09.1789663Z ok 274 - selector prioritizes a weak prerequisite and is stable after exhaustion
2026-10-08T20:02:09.1790416Z   ---
2026-10-08T20:02:09.1790846Z   duration_ms: 0.333437
2026-10-08T20:02:09.1791413Z   ...
2026-10-08T20:02:09.1792259Z # Subtest: initial mastery creates independent named concept values
2026-10-08T20:02:09.1793111Z ok 275 - initial mastery creates independent named concept values
2026-10-08T20:02:09.1793712Z   ---
2026-10-08T20:02:09.1794113Z   duration_ms: 0.691234
2026-10-08T20:02:09.1794619Z   ...
2026-10-08T20:02:09.1795685Z # Subtest: scripted learner simulation is deterministic, bounded, and distinguishes selector modes
2026-10-08T20:02:09.1797140Z ok 276 - scripted learner simulation is deterministic, bounded, and distinguishes selector modes
2026-10-08T20:02:09.1797919Z   ---
2026-10-08T20:02:09.1798369Z   duration_ms: 0.439983
2026-10-08T20:02:09.1798889Z   ...
2026-10-08T20:02:09.1799827Z # Subtest: written scalars retain exact decimal/fraction intent and bounded admission
2026-10-08T20:02:09.1800829Z ok 277 - written scalars retain exact decimal/fraction intent and bounded admission
2026-10-08T20:02:09.1801535Z   ---
2026-10-08T20:02:09.1801971Z   duration_ms: 2.251752
2026-10-08T20:02:09.1802416Z   ...
2026-10-08T20:02:09.1803157Z # Subtest: noisy example has exact coefficients, each residual, and the minimum identity
2026-10-08T20:02:09.1804436Z ok 278 - noisy example has exact coefficients, each residual, and the minimum identity
2026-10-08T20:02:09.1805527Z   ---
2026-10-08T20:02:09.1805985Z   duration_ms: 1.321663
2026-10-08T20:02:09.1806427Z   ...
2026-10-08T20:02:09.1807499Z # Subtest: changing the middle point changes the intercept and flips residuals without inventing zero SSE
2026-10-08T20:02:09.1809463Z ok 279 - changing the middle point changes the intercept and flips residuals without inventing zero SSE
2026-10-08T20:02:09.1810321Z   ---
2026-10-08T20:02:09.1810909Z   duration_ms: 0.465535
2026-10-08T20:02:09.1811669Z   ...
2026-10-08T20:02:09.1812371Z # Subtest: all authored examples have independently worked exact outcomes
2026-10-08T20:02:09.1813294Z ok 280 - all authored examples have independently worked exact outcomes
2026-10-08T20:02:09.1814197Z   ---
2026-10-08T20:02:09.1814932Z   duration_ms: 2.18212
2026-10-08T20:02:09.1815391Z   ...
2026-10-08T20:02:09.1816193Z # Subtest: all-equal x determines the shared fitted value and minimum, not arbitrary coefficients
2026-10-08T20:02:09.1817731Z ok 281 - all-equal x determines the shared fitted value and minimum, not arbitrary coefficients
2026-10-08T20:02:09.1819044Z   ---
2026-10-08T20:02:09.1819859Z   duration_ms: 1.118761
2026-10-08T20:02:09.1820567Z   ...
2026-10-08T20:02:09.1821465Z # Subtest: ordinary repeated x and duplicate points count as rows; constant y is a valid unique horizontal fit
2026-10-08T20:02:09.1823155Z ok 282 - ordinary repeated x and duplicate points count as rows; constant y is a valid unique horizontal fit
2026-10-08T20:02:09.1824174Z   ---
2026-10-08T20:02:09.1824606Z   duration_ms: 3.827761
2026-10-08T20:02:09.1825052Z   ...
2026-10-08T20:02:09.1825886Z # Subtest: translation, x-unit change and row permutation preserve the appropriate exact quantities
2026-10-08T20:02:09.1827093Z ok 283 - translation, x-unit change and row permutation preserve the appropriate exact quantities
2026-10-08T20:02:09.1827882Z   ---
2026-10-08T20:02:09.1828295Z   duration_ms: 0.706925
2026-10-08T20:02:09.1828737Z   ...
2026-10-08T20:02:09.1829739Z # Subtest: extreme admitted geometry produces copyable exact coefficients without display rounding
2026-10-08T20:02:09.1830960Z ok 284 - extreme admitted geometry produces copyable exact coefficients without display rounding
2026-10-08T20:02:09.1831718Z   ---
2026-10-08T20:02:09.1832132Z   duration_ms: 2.572463
2026-10-08T20:02:09.1832566Z   ...
2026-10-08T20:02:09.1833258Z # Subtest: prediction location uses exact rational comparison at both endpoints
2026-10-08T20:02:09.1834260Z ok 285 - prediction location uses exact rational comparison at both endpoints
2026-10-08T20:02:09.1834941Z   ---
2026-10-08T20:02:09.1835357Z   duration_ms: 0.784552
2026-10-08T20:02:09.1835810Z   ...
2026-10-08T20:02:09.1836478Z # Subtest: zero signed error alone does not minimize the squared criterion
2026-10-08T20:02:09.1837394Z ok 286 - zero signed error alone does not minimize the squared criterion
2026-10-08T20:02:09.1838043Z   ---
2026-10-08T20:02:09.1838459Z   duration_ms: 3.665011
2026-10-08T20:02:09.1838893Z   ...
2026-10-08T20:02:09.1840062Z # Subtest: bounded changed-input corpus satisfies normal equations and direct numerical score comparison
2026-10-08T20:02:09.1841916Z ok 287 - bounded changed-input corpus satisfies normal equations and direct numerical score comparison
2026-10-08T20:02:09.1843042Z   ---
2026-10-08T20:02:09.1843501Z   duration_ms: 46.404539
2026-10-08T20:02:09.1843974Z   ...
2026-10-08T20:02:09.1845254Z # Subtest: invalid inputs refuse without mutating caller rows or leaving a writable result
2026-10-08T20:02:09.1846367Z ok 288 - invalid inputs refuse without mutating caller rows or leaving a writable result
2026-10-08T20:02:09.1847098Z   ---
2026-10-08T20:02:09.1847511Z   duration_ms: 0.634067
2026-10-08T20:02:09.1847933Z   ...
2026-10-08T20:02:09.1848707Z # Subtest: the emitted course uses the real learner format and retains all original worked items
2026-10-08T20:02:09.1850018Z ok 289 - the emitted course uses the real learner format and retains all original worked items
2026-10-08T20:02:09.1850768Z   ---
2026-10-08T20:02:09.1851172Z   duration_ms: 19.119546
2026-10-08T20:02:09.1851796Z   ...
2026-10-08T20:02:09.1852716Z # Subtest: the standalone artifact embeds exact course and guide bytes with no unresolved module dependency
2026-10-08T20:02:09.1854006Z ok 290 - the standalone artifact embeds exact course and guide bytes with no unresolved module dependency
2026-10-08T20:02:09.1854813Z   ---
2026-10-08T20:02:09.1855214Z   duration_ms: 3.524646
2026-10-08T20:02:09.1855664Z   ...
2026-10-08T20:02:09.1856592Z # Subtest: mixed partial save preserves exact native prefix, next item, option orders and uninterrupted continuation
2026-10-08T20:02:09.1857920Z ok 291 - mixed partial save preserves exact native prefix, next item, option orders and uninterrupted continuation
2026-10-08T20:02:09.1858682Z   ---
2026-10-08T20:02:09.1859039Z   duration_ms: 15.449906
2026-10-08T20:02:09.1859591Z   ...
2026-10-08T20:02:09.1860382Z # Subtest: a started lesson with no answers restores the first native question and all initial estimates
2026-10-08T20:02:09.1861616Z ok 292 - a started lesson with no answers restores the first native question and all initial estimates
2026-10-08T20:02:09.1862662Z   ---
2026-10-08T20:02:09.1863092Z   duration_ms: 1.655521
2026-10-08T20:02:09.1863539Z   ...
2026-10-08T20:02:09.1864316Z # Subtest: feedback retains the last chosen option while Next remains the next unanswered question
2026-10-08T20:02:09.1865394Z ok 293 - feedback retains the last chosen option while Next remains the next unanswered question
2026-10-08T20:02:09.1866186Z   ---
2026-10-08T20:02:09.1866620Z   duration_ms: 2.895188
2026-10-08T20:02:09.1867087Z   ...
2026-10-08T20:02:09.1867925Z # Subtest: complete sessions remain in the existing trace format, including its separate practice state
2026-10-08T20:02:09.1869191Z ok 294 - complete sessions remain in the existing trace format, including its separate practice state
2026-10-08T20:02:09.1870224Z   ---
2026-10-08T20:02:09.1870660Z   duration_ms: 4.029972
2026-10-08T20:02:09.1871097Z   ...
2026-10-08T20:02:09.1871856Z # Subtest: course content and array order are bound; harmless JSON object key order is accepted
2026-10-08T20:02:09.1872965Z ok 295 - course content and array order are bound; harmless JSON object key order is accepted
2026-10-08T20:02:09.1873668Z   ---
2026-10-08T20:02:09.1874093Z   duration_ms: 16.6116
2026-10-08T20:02:09.1874525Z   ...
2026-10-08T20:02:09.1875181Z # Subtest: model identity and every BKT parameter must match the native model
2026-10-08T20:02:09.1876078Z ok 296 - model identity and every BKT parameter must match the native model
2026-10-08T20:02:09.1876726Z   ---
2026-10-08T20:02:09.1877158Z   duration_ms: 5.646644
2026-10-08T20:02:09.1877584Z   ...
2026-10-08T20:02:09.1878394Z # Subtest: first answers must form the actual native adaptive prefix with canonical option indices
2026-10-08T20:02:09.1879666Z ok 297 - first answers must form the actual native adaptive prefix with canonical option indices
2026-10-08T20:02:09.1880338Z   ---
2026-10-08T20:02:09.1880746Z   duration_ms: 6.661123
2026-10-08T20:02:09.1881210Z   ...
2026-10-08T20:02:09.1882196Z # Subtest: mastery is replayed at full precision and never accepted from rounded or altered values
2026-10-08T20:02:09.1883425Z ok 298 - mastery is replayed at full precision and never accepted from rounded or altered values
2026-10-08T20:02:09.1884210Z   ---
2026-10-08T20:02:09.1884635Z   duration_ms: 6.008353
2026-10-08T20:02:09.1885076Z   ...
2026-10-08T20:02:09.1885867Z # Subtest: question, feedback and complete per-item permutations are checked before restoration
2026-10-08T20:02:09.1887026Z ok 299 - question, feedback and complete per-item permutations are checked before restoration
2026-10-08T20:02:09.1887810Z   ---
2026-10-08T20:02:09.1888224Z   duration_ms: 9.939154
2026-10-08T20:02:09.1888659Z   ...
2026-10-08T20:02:09.1889753Z # Subtest: successful and refused reads leave caller state untouched and return deeply immutable independent copies
2026-10-08T20:02:09.1891179Z ok 300 - successful and refused reads leave caller state untouched and return deeply immutable independent copies
2026-10-08T20:02:09.1892095Z   ---
2026-10-08T20:02:09.1892544Z   duration_ms: 2.069712
2026-10-08T20:02:09.1893015Z   ...
2026-10-08T20:02:09.1893904Z # Subtest: the JSON boundary rejects malformed, unsupported, deep and oversized files with a UTF-8 byte limit
2026-10-08T20:02:09.1895216Z ok 301 - the JSON boundary rejects malformed, unsupported, deep and oversized files with a UTF-8 byte limit
2026-10-08T20:02:09.1896058Z   ---
2026-10-08T20:02:09.1896495Z   duration_ms: 25.173993
2026-10-08T20:02:09.1896962Z   ...
2026-10-08T20:02:09.1897751Z # Subtest: save times are canonical UTC values and invalid save inputs cannot mutate a session
2026-10-08T20:02:09.1898827Z ok 302 - save times are canonical UTC values and invalid save inputs cannot mutate a session
2026-10-08T20:02:09.1899707Z   ---
2026-10-08T20:02:09.1900100Z   duration_ms: 3.24839
2026-10-08T20:02:09.1900635Z   ...
2026-10-08T20:02:09.1901566Z # Subtest: ordinary course identifiers that match object prototype names survive without shared object mutation
2026-10-08T20:02:09.1903109Z ok 303 - ordinary course identifiers that match object prototype names survive without shared object mutation
2026-10-08T20:02:09.1903967Z   ---
2026-10-08T20:02:09.1904406Z   duration_ms: 1.401896
2026-10-08T20:02:09.1904860Z   ...
2026-10-08T20:02:09.1905678Z # Subtest: the original fourteen-question course passes the real bounded importer and reviewed key
2026-10-08T20:02:09.1906894Z ok 304 - the original fourteen-question course passes the real bounded importer and reviewed key
2026-10-08T20:02:09.1907661Z   ---
2026-10-08T20:02:09.1908072Z   duration_ms: 7.43771
2026-10-08T20:02:09.1908499Z   ...
2026-10-08T20:02:09.1909436Z # Subtest: integer percentages reject malformed input instead of parsing a numeric prefix
2026-10-08T20:02:09.1910583Z ok 305 - integer percentages reject malformed input instead of parsing a numeric prefix
2026-10-08T20:02:09.1911319Z   ---
2026-10-08T20:02:09.1911746Z   duration_ms: 0.731294
2026-10-08T20:02:09.1912222Z   ...
2026-10-08T20:02:09.1912981Z # Subtest: matrix and initial admission reject shape, type, sparse values and wrong totals
2026-10-08T20:02:09.1914113Z ok 306 - matrix and initial admission reject shape, type, sparse values and wrong totals
2026-10-08T20:02:09.1914854Z   ---
2026-10-08T20:02:09.1915276Z   duration_ms: 0.72447
2026-10-08T20:02:09.1915723Z   ...
2026-10-08T20:02:09.1916558Z # Subtest: every preset and independent custom system agree with exact rational weights through step 30
2026-10-08T20:02:09.1917810Z ok 307 - every preset and independent custom system agree with exact rational weights through step 30
2026-10-08T20:02:09.1918623Z   ---
2026-10-08T20:02:09.1919051Z   duration_ms: 8.519922
2026-10-08T20:02:09.1920076Z   ...
2026-10-08T20:02:09.1920800Z # Subtest: mixing has the original worked values and an independent closed-form solution
2026-10-08T20:02:09.1921731Z ok 308 - mixing has the original worked values and an independent closed-form solution
2026-10-08T20:02:09.1922377Z   ---
2026-10-08T20:02:09.1922832Z   duration_ms: 0.549927
2026-10-08T20:02:09.1923255Z   ...
2026-10-08T20:02:09.1924136Z # Subtest: alternation is periodic while its stationary distribution remains fixed
2026-10-08T20:02:09.1925168Z ok 309 - alternation is periodic while its stationary distribution remains fixed
2026-10-08T20:02:09.1925850Z   ---
2026-10-08T20:02:09.1926249Z   duration_ms: 1.092739
2026-10-08T20:02:09.1926676Z   ...
2026-10-08T20:02:09.1927461Z # Subtest: absorbing and two-closed-state systems preserve reachability and initial dependence
2026-10-08T20:02:09.1928557Z ok 310 - absorbing and two-closed-state systems preserve reachability and initial dependence
2026-10-08T20:02:09.1929517Z   ---
2026-10-08T20:02:09.1929970Z   duration_ms: 1.079973
2026-10-08T20:02:09.1930445Z   ...
2026-10-08T20:02:09.1931372Z # Subtest: step zero, bounds, copied inputs and deep immutability keep an observation coherent
2026-10-08T20:02:09.1932628Z ok 311 - step zero, bounds, copied inputs and deep immutability keep an observation coherent
2026-10-08T20:02:09.1933416Z   ---
2026-10-08T20:02:09.1933867Z   duration_ms: 0.518663
2026-10-08T20:02:09.1934418Z   ...
2026-10-08T20:02:09.1935343Z # Subtest: observation export binds applied inputs, selected step and full computed precision
2026-10-08T20:02:09.1936356Z ok 312 - observation export binds applied inputs, selected step and full computed precision
2026-10-08T20:02:09.1937050Z   ---
2026-10-08T20:02:09.1937418Z   duration_ms: 2.134583
2026-10-08T20:02:09.1937819Z   ...
2026-10-08T20:02:09.1938539Z # Subtest: the direct-open explorer contains exact course bytes and matches the maintained builder
2026-10-08T20:02:09.1939745Z ok 313 - the direct-open explorer contains exact course bytes and matches the maintained builder
2026-10-08T20:02:09.1940551Z   ---
2026-10-08T20:02:09.1940944Z   duration_ms: 50.661492
2026-10-08T20:02:09.1941399Z   ...
2026-10-08T20:02:09.1941932Z # Independent arithmetic cases: 1458; finite rows received: 14580
2026-10-08T20:02:09.1942692Z # Subtest: six worked examples distinguish base, step and finite evidence
2026-10-08T20:02:09.1943653Z ok 314 - six worked examples distinguish base, step and finite evidence
2026-10-08T20:02:09.1944251Z   ---
2026-10-08T20:02:09.1944591Z   duration_ms: 3.173883
2026-10-08T20:02:09.1944978Z   ...
2026-10-08T20:02:09.1945662Z # Subtest: independent finite sums and differences receive 1458 bounded exact certificates
2026-10-08T20:02:09.1946568Z ok 315 - independent finite sums and differences receive 1458 bounded exact certificates
2026-10-08T20:02:09.1947179Z   ---
2026-10-08T20:02:09.1947665Z   duration_ms: 88.636443
2026-10-08T20:02:09.1948141Z   ...
2026-10-08T20:02:09.1948895Z # Subtest: coefficient extremes and denominator bounds preserve exact arithmetic
2026-10-08T20:02:09.1949926Z ok 316 - coefficient extremes and denominator bounds preserve exact arithmetic
2026-10-08T20:02:09.1950367Z   ---
2026-10-08T20:02:09.1950647Z   duration_ms: 0.642995
2026-10-08T20:02:09.1950947Z   ...
2026-10-08T20:02:09.1951401Z # Subtest: equivalent rational representation and zero denominator refusal
2026-10-08T20:02:09.1951963Z ok 317 - equivalent rational representation and zero denominator refusal
2026-10-08T20:02:09.1952372Z   ---
2026-10-08T20:02:09.1952650Z   duration_ms: 0.378999
2026-10-08T20:02:09.1952941Z   ...
2026-10-08T20:02:09.1953412Z # Subtest: strict admission rejects malformed, missing, fractional and out-of-range inputs
2026-10-08T20:02:09.1954076Z ok 318 - strict admission rejects malformed, missing, fractional and out-of-range inputs
2026-10-08T20:02:09.1954527Z   ---
2026-10-08T20:02:09.1954805Z   duration_ms: 0.675681
2026-10-08T20:02:09.1955281Z   ...
2026-10-08T20:02:09.1955693Z # Subtest: accepted inputs and every exported record branch are immutable
2026-10-08T20:02:09.1956466Z ok 319 - accepted inputs and every exported record branch are immutable
2026-10-08T20:02:09.1957058Z   ---
2026-10-08T20:02:09.1957466Z   duration_ms: 0.282433
2026-10-08T20:02:09.1957869Z   ...
2026-10-08T20:02:09.1958455Z # Subtest: course uses unchanged native deck contract and frozen independent question wording
2026-10-08T20:02:09.1959436Z ok 320 - course uses unchanged native deck contract and frozen independent question wording
2026-10-08T20:02:09.1960155Z   ---
2026-10-08T20:02:09.1979893Z   duration_ms: 11.022177
2026-10-08T20:02:09.1980179Z   ...
2026-10-08T20:02:09.1980806Z # Subtest: the original course is admitted by the existing deck contract with all four concepts covered
2026-10-08T20:02:09.1981716Z ok 321 - the original course is admitted by the existing deck contract with all four concepts covered
2026-10-08T20:02:09.1982315Z   ---
2026-10-08T20:02:09.1982564Z   duration_ms: 1.931662
2026-10-08T20:02:09.1982824Z   ...
2026-10-08T20:02:09.1983360Z # Subtest: answer positions are balanced and no correct option is uniquely the longest
2026-10-08T20:02:09.1984141Z ok 322 - answer positions are balanced and no correct option is uniquely the longest
2026-10-08T20:02:09.1984552Z   ---
2026-10-08T20:02:09.1984778Z   duration_ms: 0.239006
2026-10-08T20:02:09.1985065Z   ...
2026-10-08T20:02:09.1985743Z # Subtest: each numerical answer uses the stated correction sign, denominator or independence assumption
2026-10-08T20:02:09.1986755Z ok 323 - each numerical answer uses the stated correction sign, denominator or independence assumption
2026-10-08T20:02:09.1987322Z   ---
2026-10-08T20:02:09.1987560Z   duration_ms: 0.258906
2026-10-08T20:02:09.1987835Z   ...
2026-10-08T20:02:09.1988662Z # Subtest: standalone artifact is deterministic, preserves the exact deck bytes and contains executable classic scripts
2026-10-08T20:02:09.1990016Z ok 324 - standalone artifact is deterministic, preserves the exact deck bytes and contains executable classic scripts
2026-10-08T20:02:09.1990646Z   ---
2026-10-08T20:02:09.1990877Z   duration_ms: 3.047948
2026-10-08T20:02:09.1991138Z   ...
2026-10-08T20:02:09.1991820Z # Subtest: worked four-reading budget distinguishes raw mean, correction, sample scatter and mean uncertainty
2026-10-08T20:02:09.1992831Z ok 325 - worked four-reading budget distinguishes raw mean, correction, sample scatter and mean uncertainty
2026-10-08T20:02:09.1993625Z   ---
2026-10-08T20:02:09.1993874Z   duration_ms: 1.164123
2026-10-08T20:02:09.1994143Z   ...
2026-10-08T20:02:09.1994832Z # Subtest: a shared additive correction shifts the estimate without changing either uncertainty component
2026-10-08T20:02:09.1995797Z ok 326 - a shared additive correction shifts the estimate without changing either uncertainty component
2026-10-08T20:02:09.1996366Z   ---
2026-10-08T20:02:09.1996604Z   duration_ms: 0.211579
2026-10-08T20:02:09.1996869Z   ...
2026-10-08T20:02:09.1997520Z # Subtest: identical readings retain a nonzero shared component and are not rejected for numerical repetition
2026-10-08T20:02:09.1998525Z ok 327 - identical readings retain a nonzero shared component and are not rejected for numerical repetition
2026-10-08T20:02:09.1999108Z   ---
2026-10-08T20:02:09.1999504Z   duration_ms: 1.173933
2026-10-08T20:02:09.1999757Z   ...
2026-10-08T20:02:09.2000469Z # Subtest: future independent sample sizes hold shared calibration fixed while repeatability shrinks by square root
2026-10-08T20:02:09.2001558Z ok 328 - future independent sample sizes hold shared calibration fixed while repeatability shrinks by square root
2026-10-08T20:02:09.2002179Z   ---
2026-10-08T20:02:09.2002419Z   duration_ms: 0.331473
2026-10-08T20:02:09.2002679Z   ...
2026-10-08T20:02:09.2003312Z # Subtest: shared covariance gives the same calibration contribution for a mean of any sample size
2026-10-08T20:02:09.2004283Z ok 329 - shared covariance gives the same calibration contribution for a mean of any sample size
2026-10-08T20:02:09.2004848Z   ---
2026-10-08T20:02:09.2005087Z   duration_ms: 0.174194
2026-10-08T20:02:09.2005355Z   ...
2026-10-08T20:02:09.2005950Z # Subtest: compensated raw means preserve small residuals after large opposing readings cancel
2026-10-08T20:02:09.2006851Z ok 330 - compensated raw means preserve small residuals after large opposing readings cancel
2026-10-08T20:02:09.2007375Z   ---
2026-10-08T20:02:09.2007606Z   duration_ms: 0.165406
2026-10-08T20:02:09.2007856Z   ...
2026-10-08T20:02:09.2008702Z # Subtest: centered scatter remains meaningful for a large shared offset and at supported extremes
2026-10-08T20:02:09.2009915Z ok 331 - centered scatter remains meaningful for a large shared offset and at supported extremes
2026-10-08T20:02:09.2010503Z   ---
2026-10-08T20:02:09.2010732Z   duration_ms: 0.218864
2026-10-08T20:02:09.2010980Z   ...
2026-10-08T20:02:09.2011621Z # Subtest: reordering observations preserves the summary but does not assert statistical independence
2026-10-08T20:02:09.2012587Z ok 332 - reordering observations preserves the summary but does not assert statistical independence
2026-10-08T20:02:09.2013173Z   ---
2026-10-08T20:02:09.2013425Z   duration_ms: 0.59125
2026-10-08T20:02:09.2013686Z   ...
2026-10-08T20:02:09.2014288Z # Subtest: input parsing keeps every observation and refuses malformed or missing comma fields
2026-10-08T20:02:09.2015158Z ok 333 - input parsing keeps every observation and refuses malformed or missing comma fields
2026-10-08T20:02:09.2015696Z   ---
2026-10-08T20:02:09.2015949Z   duration_ms: 0.907422
2026-10-08T20:02:09.2016220Z   ...
2026-10-08T20:02:09.2016743Z # Subtest: supported magnitude and nonnegative half-width boundaries are explicit
2026-10-08T20:02:09.2017532Z ok 334 - supported magnitude and nonnegative half-width boundaries are explicit
2026-10-08T20:02:09.2017992Z   ---
2026-10-08T20:02:09.2018207Z   duration_ms: 0.398299
2026-10-08T20:02:09.2018460Z   ...
2026-10-08T20:02:09.2019004Z # Subtest: public calculations reject missing observations and invalid forecast counts
2026-10-08T20:02:09.2020069Z ok 335 - public calculations reject missing observations and invalid forecast counts
2026-10-08T20:02:09.2020561Z   ---
2026-10-08T20:02:09.2020790Z   duration_ms: 0.313576
2026-10-08T20:02:09.2021053Z   ...
2026-10-08T20:02:09.2021622Z # Subtest: calculation snapshots do not mutate caller arrays or change after later edits
2026-10-08T20:02:09.2022634Z ok 336 - calculation snapshots do not mutate caller arrays or change after later edits
2026-10-08T20:02:09.2023132Z   ---
2026-10-08T20:02:09.2023379Z   duration_ms: 0.166969
2026-10-08T20:02:09.2023656Z   ...
2026-10-08T20:02:09.2024338Z # Subtest: the original twelve-item course has native schema, prerequisite closure and exact export/reopen
2026-10-08T20:02:09.2025308Z ok 337 - the original twelve-item course has native schema, prerequisite closure and exact export/reopen
2026-10-08T20:02:09.2025889Z   ---
2026-10-08T20:02:09.2026137Z   duration_ms: 2.685331
2026-10-08T20:02:09.2026412Z   ...
2026-10-08T20:02:09.2027095Z # Subtest: correct course answers complete the actual selector, separate practice and literal study notes
2026-10-08T20:02:09.2028151Z ok 338 - correct course answers complete the actual selector, separate practice and literal study notes
2026-10-08T20:02:09.2028747Z   ---
2026-10-08T20:02:09.2028983Z   duration_ms: 12.367679
2026-10-08T20:02:09.2029395Z   ...
2026-10-08T20:02:09.2030040Z # Subtest: mixed course answers complete the actual selector, separate practice and literal study notes
2026-10-08T20:02:09.2031028Z ok 339 - mixed course answers complete the actual selector, separate practice and literal study notes
2026-10-08T20:02:09.2031601Z   ---
2026-10-08T20:02:09.2031838Z   duration_ms: 1.908494
2026-10-08T20:02:09.2032106Z   ...
2026-10-08T20:02:09.2032743Z # Subtest: missed course answers complete the actual selector, separate practice and literal study notes
2026-10-08T20:02:09.2033701Z ok 340 - missed course answers complete the actual selector, separate practice and literal study notes
2026-10-08T20:02:09.2034254Z   ---
2026-10-08T20:02:09.2034483Z   duration_ms: 1.281111
2026-10-08T20:02:09.2034725Z   ...
2026-10-08T20:02:09.2035319Z # Subtest: the direct-open artifact is deterministic and embeds the exact validated course text
2026-10-08T20:02:09.2036249Z ok 341 - the direct-open artifact is deterministic and embeds the exact validated course text
2026-10-08T20:02:09.2036821Z   ---
2026-10-08T20:02:09.2037076Z   duration_ms: 2.143222
2026-10-08T20:02:09.2037535Z   ...
2026-10-08T20:02:09.2038166Z # Subtest: CLI check through a symlink refuses stale output and accepts the exact current artifact
2026-10-08T20:02:09.2039122Z ok 342 - CLI check through a symlink refuses stale output and accepts the exact current artifact
2026-10-08T20:02:09.2039810Z   ---
2026-10-08T20:02:09.2040034Z   duration_ms: 78.909366
2026-10-08T20:02:09.2040315Z   ...
2026-10-08T20:02:09.2040820Z # Subtest: gametes carry one allele per locus and preserve equal segregation
2026-10-08T20:02:09.2041559Z ok 343 - gametes carry one allele per locus and preserve equal segregation
2026-10-08T20:02:09.2042034Z   ---
2026-10-08T20:02:09.2042281Z   duration_ms: 2.010912
2026-10-08T20:02:09.2042546Z   ...
2026-10-08T20:02:09.2043458Z # Subtest: Aa × Aa keeps both heterozygote routes and distinguishes genotype from phenotype
2026-10-08T20:02:09.2044468Z ok 344 - Aa × Aa keeps both heterozygote routes and distinguishes genotype from phenotype
2026-10-08T20:02:09.2045030Z   ---
2026-10-08T20:02:09.2045304Z   duration_ms: 0.825787
2026-10-08T20:02:09.2045591Z   ...
2026-10-08T20:02:09.2046112Z # Subtest: test crosses and complementary homozygotes have their own outcomes
2026-10-08T20:02:09.2046855Z ok 345 - test crosses and complementary homozygotes have their own outcomes
2026-10-08T20:02:09.2047330Z   ---
2026-10-08T20:02:09.2047726Z   duration_ms: 1.785445
2026-10-08T20:02:09.2047994Z   ...
2026-10-08T20:02:09.2048778Z # Subtest: the sixteen-route cross gives nine genotypes and 9:3:3:1 only under its stated assumptions
2026-10-08T20:02:09.2049874Z ok 346 - the sixteen-route cross gives nine genotypes and 9:3:3:1 only under its stated assumptions
2026-10-08T20:02:09.2050437Z   ---
2026-10-08T20:02:09.2050734Z   duration_ms: 0.52218
2026-10-08T20:02:09.2050998Z   ...
2026-10-08T20:02:09.2051560Z # Subtest: asymmetric AABb × Aabb derives the course answer without a memorized ratio
2026-10-08T20:02:09.2052295Z ok 347 - asymmetric AABb × Aabb derives the course answer without a memorized ratio
2026-10-08T20:02:09.2052629Z   ---
2026-10-08T20:02:09.2052800Z   duration_ms: 0.449683
2026-10-08T20:02:09.2052980Z   ...
2026-10-08T20:02:09.2053386Z # Subtest: all 90 bounded parent pairs agree with the allele-copy oracle, conserve probability and commute
2026-10-08T20:02:09.2054016Z ok 348 - all 90 bounded parent pairs agree with the allele-copy oracle, conserve probability and commute
2026-10-08T20:02:09.2054602Z   ---
2026-10-08T20:02:09.2054861Z   duration_ms: 16.071879
2026-10-08T20:02:09.2055160Z   ...
2026-10-08T20:02:09.2055645Z # Subtest: unsupported inputs cannot become a silently different cross
2026-10-08T20:02:09.2056285Z ok 349 - unsupported inputs cannot become a silently different cross
2026-10-08T20:02:09.2056734Z   ---
2026-10-08T20:02:09.2056895Z   duration_ms: 0.608696
2026-10-08T20:02:09.2057068Z   ...
2026-10-08T20:02:09.2057400Z # Subtest: a saved cross is a complete immutable record with explicit model boundaries
2026-10-08T20:02:09.2058068Z ok 350 - a saved cross is a complete immutable record with explicit model boundaries
2026-10-08T20:02:09.2058530Z   ---
2026-10-08T20:02:09.2058769Z   duration_ms: 0.558103
2026-10-08T20:02:09.2058965Z   ...
2026-10-08T20:02:09.2059532Z # Subtest: original twelve-question course passes the unchanged learner codec and independent key
2026-10-08T20:02:09.2060512Z ok 351 - original twelve-question course passes the unchanged learner codec and independent key
2026-10-08T20:02:09.2061060Z   ---
2026-10-08T20:02:09.2061308Z   duration_ms: 3.875868
2026-10-08T20:02:09.2061588Z   ...
2026-10-08T20:02:09.2062202Z # Subtest: worked unequal-mass event distinguishes the separating branch from unchanged motion
2026-10-08T20:02:09.2063125Z ok 352 - worked unequal-mass event distinguishes the separating branch from unchanged motion
2026-10-08T20:02:09.2063689Z   ---
2026-10-08T20:02:09.2063933Z   duration_ms: 0.655972
2026-10-08T20:02:09.2064210Z   ...
2026-10-08T20:02:09.2064801Z # Subtest: equal or growing positive gaps do not receive hypothetical collision endpoints
2026-10-08T20:02:09.2065832Z ok 353 - equal or growing positive gaps do not receive hypothetical collision endpoints
2026-10-08T20:02:09.2066383Z   ---
2026-10-08T20:02:09.2066634Z   duration_ms: 0.332986
2026-10-08T20:02:09.2066910Z   ...
2026-10-08T20:02:09.2067510Z # Subtest: saved analysis recomputes accepted entered values and rejects extra physical claims
2026-10-08T20:02:09.2068414Z ok 354 - saved analysis recomputes accepted entered values and rejects extra physical claims
2026-10-08T20:02:09.2068969Z   ---
2026-10-08T20:02:09.2069213Z   duration_ms: 0.489614
2026-10-08T20:02:09.2069643Z   ...
2026-10-08T20:02:09.2070245Z # Subtest: committed standalone explorer reproduces exactly from the owned source inputs
2026-10-08T20:02:09.2071168Z ok 355 - committed standalone explorer reproduces exactly from the owned source inputs
2026-10-08T20:02:09.2071735Z   ---
2026-10-08T20:02:09.2072000Z   duration_ms: 31.893129
2026-10-08T20:02:09.2072302Z   ...
2026-10-08T20:02:09.7499905Z # Subtest: rerouting cancels one exact original edge and increases total flow
2026-10-08T20:02:09.7500853Z ok 356 - rerouting cancels one exact original edge and increases total flow
2026-10-08T20:02:09.7501575Z   ---
2026-10-08T20:02:09.7502001Z   duration_ms: 4.0488
2026-10-08T20:02:09.7502421Z   ...
2026-10-08T20:02:09.7503066Z # Subtest: all worked presets meet independent cuts and conservation
2026-10-08T20:02:09.7504080Z ok 357 - all worked presets meet independent cuts and conservation
2026-10-08T20:02:09.7504694Z   ---
2026-10-08T20:02:09.7505089Z   duration_ms: 5.016344
2026-10-08T20:02:09.7505522Z   ...
2026-10-08T20:02:09.7506818Z # Subtest: opposite original edge and cancellation remain two residual options
2026-10-08T20:02:09.7520577Z ok 358 - opposite original edge and cancellation remain two residual options
2026-10-08T20:02:09.7530103Z   ---
2026-10-08T20:02:09.7530494Z   duration_ms: 0.563635
2026-10-08T20:02:09.7531316Z   ...
2026-10-08T20:02:09.7531978Z # Subtest: all 4096 directed unit-capacity four-vertex networks match exhaustive cuts
2026-10-08T20:02:09.7533090Z ok 359 - all 4096 directed unit-capacity four-vertex networks match exhaustive cuts
2026-10-08T20:02:09.7533630Z   ---
2026-10-08T20:02:09.7533914Z   duration_ms: 411.476226
2026-10-08T20:02:09.7534214Z   ...
2026-10-08T20:02:09.7534749Z # Subtest: seeded integer networks up to eight vertices match cut enumeration
2026-10-08T20:02:09.7535515Z ok 360 - seeded integer networks up to eight vertices match cut enumeration
2026-10-08T20:02:09.7535990Z   ---
2026-10-08T20:02:09.7536233Z   duration_ms: 250.486863
2026-10-08T20:02:09.7536510Z   ...
2026-10-08T20:02:09.7538118Z # Subtest: empty, direct, zero and irrelevant source/sink reverse edges
2026-10-08T20:02:09.7553053Z ok 361 - empty, direct, zero and irrelevant source/sink reverse edges
2026-10-08T20:02:09.7553611Z   ---
2026-10-08T20:02:09.7553888Z   duration_ms: 0.338174
2026-10-08T20:02:09.7554198Z   ...
2026-10-08T20:02:09.7554714Z # Subtest: input and every retained snapshot are detached and immutable
2026-10-08T20:02:09.7555467Z ok 362 - input and every retained snapshot are detached and immutable
2026-10-08T20:02:09.7555934Z   ---
2026-10-08T20:02:09.7556224Z   duration_ms: 1.042921
2026-10-08T20:02:09.7556510Z   ...
2026-10-08T20:02:09.7556958Z # Subtest: structural and numeric refusals happen before solving
2026-10-08T20:02:09.7557650Z ok 363 - structural and numeric refusals happen before solving
2026-10-08T20:02:09.7558122Z   ---
2026-10-08T20:02:09.7558393Z   duration_ms: 1.066057
2026-10-08T20:02:09.7558656Z   ...
2026-10-08T20:02:09.7559235Z # Subtest: text parsing and observation downloads preserve the applied inputs
2026-10-08T20:02:09.7560095Z ok 364 - text parsing and observation downloads preserve the applied inputs
2026-10-08T20:02:09.7560606Z   ---
2026-10-08T20:02:09.7560886Z   duration_ms: 2.376996
2026-10-08T20:02:09.7561136Z   ...
2026-10-08T20:02:09.7561686Z # Subtest: original course is accepted by the unchanged native deck validator
2026-10-08T20:02:09.7562767Z ok 365 - original course is accepted by the unchanged native deck validator
2026-10-08T20:02:09.7563248Z   ---
2026-10-08T20:02:09.7563479Z   duration_ms: 1.565369
2026-10-08T20:02:09.7563768Z   ...
2026-10-08T20:02:09.7564244Z # Subtest: the standalone explorer matches its exact maintained inputs
2026-10-08T20:02:09.7565002Z ok 366 - the standalone explorer matches its exact maintained inputs
2026-10-08T20:02:09.7565465Z   ---
2026-10-08T20:02:09.7565721Z   duration_ms: 42.4181
2026-10-08T20:02:09.7566007Z   ...
2026-10-08T20:02:09.7665356Z # Subtest: small dyadic arithmetic keeps exact operand and result values
2026-10-08T20:02:09.7666459Z ok 367 - small dyadic arithmetic keeps exact operand and result values
2026-10-08T20:02:09.7667270Z   ---
2026-10-08T20:02:09.7682567Z   duration_ms: 2.355973
2026-10-08T20:02:09.7687545Z   ...
2026-10-08T20:02:09.7688592Z # Subtest: decimal sum retains exact conversion and operation contributions
2026-10-08T20:02:09.7692838Z ok 368 - decimal sum retains exact conversion and operation contributions
2026-10-08T20:02:09.7694404Z   ---
2026-10-08T20:02:09.7695290Z   duration_ms: 0.476989
2026-10-08T20:02:09.7696666Z   ...
2026-10-08T20:02:09.7697351Z # Subtest: conversion can erase a difference while subtraction itself is exact
2026-10-08T20:02:09.7698294Z ok 369 - conversion can erase a difference while subtraction itself is exact
2026-10-08T20:02:09.7698862Z   ---
2026-10-08T20:02:09.7699225Z   duration_ms: 0.328698
2026-10-08T20:02:09.7699820Z   ...
2026-10-08T20:02:09.7701218Z # Subtest: operation rounding can lose an exact integer step
2026-10-08T20:02:09.7701987Z ok 370 - operation rounding can lose an exact integer step
2026-10-08T20:02:09.7702571Z   ---
2026-10-08T20:02:09.7702963Z   duration_ms: 0.372997
2026-10-08T20:02:09.7703390Z   ...
2026-10-08T20:02:09.7704124Z # Subtest: nonzero signed contributions can cancel at an exactly represented result
2026-10-08T20:02:09.7705434Z ok 371 - nonzero signed contributions can cancel at an exactly represented result
2026-10-08T20:02:09.7706125Z   ---
2026-10-08T20:02:09.7706538Z   duration_ms: 0.384079
2026-10-08T20:02:09.7706971Z   ...
2026-10-08T20:02:09.7707739Z # Subtest: individual exact integers outside the safe interval are kept distinct from the API guarantee
2026-10-08T20:02:09.7708818Z ok 372 - individual exact integers outside the safe interval are kept distinct from the API guarantee
2026-10-08T20:02:09.7709677Z   ---
2026-10-08T20:02:09.7710049Z   duration_ms: 1.437198
2026-10-08T20:02:09.7710454Z   ...
2026-10-08T20:02:09.7711016Z # Subtest: signs, exact raw strings and negative zero remain explicit
2026-10-08T20:02:09.7711767Z ok 373 - signs, exact raw strings and negative zero remain explicit
2026-10-08T20:02:09.7712303Z   ---
2026-10-08T20:02:09.7712657Z   duration_ms: 0.361704
2026-10-08T20:02:09.7713050Z   ...
2026-10-08T20:02:09.7713660Z # Subtest: the declared decimal input bounds admit edges and refuse other syntax
2026-10-08T20:02:09.7714531Z ok 374 - the declared decimal input bounds admit edges and refuse other syntax
2026-10-08T20:02:09.7715116Z   ---
2026-10-08T20:02:09.7715463Z   duration_ms: 1.484023
2026-10-08T20:02:09.7715848Z   ...
2026-10-08T20:02:09.7716429Z # Subtest: worked records are complete, deterministic and deeply immutable
2026-10-08T20:02:09.7717232Z ok 375 - worked records are complete, deterministic and deeply immutable
2026-10-08T20:02:09.7717792Z   ---
2026-10-08T20:02:09.7718142Z   duration_ms: 2.562111
2026-10-08T20:02:09.7718519Z   ...
2026-10-08T20:02:09.7719244Z # Subtest: the original lesson passes the unchanged native deck contract with exact export parity
2026-10-08T20:02:09.7726953Z ok 376 - the original lesson passes the unchanged native deck contract with exact export parity
2026-10-08T20:02:09.7731415Z   ---
2026-10-08T20:02:09.7741816Z   duration_ms: 11.515259
2026-10-08T20:02:09.7742267Z   ...
2026-10-08T20:02:09.7743061Z # Subtest: language-specific worked examples agree with actual native Number and BigInt operations
2026-10-08T20:02:09.7744386Z ok 377 - language-specific worked examples agree with actual native Number and BigInt operations
2026-10-08T20:02:09.7745093Z   ---
2026-10-08T20:02:09.7745468Z   duration_ms: 0.302114
2026-10-08T20:02:09.7745863Z   ...
2026-10-08T20:02:09.7746517Z # Subtest: the directly openable explorer is an exact build of its native inputs
2026-10-08T20:02:09.7747754Z ok 378 - the directly openable explorer is an exact build of its native inputs
2026-10-08T20:02:09.7748369Z   ---
2026-10-08T20:02:09.7748740Z   duration_ms: 48.578183
2026-10-08T20:02:09.7749136Z   ...
2026-10-08T20:02:09.7749922Z # Subtest: embedded lesson download preserves exact source bytes
2026-10-08T20:02:09.7750737Z ok 379 - embedded lesson download preserves exact source bytes
2026-10-08T20:02:09.7751281Z   ---
2026-10-08T20:02:09.7751651Z   duration_ms: 22.893017
2026-10-08T20:02:09.7752046Z   ...
2026-10-08T20:02:09.8176118Z # Subtest: pack preserves exact raw bytes in one deterministic, directly openable folder
2026-10-08T20:02:09.8177806Z ok 380 - pack preserves exact raw bytes in one deterministic, directly openable folder
2026-10-08T20:02:09.8178570Z   ---
2026-10-08T20:02:09.8180373Z   duration_ms: 360.91472
2026-10-08T20:02:09.8180824Z   ...
2026-10-08T20:02:09.8181559Z # Subtest: --check refuses missing and stale artifacts without creating or changing files
2026-10-08T20:02:09.8182547Z ok 381 - --check refuses missing and stale artifacts without creating or changing files
2026-10-08T20:02:09.8183219Z   ---
2026-10-08T20:02:09.8183605Z   duration_ms: 177.836469
2026-10-08T20:02:09.8184041Z   ...
2026-10-08T20:02:09.8184697Z # Subtest: invalid arguments are refused before publication or input access
2026-10-08T20:02:09.8185373Z     # Subtest: ["--help"]
2026-10-08T20:02:09.8185788Z     ok 1 - ["--help"]
2026-10-08T20:02:09.8186247Z       ---
2026-10-08T20:02:09.8186969Z       duration_ms: 60.481519
2026-10-08T20:02:09.8187527Z       ...
2026-10-08T20:02:09.8187912Z     # Subtest: ["extra"]
2026-10-08T20:02:09.8188577Z     ok 2 - ["extra"]
2026-10-08T20:02:09.8189611Z       ---
2026-10-08T20:02:09.8190019Z       duration_ms: 52.935782
2026-10-08T20:02:09.8190802Z       ...
2026-10-08T20:02:09.8670617Z     # Subtest: ["--check","extra"]
2026-10-08T20:02:09.8671085Z     ok 3 - ["--check","extra"]
2026-10-08T20:02:09.8671384Z       ---
2026-10-08T20:02:09.8671562Z       duration_ms: 49.756728
2026-10-08T20:02:09.8672486Z       ...
2026-10-08T20:02:09.9303015Z     # Subtest: ["--check","--check"]
2026-10-08T20:02:09.9329915Z     ok 4 - ["--check","--check"]
2026-10-08T20:02:09.9331282Z       ---
2026-10-08T20:02:09.9360171Z       duration_ms: 60.267821
2026-10-08T20:02:09.9360677Z       ...
2026-10-08T20:02:09.9878248Z     # Subtest: [""]
2026-10-08T20:02:09.9895238Z     ok 5 - [""]
2026-10-08T20:02:09.9895583Z       ---
2026-10-08T20:02:09.9895996Z       duration_ms: 59.621896
2026-10-08T20:02:09.9896303Z       ...
2026-10-08T20:02:09.9897237Z     1..5
2026-10-08T20:02:09.9900194Z ok 382 - invalid arguments are refused before publication or input access
2026-10-08T20:02:09.9900599Z   ---
2026-10-08T20:02:09.9900954Z   duration_ms: 284.184934
2026-10-08T20:02:09.9901319Z   ...
2026-10-08T20:02:10.0495180Z # Subtest: invalid registration never replaces a previous archive
2026-10-08T20:02:10.0510246Z     # Subtest: []
2026-10-08T20:02:10.0510651Z     ok 1 - []
2026-10-08T20:02:10.0510881Z       ---
2026-10-08T20:02:10.0511293Z       duration_ms: 60.3949
2026-10-08T20:02:10.0512348Z       ...
2026-10-08T20:02:10.1110709Z     # Subtest: ["courses/z-course.json","courses/z-course.json"]
2026-10-08T20:02:10.1111784Z     ok 2 - ["courses/z-course.json","courses/z-course.json"]
2026-10-08T20:02:10.1112466Z       ---
2026-10-08T20:02:10.1113635Z       duration_ms: 59.978746
2026-10-08T20:02:10.1116240Z       ...
2026-10-08T20:02:10.1872293Z     # Subtest: ["../outside.json"]
2026-10-08T20:02:10.1880475Z     ok 3 - ["../outside.json"]
2026-10-08T20:02:10.1882379Z       ---
2026-10-08T20:02:10.1882698Z       duration_ms: 77.70842
2026-10-08T20:02:10.1883507Z       ...
2026-10-08T20:02:10.2729640Z     # Subtest: ["/outside.json"]
2026-10-08T20:02:10.2730764Z     ok 4 - ["/outside.json"]
2026-10-08T20:02:10.2731322Z       ---
2026-10-08T20:02:10.2731751Z       duration_ms: 84.687031
2026-10-08T20:02:10.2732183Z       ...
2026-10-08T20:02:10.3308555Z     # Subtest: ["courses/sub/file.json"]
2026-10-08T20:02:10.3309522Z     ok 5 - ["courses/sub/file.json"]
2026-10-08T20:02:10.3313507Z       ---
2026-10-08T20:02:10.3313967Z       duration_ms: 59.081056
2026-10-08T20:02:10.3314400Z       ...
2026-10-08T20:02:10.3905952Z     # Subtest: ["courses\\\\file.json"]
2026-10-08T20:02:10.3906783Z     ok 6 - ["courses\\\\file.json"]
2026-10-08T20:02:10.3907535Z       ---
2026-10-08T20:02:10.3907860Z       duration_ms: 59.573844
2026-10-08T20:02:10.3908206Z       ...
2026-10-08T20:02:10.4505160Z     # Subtest: [null]
2026-10-08T20:02:10.4507980Z     ok 7 - [null]
2026-10-08T20:02:10.4508541Z       ---
2026-10-08T20:02:10.4509037Z       duration_ms: 60.062247
2026-10-08T20:02:10.4509805Z       ...
2026-10-08T20:02:10.5068824Z     # Subtest: {"courses":["courses/a-course.json"]}
2026-10-08T20:02:10.5072481Z     ok 8 - {"courses":["courses/a-course.json"]}
2026-10-08T20:02:10.5074135Z       ---
2026-10-08T20:02:10.5074453Z       duration_ms: 56.066457
2026-10-08T20:02:10.5074833Z       ...
2026-10-08T20:02:10.5643211Z     # Subtest: ["courses/course-0.json","courses/course-1.json","courses/course-2.json","courses/course-3.json","co
2026-10-08T20:02:10.5644515Z     ok 9 - ["courses/course-0.json","courses/course-1.json","courses/course-2.json","courses/course-3.json","co
2026-10-08T20:02:10.5647477Z       ---
2026-10-08T20:02:10.5647884Z       duration_ms: 55.692561
2026-10-08T20:02:10.5648429Z       ...
2026-10-08T20:02:10.5652663Z     1..9
2026-10-08T20:02:10.5653134Z ok 383 - invalid registration never replaces a previous archive
2026-10-08T20:02:10.5653586Z   ---
2026-10-08T20:02:10.5653858Z   duration_ms: 575.325987
2026-10-08T20:02:10.5654338Z   ...
2026-10-08T20:02:10.9762577Z # Subtest: catalog and course mismatches are rejected, then exact updated bytes can be published
2026-10-08T20:02:10.9763586Z ok 384 - catalog and course mismatches are rejected, then exact updated bytes can be published
2026-10-08T20:02:10.9764134Z   ---
2026-10-08T20:02:10.9764382Z   duration_ms: 413.080766
2026-10-08T20:02:10.9764663Z   ...
2026-10-08T20:02:11.0201564Z # Subtest: missing, malformed, oversized and linked inputs are refused before publishing
2026-10-08T20:02:11.0210524Z     # Subtest: missing learner
2026-10-08T20:02:11.0214298Z     ok 1 - missing learner
2026-10-08T20:02:11.0216245Z       ---
2026-10-08T20:02:11.0216982Z       duration_ms: 43.73505
2026-10-08T20:02:11.0219437Z       ...
2026-10-08T20:02:11.0667169Z     # Subtest: invalid UTF-8 learner
2026-10-08T20:02:11.0667592Z     ok 2 - invalid UTF-8 learner
2026-10-08T20:02:11.0667902Z       ---
2026-10-08T20:02:11.0668176Z       duration_ms: 46.802048
2026-10-08T20:02:11.0668486Z       ...
2026-10-08T20:02:11.1066674Z     # Subtest: invalid UTF-8 course
2026-10-08T20:02:11.1067109Z     ok 3 - invalid UTF-8 course
2026-10-08T20:02:11.1067454Z       ---
2026-10-08T20:02:11.1067711Z       duration_ms: 39.853655
2026-10-08T20:02:11.1067926Z       ...
2026-10-08T20:02:11.1499059Z     # Subtest: non-JSON course
2026-10-08T20:02:11.1499537Z     ok 4 - non-JSON course
2026-10-08T20:02:11.1500069Z       ---
2026-10-08T20:02:11.1500387Z       duration_ms: 43.053215
2026-10-08T20:02:11.1500750Z       ...
2026-10-08T20:02:11.1929180Z     # Subtest: oversized learner
2026-10-08T20:02:11.1929734Z     ok 5 - oversized learner
2026-10-08T20:02:11.1930059Z       ---
2026-10-08T20:02:11.1930327Z       duration_ms: 42.914929
2026-10-08T20:02:11.1930635Z       ...
2026-10-08T20:02:11.2343623Z     # Subtest: missing catalog data
2026-10-08T20:02:11.2343937Z     ok 6 - missing catalog data
2026-10-08T20:02:11.2344152Z       ---
2026-10-08T20:02:11.2344347Z       duration_ms: 41.300573
2026-10-08T20:02:11.2344572Z       ...
2026-10-08T20:02:11.2768281Z     # Subtest: duplicate catalog data
2026-10-08T20:02:11.2768987Z     ok 7 - duplicate catalog data
2026-10-08T20:02:11.2769430Z       ---
2026-10-08T20:02:11.2769753Z       duration_ms: 42.348612
2026-10-08T20:02:11.2770112Z       ...
2026-10-08T20:02:11.3190100Z     # Subtest: wrong catalog data element
2026-10-08T20:02:11.3190548Z     ok 8 - wrong catalog data element
2026-10-08T20:02:11.3190897Z       ---
2026-10-08T20:02:11.3191078Z       duration_ms: 42.076176
2026-10-08T20:02:11.3191270Z       ...
2026-10-08T20:02:11.3601218Z     # Subtest: course symlink
2026-10-08T20:02:11.3601498Z     ok 9 - course symlink
2026-10-08T20:02:11.3601703Z       ---
2026-10-08T20:02:11.3601878Z       duration_ms: 41.01654
2026-10-08T20:02:11.3602068Z       ...
2026-10-08T20:02:11.4015351Z     # Subtest: output symlink
2026-10-08T20:02:11.4015649Z     ok 10 - output symlink
2026-10-08T20:02:11.4016019Z       ---
2026-10-08T20:02:11.4016287Z       duration_ms: 41.202232
2026-10-08T20:02:11.4016621Z       ...
2026-10-08T20:02:11.4434283Z     # Subtest: output directory
2026-10-08T20:02:11.4434931Z     ok 11 - output directory
2026-10-08T20:02:11.4435365Z       ---
2026-10-08T20:02:11.4435732Z       duration_ms: 41.225146
2026-10-08T20:02:11.4436141Z       ...
2026-10-08T20:02:11.4436489Z     1..11
2026-10-08T20:02:11.4437059Z ok 385 - missing, malformed, oversized and linked inputs are refused before publishing
2026-10-08T20:02:11.4437561Z   ---
2026-10-08T20:02:11.4437744Z   duration_ms: 467.191203
2026-10-08T20:02:11.4437930Z   ...
2026-10-08T20:02:11.4899816Z # Subtest: write synchronization and atomic replacement failures keep the previous archive and clean temporary files
2026-10-08T20:02:11.4900306Z     # Subtest: fsync
2026-10-08T20:02:11.4900522Z     ok 1 - fsync
2026-10-08T20:02:11.4900694Z       ---
2026-10-08T20:02:11.4900869Z       duration_ms: 46.496008
2026-10-08T20:02:11.4901066Z       ...
2026-10-08T20:02:11.5889935Z     # Subtest: replace
2026-10-08T20:02:11.5890732Z     ok 2 - replace
2026-10-08T20:02:11.5891267Z       ---
2026-10-08T20:02:11.5891632Z       duration_ms: 60.359059
2026-10-08T20:02:11.5892126Z       ...
2026-10-08T20:02:11.5892527Z     1..2
2026-10-08T20:02:11.5893100Z ok 386 - write synchronization and atomic replacement failures keep the previous archive and clean temporary files
2026-10-08T20:02:11.5893611Z   ---
2026-10-08T20:02:11.5893885Z   duration_ms: 107.378546
2026-10-08T20:02:11.5894179Z   ...
2026-10-08T20:02:11.5894649Z # Subtest: committed offline pack matches the current compiled pages and registered courses
2026-10-08T20:02:11.5895302Z ok 387 - committed offline pack matches the current compiled pages and registered courses
2026-10-08T20:02:11.5895732Z   ---
2026-10-08T20:02:11.5896002Z   duration_ms: 38.38188
2026-10-08T20:02:11.5896285Z   ...
2026-10-08T20:02:11.5985545Z # Subtest: the original phasor course meets the complete native deck contract
2026-10-08T20:02:11.5986316Z ok 388 - the original phasor course meets the complete native deck contract
2026-10-08T20:02:11.5986791Z   ---
2026-10-08T20:02:11.5987029Z   duration_ms: 3.110485
2026-10-08T20:02:11.5987304Z   ...
2026-10-08T20:02:11.5987918Z # Subtest: the unchanged native selector reaches every imported item with bounded mastery estimates
2026-10-08T20:02:11.5988711Z ok 389 - the unchanged native selector reaches every imported item with bounded mastery estimates
2026-10-08T20:02:11.5989072Z   ---
2026-10-08T20:02:11.5989242Z   duration_ms: 11.850329
2026-10-08T20:02:11.5989603Z   ...
2026-10-08T20:02:11.5989953Z # Subtest: course answer identities agree with the separately solved blind receiving key
2026-10-08T20:02:11.5990479Z ok 390 - course answer identities agree with the separately solved blind receiving key
2026-10-08T20:02:11.5990802Z   ---
2026-10-08T20:02:11.5990964Z   duration_ms: 0.314509
2026-10-08T20:02:11.5991143Z   ...
2026-10-08T20:02:11.5991515Z # Subtest: the 3 + 4i example has amplitude five and the independently derived cosine projections
2026-10-08T20:02:11.5992087Z ok 391 - the 3 + 4i example has amplitude five and the independently derived cosine projections
2026-10-08T20:02:11.6310112Z   ---
2026-10-08T20:02:11.6310556Z   duration_ms: 3.681447
2026-10-08T20:02:11.6310833Z   ...
2026-10-08T20:02:11.6311429Z # Subtest: admission refuses omitted, blank, nonfinite, coerced and out-of-range settings
2026-10-08T20:02:11.6312273Z ok 392 - admission refuses omitted, blank, nonfinite, coerced and out-of-range settings
2026-10-08T20:02:11.6312784Z   ---
2026-10-08T20:02:11.6313031Z   duration_ms: 7.990538
2026-10-08T20:02:11.6313292Z   ...
2026-10-08T20:02:11.6313911Z # Subtest: equal opposite waves cancel exactly at arbitrary common rotations and both half-turn signs
2026-10-08T20:02:11.6314847Z ok 393 - equal opposite waves cancel exactly at arbitrary common rotations and both half-turn signs
2026-10-08T20:02:11.6315398Z   ---
2026-10-08T20:02:11.6315623Z   duration_ms: 2.880916
2026-10-08T20:02:11.6315880Z   ...
2026-10-08T20:02:11.6316442Z # Subtest: zero input and one absent component have distinct well-defined amplitude behavior
2026-10-08T20:02:11.6317289Z ok 394 - zero input and one absent component have distinct well-defined amplitude behavior
2026-10-08T20:02:11.6317809Z   ---
2026-10-08T20:02:11.6318045Z   duration_ms: 1.069511
2026-10-08T20:02:11.6318309Z   ...
2026-10-08T20:02:11.6318845Z # Subtest: a small real residual is retained instead of being relabeled exact cancellation
2026-10-08T20:02:11.6319811Z ok 395 - a small real residual is retained instead of being relabeled exact cancellation
2026-10-08T20:02:11.6320302Z   ---
2026-10-08T20:02:11.6320535Z   duration_ms: 1.392011
2026-10-08T20:02:11.6320791Z   ...
2026-10-08T20:02:11.6321568Z # Subtest: common rotation preserves magnitude and cycle average while moving the real projection
2026-10-08T20:02:11.6322490Z ok 396 - common rotation preserves magnitude and cycle average while moving the real projection
2026-10-08T20:02:11.6323020Z   ---
2026-10-08T20:02:11.6323253Z   duration_ms: 0.490389
2026-10-08T20:02:11.6323668Z   ...
2026-10-08T20:02:11.6324235Z # Subtest: principal phase respects the branch cut and zero never acquires a fabricated angle
2026-10-08T20:02:11.6324826Z ok 397 - principal phase respects the branch cut and zero never acquires a fabricated angle
2026-10-08T20:02:11.6325160Z   ---
2026-10-08T20:02:11.6325323Z   duration_ms: 0.888021
2026-10-08T20:02:11.6325503Z   ...
2026-10-08T20:02:11.6325891Z # Subtest: independent real-signal equations, amplitude law and full-cycle numerical averages agree
2026-10-08T20:02:11.6326462Z ok 398 - independent real-signal equations, amplitude law and full-cycle numerical averages agree
2026-10-08T20:02:11.6326800Z   ---
2026-10-08T20:02:11.6326960Z   duration_ms: 41.867956
2026-10-08T20:02:11.6327138Z   ...
2026-10-08T20:02:11.6327482Z # Subtest: changing frequency changes seconds but keeps every fixed-cycle signal value
2026-10-08T20:02:11.6327979Z ok 399 - changing frequency changes seconds but keeps every fixed-cycle signal value
2026-10-08T20:02:11.6328292Z   ---
2026-10-08T20:02:11.6328452Z   duration_ms: 1.256199
2026-10-08T20:02:11.6328625Z   ...
2026-10-08T20:02:11.6328935Z # Subtest: cursor changes select a point without rewriting the two-cycle trace
2026-10-08T20:02:11.6329535Z ok 400 - cursor changes select a point without rewriting the two-cycle trace
2026-10-08T20:02:11.6329824Z   ---
2026-10-08T20:02:11.6329984Z   duration_ms: 0.974911
2026-10-08T20:02:11.6330156Z   ...
2026-10-08T20:02:11.6330451Z # Subtest: a snapshot copies inputs and freezes all nested numerical results
2026-10-08T20:02:11.6330878Z ok 401 - a snapshot copies inputs and freezes all nested numerical results
2026-10-08T20:02:11.6331167Z   ---
2026-10-08T20:02:11.6331326Z   duration_ms: 0.40971
2026-10-08T20:02:11.6331502Z   ...
2026-10-08T20:02:11.6331879Z # Subtest: JSON exports the checked snapshot, explicit assumptions and undefined zero phase as null
2026-10-08T20:02:11.6332437Z ok 402 - JSON exports the checked snapshot, explicit assumptions and undefined zero phase as null
2026-10-08T20:02:11.6332779Z   ---
2026-10-08T20:02:11.6332941Z   duration_ms: 5.421196
2026-10-08T20:02:11.6333112Z   ...
2026-10-08T20:02:11.6333553Z # Subtest: CSV preserves all 129 full-precision samples and all six experiment settings
2026-10-08T20:02:11.6334071Z ok 403 - CSV preserves all 129 full-precision samples and all six experiment settings
2026-10-08T20:02:11.6334389Z   ---
2026-10-08T20:02:11.6334553Z   duration_ms: 1.38801
2026-10-08T20:02:11.6334728Z   ...
2026-10-08T20:02:11.6335044Z # Subtest: display formatting retains zero sign policy and small nonzero values
2026-10-08T20:02:11.6335505Z ok 404 - display formatting retains zero sign policy and small nonzero values
2026-10-08T20:02:11.6335798Z   ---
2026-10-08T20:02:11.6335954Z   duration_ms: 0.172867
2026-10-08T20:02:11.6336124Z   ...
2026-10-08T20:02:11.6336450Z # Subtest: constant rate accumulates with units and negative rate retains direction
2026-10-08T20:02:11.6336922Z ok 405 - constant rate accumulates with units and negative rate retains direction
2026-10-08T20:02:11.6337218Z   ---
2026-10-08T20:02:11.6337366Z   duration_ms: 4.00272
2026-10-08T20:02:11.6337536Z   ...
2026-10-08T20:02:11.6337861Z # Subtest: out-and-back prefixes retain signed and absolute accumulation separately
2026-10-08T20:02:11.6338335Z ok 406 - out-and-back prefixes retain signed and absolute accumulation separately
2026-10-08T20:02:11.6338631Z   ---
2026-10-08T20:02:11.6338781Z   duration_ms: 1.251352
2026-10-08T20:02:11.6338951Z   ...
2026-10-08T20:02:11.6339215Z # Subtest: an interior zero is split before distance accumulation
2026-10-08T20:02:11.6339782Z ok 407 - an interior zero is split before distance accumulation
2026-10-08T20:02:11.6340048Z   ---
2026-10-08T20:02:11.6340210Z   duration_ms: 1.784836
2026-10-08T20:02:11.6340384Z   ...
2026-10-08T20:02:11.6340623Z # Subtest: a non-grid zero retains exact rational area
2026-10-08T20:02:11.6340949Z ok 408 - a non-grid zero retains exact rational area
2026-10-08T20:02:11.6341177Z   ---
2026-10-08T20:02:11.6341450Z   duration_ms: 0.448858
2026-10-08T20:02:11.6341618Z   ...
2026-10-08T20:02:11.6341903Z # Subtest: zero duration, complete rest and touching zero are distinct
2026-10-08T20:02:11.6342301Z ok 409 - zero duration, complete rest and touching zero are distinct
2026-10-08T20:02:11.6342563Z   ---
2026-10-08T20:02:11.6342716Z   duration_ms: 0.438523
2026-10-08T20:02:11.6342888Z   ...
2026-10-08T20:02:11.6343232Z # Subtest: acceleration records corners, straight inserted knots and one-sided boundaries
2026-10-08T20:02:11.6343745Z ok 410 - acceleration records corners, straight inserted knots and one-sided boundaries
2026-10-08T20:02:11.6344058Z   ---
2026-10-08T20:02:11.6344209Z   duration_ms: 3.896687
2026-10-08T20:02:11.6344384Z   ...
2026-10-08T20:02:11.6344708Z # Subtest: covered segment rows agree with manually worked rest and cruise prefixes
2026-10-08T20:02:11.6345168Z ok 411 - covered segment rows agree with manually worked rest and cruise prefixes
2026-10-08T20:02:11.6345462Z   ---
2026-10-08T20:02:11.6345623Z   duration_ms: 0.880109
2026-10-08T20:02:11.6345790Z   ...
2026-10-08T20:02:11.6346124Z # Subtest: sign reversal negates signed values but preserves distance over many prefixes
2026-10-08T20:02:11.6346631Z ok 412 - sign reversal negates signed values but preserves distance over many prefixes
2026-10-08T20:02:11.6346939Z   ---
2026-10-08T20:02:11.6347098Z   duration_ms: 39.975104
2026-10-08T20:02:11.6347271Z   ...
2026-10-08T20:02:11.6347620Z # Subtest: all declared edges are admitted and all invalid inputs are refused before a result
2026-10-08T20:02:11.6348141Z ok 413 - all declared edges are admitted and all invalid inputs are refused before a result
2026-10-08T20:02:11.6348454Z   ---
2026-10-08T20:02:11.6348606Z   duration_ms: 4.246108
2026-10-08T20:02:11.6348776Z   ...
2026-10-08T20:02:11.6355672Z # Subtest: records are immutable, deterministic and retain complete authored input
2026-10-08T20:02:11.6356314Z ok 414 - records are immutable, deterministic and retain complete authored input
2026-10-08T20:02:11.6356648Z   ---
2026-10-08T20:02:11.6356822Z   duration_ms: 1.018796
2026-10-08T20:02:11.6357008Z   ...
2026-10-08T20:02:11.6357525Z # Subtest: the original course passes unchanged deck admission and balanced answer positions
2026-10-08T20:02:11.6358083Z ok 415 - the original course passes unchanged deck admission and balanced answer positions
2026-10-08T20:02:11.6358406Z   ---
2026-10-08T20:02:11.6358570Z   duration_ms: 15.426672
2026-10-08T20:02:11.6358749Z   ...
2026-10-08T20:02:11.6359025Z # Subtest: standalone parity and embedded exact course/guide bytes
2026-10-08T20:02:11.6359615Z ok 416 - standalone parity and embedded exact course/guide bytes
2026-10-08T20:02:11.6359895Z   ---
2026-10-08T20:02:11.6360059Z   duration_ms: 54.33541
2026-10-08T20:02:11.6360235Z   ...
2026-10-08T20:02:11.6360574Z # Subtest: circuit admission copies the four finite values and normalizes negative zero
2026-10-08T20:02:11.6361076Z ok 417 - circuit admission copies the four finite values and normalizes negative zero
2026-10-08T20:02:11.6361396Z   ---
2026-10-08T20:02:11.6361563Z   duration_ms: 1.469447
2026-10-08T20:02:11.6361738Z   ...
2026-10-08T20:02:11.6362080Z # Subtest: invalid records, nonfinite values and values outside each bound are refused
2026-10-08T20:02:11.6362571Z ok 418 - invalid records, nonfinite values and values outside each bound are refused
2026-10-08T20:02:11.6362874Z   ---
2026-10-08T20:02:11.6363033Z   duration_ms: 0.789615
2026-10-08T20:02:11.6363214Z   ...
2026-10-08T20:02:11.6363571Z # Subtest: text input accepts explicit decimals and exponent notation without empty coercion
2026-10-08T20:02:11.6364093Z ok 419 - text input accepts explicit decimals and exponent notation without empty coercion
2026-10-08T20:02:11.6364412Z   ---
2026-10-08T20:02:11.6364566Z   duration_ms: 0.390741
2026-10-08T20:02:11.6364742Z   ...
2026-10-08T20:02:11.6365087Z # Subtest: initial capacitor voltage is continuous and initial current uses the signed gap
2026-10-08T20:02:11.6365589Z ok 420 - initial capacitor voltage is continuous and initial current uses the signed gap
2026-10-08T20:02:11.6366017Z   ---
2026-10-08T20:02:11.6366179Z   duration_ms: 0.135632
2026-10-08T20:02:11.6366352Z   ...
2026-10-08T20:02:11.6366710Z # Subtest: discharge, reversed steps and a precharged source preserve current and power signs
2026-10-08T20:02:11.6367243Z ok 421 - discharge, reversed steps and a precharged source preserve current and power signs
2026-10-08T20:02:11.6367564Z   ---
2026-10-08T20:02:11.6367718Z   duration_ms: 0.298844
2026-10-08T20:02:11.6367892Z   ...
2026-10-08T20:02:11.6368177Z # Subtest: equilibrium retains stored energy while all transfers vanish
2026-10-08T20:02:11.6368595Z ok 422 - equilibrium retains stored energy while all transfers vanish
2026-10-08T20:02:11.6368868Z   ---
2026-10-08T20:02:11.6369022Z   duration_ms: 0.915272
2026-10-08T20:02:11.6369193Z   ...
2026-10-08T20:02:11.6369674Z # Subtest: resistance and capacitance scaling distinguish physical time from normalized time
2026-10-08T20:02:11.6370209Z ok 423 - resistance and capacitance scaling distinguish physical time from normalized time
2026-10-08T20:02:11.6370547Z   ---
2026-10-08T20:02:11.6370703Z   duration_ms: 0.22908
2026-10-08T20:02:11.6370873Z   ...
2026-10-08T20:02:11.6371144Z # Subtest: finite five-tau and eight-tau results retain a nonzero gap
2026-10-08T20:02:11.6371531Z ok 424 - finite five-tau and eight-tau results retain a nonzero gap
2026-10-08T20:02:11.6371789Z   ---
2026-10-08T20:02:11.6371949Z   duration_ms: 0.113259
2026-10-08T20:02:11.6372118Z   ...
2026-10-08T20:02:11.6372421Z # Subtest: tiny positive time retains a finite change and signed energy balance
2026-10-08T20:02:11.6372863Z ok 425 - tiny positive time retains a finite change and signed energy balance
2026-10-08T20:02:11.6373147Z   ---
2026-10-08T20:02:11.6373295Z   duration_ms: 0.333736
2026-10-08T20:02:11.6373462Z   ...
2026-10-08T20:02:11.6373785Z # Subtest: the trace is a frozen 161-sample applied snapshot including both endpoints
2026-10-08T20:02:11.6374250Z ok 426 - the trace is a frozen 161-sample applied snapshot including both endpoints
2026-10-08T20:02:11.6374548Z   ---
2026-10-08T20:02:11.6374796Z   duration_ms: 1.513682
2026-10-08T20:02:11.6374968Z   ...
2026-10-08T20:02:11.6375329Z # Subtest: observation JSON keeps applied inputs, SI units and full-precision selected results
2026-10-08T20:02:11.6375857Z ok 427 - observation JSON keeps applied inputs, SI units and full-precision selected results
2026-10-08T20:02:11.6376178Z   ---
2026-10-08T20:02:11.6376333Z   duration_ms: 2.250559
2026-10-08T20:02:11.6376499Z   ...
2026-10-08T20:02:11.6376854Z # Subtest: the original course validates in the unchanged parser with balanced concept coverage
2026-10-08T20:02:11.6377385Z ok 428 - the original course validates in the unchanged parser with balanced concept coverage
2026-10-08T20:02:11.6377699Z   ---
2026-10-08T20:02:11.6377847Z   duration_ms: 1.211773
2026-10-08T20:02:11.6378011Z   ...
2026-10-08T20:02:11.6378374Z # Subtest: the checked-in standalone lab matches its sources and preserves both download payloads
2026-10-08T20:02:11.6378920Z ok 429 - the checked-in standalone lab matches its sources and preserves both download payloads
2026-10-08T20:02:11.6379370Z   ---
2026-10-08T20:02:11.6379576Z   duration_ms: 3.648088
2026-10-08T20:02:11.6379747Z   ...
2026-10-08T20:02:11.6380084Z # Subtest: the twelve-question course is an exact native importer/serializer round trip
2026-10-08T20:02:11.6380570Z ok 430 - the twelve-question course is an exact native importer/serializer round trip
2026-10-08T20:02:11.6380870Z   ---
2026-10-08T20:02:11.6381030Z   duration_ms: 4.307659
2026-10-08T20:02:11.6381196Z   ...
2026-10-08T20:02:11.6381492Z # Subtest: base cases and the unreachable countdown use their declared inputs
2026-10-08T20:02:11.6381918Z ok 431 - base cases and the unreachable countdown use their declared inputs
2026-10-08T20:02:11.6382191Z   ---
2026-10-08T20:02:11.6382349Z   duration_ms: 0.306446
2026-10-08T20:02:11.6382521Z   ...
2026-10-08T20:02:11.6382885Z # Subtest: waiting-parent, completion-order and second-child answers preserve unfinished work
2026-10-08T20:02:11.6383547Z ok 432 - waiting-parent, completion-order and second-child answers preserve unfinished work
2026-10-08T20:02:11.6383882Z   ---
2026-10-08T20:02:11.6384039Z   duration_ms: 0.219005
2026-10-08T20:02:11.6384212Z   ...
2026-10-08T20:02:11.6384566Z # Subtest: chain and branching call counts agree with independent products and binomial sums
2026-10-08T20:02:11.6385079Z ok 433 - chain and branching call counts agree with independent products and binomial sums
2026-10-08T20:02:11.6385393Z   ---
2026-10-08T20:02:11.6385543Z   duration_ms: 0.237864
2026-10-08T20:02:11.6385711Z   ...
2026-10-08T20:02:11.6386040Z # Subtest: fresh-cache answers account for every invocation and preserve a stored zero
2026-10-08T20:02:11.6386532Z ok 434 - fresh-cache answers account for every invocation and preserve a stored zero
2026-10-08T20:02:11.6386834Z   ---
2026-10-08T20:02:11.6386984Z   duration_ms: 0.395218
2026-10-08T20:02:11.6387154Z   ...
2026-10-08T20:02:11.6387445Z # Subtest: every numeric Fibonacci guide row matches the separate reference
2026-10-08T20:02:11.6387874Z ok 435 - every numeric Fibonacci guide row matches the separate reference
2026-10-08T20:02:11.6388155Z   ---
2026-10-08T20:02:11.6388308Z   duration_ms: 0.330161
2026-10-08T20:02:11.6388475Z   ...
2026-10-08T20:02:11.6388828Z # Subtest: the existing author conversion can reopen and check every content field without loss
2026-10-08T20:02:11.6389620Z ok 436 - the existing author conversion can reopen and check every content field without loss
2026-10-08T20:02:11.6389954Z   ---
2026-10-08T20:02:11.6390108Z   duration_ms: 1.340404
2026-10-08T20:02:11.6390271Z   ...
2026-10-08T20:02:11.6390629Z # Subtest: actual selection, review, practice and study notes retain the imported answer identity
2026-10-08T20:02:11.6391188Z ok 437 - actual selection, review, practice and study notes retain the imported answer identity
2026-10-08T20:02:11.6391506Z   ---
2026-10-08T20:02:11.6391669Z   duration_ms: 14.971264
2026-10-08T20:02:11.6391841Z   ...
2026-10-08T20:02:11.6392298Z # Subtest: a damaged late answer or an explorer trace format is refused by the unmodified importer
2026-10-08T20:02:11.6392847Z ok 438 - a damaged late answer or an explorer trace format is refused by the unmodified importer
2026-10-08T20:02:11.6393172Z   ---
2026-10-08T20:02:11.6393328Z   duration_ms: 1.765227
2026-10-08T20:02:11.6393505Z   ...
2026-10-08T20:02:11.6393841Z # Subtest: all 33 bounded runs agree with independent numeric and invocation-count oracles
2026-10-08T20:02:11.6394331Z ok 439 - all 33 bounded runs agree with independent numeric and invocation-count oracles
2026-10-08T20:02:11.6394633Z   ---
2026-10-08T20:02:11.6394786Z   duration_ms: 60.078239
2026-10-08T20:02:11.6394962Z   ...
2026-10-08T20:02:11.6395385Z # Subtest: every prefix preserves stack identity, parent ownership, monotone counters, and exact return delivery
2026-10-08T20:02:11.6396012Z ok 440 - every prefix preserves stack identity, parent ownership, monotone counters, and exact return delivery
2026-10-08T20:02:11.6396379Z   ---
2026-10-08T20:02:11.6396534Z   duration_ms: 39.99877
2026-10-08T20:02:11.6396700Z   ...
2026-10-08T20:02:11.6397090Z # Subtest: factorial unwinds in actual return order and retains each multiplication until its child returns
2026-10-08T20:02:11.6397692Z ok 441 - factorial unwinds in actual return order and retains each multiplication until its child returns
2026-10-08T20:02:11.6398045Z   ---
2026-10-08T20:02:11.6398204Z   duration_ms: 0.533824
2026-10-08T20:02:11.6398374Z   ...
2026-10-08T20:02:11.6398723Z # Subtest: Fibonacci completes the left child first and preserves it across the right branch
2026-10-08T20:02:11.6399367Z ok 442 - Fibonacci completes the left child first and preserves it across the right branch
2026-10-08T20:02:11.6399714Z   ---
2026-10-08T20:02:11.6399872Z   duration_ms: 0.403661
2026-10-08T20:02:11.6400045Z   ...
2026-10-08T20:02:11.6400437Z # Subtest: memoization starts empty, caches bases, counts cache-hit frames, and never shares a previous run
2026-10-08T20:02:11.6401169Z ok 443 - memoization starts empty, caches bases, counts cache-hit frames, and never shares a previous run
2026-10-08T20:02:11.6401531Z   ---
2026-10-08T20:02:11.6401682Z   duration_ms: 1.897884
2026-10-08T20:02:11.6401851Z   ...
2026-10-08T20:02:11.6402224Z # Subtest: inspection is reversible, immutable, and exported cursor binds the exact displayed state
2026-10-08T20:02:11.6402784Z ok 444 - inspection is reversible, immutable, and exported cursor binds the exact displayed state
2026-10-08T20:02:11.6403126Z   ---
2026-10-08T20:02:11.6403275Z   duration_ms: 7.565737
2026-10-08T20:02:11.6403438Z   ...
2026-10-08T20:02:11.6403699Z # Subtest: invalid and ambiguous input is refused before tracing
2026-10-08T20:02:11.6404067Z ok 445 - invalid and ambiguous input is refused before tracing
2026-10-08T20:02:11.6404315Z   ---
2026-10-08T20:02:11.6404464Z   duration_ms: 0.397641
2026-10-08T20:02:11.6404635Z   ...
2026-10-08T20:02:11.6405001Z # Subtest: checked-in direct-file page reproduces exactly and contains no runtime module imports
2026-10-08T20:02:11.6405543Z ok 446 - checked-in direct-file page reproduces exactly and contains no runtime module imports
2026-10-08T20:02:11.6405869Z   ---
2026-10-08T20:02:11.6406027Z   duration_ms: 54.878633
2026-10-08T20:02:11.6406210Z   ...
2026-10-08T20:02:11.6406612Z # Subtest: question identity survives reordered review, edits and clearing without changing earlier notes
2026-10-08T20:02:11.6407204Z ok 447 - question identity survives reordered review, edits and clearing without changing earlier notes
2026-10-08T20:02:11.6407553Z   ---
2026-10-08T20:02:11.6407708Z   duration_ms: 1.823704
2026-10-08T20:02:11.6407881Z   ...
2026-10-08T20:02:11.6408233Z # Subtest: application writing is separate and a fresh session starts with every field empty
2026-10-08T20:02:11.6408751Z ok 448 - application writing is separate and a fresh session starts with every field empty
2026-10-08T20:02:11.6409071Z   ---
2026-10-08T20:02:11.6409229Z   duration_ms: 0.878637
2026-10-08T20:02:11.6409533Z   ...
2026-10-08T20:02:11.6409958Z # Subtest: unknown or duplicate question identities and non-text edits are refused
2026-10-08T20:02:11.6410437Z ok 449 - unknown or duplicate question identities and non-text edits are refused
2026-10-08T20:02:11.6410732Z   ---
2026-10-08T20:02:11.6410887Z   duration_ms: 0.272135
2026-10-08T20:02:11.6411057Z   ...
2026-10-08T20:02:11.6411487Z # Subtest: actual study notes bind writing to questions while retaining native review, estimates and a paused retry
2026-10-08T20:02:11.6412144Z ok 450 - actual study notes bind writing to questions while retaining native review, estimates and a paused retry
2026-10-08T20:02:11.6412513Z   ---
2026-10-08T20:02:11.6412665Z   duration_ms: 2.294644
2026-10-08T20:02:11.6412831Z   ...
2026-10-08T20:02:11.6413173Z # Subtest: actual export uses the most recent edit and represents cleared fields as unwritten
2026-10-08T20:02:11.6413681Z ok 451 - actual export uses the most recent edit and represents cleared fields as unwritten
2026-10-08T20:02:11.6413998Z   ---
2026-10-08T20:02:11.6414147Z   duration_ms: 1.275107
2026-10-08T20:02:11.6414315Z   ...
2026-10-08T20:02:11.6414743Z # Subtest: export refuses missing, duplicate or foreign notebook identities instead of attaching notes by position
2026-10-08T20:02:11.6415428Z ok 452 - export refuses missing, duplicate or foreign notebook identities instead of attaching notes by position
2026-10-08T20:02:11.6416049Z   ---
2026-10-08T20:02:11.6416281Z   duration_ms: 0.612271
2026-10-08T20:02:11.6416500Z   ...
2026-10-08T20:02:11.6417082Z # Subtest: study notes retain the displayed imported-course application prompt without changing notebook or first-session data
2026-10-08T20:02:11.6417956Z ok 453 - study notes retain the displayed imported-course application prompt without changing notebook or first-session data
2026-10-08T20:02:11.6418428Z   ---
2026-10-08T20:02:11.6418595Z   duration_ms: 0.599542
2026-10-08T20:02:11.6418760Z   ...
2026-10-08T20:02:11.6419350Z # Subtest: a notebook export refuses a missing or non-text displayed application prompt
2026-10-08T20:02:11.6419949Z ok 454 - a notebook export refuses a missing or non-text displayed application prompt
2026-10-08T20:02:11.6420252Z   ---
2026-10-08T20:02:11.6420400Z   duration_ms: 0.371854
2026-10-08T20:02:11.6420568Z   ...
2026-10-08T20:02:11.6420839Z # Subtest: review preserves session order and the actual chosen answer
2026-10-08T20:02:11.6421224Z ok 455 - review preserves session order and the actual chosen answer
2026-10-08T20:02:11.6421481Z   ---
2026-10-08T20:02:11.6421631Z   duration_ms: 2.985422
2026-10-08T20:02:11.6421793Z   ...
2026-10-08T20:02:11.6422090Z # Subtest: review is an immutable snapshot independent of mutable input arrays
2026-10-08T20:02:11.6422515Z ok 456 - review is an immutable snapshot independent of mutable input arrays
2026-10-08T20:02:11.6422787Z   ---
2026-10-08T20:02:11.6422931Z   duration_ms: 0.580313
2026-10-08T20:02:11.6423094Z   ...
2026-10-08T20:02:11.6423376Z # Subtest: a review rejects unknown, duplicate, or invalid first answers
2026-10-08T20:02:11.6423786Z ok 457 - a review rejects unknown, duplicate, or invalid first answers
2026-10-08T20:02:11.6424047Z   ---
2026-10-08T20:02:11.6424193Z   duration_ms: 0.413956
2026-10-08T20:02:11.6424354Z   ...
2026-10-08T20:02:11.6424671Z # Subtest: practice includes only initially missed questions in first-attempt order
2026-10-08T20:02:11.6425143Z ok 458 - practice includes only initially missed questions in first-attempt order
2026-10-08T20:02:11.6425444Z   ---
2026-10-08T20:02:11.6425595Z   duration_ms: 0.332084
2026-10-08T20:02:11.6425761Z   ...
2026-10-08T20:02:11.6426099Z # Subtest: correct and incorrect retries remain separate from the immutable original trace
2026-10-08T20:02:11.6426600Z ok 459 - correct and incorrect retries remain separate from the immutable original trace
2026-10-08T20:02:11.6426906Z   ---
2026-10-08T20:02:11.6427057Z   duration_ms: 0.400176
2026-10-08T20:02:11.6427221Z   ...
2026-10-08T20:02:11.6427606Z # Subtest: practice resumes at the next unanswered question and refuses duplicate or out-of-order writes
2026-10-08T20:02:11.6428313Z ok 460 - practice resumes at the next unanswered question and refuses duplicate or out-of-order writes
2026-10-08T20:02:11.6428665Z   ---
2026-10-08T20:02:11.6428813Z   duration_ms: 0.342179
2026-10-08T20:02:11.6428979Z   ...
2026-10-08T20:02:11.6429243Z # Subtest: an all-correct or empty review has no practice question
2026-10-08T20:02:11.6429747Z ok 461 - an all-correct or empty review has no practice question
2026-10-08T20:02:11.6429995Z   ---
2026-10-08T20:02:11.6430141Z   duration_ms: 0.298845
2026-10-08T20:02:11.6430308Z   ...
2026-10-08T20:02:11.6430712Z # Subtest: the original course survives native validation and serialization with complete connected content
2026-10-08T20:02:11.6431306Z ok 462 - the original course survives native validation and serialization with complete connected content
2026-10-08T20:02:11.6431655Z   ---
2026-10-08T20:02:11.6431804Z   duration_ms: 2.247944
2026-10-08T20:02:11.6431962Z   ...
2026-10-08T20:02:11.6432333Z # Subtest: native item selection reaches all twelve questions and can prioritize the weak sample clock
2026-10-08T20:02:11.6432899Z ok 463 - native item selection reaches all twelve questions and can prioritize the weak sample clock
2026-10-08T20:02:11.6433232Z   ---
2026-10-08T20:02:11.6433374Z   duration_ms: 8.345937
2026-10-08T20:02:11.6433532Z   ...
2026-10-08T20:02:11.6433898Z # Subtest: answer text matches independently stated calculations and explicit sampling assumptions
2026-10-08T20:02:11.6434464Z ok 464 - answer text matches independently stated calculations and explicit sampling assumptions
2026-10-08T20:02:11.6434799Z   ---
2026-10-08T20:02:11.6434945Z   duration_ms: 0.235331
2026-10-08T20:02:11.6435108Z   ...
2026-10-08T20:02:11.6435490Z # Subtest: each supported sample clock uses inclusive endpoints and an actually different matching cosine
2026-10-08T20:02:11.6436073Z ok 465 - each supported sample clock uses inclusive endpoints and an actually different matching cosine
2026-10-08T20:02:11.6436533Z   ---
2026-10-08T20:02:11.6436681Z   duration_ms: 14.84712
2026-10-08T20:02:11.6436839Z   ...
2026-10-08T20:02:11.6437181Z # Subtest: DC, reflected aliases, the half-rate and input limits preserve their distinct meaning
2026-10-08T20:02:11.6437699Z ok 466 - DC, reflected aliases, the half-rate and input limits preserve their distinct meaning
2026-10-08T20:02:11.6438008Z   ---
2026-10-08T20:02:11.6438152Z   duration_ms: 0.773271
2026-10-08T20:02:11.6438311Z   ...
2026-10-08T20:02:11.6438659Z # Subtest: invalid numerical input is refused and snapshots cannot be changed after observation
2026-10-08T20:02:11.6439182Z ok 467 - invalid numerical input is refused and snapshots cannot be changed after observation
2026-10-08T20:02:11.6439641Z   ---
2026-10-08T20:02:11.6439786Z   duration_ms: 0.713431
2026-10-08T20:02:11.6439949Z   ...
2026-10-08T20:02:11.6440335Z # Subtest: CSV carries full precision and current parameter identity, ignoring supplied forged sample rows
2026-10-08T20:02:11.6440933Z ok 468 - CSV carries full precision and current parameter identity, ignoring supplied forged sample rows
2026-10-08T20:02:11.6441276Z   ---
2026-10-08T20:02:11.6441423Z   duration_ms: 1.04175
2026-10-08T20:02:11.6441584Z   ...
2026-10-08T20:02:11.6441967Z # Subtest: notes retain the actual first choices, session order, corrections, transfers, and attribution
2026-10-08T20:02:11.6442532Z ok 469 - notes retain the actual first choices, session order, corrections, transfers, and attribution
2026-10-08T20:02:11.6442861Z   ---
2026-10-08T20:02:11.6443003Z   duration_ms: 2.243869
2026-10-08T20:02:11.6443166Z   ...
2026-10-08T20:02:11.6443511Z # Subtest: paused and completed retries cannot replace the first answers or alter the model
2026-10-08T20:02:11.6444019Z ok 470 - paused and completed retries cannot replace the first answers or alter the model
2026-10-08T20:02:11.6444323Z   ---
2026-10-08T20:02:11.6444466Z   duration_ms: 0.683567
2026-10-08T20:02:11.6444628Z   ...
2026-10-08T20:02:11.6445121Z # Subtest: unstarted, zero-answer paused, and all-correct sessions have honest practice labels
2026-10-08T20:02:11.6445659Z ok 471 - unstarted, zero-answer paused, and all-correct sessions have honest practice labels
2026-10-08T20:02:11.6445970Z   ---
2026-10-08T20:02:11.6446117Z   duration_ms: 1.267976
2026-10-08T20:02:11.6446282Z   ...
2026-10-08T20:02:11.6446670Z # Subtest: incomplete, duplicate, legacy choice-less or malformed traces are refused rather than fabricated
2026-10-08T20:02:11.6447259Z ok 472 - incomplete, duplicate, legacy choice-less or malformed traces are refused rather than fabricated
2026-10-08T20:02:11.6447599Z   ---
2026-10-08T20:02:11.6447741Z   duration_ms: 0.722415
2026-10-08T20:02:11.6447895Z   ...
2026-10-08T20:02:11.6448258Z # Subtest: plain-text output preserves Unicode and literal markup without creating executable content
2026-10-08T20:02:11.6448809Z ok 473 - plain-text output preserves Unicode and literal markup without creating executable content
2026-10-08T20:02:11.6449144Z   ---
2026-10-08T20:02:11.6449416Z   duration_ms: 0.308168
2026-10-08T20:02:11.6449578Z   ...
2026-10-08T20:02:11.6449934Z # Subtest: the original five-vertex example has the hand-calculated settling order and cost-7 route
2026-10-08T20:02:11.6450479Z ok 474 - the original five-vertex example has the hand-calculated settling order and cost-7 route
2026-10-08T20:02:11.6450800Z   ---
2026-10-08T20:02:11.6450942Z   duration_ms: 2.855589
2026-10-08T20:02:11.6451097Z   ...
2026-10-08T20:02:11.6451450Z # Subtest: target discovery remains tentative; the cheaper route is final only on target settlement
2026-10-08T20:02:11.6452005Z ok 475 - target discovery remains tentative; the cheaper route is final only on target settlement
2026-10-08T20:02:11.6452331Z   ---
2026-10-08T20:02:11.6452477Z   duration_ms: 1.081549
2026-10-08T20:02:11.6452647Z   ...
2026-10-08T20:02:11.6453027Z # Subtest: zero weights and equal routes preserve the stated alphabetical and first-predecessor policies
2026-10-08T20:02:11.6453713Z ok 476 - zero weights and equal routes preserve the stated alphabetical and first-predecessor policies
2026-10-08T20:02:11.6454052Z   ---
2026-10-08T20:02:11.6454198Z   duration_ms: 0.715474
2026-10-08T20:02:11.6454361Z   ...
2026-10-08T20:02:11.6454745Z # Subtest: all preset source/target pairs agree with exhaustive simple paths, including reverse direction
2026-10-08T20:02:11.6455331Z ok 477 - all preset source/target pairs agree with exhaustive simple paths, including reverse direction
2026-10-08T20:02:11.6455664Z   ---
2026-10-08T20:02:11.6455801Z   duration_ms: 3.585294
2026-10-08T20:02:11.6455958Z   ...
2026-10-08T20:02:11.6456294Z # Subtest: 80 deterministic bounded graphs agree with a simple-path oracle for every source
2026-10-08T20:02:11.6456806Z ok 478 - 80 deterministic bounded graphs agree with a simple-path oracle for every source
2026-10-08T20:02:11.6457126Z   ---
2026-10-08T20:02:11.6457284Z   duration_ms: 53.462316
2026-10-08T20:02:11.6457465Z   ...
2026-10-08T20:02:11.6457740Z # Subtest: invalid graphs are refused before a runnable state exists
2026-10-08T20:02:11.6458135Z ok 479 - invalid graphs are refused before a runnable state exists
2026-10-08T20:02:11.6458397Z   ---
2026-10-08T20:02:11.6458545Z   duration_ms: 1.085655
2026-10-08T20:02:11.6458723Z   ...
2026-10-08T20:02:11.6459032Z # Subtest: run, graph, presets and trace snapshots cannot be changed by later edits
2026-10-08T20:02:11.6459656Z ok 480 - run, graph, presets and trace snapshots cannot be changed by later edits
2026-10-08T20:02:11.6459956Z   ---
2026-10-08T20:02:11.6460110Z   duration_ms: 0.489949
2026-10-08T20:02:11.6460279Z   ...
2026-10-08T20:02:11.6460655Z # Subtest: the original twelve-question course is valid, canonical and has balanced answer positions
2026-10-08T20:02:11.6461219Z ok 481 - the original twelve-question course is valid, canonical and has balanced answer positions
2026-10-08T20:02:11.6461552Z   ---
2026-10-08T20:02:11.6461714Z   duration_ms: 0.58506
2026-10-08T20:02:11.6461886Z   ...
2026-10-08T20:02:11.6462401Z # Subtest: existing knowledge, review, practice and notes contracts accept the new deck without changing the app
2026-10-08T20:02:11.6463041Z ok 482 - existing knowledge, review, practice and notes contracts accept the new deck without changing the app
2026-10-08T20:02:11.6463408Z   ---
2026-10-08T20:02:11.6463564Z   duration_ms: 10.344069
2026-10-08T20:02:11.6463746Z   ...
2026-10-08T20:02:11.6464178Z # Subtest: the original twelve-item SQL course uses the published import contract without changing its native meaning
2026-10-08T20:02:11.6464831Z ok 483 - the original twelve-item SQL course uses the published import contract without changing its native meaning
2026-10-08T20:02:11.6465203Z   ---
2026-10-08T20:02:11.6465360Z   duration_ms: 2.983599
2026-10-08T20:02:11.6465530Z   ...
2026-10-08T20:02:11.6465934Z # Subtest: actual SQLite regenerates all twenty-two saved queries and their exact course/default bindings
2026-10-08T20:02:11.6466525Z ok 484 - actual SQLite regenerates all twenty-two saved queries and their exact course/default bindings
2026-10-08T20:02:11.6466878Z   ---
2026-10-08T20:02:11.6467033Z   duration_ms: 56.623193
2026-10-08T20:02:11.6467203Z   ...
2026-10-08T20:02:11.6467632Z # Subtest: native adaptive selection, shuffled choices, review, practice and notes preserve all twelve SQL questions
2026-10-08T20:02:11.6468280Z ok 485 - native adaptive selection, shuffled choices, review, practice and notes preserve all twelve SQL questions
2026-10-08T20:02:11.6468656Z   ---
2026-10-08T20:02:11.6468817Z   duration_ms: 8.872471
2026-10-08T20:02:11.6468988Z   ...
2026-10-08T20:02:11.6469490Z # Subtest: a changed answer or invalid query refuses the build and preserves both saved artifacts
2026-10-08T20:02:11.6470041Z ok 486 - a changed answer or invalid query refuses the build and preserves both saved artifacts
2026-10-08T20:02:11.6470367Z   ---
2026-10-08T20:02:11.6470526Z   duration_ms: 379.20444
2026-10-08T20:02:11.6470711Z   ...
2026-10-08T20:02:11.6471185Z # Subtest: a stale generated explorer fails --check without silently replacing the changed file
2026-10-08T20:02:11.6471734Z ok 487 - a stale generated explorer fails --check without silently replacing the changed file
2026-10-08T20:02:11.6472074Z   ---
2026-10-08T20:02:11.6472235Z   duration_ms: 210.081694
2026-10-08T20:02:11.6472413Z   ...
2026-10-08T20:02:11.6472758Z # Subtest: original course fits the existing deck contract with all four concepts represented
2026-10-08T20:02:11.6473276Z ok 488 - original course fits the existing deck contract with all four concepts represented
2026-10-08T20:02:11.6473598Z   ---
2026-10-08T20:02:11.6473749Z   duration_ms: 1.989681
2026-10-08T20:02:11.6473920Z   ...
2026-10-08T20:02:11.6474302Z # Subtest: authored answer keys retain the independently worked quantities and conceptual distinctions
2026-10-08T20:02:11.6474877Z ok 489 - authored answer keys retain the independently worked quantities and conceptual distinctions
2026-10-08T20:02:11.6475219Z   ---
2026-10-08T20:02:11.6475388Z   duration_ms: 0.230774
2026-10-08T20:02:11.6475565Z   ...
2026-10-08T20:02:11.6475940Z # Subtest: course completes native selection, correct first answers, review, retry and study notes
2026-10-08T20:02:11.6476495Z ok 490 - course completes native selection, correct first answers, review, retry and study notes
2026-10-08T20:02:11.6476827Z   ---
2026-10-08T20:02:11.6476982Z   duration_ms: 8.739612
2026-10-08T20:02:11.6477161Z   ...
2026-10-08T20:02:11.6477516Z # Subtest: course completes native selection, mixed first answers, review, retry and study notes
2026-10-08T20:02:11.6478050Z ok 491 - course completes native selection, mixed first answers, review, retry and study notes
2026-10-08T20:02:11.6478374Z   ---
2026-10-08T20:02:11.6478523Z   duration_ms: 2.724724
2026-10-08T20:02:11.6478696Z   ...
2026-10-08T20:02:11.6479056Z # Subtest: course completes native selection, missed first answers, review, retry and study notes
2026-10-08T20:02:11.6479804Z ok 492 - course completes native selection, missed first answers, review, retry and study notes
2026-10-08T20:02:11.6480138Z   ---
2026-10-08T20:02:11.6480396Z   duration_ms: 1.399497
2026-10-08T20:02:11.6480565Z   ...
2026-10-08T20:02:11.6480927Z # Subtest: generated direct-open artifact has exact build parity and embeds the qualified course
2026-10-08T20:02:11.6481467Z ok 493 - generated direct-open artifact has exact build parity and embeds the qualified course
2026-10-08T20:02:11.6481792Z   ---
2026-10-08T20:02:11.6481946Z   duration_ms: 41.679676
2026-10-08T20:02:11.6482122Z   ...
2026-10-08T20:02:11.6482482Z # Subtest: standalone rendering keeps embedded source and course text inside their script elements
2026-10-08T20:02:11.6483034Z ok 494 - standalone rendering keeps embedded source and course text inside their script elements
2026-10-08T20:02:11.6483368Z   ---
2026-10-08T20:02:11.6483526Z   duration_ms: 0.474195
2026-10-08T20:02:11.6483701Z   ...
2026-10-08T20:02:11.6484147Z # Subtest: water: 6 / 2 mol → second
2026-10-08T20:02:11.6484438Z ok 495 - water: 6 / 2 mol → second
2026-10-08T20:02:11.6484634Z   ---
2026-10-08T20:02:11.6484791Z   duration_ms: 1.191152
2026-10-08T20:02:11.6484966Z   ...
2026-10-08T20:02:11.6485186Z # Subtest: water: 2 / 2 mol → first
2026-10-08T20:02:11.6485460Z ok 496 - water: 2 / 2 mol → first
2026-10-08T20:02:11.6485648Z   ---
2026-10-08T20:02:11.6485801Z   duration_ms: 0.122423
2026-10-08T20:02:11.6485977Z   ...
2026-10-08T20:02:11.6486191Z # Subtest: water: 4 / 2 mol → matched
2026-10-08T20:02:11.6486461Z ok 497 - water: 4 / 2 mol → matched
2026-10-08T20:02:11.6486652Z   ---
2026-10-08T20:02:11.6486796Z   duration_ms: 0.212506
2026-10-08T20:02:11.6486960Z   ...
2026-10-08T20:02:11.6487190Z # Subtest: water: 0 / 5 mol → no-product
2026-10-08T20:02:11.6487475Z ok 498 - water: 0 / 5 mol → no-product
2026-10-08T20:02:11.6487672Z   ---
2026-10-08T20:02:11.6487827Z   duration_ms: 0.145466
2026-10-08T20:02:11.6487993Z   ...
2026-10-08T20:02:11.6488213Z # Subtest: water: 5 / 0 mol → no-product
2026-10-08T20:02:11.6488587Z ok 499 - water: 5 / 0 mol → no-product
2026-10-08T20:02:11.6488787Z   ---
2026-10-08T20:02:11.6488948Z   duration_ms: 0.276311
2026-10-08T20:02:11.6489114Z   ...
2026-10-08T20:02:11.6489508Z # Subtest: water: 0 / 0 mol → no-product
2026-10-08T20:02:11.6489799Z ok 500 - water: 0 / 0 mol → no-product
2026-10-08T20:02:11.6489993Z   ---
2026-10-08T20:02:11.6490150Z   duration_ms: 0.170564
2026-10-08T20:02:11.6490317Z   ...
2026-10-08T20:02:11.6490534Z # Subtest: ammonia: 2 / 3 mol → second
2026-10-08T20:02:11.6490804Z ok 501 - ammonia: 2 / 3 mol → second
2026-10-08T20:02:11.6490996Z   ---
2026-10-08T20:02:11.6491143Z   duration_ms: 0.197294
2026-10-08T20:02:11.6491311Z   ...
2026-10-08T20:02:11.6491538Z # Subtest: ammonia: 1 / 2.4 mol → second
2026-10-08T20:02:11.6491813Z ok 502 - ammonia: 1 / 2.4 mol → second
2026-10-08T20:02:11.6492002Z   ---
2026-10-08T20:02:11.6492153Z   duration_ms: 0.245936
2026-10-08T20:02:11.6492313Z   ...
2026-10-08T20:02:11.6492534Z # Subtest: ammonia: 2 / 4.8 mol → second
2026-10-08T20:02:11.6492817Z ok 503 - ammonia: 2 / 4.8 mol → second
2026-10-08T20:02:11.6493008Z   ---
2026-10-08T20:02:11.6493162Z   duration_ms: 0.378994
2026-10-08T20:02:11.6493333Z   ...
2026-10-08T20:02:11.6493563Z # Subtest: ammonia: 0.1 / 0.3 mol → matched
2026-10-08T20:02:11.6493853Z ok 504 - ammonia: 0.1 / 0.3 mol → matched
2026-10-08T20:02:11.6494058Z   ---
2026-10-08T20:02:11.6494215Z   duration_ms: 0.304654
2026-10-08T20:02:11.6494382Z   ...
2026-10-08T20:02:11.6494622Z # Subtest: ammonia: 0.001 / 0.001 mol → second
2026-10-08T20:02:11.6494924Z ok 505 - ammonia: 0.001 / 0.001 mol → second
2026-10-08T20:02:11.6495132Z   ---
2026-10-08T20:02:11.6495285Z   duration_ms: 0.204094
2026-10-08T20:02:11.6495458Z   ...
2026-10-08T20:02:11.6495698Z # Subtest: ammonia: 0.001 / 0.003 mol → matched
2026-10-08T20:02:11.6496006Z ok 506 - ammonia: 0.001 / 0.003 mol → matched
2026-10-08T20:02:11.6496214Z   ---
2026-10-08T20:02:11.6496456Z   duration_ms: 0.176303
2026-10-08T20:02:11.6496628Z   ...
2026-10-08T20:02:11.6496874Z # Subtest: ammonia: 0.001 / 0.004 mol → first
2026-10-08T20:02:11.6497166Z ok 507 - ammonia: 0.001 / 0.004 mol → first
2026-10-08T20:02:11.6497481Z   ---
2026-10-08T20:02:11.6497634Z   duration_ms: 1.366082
2026-10-08T20:02:11.6497798Z   ...
2026-10-08T20:02:11.6498028Z # Subtest: magnesium: 1.5 / 1 mol → first
2026-10-08T20:02:11.6498311Z ok 508 - magnesium: 1.5 / 1 mol → first
2026-10-08T20:02:11.6498520Z   ---
2026-10-08T20:02:11.6498720Z   duration_ms: 0.209041
2026-10-08T20:02:11.6498954Z   ...
2026-10-08T20:02:11.6499368Z # Subtest: magnesium: 1 / 0.499 mol → second
2026-10-08T20:02:11.6499698Z ok 509 - magnesium: 1 / 0.499 mol → second
2026-10-08T20:02:11.6499902Z   ---
2026-10-08T20:02:11.6500059Z   duration_ms: 0.139678
2026-10-08T20:02:11.6500223Z   ...
2026-10-08T20:02:11.6500454Z # Subtest: magnesium: 1 / 0.5 mol → matched
2026-10-08T20:02:11.6500736Z ok 510 - magnesium: 1 / 0.5 mol → matched
2026-10-08T20:02:11.6500936Z   ---
2026-10-08T20:02:11.6501090Z   duration_ms: 0.216172
2026-10-08T20:02:11.6501271Z   ...
2026-10-08T20:02:11.6501493Z # Subtest: magnesium: 1 / 0.501 mol → first
2026-10-08T20:02:11.6501777Z ok 511 - magnesium: 1 / 0.501 mol → first
2026-10-08T20:02:11.6501976Z   ---
2026-10-08T20:02:11.6502121Z   duration_ms: 0.160889
2026-10-08T20:02:11.6502285Z   ...
2026-10-08T20:02:11.6502511Z # Subtest: water: 1000 / 1000 mol → first
2026-10-08T20:02:11.6502795Z ok 512 - water: 1000 / 1000 mol → first
2026-10-08T20:02:11.6502999Z   ---
2026-10-08T20:02:11.6503152Z   duration_ms: 0.247568
2026-10-08T20:02:11.6503312Z   ...
2026-10-08T20:02:11.6503621Z # Subtest: authored equations use the declared species and conserve each element
2026-10-08T20:02:11.6504081Z ok 513 - authored equations use the declared species and conserve each element
2026-10-08T20:02:11.6504381Z   ---
2026-10-08T20:02:11.6504535Z   duration_ms: 1.14957
2026-10-08T20:02:11.6504706Z   ...
2026-10-08T20:02:11.6504987Z # Subtest: all admitted decimal spellings resolve to exact millimoles
2026-10-08T20:02:11.6505501Z ok 514 - all admitted decimal spellings resolve to exact millimoles
2026-10-08T20:02:11.6505763Z   ---
2026-10-08T20:02:11.6505931Z   duration_ms: 0.256241
2026-10-08T20:02:11.6506100Z   ...
2026-10-08T20:02:11.6506421Z # Subtest: invalid or ambiguous amount inputs are refused without numeric coercion
2026-10-08T20:02:11.6506882Z ok 515 - invalid or ambiguous amount inputs are refused without numeric coercion
2026-10-08T20:02:11.6507261Z   ---
2026-10-08T20:02:11.6507417Z   duration_ms: 0.795343
2026-10-08T20:02:11.6507597Z   ...
2026-10-08T20:02:11.6507975Z # Subtest: positive amounts straddling an exact ratio are never classified using a floating tolerance
2026-10-08T20:02:11.6508620Z ok 516 - positive amounts straddling an exact ratio are never classified using a floating tolerance
2026-10-08T20:02:11.6509017Z   ---
2026-10-08T20:02:11.6509180Z   duration_ms: 0.168992
2026-10-08T20:02:11.6509488Z   ...
2026-10-08T20:02:11.6509838Z # Subtest: start = used + left and atom inventory is conserved across a changed-input grid
2026-10-08T20:02:11.6510341Z ok 517 - start = used + left and atom inventory is conserved across a changed-input grid
2026-10-08T20:02:11.6510649Z   ---
2026-10-08T20:02:11.6510806Z   duration_ms: 4.474147
2026-10-08T20:02:11.6510979Z   ...
2026-10-08T20:02:11.6511392Z # Subtest: doubling both supplies doubles theoretical product and excess without changing the limiting identity
2026-10-08T20:02:11.6512052Z ok 518 - doubling both supplies doubles theoretical product and excess without changing the limiting identity
2026-10-08T20:02:11.6512433Z   ---
2026-10-08T20:02:11.6512589Z   duration_ms: 0.667143
2026-10-08T20:02:11.6512762Z   ...
2026-10-08T20:02:11.6513318Z # Subtest: reaction definitions and solved records are deeply immutable without changing caller inputs
2026-10-08T20:02:11.6514075Z ok 519 - reaction definitions and solved records are deeply immutable without changing caller inputs
2026-10-08T20:02:11.6514557Z   ---
2026-10-08T20:02:11.6514718Z   duration_ms: 0.290683
2026-10-08T20:02:11.6514959Z   ...
2026-10-08T20:02:11.6515467Z # Subtest: worked record carries this prediction, mole accounting and the explicit theoretical model
2026-10-08T20:02:11.6516041Z ok 520 - worked record carries this prediction, mole accounting and the explicit theoretical model
2026-10-08T20:02:11.6516388Z   ---
2026-10-08T20:02:11.6516540Z   duration_ms: 0.521305
2026-10-08T20:02:11.6516713Z   ...
2026-10-08T20:02:11.6517244Z # Subtest: completed first answers restore in their original adaptive order with exact, unrounded estimates
2026-10-08T20:02:11.6518058Z ok 521 - completed first answers restore in their original adaptive order with exact, unrounded estimates
2026-10-08T20:02:11.6518420Z   ---
2026-10-08T20:02:11.6518581Z   duration_ms: 9.507426
2026-10-08T20:02:11.6518749Z   ...
2026-10-08T20:02:11.6519123Z # Subtest: unstarted, zero-answer, paused and complete practice remain distinct and can resume once
2026-10-08T20:02:11.6519814Z ok 522 - unstarted, zero-answer, paused and complete practice remain distinct and can resume once
2026-10-08T20:02:11.6520152Z   ---
2026-10-08T20:02:11.6520313Z   duration_ms: 3.046903
2026-10-08T20:02:11.6520484Z   ...
2026-10-08T20:02:11.6520806Z # Subtest: all-correct and all-missed completed traces use canonical answer indices
2026-10-08T20:02:11.6521275Z ok 523 - all-correct and all-missed completed traces use canonical answer indices
2026-10-08T20:02:11.6521572Z   ---
2026-10-08T20:02:11.6521727Z   duration_ms: 1.94934
2026-10-08T20:02:11.6521906Z   ...
2026-10-08T20:02:11.6522230Z # Subtest: incomplete, duplicate, unknown and out-of-range first answers are refused
2026-10-08T20:02:11.6522712Z ok 524 - incomplete, duplicate, unknown and out-of-range first answers are refused
2026-10-08T20:02:11.6523011Z   ---
2026-10-08T20:02:11.6523168Z   duration_ms: 6.662623
2026-10-08T20:02:11.6523344Z   ...
2026-10-08T20:02:11.6523728Z # Subtest: a different course revision cannot replace the current deck; property order is immaterial
2026-10-08T20:02:11.6524290Z ok 525 - a different course revision cannot replace the current deck; property order is immaterial
2026-10-08T20:02:11.6524770Z   ---
2026-10-08T20:02:11.6524929Z   duration_ms: 2.700358
2026-10-08T20:02:11.6525102Z   ...
2026-10-08T20:02:11.6525457Z # Subtest: changed model parameters, rounded estimates and incompatible versions are refused
2026-10-08T20:02:11.6525983Z ok 526 - changed model parameters, rounded estimates and incompatible versions are refused
2026-10-08T20:02:11.6526298Z   ---
2026-10-08T20:02:11.6526451Z   duration_ms: 6.099059
2026-10-08T20:02:11.6526622Z   ...
2026-10-08T20:02:11.6526955Z # Subtest: practice replay refuses duplicate, reordered, correct-first and extra answers
2026-10-08T20:02:11.6527448Z ok 527 - practice replay refuses duplicate, reordered, correct-first and extra answers
2026-10-08T20:02:11.6527765Z   ---
2026-10-08T20:02:11.6527919Z   duration_ms: 6.941448
2026-10-08T20:02:11.6528086Z   ...
2026-10-08T20:02:11.6528423Z # Subtest: bounded parsing refuses invalid JSON and oversized UTF-8 before exposing state
2026-10-08T20:02:11.6528924Z ok 528 - bounded parsing refuses invalid JSON and oversized UTF-8 before exposing state
2026-10-08T20:02:11.6529236Z   ---
2026-10-08T20:02:11.6529529Z   duration_ms: 3.223857
2026-10-08T20:02:11.6529697Z   ...
2026-10-08T20:02:11.6530083Z # Subtest: identical completed files inspect independently with no invented differences or chronology
2026-10-08T20:02:11.6530662Z ok 529 - identical completed files inspect independently with no invented differences or chronology
2026-10-08T20:02:11.6531005Z   ---
2026-10-08T20:02:11.6531158Z   duration_ms: 6.965959
2026-10-08T20:02:11.6531332Z   ...
2026-10-08T20:02:11.6531728Z # Subtest: canonical joins preserve both orders, all correctness transitions and two different wrong answers
2026-10-08T20:02:11.6532333Z ok 530 - canonical joins preserve both orders, all correctness transitions and two different wrong answers
2026-10-08T20:02:11.6532682Z   ---
2026-10-08T20:02:11.6532832Z   duration_ms: 2.077982
2026-10-08T20:02:11.6533009Z   ...
2026-10-08T20:02:11.6533286Z # Subtest: changed question order alone is not an answer difference
2026-10-08T20:02:11.6533769Z ok 531 - changed question order alone is not an answer difference
2026-10-08T20:02:11.6534038Z   ---
2026-10-08T20:02:11.6534195Z   duration_ms: 1.484188
2026-10-08T20:02:11.6534365Z   ...
2026-10-08T20:02:11.6534740Z # Subtest: unstarted, pending, incorrect retry and correct retry remain separate from first answers
2026-10-08T20:02:11.6535295Z ok 532 - unstarted, pending, incorrect retry and correct retry remain separate from first answers
2026-10-08T20:02:11.6535629Z   ---
2026-10-08T20:02:11.6535783Z   duration_ms: 3.193221
2026-10-08T20:02:11.6535949Z   ...
2026-10-08T20:02:11.6536310Z # Subtest: the current raw bundled deck remains compatible without normalizing its archive identity
2026-10-08T20:02:11.6536861Z ok 533 - the current raw bundled deck remains compatible without normalizing its archive identity
2026-10-08T20:02:11.6537236Z   ---
2026-10-08T20:02:11.6537458Z   duration_ms: 3.618063
2026-10-08T20:02:11.6537715Z   ...
2026-10-08T20:02:11.6538325Z # Subtest: object property ordering preserves identity while changed course content refuses the pair
2026-10-08T20:02:11.6538934Z ok 534 - object property ordering preserves identity while changed course content refuses the pair
2026-10-08T20:02:11.6539425Z   ---
2026-10-08T20:02:11.6539626Z   duration_ms: 4.278246
2026-10-08T20:02:11.6539793Z   ...
2026-10-08T20:02:11.6540179Z # Subtest: incomplete, malformed, changed-model and altered-estimate inputs keep the native refusals
2026-10-08T20:02:11.6540747Z ok 535 - incomplete, malformed, changed-model and altered-estimate inputs keep the native refusals
2026-10-08T20:02:11.6541090Z   ---
2026-10-08T20:02:11.6541246Z   duration_ms: 4.719452
2026-10-08T20:02:11.6541412Z   ...
2026-10-08T20:02:11.6541763Z # Subtest: inspection validates bounded deck content before using an archived deck as context
2026-10-08T20:02:11.6542287Z ok 536 - inspection validates bounded deck content before using an archived deck as context
2026-10-08T20:02:11.6542742Z   ---
2026-10-08T20:02:11.6542905Z   duration_ms: 7.208385
2026-10-08T20:02:11.6543080Z   ...
2026-10-08T20:02:11.6543463Z # Subtest: literal course content and prototype-looking IDs survive without mutable returned records
2026-10-08T20:02:11.6544029Z ok 537 - literal course content and prototype-looking IDs survive without mutable returned records
2026-10-08T20:02:11.6544370Z   ---
2026-10-08T20:02:11.6544521Z   duration_ms: 1.514152
2026-10-08T20:02:11.6544691Z   ...
2026-10-08T20:02:11.6545005Z # Subtest: independent concurrent file reads only publish their current pair
2026-10-08T20:02:11.6545444Z ok 538 - independent concurrent file reads only publish their current pair
2026-10-08T20:02:11.6545727Z   ---
2026-10-08T20:02:11.6545878Z   duration_ms: 2.24512
2026-10-08T20:02:11.6546049Z   ...
2026-10-08T20:02:11.6546418Z # Subtest: a replacement retires the old pair immediately and a superseded read cannot overwrite it
2026-10-08T20:02:11.6546976Z ok 539 - a replacement retires the old pair immediately and a superseded read cannot overwrite it
2026-10-08T20:02:11.6547309Z   ---
2026-10-08T20:02:11.6547465Z   duration_ms: 3.039413
2026-10-08T20:02:11.6547636Z   ...
2026-10-08T20:02:11.6547993Z # Subtest: clearing a pending file or receiving its late failure cannot restore comparison state
2026-10-08T20:02:11.6548536Z ok 540 - clearing a pending file or receiving its late failure cannot restore comparison state
2026-10-08T20:02:11.6548864Z   ---
2026-10-08T20:02:11.6549022Z   duration_ms: 1.803574
2026-10-08T20:02:11.6549193Z   ...
2026-10-08T20:02:11.6549748Z # Subtest: rejected or incompatible replacements clear paired output and permit ordinary recovery
2026-10-08T20:02:11.6550309Z ok 541 - rejected or incompatible replacements clear paired output and permit ordinary recovery
2026-10-08T20:02:11.6550653Z   ---
2026-10-08T20:02:11.6550804Z   duration_ms: 3.566457
2026-10-08T20:02:11.6550976Z   ...
2026-10-08T20:02:11.6551352Z # Subtest: file admission refuses oversized metadata before reading and rejects malformed UTF-8 bytes
2026-10-08T20:02:11.6552029Z ok 542 - file admission refuses oversized metadata before reading and rejects malformed UTF-8 bytes
2026-10-08T20:02:11.6552378Z   ---
2026-10-08T20:02:11.6552534Z   duration_ms: 0.824456
2026-10-08T20:02:11.6556392Z   ...
2026-10-08T20:02:11.6556790Z # Subtest: cancelled selection preserves accepted files and the immutable paired snapshot
2026-10-08T20:02:11.6557329Z ok 543 - cancelled selection preserves accepted files and the immutable paired snapshot
2026-10-08T20:02:11.6557653Z   ---
2026-10-08T20:02:11.6557815Z   duration_ms: 1.255598
2026-10-08T20:02:11.6557991Z   ...
2026-10-08T20:02:11.6558360Z # Subtest: the checked-in offline explorer contains the current source and exact admitted lesson
2026-10-08T20:02:11.6558904Z ok 544 - the checked-in offline explorer contains the current source and exact admitted lesson
2026-10-08T20:02:11.6559229Z   ---
2026-10-08T20:02:11.6559583Z   duration_ms: 17.858195
2026-10-08T20:02:11.6559765Z   ...
2026-10-08T20:02:11.6560091Z # Subtest: linear conversions keep the quantity while changing the numerical value
2026-10-08T20:02:11.6560555Z ok 545 - linear conversions keep the quantity while changing the numerical value
2026-10-08T20:02:11.6560845Z   ---
2026-10-08T20:02:11.6560996Z   duration_ms: 4.006731
2026-10-08T20:02:11.6561165Z   ...
2026-10-08T20:02:11.6561382Z # Subtest: a prefix scales every powered dimension
2026-10-08T20:02:11.6561679Z ok 546 - a prefix scales every powered dimension
2026-10-08T20:02:11.6561894Z   ---
2026-10-08T20:02:11.6562040Z   duration_ms: 0.890335
2026-10-08T20:02:11.6562202Z   ...
2026-10-08T20:02:11.6562506Z # Subtest: both numerator and denominator scales participate in rates and density
2026-10-08T20:02:11.6562957Z ok 547 - both numerator and denominator scales participate in rates and density
2026-10-08T20:02:11.6563243Z   ---
2026-10-08T20:02:11.6563384Z   duration_ms: 0.813581
2026-10-08T20:02:11.6563543Z   ...
2026-10-08T20:02:11.6563937Z # Subtest: derived units reduce to their stated m/kg/s powers
2026-10-08T20:02:11.6564291Z ok 548 - derived units reduce to their stated m/kg/s powers
2026-10-08T20:02:11.6564529Z   ---
2026-10-08T20:02:11.6564680Z   duration_ms: 1.920358
2026-10-08T20:02:11.6564841Z   ...
2026-10-08T20:02:11.6565142Z # Subtest: cancellation retains scale even when the resulting dimension is one
2026-10-08T20:02:11.6565584Z ok 549 - cancellation retains scale even when the resulting dimension is one
2026-10-08T20:02:11.6565866Z   ---
2026-10-08T20:02:11.6566010Z   duration_ms: 0.431122
2026-10-08T20:02:11.6566173Z   ...
2026-10-08T20:02:11.6566490Z # Subtest: division is left-associative and parentheses change denominator grouping
2026-10-08T20:02:11.6566953Z ok 550 - division is left-associative and parentheses change denominator grouping
2026-10-08T20:02:11.6567240Z   ---
2026-10-08T20:02:11.6567385Z   duration_ms: 0.283402
2026-10-08T20:02:11.6567546Z   ...
2026-10-08T20:02:11.6567855Z # Subtest: Unicode conveniences are explicit and whitespace is not multiplication
2026-10-08T20:02:11.6568316Z ok 551 - Unicode conveniences are explicit and whitespace is not multiplication
2026-10-08T20:02:11.6568722Z   ---
2026-10-08T20:02:11.6568869Z   duration_ms: 0.902653
2026-10-08T20:02:11.6569027Z   ...
2026-10-08T20:02:11.6569413Z # Subtest: zero does not make incompatible dimensions convertible
2026-10-08T20:02:11.6569827Z ok 552 - zero does not make incompatible dimensions convertible
2026-10-08T20:02:11.6570079Z   ---
2026-10-08T20:02:11.6570227Z   duration_ms: 0.436359
2026-10-08T20:02:11.6570388Z   ...
2026-10-08T20:02:11.6570680Z # Subtest: repeating ratios remain exact and displayed rounding is explicit
2026-10-08T20:02:11.6571106Z ok 553 - repeating ratios remain exact and displayed rounding is explicit
2026-10-08T20:02:11.6571383Z   ---
2026-10-08T20:02:11.6571527Z   duration_ms: 0.433505
2026-10-08T20:02:11.6571688Z   ...
2026-10-08T20:02:11.6572048Z # Subtest: large entered integers and small decimal distinctions survive without Number conversion
2026-10-08T20:02:11.6572709Z ok 554 - large entered integers and small decimal distinctions survive without Number conversion
2026-10-08T20:02:11.6573047Z   ---
2026-10-08T20:02:11.6573202Z   duration_ms: 0.373326
2026-10-08T20:02:11.6573370Z   ...
2026-10-08T20:02:11.6573639Z # Subtest: quantity parsing requires complete bounded decimal text
2026-10-08T20:02:11.6574014Z ok 555 - quantity parsing requires complete bounded decimal text
2026-10-08T20:02:11.6574265Z   ---
2026-10-08T20:02:11.6574415Z   duration_ms: 0.284353
2026-10-08T20:02:11.6574587Z   ...
2026-10-08T20:02:11.6574908Z # Subtest: the unit grammar rejects incomplete, excessive and unsupported expressions
2026-10-08T20:02:11.6575379Z ok 556 - the unit grammar rejects incomplete, excessive and unsupported expressions
2026-10-08T20:02:11.6575672Z   ---
2026-10-08T20:02:11.6575812Z   duration_ms: 0.510489
2026-10-08T20:02:11.6575974Z   ...
2026-10-08T20:02:11.6576256Z # Subtest: returned records are immutable JSON with exact rational strings
2026-10-08T20:02:11.6576673Z ok 557 - returned records are immutable JSON with exact rational strings
2026-10-08T20:02:11.6576939Z   ---
2026-10-08T20:02:11.6577086Z   duration_ms: 0.522768
2026-10-08T20:02:11.6577246Z   ...
2026-10-08T20:02:11.6577598Z # Subtest: normalized expressions retain every grouping and remain valid within the input bound
2026-10-08T20:02:11.6578145Z ok 558 - normalized expressions retain every grouping and remain valid within the input bound
2026-10-08T20:02:11.6578468Z   ---
2026-10-08T20:02:11.6578615Z   duration_ms: 0.721714
2026-10-08T20:02:11.6578776Z   ...
2026-10-08T20:02:11.6579120Z # Subtest: the downloadable course is the exact admitted course, without external dependencies
2026-10-08T20:02:11.6579896Z ok 559 - the downloadable course is the exact admitted course, without external dependencies
2026-10-08T20:02:11.6580224Z   ---
2026-10-08T20:02:11.6580374Z   duration_ms: 1.305522
2026-10-08T20:02:11.6580540Z   ...
2026-10-08T20:02:11.6580971Z # Subtest: rebuilding the embedded course preserves already current standalone bytes
2026-10-08T20:02:11.6581447Z ok 560 - rebuilding the embedded course preserves already current standalone bytes
2026-10-08T20:02:11.6581746Z   ---
2026-10-08T20:02:11.6581891Z   duration_ms: 40.96277
2026-10-08T20:02:11.6582053Z   ...
2026-10-08T20:02:11.6582366Z # Subtest: the course example retains a component and reconstructs the exact original
2026-10-08T20:02:11.6582835Z ok 561 - the course example retains a component and reconstructs the exact original
2026-10-08T20:02:11.6583125Z   ---
2026-10-08T20:02:11.6583279Z   duration_ms: 1.047078
2026-10-08T20:02:11.6583436Z   ...
2026-10-08T20:02:11.6583755Z # Subtest: the geometric line is unchanged by a positive or negative direction rescaling
2026-10-08T20:02:11.6584236Z ok 562 - the geometric line is unchanged by a positive or negative direction rescaling
2026-10-08T20:02:11.6584528Z   ---
2026-10-08T20:02:11.6584674Z   duration_ms: 0.411572
2026-10-08T20:02:11.6584842Z   ...
2026-10-08T20:02:11.6585175Z # Subtest: perpendicular, parallel, axis-aligned and zero-original cases remain defined
2026-10-08T20:02:11.6585663Z ok 563 - perpendicular, parallel, axis-aligned and zero-original cases remain defined
2026-10-08T20:02:11.6585963Z   ---
2026-10-08T20:02:11.6586105Z   duration_ms: 0.405143
2026-10-08T20:02:11.6586266Z   ...
2026-10-08T20:02:11.6586578Z # Subtest: malformed, missing, out-of-domain and zero direction values are refused
2026-10-08T20:02:11.6587029Z ok 564 - malformed, missing, out-of-domain and zero direction values are refused
2026-10-08T20:02:11.6587312Z   ---
2026-10-08T20:02:11.6587458Z   duration_ms: 2.082829
2026-10-08T20:02:11.6587616Z   ...
2026-10-08T20:02:11.6587887Z # Subtest: calculation does not mutate or alias its input coordinates
2026-10-08T20:02:11.6588284Z ok 565 - calculation does not mutate or alias its input coordinates
2026-10-08T20:02:11.6588589Z   ---
2026-10-08T20:02:11.6588734Z   duration_ms: 0.335409
2026-10-08T20:02:11.6588898Z   ...
2026-10-08T20:02:11.6589594Z # Subtest: 2,000 independently checked geometries satisfy the projection characterization and plot bounds
2026-10-08T20:02:11.6590208Z ok 566 - 2,000 independently checked geometries satisfy the projection characterization and plot bounds
2026-10-08T20:02:11.6590559Z   ---
2026-10-08T20:02:11.6590712Z   duration_ms: 29.1431
2026-10-08T20:02:11.6590877Z   ...
2026-10-08T20:02:11.6591234Z # Subtest: course has twelve original items, two per concept, with a balanced canonical answer key
2026-10-08T20:02:11.6591772Z ok 567 - course has twelve original items, two per concept, with a balanced canonical answer key
2026-10-08T20:02:11.6592092Z   ---
2026-10-08T20:02:11.6592246Z   duration_ms: 2.030701
2026-10-08T20:02:11.6592412Z   ...
2026-10-08T20:02:11.6592740Z # Subtest: displacement subtracts the starting point, including its negative component
2026-10-08T20:02:11.6593229Z ok 568 - displacement subtracts the starting point, including its negative component
2026-10-08T20:02:11.6593532Z   ---
2026-10-08T20:02:11.6593680Z   duration_ms: 0.693482
2026-10-08T20:02:11.6593847Z   ...
2026-10-08T20:02:11.6594187Z # Subtest: sequential displacements combine componentwise and retain the same final point
2026-10-08T20:02:11.6594697Z ok 569 - sequential displacements combine componentwise and retain the same final point
2026-10-08T20:02:11.6595008Z   ---
2026-10-08T20:02:11.6595157Z   duration_ms: 0.303271
2026-10-08T20:02:11.6595318Z   ...
2026-10-08T20:02:11.6595630Z # Subtest: Euclidean length is the square root of the sum of squared components
2026-10-08T20:02:11.6596076Z ok 570 - Euclidean length is the square root of the sum of squared components
2026-10-08T20:02:11.6596361Z   ---
2026-10-08T20:02:11.6596516Z   duration_ms: 0.252365
2026-10-08T20:02:11.6596687Z   ...
2026-10-08T20:02:11.6597004Z # Subtest: the unit direction has length one and preserves the original orientation
2026-10-08T20:02:11.6597475Z ok 571 - the unit direction has length one and preserves the original orientation
2026-10-08T20:02:11.6597869Z   ---
2026-10-08T20:02:11.6598024Z   duration_ms: 0.348138
2026-10-08T20:02:11.6598187Z   ...
2026-10-08T20:02:11.6598462Z # Subtest: the two nonzero perpendicular vectors have zero dot product
2026-10-08T20:02:11.6598857Z ok 572 - the two nonzero perpendicular vectors have zero dot product
2026-10-08T20:02:11.6599120Z   ---
2026-10-08T20:02:11.6599361Z   duration_ms: 0.200999
2026-10-08T20:02:11.6599530Z   ...
2026-10-08T20:02:11.6599836Z # Subtest: a unit-axis component retains the sign of the projected displacement
2026-10-08T20:02:11.6600274Z ok 573 - a unit-axis component retains the sign of the projected displacement
2026-10-08T20:02:11.6600552Z   ---
2026-10-08T20:02:11.6600708Z   duration_ms: 0.205836
2026-10-08T20:02:11.6600876Z   ...
2026-10-08T20:02:11.6601220Z # Subtest: the projection lies on the nonunit direction line and leaves an orthogonal residual
2026-10-08T20:02:11.6601738Z ok 574 - the projection lies on the nonunit direction line and leaves an orthogonal residual
2026-10-08T20:02:11.6602055Z   ---
2026-10-08T20:02:11.6602211Z   duration_ms: 0.370251
2026-10-08T20:02:11.6602377Z   ...
2026-10-08T20:02:11.6602685Z # Subtest: the requested residual reconstructs b as well as being perpendicular
2026-10-08T20:02:11.6603124Z ok 575 - the requested residual reconstructs b as well as being perpendicular
2026-10-08T20:02:11.6603397Z   ---
2026-10-08T20:02:11.6603545Z   duration_ms: 0.358483
2026-10-08T20:02:11.6603710Z   ...
2026-10-08T20:02:11.6604008Z # Subtest: row dot products implement the stated column-vector matrix convention
2026-10-08T20:02:11.6604447Z ok 576 - row dot products implement the stated column-vector matrix convention
2026-10-08T20:02:11.6604724Z   ---
2026-10-08T20:02:11.6604867Z   duration_ms: 0.36985
2026-10-08T20:02:11.6605031Z   ...
2026-10-08T20:02:11.6605328Z # Subtest: basis images retain the coefficients of the input linear combination
2026-10-08T20:02:11.6605759Z ok 577 - basis images retain the coefficients of the input linear combination
2026-10-08T20:02:11.6606035Z   ---
2026-10-08T20:02:11.6606182Z   duration_ms: 0.249621
2026-10-08T20:02:11.6606340Z   ...
2026-10-08T20:02:11.6606754Z # Subtest: rotation before horizontal stretch differs from the reverse order
2026-10-08T20:02:11.6607194Z ok 578 - rotation before horizontal stretch differs from the reverse order
2026-10-08T20:02:11.6607468Z   ---
2026-10-08T20:02:11.6607615Z   duration_ms: 0.313456
2026-10-08T20:02:11.6607777Z   ...
2026-10-08T20:02:11.6608048Z # Subtest: the stated distinct inputs collide under the flattening map
2026-10-08T20:02:11.6608437Z ok 579 - the stated distinct inputs collide under the flattening map
2026-10-08T20:02:11.6608696Z   ---
2026-10-08T20:02:11.6608841Z   duration_ms: 0.297072
2026-10-08T20:02:11.6608999Z   ...
2026-10-08T20:02:11.6609422Z # Subtest: the authored greedy counterexample has the complete expected table and schedule
2026-10-08T20:02:11.6609937Z ok 580 - the authored greedy counterexample has the complete expected table and schedule
2026-10-08T20:02:11.6610254Z   ---
2026-10-08T20:02:11.6610406Z   duration_ms: 1.588103
2026-10-08T20:02:11.6610568Z   ...
2026-10-08T20:02:11.6610896Z # Subtest: a changed value recomputes the selected prefix and does not mutate the example
2026-10-08T20:02:11.6611384Z ok 581 - a changed value recomputes the selected prefix and does not mutate the example
2026-10-08T20:02:11.6611687Z   ---
2026-10-08T20:02:11.6611834Z   duration_ms: 0.304413
2026-10-08T20:02:11.6611997Z   ...
2026-10-08T20:02:11.6612323Z # Subtest: touching endpoints are compatible and a positive overlap changes that decision
2026-10-08T20:02:11.6612810Z ok 582 - touching endpoints are compatible and a positive overlap changes that decision
2026-10-08T20:02:11.6613109Z   ---
2026-10-08T20:02:11.6613254Z   duration_ms: 0.266286
2026-10-08T20:02:11.6613413Z   ...
2026-10-08T20:02:11.6613724Z # Subtest: backtracking from a smaller prefix can differ from the complete optimum
2026-10-08T20:02:11.6614178Z ok 583 - backtracking from a smaller prefix can differ from the complete optimum
2026-10-08T20:02:11.6614579Z   ---
2026-10-08T20:02:11.6614728Z   duration_ms: 0.181029
2026-10-08T20:02:11.6614898Z   ...
2026-10-08T20:02:11.6615223Z # Subtest: equal alternatives keep the previous prefix under the declared stable order
2026-10-08T20:02:11.6615707Z ok 584 - equal alternatives keep the previous prefix under the declared stable order
2026-10-08T20:02:11.6616000Z   ---
2026-10-08T20:02:11.6616148Z   duration_ms: 0.315579
2026-10-08T20:02:11.6616311Z   ...
2026-10-08T20:02:11.6616632Z # Subtest: a predecessor row supplies its best prefix, not necessarily its own activity
2026-10-08T20:02:11.6617118Z ok 585 - a predecessor row supplies its best prefix, not necessarily its own activity
2026-10-08T20:02:11.6617411Z   ---
2026-10-08T20:02:11.6617555Z   duration_ms: 0.704258
2026-10-08T20:02:11.6617717Z   ...
2026-10-08T20:02:11.6617979Z # Subtest: empty and zero-valued inputs return a real empty optimum
2026-10-08T20:02:11.6618353Z ok 586 - empty and zero-valued inputs return a real empty optimum
2026-10-08T20:02:11.6618612Z   ---
2026-10-08T20:02:11.6618758Z   duration_ms: 0.233227
2026-10-08T20:02:11.6618925Z   ...
2026-10-08T20:02:11.6619181Z # Subtest: the admitted bounds and code-unit ID tie order are exact
2026-10-08T20:02:11.6619631Z ok 587 - the admitted bounds and code-unit ID tie order are exact
2026-10-08T20:02:11.6619876Z   ---
2026-10-08T20:02:11.6620020Z   duration_ms: 0.173438
2026-10-08T20:02:11.6620182Z   ...
2026-10-08T20:02:11.6620524Z # Subtest: invalid representable activity inputs are refused without changing supplied data
2026-10-08T20:02:11.6621043Z ok 588 - invalid representable activity inputs are refused without changing supplied data
2026-10-08T20:02:11.6621355Z   ---
2026-10-08T20:02:11.6621504Z   duration_ms: 0.785139
2026-10-08T20:02:11.6621665Z   ...
2026-10-08T20:02:11.6621973Z # Subtest: results are detached from both admitted inputs and future solver calls
2026-10-08T20:02:11.6622419Z ok 589 - results are detached from both admitted inputs and future solver calls
2026-10-08T20:02:11.6622702Z   ---
2026-10-08T20:02:11.6622844Z   duration_ms: 0.221851
2026-10-08T20:02:11.6623106Z   ...
2026-10-08T20:02:11.6623356Z # Subtest: the original twelve-question course is canonical and covers every concept
2026-10-08T20:02:11.6623590Z ok 590 - the original twelve-question course is canonical and covers every concept
2026-10-08T20:02:11.6623655Z   ---
2026-10-08T20:02:11.6623730Z   duration_ms: 0.346876
2026-10-08T20:02:11.6623795Z   ...
2026-10-08T20:02:11.6624087Z # Subtest: the deck goes through the existing adaptive learner, review, practice and notes consumers
2026-10-08T20:02:11.6624365Z ok 591 - the deck goes through the existing adaptive learner, review, practice and notes consumers
2026-10-08T20:02:11.6624426Z   ---
2026-10-08T20:02:11.6624500Z   duration_ms: 9.939388
2026-10-08T20:02:11.6624566Z   ...
2026-10-08T20:02:11.6624817Z # Subtest: the direct-file page matches the maintained builder and original deck download
2026-10-08T20:02:11.6625062Z ok 592 - the direct-file page matches the maintained builder and original deck download
2026-10-08T20:02:11.6625130Z   ---
2026-10-08T20:02:11.6625208Z   duration_ms: 42.200667
2026-10-08T20:02:11.6625275Z   ...
2026-10-08T20:02:11.6625339Z 1..592
2026-10-08T20:02:11.6625411Z # tests 634
2026-10-08T20:02:11.6625479Z # suites 0
2026-10-08T20:02:11.6625546Z # pass 634
2026-10-08T20:02:11.6625614Z # fail 0
2026-10-08T20:02:11.6625687Z # cancelled 0
2026-10-08T20:02:11.6625754Z # skipped 0
2026-10-08T20:02:11.6625821Z # todo 0
2026-10-08T20:02:11.6625906Z # duration_ms 4576.022011
2026-10-08T20:02:11.6815354Z ##[group]Run cp demo.html /tmp/demo-before.html
2026-10-08T20:02:11.6815563Z [36;1mcp demo.html /tmp/demo-before.html[0m
2026-10-08T20:02:11.6815680Z [36;1mpython3 tools/make_demo.py[0m
2026-10-08T20:02:11.6816184Z [36;1mcmp /tmp/demo-before.html demo.html || { echo "demo.html is stale: run 'python3 tools/make_demo.py' and commit the result"; exit 1; }[0m
2026-10-08T20:02:11.6878533Z shell: /usr/bin/bash -e {0}
2026-10-08T20:02:11.6878759Z ##[endgroup]
2026-10-08T20:02:11.8526775Z Built /home/runner/work/RecallWeave/RecallWeave/demo.html (97716 bytes)
2026-10-08T20:02:11.8648140Z Post job cleanup.
2026-10-08T20:02:11.9605755Z (node:3353) [DEP0040] DeprecationWarning: The `punycode` module is deprecated. Please use a userland alternative instead.
2026-10-08T20:02:11.9606744Z (Use `node --trace-deprecation ...` to show where the warning was created)
2026-10-08T20:02:11.9777020Z Post job cleanup.
2026-10-08T20:02:12.0464875Z [command]/usr/bin/git version
2026-10-08T20:02:12.0500786Z git version 2.55.0
2026-10-08T20:02:12.0532311Z Temporarily overriding HOME='/home/runner/work/_temp/fef80b9e-cc6a-4fcb-a1ac-0b593e031b98' before making global git config changes
2026-10-08T20:02:12.0533557Z Adding repository directory to the temporary git global config as a safe directory
2026-10-08T20:02:12.0535419Z [command]/usr/bin/git config --global --add safe.directory /home/runner/work/RecallWeave/RecallWeave
2026-10-08T20:02:12.0566088Z [command]/usr/bin/git config --local --name-only --get-regexp core\.sshCommand
2026-10-08T20:02:12.0593798Z [command]/usr/bin/git submodule foreach --recursive sh -c "git config --local --name-only --get-regexp 'core\.sshCommand' && git config --local --unset-all 'core.sshCommand' || :"
2026-10-08T20:02:12.0800798Z [command]/usr/bin/git config --local --name-only --get-regexp http\.https\:\/\/github\.com\/\.extraheader
2026-10-08T20:02:12.0825614Z http.https://github.com/.extraheader
2026-10-08T20:02:12.0835838Z [command]/usr/bin/git config --local --unset-all http.https://github.com/.extraheader
2026-10-08T20:02:12.0869904Z [command]/usr/bin/git submodule foreach --recursive sh -c "git config --local --name-only --get-regexp 'http\.https\:\/\/github\.com\/\.extraheader' && git config --local --unset-all 'http.https://github.com/.extraheader' || :"
2026-10-08T20:02:12.1095724Z [command]/usr/bin/git config --local --name-only --get-regexp ^includeIf\.gitdir:
2026-10-08T20:02:12.1127129Z [command]/usr/bin/git submodule foreach --recursive git config --local --show-origin --name-only --get-regexp remote.origin.url
2026-10-08T20:02:12.1470049Z Cleaning up orphan processes
2026-10-08T20:02:12.1695218Z ##[warning]Node.js 20 is deprecated. The following actions target Node.js 20 but are being forced to run on Node.js 24: actions/checkout@11d5960a326750d5838078e36cf38b85af677262, actions/setup-node@49933ea5288caeca8642d1e84afbd3f7d6820020. For more information see: https://github.blog/changelog/2025-09-19-deprecation-of-node-20-on-github-actions-runners/
