2026-10-08T21:16:40.8013249Z Current runner version: '2.337.0'
2026-10-08T21:16:40.8034126Z ##[group]Runner Image Provisioner
2026-10-08T21:16:40.8034996Z Hosted Compute Agent
2026-10-08T21:16:40.8035541Z Version: 20261002.596
2026-10-08T21:16:40.8036397Z Commit: c3d12f3313a95f25162a1503be624f3b0617f8c0
2026-10-08T21:16:40.8037036Z Build Date: 2026-10-02T22:28:27Z
2026-10-08T21:16:40.8037592Z Worker ID: {72a37032-c3d5-4d7d-ad8b-ceb9a18287a1}
2026-10-08T21:16:40.8038224Z Region: centralus
2026-10-08T21:16:40.8038704Z Cloud: Azure
2026-10-08T21:16:40.8039156Z ##[endgroup]
2026-10-08T21:16:40.8040327Z ##[group]Operating System
2026-10-08T21:16:40.8040844Z Ubuntu
2026-10-08T21:16:40.8041301Z 24.04.5
2026-10-08T21:16:40.8041794Z LTS
2026-10-08T21:16:40.8042224Z ##[endgroup]
2026-10-08T21:16:40.8042693Z ##[group]Runner Image
2026-10-08T21:16:40.8043204Z Image: ubuntu-24.04
2026-10-08T21:16:40.8043691Z Version: 20261004.327.1
2026-10-08T21:16:40.8044779Z Included Software: https://github.com/actions/runner-images/blob/ubuntu24/20261004.327/images/ubuntu/Ubuntu2404-Readme.md
2026-10-08T21:16:40.8046261Z Image Release: https://github.com/actions/runner-images/releases/tag/ubuntu24%2F20261004.327
2026-10-08T21:16:40.8047087Z ##[endgroup]
2026-10-08T21:16:40.8048061Z ##[group]GITHUB_TOKEN Permissions
2026-10-08T21:16:40.8049795Z Contents: read
2026-10-08T21:16:40.8050290Z Metadata: read
2026-10-08T21:16:40.8050750Z ##[endgroup]
2026-10-08T21:16:40.8052428Z Secret source: Actions
2026-10-08T21:16:40.8053338Z Cache mode: write
2026-10-08T21:16:40.8053922Z Prepare workflow directory
2026-10-08T21:16:40.8330639Z Prepare all required actions
2026-10-08T21:16:40.8376972Z Getting action download info
2026-10-08T21:16:41.1101683Z Download action repository 'actions/checkout@11d5960a326750d5838078e36cf38b85af677262' (SHA:11d5960a326750d5838078e36cf38b85af677262)
2026-10-08T21:16:41.1929431Z Download action repository 'actions/setup-node@49933ea5288caeca8642d1e84afbd3f7d6820020' (SHA:49933ea5288caeca8642d1e84afbd3f7d6820020)
2026-10-08T21:16:41.3834027Z Complete job name: node-test
2026-10-08T21:16:41.4493956Z ##[group]Run actions/checkout@11d5960a326750d5838078e36cf38b85af677262
2026-10-08T21:16:41.4494866Z with:
2026-10-08T21:16:41.4495465Z   repository: Jacob-Met/RecallWeave
2026-10-08T21:16:41.4499632Z   token: ***
2026-10-08T21:16:41.4500148Z   ssh-strict: true
2026-10-08T21:16:41.4500629Z   ssh-user: git
2026-10-08T21:16:41.4501360Z   persist-credentials: true
2026-10-08T21:16:41.4501932Z   clean: true
2026-10-08T21:16:41.4502417Z   sparse-checkout-cone-mode: true
2026-10-08T21:16:41.4502970Z   fetch-depth: 1
2026-10-08T21:16:41.4503455Z   fetch-tags: false
2026-10-08T21:16:41.4503926Z   show-progress: true
2026-10-08T21:16:41.4504468Z   lfs: false
2026-10-08T21:16:41.4504913Z   submodules: false
2026-10-08T21:16:41.4505394Z   set-safe-directory: true
2026-10-08T21:16:41.4506141Z   allow-unsafe-pr-checkout: false
2026-10-08T21:16:41.4507086Z ##[endgroup]
2026-10-08T21:16:41.5486519Z Syncing repository: Jacob-Met/RecallWeave
2026-10-08T21:16:41.5489354Z ##[group]Getting Git version info
2026-10-08T21:16:41.5490493Z Working directory is '/home/runner/work/RecallWeave/RecallWeave'
2026-10-08T21:16:41.5492042Z [command]/usr/bin/git version
2026-10-08T21:16:41.5506772Z git version 2.55.0
2026-10-08T21:16:41.5530295Z ##[endgroup]
2026-10-08T21:16:41.5542243Z Temporarily overriding HOME='/home/runner/work/_temp/70fc3349-b3fc-4f30-9c64-0ac3243f8c1d' before making global git config changes
2026-10-08T21:16:41.5550245Z Adding repository directory to the temporary git global config as a safe directory
2026-10-08T21:16:41.5551984Z [command]/usr/bin/git config --global --add safe.directory /home/runner/work/RecallWeave/RecallWeave
2026-10-08T21:16:41.5588761Z Deleting the contents of '/home/runner/work/RecallWeave/RecallWeave'
2026-10-08T21:16:41.5593041Z ##[group]Initializing the repository
2026-10-08T21:16:41.5598000Z [command]/usr/bin/git init /home/runner/work/RecallWeave/RecallWeave
2026-10-08T21:16:41.5685973Z hint: Using 'master' as the name for the initial branch. This default branch name
2026-10-08T21:16:41.5687898Z hint: will change to "main" in Git 3.0. To configure the initial branch name
2026-10-08T21:16:41.5689310Z hint: to use in all of your new repositories, which will suppress this warning,
2026-10-08T21:16:41.5690593Z hint: call:
2026-10-08T21:16:41.5697102Z hint:
2026-10-08T21:16:41.5697885Z hint: 	git config --global init.defaultBranch <name>
2026-10-08T21:16:41.5698772Z hint:
2026-10-08T21:16:41.5700007Z hint: Names commonly chosen instead of 'master' are 'main', 'trunk' and
2026-10-08T21:16:41.5701315Z hint: 'development'. The just-created branch can be renamed via this command:
2026-10-08T21:16:41.5702357Z hint:
2026-10-08T21:16:41.5702961Z hint: 	git branch -m <name>
2026-10-08T21:16:41.5703651Z hint:
2026-10-08T21:16:41.5704536Z hint: Disable this message with "git config set advice.defaultBranchName false"
2026-10-08T21:16:41.5706022Z Initialized empty Git repository in /home/runner/work/RecallWeave/RecallWeave/.git/
2026-10-08T21:16:41.5708351Z [command]/usr/bin/git remote add origin https://github.com/Jacob-Met/RecallWeave
2026-10-08T21:16:41.5735564Z ##[endgroup]
2026-10-08T21:16:41.5736960Z ##[group]Disabling automatic garbage collection
2026-10-08T21:16:41.5738090Z [command]/usr/bin/git config --local gc.auto 0
2026-10-08T21:16:41.5771426Z ##[endgroup]
2026-10-08T21:16:41.5772659Z ##[group]Setting up auth
2026-10-08T21:16:41.5773430Z [command]/usr/bin/git config --local --name-only --get-regexp core\.sshCommand
2026-10-08T21:16:41.5796468Z [command]/usr/bin/git submodule foreach --recursive sh -c "git config --local --name-only --get-regexp 'core\.sshCommand' && git config --local --unset-all 'core.sshCommand' || :"
2026-10-08T21:16:41.6111044Z [command]/usr/bin/git config --local --name-only --get-regexp http\.https\:\/\/github\.com\/\.extraheader
2026-10-08T21:16:41.6139248Z [command]/usr/bin/git submodule foreach --recursive sh -c "git config --local --name-only --get-regexp 'http\.https\:\/\/github\.com\/\.extraheader' && git config --local --unset-all 'http.https://github.com/.extraheader' || :"
2026-10-08T21:16:41.6322789Z [command]/usr/bin/git config --local --name-only --get-regexp ^includeIf\.gitdir:
2026-10-08T21:16:41.6348295Z [command]/usr/bin/git submodule foreach --recursive git config --local --show-origin --name-only --get-regexp remote.origin.url
2026-10-08T21:16:41.6512990Z [command]/usr/bin/git config --local http.https://github.com/.extraheader AUTHORIZATION: basic ***
2026-10-08T21:16:41.6543107Z ##[endgroup]
2026-10-08T21:16:41.6543970Z ##[group]Fetching the repository
2026-10-08T21:16:41.6551073Z [command]/usr/bin/git -c protocol.version=2 fetch --no-tags --prune --no-recurse-submodules --depth=1 origin +cae7e870a7dd9296584f8355034cb3704ece6de4:refs/remotes/pull/168/merge
2026-10-08T21:16:44.8803098Z From https://github.com/Jacob-Met/RecallWeave
2026-10-08T21:16:44.8804137Z  * [new ref]         cae7e870a7dd9296584f8355034cb3704ece6de4 -> pull/168/merge
2026-10-08T21:16:44.8807535Z ##[endgroup]
2026-10-08T21:16:44.8808766Z ##[group]Determining the checkout info
2026-10-08T21:16:44.8810011Z ##[endgroup]
2026-10-08T21:16:44.8815819Z [command]/usr/bin/git sparse-checkout disable
2026-10-08T21:16:44.8868114Z [command]/usr/bin/git config --local --unset-all extensions.worktreeConfig
2026-10-08T21:16:44.8891232Z ##[group]Checking out the ref
2026-10-08T21:16:44.8893921Z [command]/usr/bin/git checkout --progress --force refs/remotes/pull/168/merge
2026-10-08T21:16:45.3294500Z Note: switching to 'refs/remotes/pull/168/merge'.
2026-10-08T21:16:45.3295843Z 
2026-10-08T21:16:45.3296540Z You are in 'detached HEAD' state. You can look around, make experimental
2026-10-08T21:16:45.3297228Z changes and commit them, and you can discard any commits you make in this
2026-10-08T21:16:45.3297830Z state without impacting any branches by switching back to a branch.
2026-10-08T21:16:45.3298153Z 
2026-10-08T21:16:45.3298431Z If you want to create a new branch to retain commits you create, you may
2026-10-08T21:16:45.3299035Z do so (now or later) by using -c with the switch command. Example:
2026-10-08T21:16:45.3299523Z 
2026-10-08T21:16:45.3299693Z   git switch -c <new-branch-name>
2026-10-08T21:16:45.3299953Z 
2026-10-08T21:16:45.3300113Z Or undo this operation with:
2026-10-08T21:16:45.3300335Z 
2026-10-08T21:16:45.3300493Z   git switch -
2026-10-08T21:16:45.3300683Z 
2026-10-08T21:16:45.3300992Z Turn off this advice by setting config variable advice.detachedHead to false
2026-10-08T21:16:45.3301289Z 
2026-10-08T21:16:45.3301678Z HEAD is now at cae7e87 Merge fe58d8df2bf379deae9d78a78a9b8095d7785987 into 698902f9c9c1d5c5023092b85b3632a7cb7a01ed
2026-10-08T21:16:45.3316011Z ##[endgroup]
2026-10-08T21:16:45.3354314Z [command]/usr/bin/git log -1 --format=%H
2026-10-08T21:16:45.3374694Z cae7e870a7dd9296584f8355034cb3704ece6de4
2026-10-08T21:16:45.3626663Z ##[group]Run actions/setup-node@49933ea5288caeca8642d1e84afbd3f7d6820020
2026-10-08T21:16:45.3627139Z with:
2026-10-08T21:16:45.3627445Z   node-version: 20
2026-10-08T21:16:45.3627784Z   always-auth: false
2026-10-08T21:16:45.3628143Z   check-latest: false
2026-10-08T21:16:45.3630522Z   token: ***
2026-10-08T21:16:45.3630818Z ##[endgroup]
2026-10-08T21:16:45.4899597Z Attempting to download 20...
2026-10-08T21:16:45.4994705Z (node:2083) [DEP0040] DeprecationWarning: The `punycode` module is deprecated. Please use a userland alternative instead.
2026-10-08T21:16:45.4996385Z (Use `node --trace-deprecation ...` to show where the warning was created)
2026-10-08T21:16:46.3653264Z Acquiring 20.20.2 - x64 from https://github.com/actions/node-versions/releases/download/20.20.2-23521894959/node-20.20.2-linux-x64.tar.gz
2026-10-08T21:16:46.8730615Z Extracting ...
2026-10-08T21:16:46.8819943Z [command]/usr/bin/tar xz --strip 1 --warning=no-unknown-keyword --overwrite -C /home/runner/work/_temp/aad828f0-3ada-4086-a2eb-de58d2333435 -f /home/runner/work/_temp/9f2e7fcf-35e4-4c65-94dc-f05f52d6b520
2026-10-08T21:16:47.8574501Z Adding to the cache ...
2026-10-08T21:16:49.5346484Z ##[group]Environment details
2026-10-08T21:16:49.7238317Z node: v20.20.2
2026-10-08T21:16:49.7238828Z npm: 10.8.2
2026-10-08T21:16:49.7239343Z yarn: 1.22.22
2026-10-08T21:16:49.7239939Z ##[endgroup]
2026-10-08T21:16:49.7371452Z ##[group]Run node --test tests/*.test.mjs
2026-10-08T21:16:49.7371971Z [36;1mnode --test tests/*.test.mjs[0m
2026-10-08T21:16:49.7539258Z shell: /usr/bin/bash -e {0}
2026-10-08T21:16:49.7539600Z ##[endgroup]
2026-10-08T21:16:49.8032123Z TAP version 13
2026-10-08T21:16:49.8536752Z # Subtest: display orders retain every canonical option exactly once and are immutable
2026-10-08T21:16:49.8567432Z ok 1 - display orders retain every canonical option exactly once and are immutable
2026-10-08T21:16:49.8577039Z   ---
2026-10-08T21:16:49.8598415Z   duration_ms: 7.786923
2026-10-08T21:16:49.8599413Z   ...
2026-10-08T21:16:49.8600399Z # Subtest: a stable source replays an order and changed input can put the answer in every display position
2026-10-08T21:16:49.8601685Z ok 2 - a stable source replays an order and changed input can put the answer in every display position
2026-10-08T21:16:49.8602603Z   ---
2026-10-08T21:16:49.8603086Z   duration_ms: 3.08144
2026-10-08T21:16:49.8603631Z   ...
2026-10-08T21:16:49.8604654Z # Subtest: invalid counts or random values cannot produce duplicate, missing, or unaddressable choices
2026-10-08T21:16:49.8606100Z ok 3 - invalid counts or random values cannot produce duplicate, missing, or unaddressable choices
2026-10-08T21:16:49.8607023Z   ---
2026-10-08T21:16:49.8607498Z   duration_ms: 0.356145
2026-10-08T21:16:49.8608035Z   ...
2026-10-08T21:16:49.8652269Z # Subtest: varied displayed choices keep review, corrected practice and study notes tied to their original text
2026-10-08T21:16:49.8655337Z ok 4 - varied displayed choices keep review, corrected practice and study notes tied to their original text
2026-10-08T21:16:49.8656826Z   ---
2026-10-08T21:16:49.8657539Z   duration_ms: 15.087663
2026-10-08T21:16:49.8658210Z   ...
2026-10-08T21:16:49.8782698Z # Subtest: the direct-file author page is generated from all current author modules
2026-10-08T21:16:49.8784557Z ok 5 - the direct-file author page is generated from all current author modules
2026-10-08T21:16:49.8785515Z   ---
2026-10-08T21:16:49.8786543Z   duration_ms: 40.645576
2026-10-08T21:16:49.8787105Z   ...
2026-10-08T21:16:49.8849521Z # Subtest: sixteen original items round trip through current native deck and authoring APIs
2026-10-08T21:16:49.8877481Z ok 6 - sixteen original items round trip through current native deck and authoring APIs
2026-10-08T21:16:49.8887375Z   ---
2026-10-08T21:16:49.8887843Z   duration_ms: 4.348001
2026-10-08T21:16:49.8888242Z   ...
2026-10-08T21:16:49.8888859Z # Subtest: displayed vector answers satisfy the independent stated arithmetic
2026-10-08T21:16:49.8889787Z ok 7 - displayed vector answers satisfy the independent stated arithmetic
2026-10-08T21:16:49.8890349Z   ---
2026-10-08T21:16:49.8890703Z   duration_ms: 0.521416
2026-10-08T21:16:49.8891075Z   ...
2026-10-08T21:16:49.8891688Z # Subtest: subdivision keys preserve traversal and explicitly map local parameters
2026-10-08T21:16:49.8892599Z ok 8 - subdivision keys preserve traversal and explicitly map local parameters
2026-10-08T21:16:49.8893248Z   ---
2026-10-08T21:16:49.8893587Z   duration_ms: 0.19599
2026-10-08T21:16:49.8893955Z   ...
2026-10-08T21:16:49.8894583Z # Subtest: qualitative claims retain the stated hypotheses and degeneracy distinctions
2026-10-08T21:16:49.8895521Z ok 9 - qualitative claims retain the stated hypotheses and degeneracy distinctions
2026-10-08T21:16:49.8896339Z   ---
2026-10-08T21:16:49.8896775Z   duration_ms: 0.156676
2026-10-08T21:16:49.8897225Z   ...
2026-10-08T21:16:49.8898008Z # Subtest: current learner, review, practice and study notes consume every new course item
2026-10-08T21:16:49.8899117Z ok 10 - current learner, review, practice and study notes consume every new course item
2026-10-08T21:16:49.8899783Z   ---
2026-10-08T21:16:49.8900263Z   duration_ms: 17.14196
2026-10-08T21:16:49.8900702Z   ...
2026-10-08T21:16:50.0461164Z # Subtest: worked quadratic retains every level and correctly ordered subcurve controls
2026-10-08T21:16:50.0463192Z ok 11 - worked quadratic retains every level and correctly ordered subcurve controls
2026-10-08T21:16:50.0464151Z   ---
2026-10-08T21:16:50.0464740Z   duration_ms: 2.726786
2026-10-08T21:16:50.0465259Z   ...
2026-10-08T21:16:50.0466348Z # Subtest: direct Bernstein and differentiated-polynomial oracles agree on 504 changed cases
2026-10-08T21:16:50.0467527Z ok 12 - direct Bernstein and differentiated-polynomial oracles agree on 504 changed cases
2026-10-08T21:16:50.0468321Z   ---
2026-10-08T21:16:50.0468801Z   duration_ms: 92.975266
2026-10-08T21:16:50.0469335Z   ...
2026-10-08T21:16:50.0470189Z # Subtest: subdivision polygons reproduce the original polynomial under both local parameter maps
2026-10-08T21:16:50.0471385Z ok 13 - subdivision polygons reproduce the original polynomial under both local parameter maps
2026-10-08T21:16:50.0472224Z   ---
2026-10-08T21:16:50.0472716Z   duration_ms: 24.013542
2026-10-08T21:16:50.0473263Z   ...
2026-10-08T21:16:50.0537613Z # Subtest: reversing controls reverses the parameter and derivative; translating preserves construction
2026-10-08T21:16:50.0597254Z ok 14 - reversing controls reverses the parameter and derivative; translating preserves construction
2026-10-08T21:16:50.0621278Z   ---
2026-10-08T21:16:50.0641030Z   duration_ms: 0.773748
2026-10-08T21:16:50.0717292Z   ...
2026-10-08T21:16:50.0718345Z # Subtest: stationary endpoint, constant curve, and collinear nonuniform speed remain distinct
2026-10-08T21:16:50.0719523Z ok 15 - stationary endpoint, constant curve, and collinear nonuniform speed remain distinct
2026-10-08T21:16:50.0720273Z   ---
2026-10-08T21:16:50.0738265Z   duration_ms: 0.377531
2026-10-08T21:16:50.0760081Z   ...
2026-10-08T21:16:50.0787077Z # Subtest: parser admits exact text grammar and reduces only in the trace
2026-10-08T21:16:50.0788632Z ok 16 - parser admits exact text grammar and reduces only in the trace
2026-10-08T21:16:50.0789550Z   ---
2026-10-08T21:16:50.0790691Z   duration_ms: 1.000119
2026-10-08T21:16:50.0791510Z   ...
2026-10-08T21:16:50.0792501Z # Subtest: malformed and out-of-domain text is refused with an actionable field
2026-10-08T21:16:50.0793847Z ok 17 - malformed and out-of-domain text is refused with an actionable field
2026-10-08T21:16:50.0794755Z   ---
2026-10-08T21:16:50.0795493Z   duration_ms: 0.918763
2026-10-08T21:16:50.0796313Z   ...
2026-10-08T21:16:50.0797376Z # Subtest: public model rejects coercion, sparse arrays and invalid parameter records
2026-10-08T21:16:50.0798680Z ok 18 - public model rejects coercion, sparse arrays and invalid parameter records
2026-10-08T21:16:50.0799692Z   ---
2026-10-08T21:16:50.0800289Z   duration_ms: 0.627134
2026-10-08T21:16:50.0801000Z   ...
2026-10-08T21:16:50.0802009Z # Subtest: all result state is detached and frozen; repeated calls are deterministic
2026-10-08T21:16:50.0803300Z ok 19 - all result state is detached and frozen; repeated calls are deterministic
2026-10-08T21:16:50.0804253Z   ---
2026-10-08T21:16:50.0805012Z   duration_ms: 0.371105
2026-10-08T21:16:50.0805552Z   ...
2026-10-08T21:16:50.0806778Z # Subtest: the binary-search course round-trips through the published deck contract
2026-10-08T21:16:50.0808126Z ok 20 - the binary-search course round-trips through the published deck contract
2026-10-08T21:16:50.0808996Z   ---
2026-10-08T21:16:50.0809573Z   duration_ms: 2.629
2026-10-08T21:16:50.0810055Z   ...
2026-10-08T21:16:50.0810901Z # Subtest: worked first-occurrence and absent examples agree with an independent linear partition
2026-10-08T21:16:50.0812244Z ok 21 - worked first-occurrence and absent examples agree with an independent linear partition
2026-10-08T21:16:50.0813134Z   ---
2026-10-08T21:16:50.0813684Z   duration_ms: 0.922817
2026-10-08T21:16:50.0814190Z   ...
2026-10-08T21:16:50.0815723Z # Subtest: midpoint and branch answers use the course’s half-open interval convention
2026-10-08T21:16:50.0817356Z ok 22 - midpoint and branch answers use the course’s half-open interval convention
2026-10-08T21:16:50.0818226Z   ---
2026-10-08T21:16:50.0818953Z   duration_ms: 0.24294
2026-10-08T21:16:50.0819515Z   ...
2026-10-08T21:16:50.0820618Z # Subtest: the worked trace and worst-case count follow strictly shrinking intervals
2026-10-08T21:16:50.0821734Z ok 23 - the worked trace and worst-case count follow strictly shrinking intervals
2026-10-08T21:16:50.0822523Z   ---
2026-10-08T21:16:50.0823080Z   duration_ms: 8.128451
2026-10-08T21:16:50.0823591Z   ...
2026-10-08T21:16:50.0824491Z # Subtest: the actual adaptive learner visits every new question and preserves worked feedback
2026-10-08T21:16:50.0825768Z ok 24 - the actual adaptive learner visits every new question and preserves worked feedback
2026-10-08T21:16:50.0826786Z   ---
2026-10-08T21:16:50.0827381Z   duration_ms: 15.666393
2026-10-08T21:16:50.0827897Z   ...
2026-10-08T21:16:50.0828773Z # Subtest: duplicate equality classifies a suffix while retaining the first possible boundary
2026-10-08T21:16:50.0830020Z ok 25 - duplicate equality classifies a suffix while retaining the first possible boundary
2026-10-08T21:16:50.0830796Z   ---
2026-10-08T21:16:50.0831338Z   duration_ms: 1.970181
2026-10-08T21:16:50.0831847Z   ...
2026-10-08T21:16:50.0833040Z # Subtest: empty, before-first and after-end results remain boundaries rather than invented elements
2026-10-08T21:16:50.0834302Z ok 26 - empty, before-first and after-end results remain boundaries rather than invented elements
2026-10-08T21:16:50.0835097Z   ---
2026-10-08T21:16:50.0835649Z   duration_ms: 0.373171
2026-10-08T21:16:50.0836323Z   ...
2026-10-08T21:16:50.0837625Z # Subtest: the guide’s two equal-length paths retain their different ordering-comparison counts
2026-10-08T21:16:50.0838941Z ok 27 - the guide’s two equal-length paths retain their different ordering-comparison counts
2026-10-08T21:16:50.0839733Z   ---
2026-10-08T21:16:50.0840264Z   duration_ms: 0.407337
2026-10-08T21:16:50.0840798Z   ...
2026-10-08T21:16:50.0841668Z # Subtest: a complete 32-value trace is detached and immutable without changing the caller
2026-10-08T21:16:50.0843114Z ok 28 - a complete 32-value trace is detached and immutable without changing the caller
2026-10-08T21:16:50.0843895Z   ---
2026-10-08T21:16:50.0844398Z   duration_ms: 1.811198
2026-10-08T21:16:50.0844969Z   ...
2026-10-08T21:16:50.0845834Z # Subtest: text admission preserves order, allows repeats and refuses an invalid current draft
2026-10-08T21:16:50.0847400Z ok 29 - text admission preserves order, allows repeats and refuses an invalid current draft
2026-10-08T21:16:50.0848367Z   ---
2026-10-08T21:16:50.0849125Z   duration_ms: 0.862105
2026-10-08T21:16:50.0849667Z   ...
2026-10-08T21:16:50.0850556Z # Subtest: every teaching preset is admitted and its complete record survives JSON transport
2026-10-08T21:16:50.0851673Z ok 30 - every teaching preset is admitted and its complete record survives JSON transport
2026-10-08T21:16:50.0852878Z   ---
2026-10-08T21:16:50.0853499Z   duration_ms: 0.737383
2026-10-08T21:16:50.0854049Z   ...
2026-10-08T21:16:50.0854903Z # Subtest: standalone build retains the original course and guide bytes exactly
2026-10-08T21:16:50.0856156Z ok 31 - standalone build retains the original course and guide bytes exactly
2026-10-08T21:16:50.0857003Z   ---
2026-10-08T21:16:50.0866049Z   duration_ms: 86.111427
2026-10-08T21:16:50.0866827Z   ...
2026-10-08T21:16:50.0867817Z # Subtest: the committed direct-file explorer exactly reproduces from its native modules and checked deck
2026-10-08T21:16:50.0869148Z ok 32 - the committed direct-file explorer exactly reproduces from its native modules and checked deck
2026-10-08T21:16:50.0869985Z   ---
2026-10-08T21:16:50.0870473Z   duration_ms: 6.589646
2026-10-08T21:16:50.0870995Z   ...
2026-10-08T21:16:50.0871908Z # Subtest: literal course content cannot close the embedded script and is retained byte-for-byte
2026-10-08T21:16:50.0873069Z ok 33 - literal course content cannot close the embedded script and is retained byte-for-byte
2026-10-08T21:16:50.0873875Z   ---
2026-10-08T21:16:50.0874357Z   duration_ms: 1.728079
2026-10-08T21:16:50.0874951Z   ...
2026-10-08T21:16:50.0876132Z # Subtest: builder refuses invalid decks and ambiguous template/source boundaries
2026-10-08T21:16:50.0877269Z ok 34 - builder refuses invalid decks and ambiguous template/source boundaries
2026-10-08T21:16:50.0878018Z   ---
2026-10-08T21:16:50.0878474Z   duration_ms: 2.701116
2026-10-08T21:16:50.0879064Z   ...
2026-10-08T21:16:50.1251432Z # Subtest: the original course is admitted by the unchanged deck validator with the fixed answer map
2026-10-08T21:16:50.1260603Z ok 35 - the original course is admitted by the unchanged deck validator with the fixed answer map
2026-10-08T21:16:50.1261671Z   ---
2026-10-08T21:16:50.1262210Z   duration_ms: 2.795647
2026-10-08T21:16:50.1262854Z   ...
2026-10-08T21:16:50.1263761Z # Subtest: independent finite assignments establish the nontrivial authored choice witnesses
2026-10-08T21:16:50.1264923Z ok 36 - independent finite assignments establish the nontrivial authored choice witnesses
2026-10-08T21:16:50.1265789Z   ---
2026-10-08T21:16:50.1266547Z   duration_ms: 0.573814
2026-10-08T21:16:50.1267172Z   ...
2026-10-08T21:16:50.1268695Z # Subtest: native selector → review → separate practice → archive/notes preserves the correct course trace
2026-10-08T21:16:50.1270134Z ok 37 - native selector → review → separate practice → archive/notes preserves the correct course trace
2026-10-08T21:16:50.1270989Z   ---
2026-10-08T21:16:50.1271532Z   duration_ms: 16.250343
2026-10-08T21:16:50.1272096Z   ...
2026-10-08T21:16:50.1279097Z # Subtest: native selector → review → separate practice → archive/notes preserves the missed course trace
2026-10-08T21:16:50.1284500Z ok 38 - native selector → review → separate practice → archive/notes preserves the missed course trace
2026-10-08T21:16:50.1285510Z   ---
2026-10-08T21:16:50.1286163Z   duration_ms: 4.470637
2026-10-08T21:16:50.1286729Z   ...
2026-10-08T21:16:50.1287792Z # Subtest: native selector → review → separate practice → archive/notes preserves the mixed course trace
2026-10-08T21:16:50.1289657Z ok 39 - native selector → review → separate practice → archive/notes preserves the mixed course trace
2026-10-08T21:16:50.1290514Z   ---
2026-10-08T21:16:50.1291022Z   duration_ms: 3.237908
2026-10-08T21:16:50.1291557Z   ...
2026-10-08T21:16:50.1446750Z # Subtest: all binary connectives match independently enumerated TT, TF, FT, FF columns
2026-10-08T21:16:50.1466463Z ok 40 - all binary connectives match independently enumerated TT, TF, FT, FF columns
2026-10-08T21:16:50.1497040Z   ---
2026-10-08T21:16:50.1527052Z   duration_ms: 3.20988
2026-10-08T21:16:50.1546987Z   ...
2026-10-08T21:16:50.1557149Z # Subtest: the union is alphabetical, complete and unique even with disjoint variables
2026-10-08T21:16:50.1570714Z ok 41 - the union is alphabetical, complete and unique even with disjoint variables
2026-10-08T21:16:50.1571527Z   ---
2026-10-08T21:16:50.1572149Z   duration_ms: 0.476026
2026-10-08T21:16:50.1572660Z   ...
2026-10-08T21:16:50.1573443Z # Subtest: precedence and grouping are explicit, and implication is right associative
2026-10-08T21:16:50.1574633Z ok 42 - precedence and grouping are explicit, and implication is right associative
2026-10-08T21:16:50.1575325Z   ---
2026-10-08T21:16:50.1576039Z   duration_ms: 0.367321
2026-10-08T21:16:50.1576556Z   ...
2026-10-08T21:16:50.1577359Z # Subtest: case, whitespace and parentheses preserve the same formal expression
2026-10-08T21:16:50.1578300Z ok 43 - case, whitespace and parentheses preserve the same formal expression
2026-10-08T21:16:50.1578974Z   ---
2026-10-08T21:16:50.1579487Z   duration_ms: 0.150881
2026-10-08T21:16:50.1579978Z   ...
2026-10-08T21:16:50.1580930Z # Subtest: equivalence is exhaustive; converse and incorrect De Morgan variants retain counterexamples
2026-10-08T21:16:50.1582150Z ok 44 - equivalence is exhaustive; converse and incorrect De Morgan variants retain counterexamples
2026-10-08T21:16:50.1582927Z   ---
2026-10-08T21:16:50.1583432Z   duration_ms: 0.480697
2026-10-08T21:16:50.1583913Z   ...
2026-10-08T21:16:50.1584867Z # Subtest: valid inference and affirming the consequent differ at a concrete full assignment
2026-10-08T21:16:50.1586558Z ok 45 - valid inference and affirming the consequent differ at a concrete full assignment
2026-10-08T21:16:50.1587360Z   ---
2026-10-08T21:16:50.1587897Z   duration_ms: 0.186545
2026-10-08T21:16:50.1588475Z   ...
2026-10-08T21:16:50.1589315Z # Subtest: constants have one empty assignment, and single-expression mode is distinct
2026-10-08T21:16:50.1590542Z ok 46 - constants have one empty assignment, and single-expression mode is distinct
2026-10-08T21:16:50.1591318Z   ---
2026-10-08T21:16:50.1591822Z   duration_ms: 0.181736
2026-10-08T21:16:50.1592382Z   ...
2026-10-08T21:16:50.1593320Z # Subtest: invalid edits refuse unknown words, partial expressions, code, HTML and unsupported notation
2026-10-08T21:16:50.1594513Z ok 47 - invalid edits refuse unknown words, partial expressions, code, HTML and unsupported notation
2026-10-08T21:16:50.1595430Z   ---
2026-10-08T21:16:50.1596174Z   duration_ms: 1.54613
2026-10-08T21:16:50.1596696Z   ...
2026-10-08T21:16:50.1597656Z # Subtest: boundary inputs admit declared limits and reject the next character, token, parenthesis or operator
2026-10-08T21:16:50.1598892Z ok 48 - boundary inputs admit declared limits and reject the next character, token, parenthesis or operator
2026-10-08T21:16:50.1600478Z   ---
2026-10-08T21:16:50.1601003Z   duration_ms: 0.817122
2026-10-08T21:16:50.1601482Z   ...
2026-10-08T21:16:50.1602461Z # Subtest: returned analysis is deeply immutable and subsequent calls do not alter prior results
2026-10-08T21:16:50.1603660Z ok 49 - returned analysis is deeply immutable and subsequent calls do not alter prior results
2026-10-08T21:16:50.1604544Z   ---
2026-10-08T21:16:50.1605072Z   duration_ms: 0.304774
2026-10-08T21:16:50.1605560Z   ...
2026-10-08T21:16:50.1606691Z # Subtest: CSV uses the current inputs, full union and every row regardless of any display filter
2026-10-08T21:16:50.1607906Z ok 50 - CSV uses the current inputs, full union and every row regardless of any display filter
2026-10-08T21:16:50.1609030Z   ---
2026-10-08T21:16:50.1609536Z   duration_ms: 0.311657
2026-10-08T21:16:50.1610026Z   ...
2026-10-08T21:16:50.1611031Z # Subtest: independent receiving columns challenge right grouping, stronger and, and an unused-in-output variable
2026-10-08T21:16:50.1612404Z ok 51 - independent receiving columns challenge right grouping, stronger and, and an unused-in-output variable
2026-10-08T21:16:50.1613321Z   ---
2026-10-08T21:16:50.1613797Z   duration_ms: 0.34405
2026-10-08T21:16:50.1614284Z   ...
2026-10-08T21:16:50.1753424Z # Subtest: literal text grammar keeps letters, digits and request multiplicity
2026-10-08T21:16:50.1786094Z ok 52 - literal text grammar keeps letters, digits and request multiplicity
2026-10-08T21:16:50.1836903Z   ---
2026-10-08T21:16:50.1853995Z   duration_ms: 2.353677
2026-10-08T21:16:50.1876975Z   ...
2026-10-08T21:16:50.1887590Z # Subtest: text refuses ambiguous tokens, case conversion and bounded overflows
2026-10-08T21:16:50.1888573Z ok 53 - text refuses ambiguous tokens, case conversion and bounded overflows
2026-10-08T21:16:50.1889064Z   ---
2026-10-08T21:16:50.1889404Z   duration_ms: 0.626111
2026-10-08T21:16:50.1889772Z   ...
2026-10-08T21:16:50.1890271Z # Subtest: core rejects unsupported capacity and unexpected outer fields
2026-10-08T21:16:50.1890890Z ok 54 - core rejects unsupported capacity and unexpected outer fields
2026-10-08T21:16:50.1891343Z   ---
2026-10-08T21:16:50.1891666Z   duration_ms: 0.849327
2026-10-08T21:16:50.1892017Z   ...
2026-10-08T21:16:50.1892644Z # Subtest: core refuses sparse arrays, attached metadata and nonliteral page values
2026-10-08T21:16:50.1893308Z ok 55 - core refuses sparse arrays, attached metadata and nonliteral page values
2026-10-08T21:16:50.1893771Z   ---
2026-10-08T21:16:50.1894076Z   duration_ms: 0.435636
2026-10-08T21:16:50.1894460Z   ...
2026-10-08T21:16:50.1894902Z # Subtest: FIFO complete trace keeps insertion order on a hit
2026-10-08T21:16:50.1895464Z ok 56 - FIFO complete trace keeps insertion order on a hit
2026-10-08T21:16:50.1896096Z   ---
2026-10-08T21:16:50.1897033Z   duration_ms: 0.657039
2026-10-08T21:16:50.1897425Z   ...
2026-10-08T21:16:50.1898058Z # Subtest: LRU complete trace refreshes recency and can lose this fixed comparison
2026-10-08T21:16:50.1898880Z ok 57 - LRU complete trace refreshes recency and can lose this fixed comparison
2026-10-08T21:16:50.1899446Z   ---
2026-10-08T21:16:50.1899835Z   duration_ms: 0.463722
2026-10-08T21:16:50.1900139Z   ...
2026-10-08T21:16:50.1900575Z # Subtest: the classic FIFO anomaly retains exact miss positions and capacity totals
2026-10-08T21:16:50.1901143Z ok 58 - the classic FIFO anomaly retains exact miss positions and capacity totals
2026-10-08T21:16:50.1901518Z   ---
2026-10-08T21:16:50.1901814Z   duration_ms: 0.752638
2026-10-08T21:16:50.1902112Z   ...
2026-10-08T21:16:50.1902565Z # Subtest: literal identity, capacity one and a loop that fits retain first-access misses
2026-10-08T21:16:50.1903192Z ok 59 - literal identity, capacity one and a loop that fits retain first-access misses
2026-10-08T21:16:50.1903602Z   ---
2026-10-08T21:16:50.1903879Z   duration_ms: 1.952822
2026-10-08T21:16:50.1904143Z   ...
2026-10-08T21:16:50.1904582Z # Subtest: empty input produces zero counts without a manufactured percentage
2026-10-08T21:16:50.1905120Z ok 60 - empty input produces zero counts without a manufactured percentage
2026-10-08T21:16:50.1905598Z   ---
2026-10-08T21:16:50.1906050Z   duration_ms: 0.706141
2026-10-08T21:16:50.1906456Z   ...
2026-10-08T21:16:50.1907080Z # Subtest: caller mutations cannot change retained input, earlier steps or totals
2026-10-08T21:16:50.1907917Z ok 61 - caller mutations cannot change retained input, earlier steps or totals
2026-10-08T21:16:50.1908506Z   ---
2026-10-08T21:16:50.1908839Z   duration_ms: 0.352191
2026-10-08T21:16:50.1909172Z   ...
2026-10-08T21:16:50.1909577Z # Subtest: every reachable result object is frozen and mutation attempts fail
2026-10-08T21:16:50.1910316Z ok 62 - every reachable result object is frozen and mutation attempts fail
2026-10-08T21:16:50.1910696Z   ---
2026-10-08T21:16:50.1910956Z   duration_ms: 0.412509
2026-10-08T21:16:50.1911227Z   ...
2026-10-08T21:16:50.1911676Z # Subtest: retained prefixes agree with fresh empty-start runs at each selected capacity
2026-10-08T21:16:50.1912327Z ok 63 - retained prefixes agree with fresh empty-start runs at each selected capacity
2026-10-08T21:16:50.1912761Z   ---
2026-10-08T21:16:50.1913022Z   duration_ms: 13.710199
2026-10-08T21:16:50.1913296Z   ...
2026-10-08T21:16:50.1913752Z # Subtest: state transitions conserve requests, slots and resident page identity
2026-10-08T21:16:50.1914380Z ok 64 - state transitions conserve requests, slots and resident page identity
2026-10-08T21:16:50.1914762Z   ---
2026-10-08T21:16:50.1915016Z   duration_ms: 0.994609
2026-10-08T21:16:50.1915281Z   ...
2026-10-08T21:16:50.1915712Z # Subtest: course is admitted by the unchanged importer and exact authoring round trip
2026-10-08T21:16:50.1916677Z ok 65 - course is admitted by the unchanged importer and exact authoring round trip
2026-10-08T21:16:50.1917309Z   ---
2026-10-08T21:16:50.1917650Z   duration_ms: 1.623075
2026-10-08T21:16:50.1917999Z   ...
2026-10-08T21:16:50.1918439Z # Subtest: course keeps its independently solved answer map and unique concept coverage
2026-10-08T21:16:50.1919044Z ok 66 - course keeps its independently solved answer map and unique concept coverage
2026-10-08T21:16:50.1919469Z   ---
2026-10-08T21:16:50.1919720Z   duration_ms: 0.378336
2026-10-08T21:16:50.1919980Z   ...
2026-10-08T21:16:50.1920474Z # Subtest: the real learner selector exhausts this deck once and preserves first tries during practice
2026-10-08T21:16:50.1921163Z ok 67 - the real learner selector exhausts this deck once and preserves first tries during practice
2026-10-08T21:16:50.1921633Z   ---
2026-10-08T21:16:50.1921890Z   duration_ms: 11.824588
2026-10-08T21:16:50.1922170Z   ...
2026-10-08T21:16:50.1950521Z # Subtest: standalone generation is deterministic and the committed file is current
2026-10-08T21:16:50.1956558Z ok 68 - standalone generation is deterministic and the committed file is current
2026-10-08T21:16:50.1957330Z   ---
2026-10-08T21:16:50.1957728Z   duration_ms: 23.09342
2026-10-08T21:16:50.1958101Z   ...
2026-10-08T21:16:50.1958718Z # Subtest: standalone course embedding preserves exact UTF-8 bytes and HTML-like lesson text
2026-10-08T21:16:50.1959431Z ok 69 - standalone course embedding preserves exact UTF-8 bytes and HTML-like lesson text
2026-10-08T21:16:50.1959963Z   ---
2026-10-08T21:16:50.1960322Z   duration_ms: 5.682548
2026-10-08T21:16:50.1960672Z   ...
2026-10-08T21:16:50.1961170Z # Subtest: builder fails closed when template or source import boundaries change
2026-10-08T21:16:50.1961886Z ok 70 - builder fails closed when template or source import boundaries change
2026-10-08T21:16:50.1962451Z   ---
2026-10-08T21:16:50.1962841Z   duration_ms: 1.044555
2026-10-08T21:16:50.1963215Z   ...
2026-10-08T21:16:50.2289703Z # Subtest: the original twelve-question lesson passes the current unchanged importer contract
2026-10-08T21:16:50.2291057Z ok 71 - the original twelve-question lesson passes the current unchanged importer contract
2026-10-08T21:16:50.2291900Z   ---
2026-10-08T21:16:50.2292421Z   duration_ms: 7.286458
2026-10-08T21:16:50.2292872Z   ...
2026-10-08T21:16:50.2314656Z # Subtest: the actual standalone builder passes parity and embeds the exact downloadable lesson
2026-10-08T21:16:50.2406434Z ok 72 - the actual standalone builder passes parity and embeds the exact downloadable lesson
2026-10-08T21:16:50.2407335Z   ---
2026-10-08T21:16:50.2407704Z   duration_ms: 59.875255
2026-10-08T21:16:50.2408090Z   ...
2026-10-08T21:16:50.2408748Z # Subtest: successive integer products retain a distinct starting point and multiplier
2026-10-08T21:16:50.2409986Z ok 73 - successive integer products retain a distinct starting point and multiplier
2026-10-08T21:16:50.2410824Z   ---
2026-10-08T21:16:50.2411275Z   duration_ms: 2.257684
2026-10-08T21:16:50.2412071Z   ...
2026-10-08T21:16:50.2412842Z # Subtest: zero steps mean one explicitly assigned initial row, including zero multiplier
2026-10-08T21:16:50.2413926Z ok 74 - zero steps mean one explicitly assigned initial row, including zero multiplier
2026-10-08T21:16:50.2414718Z   ---
2026-10-08T21:16:50.2415190Z   duration_ms: 0.330521
2026-10-08T21:16:50.2415671Z   ...
2026-10-08T21:16:50.2416622Z # Subtest: a returning quarter-turn sequence retains repeated indexed positions
2026-10-08T21:16:50.2417613Z ok 75 - a returning quarter-turn sequence retains repeated indexed positions
2026-10-08T21:16:50.2418350Z   ---
2026-10-08T21:16:50.2418802Z   duration_ms: 1.48782
2026-10-08T21:16:50.2419292Z   ...
2026-10-08T21:16:50.2420108Z # Subtest: zero starting points and zero multipliers keep their different defined quantities
2026-10-08T21:16:50.2421259Z ok 76 - zero starting points and zero multipliers keep their different defined quantities
2026-10-08T21:16:50.2422084Z   ---
2026-10-08T21:16:50.2422559Z   duration_ms: 0.414991
2026-10-08T21:16:50.2423100Z   ...
2026-10-08T21:16:50.2424085Z # Subtest: bounded fractional coordinates keep full numeric output and remain finite at both limits
2026-10-08T21:16:50.2425391Z ok 77 - bounded fractional coordinates keep full numeric output and remain finite at both limits
2026-10-08T21:16:50.2426445Z   ---
2026-10-08T21:16:50.2426974Z   duration_ms: 0.640332
2026-10-08T21:16:50.2427552Z   ...
2026-10-08T21:16:50.2428544Z # Subtest: invalid and partial coordinate text and unsupported counts refuse the whole experiment
2026-10-08T21:16:50.2429797Z ok 78 - invalid and partial coordinate text and unsupported counts refuse the whole experiment
2026-10-08T21:16:50.2430663Z   ---
2026-10-08T21:16:50.2431054Z   duration_ms: 0.787848
2026-10-08T21:16:50.2431497Z   ...
2026-10-08T21:16:50.2432097Z # Subtest: plot units are equal, imaginary-positive is upward, and every indexed point fits
2026-10-08T21:16:50.2432898Z ok 79 - plot units are equal, imaginary-positive is upward, and every indexed point fits
2026-10-08T21:16:50.2433511Z   ---
2026-10-08T21:16:50.2433844Z   duration_ms: 0.588407
2026-10-08T21:16:50.2434417Z   ...
2026-10-08T21:16:50.2434997Z # Subtest: principal angles, signed zero and approximate formatting have declared behavior
2026-10-08T21:16:50.2435692Z ok 80 - principal angles, signed zero and approximate formatting have declared behavior
2026-10-08T21:16:50.2436916Z   ---
2026-10-08T21:16:50.2437288Z   duration_ms: 0.328522
2026-10-08T21:16:50.2437618Z   ...
2026-10-08T21:16:50.2438067Z # Subtest: accepted snapshots are immutable and JSON retains all unrounded computed values
2026-10-08T21:16:50.2438694Z ok 81 - accepted snapshots are immutable and JSON retains all unrounded computed values
2026-10-08T21:16:50.2439126Z   ---
2026-10-08T21:16:50.2439454Z   duration_ms: 0.726584
2026-10-08T21:16:50.2439769Z   ...
2026-10-08T21:16:50.2674890Z # Subtest: the committed standalone lab includes exactly its current source and unchanged course
2026-10-08T21:16:50.2678674Z ok 82 - the committed standalone lab includes exactly its current source and unchanged course
2026-10-08T21:16:50.2679598Z   ---
2026-10-08T21:16:50.2680097Z   duration_ms: 4.945805
2026-10-08T21:16:50.2680632Z   ...
2026-10-08T21:16:50.2833306Z # Subtest: the course table retains all original counts and sixteen exact reduced ratios
2026-10-08T21:16:50.2857485Z ok 83 - the course table retains all original counts and sixteen exact reduced ratios
2026-10-08T21:16:50.2862764Z   ---
2026-10-08T21:16:50.2863294Z   duration_ms: 3.615147
2026-10-08T21:16:50.2863941Z   ...
2026-10-08T21:16:50.2864849Z # Subtest: both conditional directions identify their different conditioning cells
2026-10-08T21:16:50.2866087Z ok 84 - both conditional directions identify their different conditioning cells
2026-10-08T21:16:50.2916607Z   ---
2026-10-08T21:16:50.2926790Z   duration_ms: 0.492787
2026-10-08T21:16:50.2927608Z   ...
2026-10-08T21:16:50.2928590Z # Subtest: empty total has explicit undefined ratios, never zero probabilities or an independence verdict
2026-10-08T21:16:50.2930383Z ok 85 - empty total has explicit undefined ratios, never zero probabilities or an independence verdict
2026-10-08T21:16:50.2931252Z   ---
2026-10-08T21:16:50.2931726Z   duration_ms: 0.276155
2026-10-08T21:16:50.2932327Z   ...
2026-10-08T21:16:50.2933220Z # Subtest: a zero event is independent in a positive table while conditioning on it is undefined
2026-10-08T21:16:50.2934600Z ok 86 - a zero event is independent in a positive table while conditioning on it is undefined
2026-10-08T21:16:50.2935461Z   ---
2026-10-08T21:16:50.2936179Z   duration_ms: 0.224964
2026-10-08T21:16:50.2936722Z   ...
2026-10-08T21:16:50.2968414Z # Subtest: positive independent events and mutually exclusive positive events are distinguished
2026-10-08T21:16:50.2969845Z ok 87 - positive independent events and mutually exclusive positive events are distinguished
2026-10-08T21:16:50.2986495Z   ---
2026-10-08T21:16:50.2987284Z   duration_ms: 0.220291
2026-10-08T21:16:50.2987840Z   ...
2026-10-08T21:16:50.2988595Z # Subtest: integer products differing by one remain distinct beyond floating point precision
2026-10-08T21:16:50.2989371Z ok 88 - integer products differing by one remain distinct beyond floating point precision
2026-10-08T21:16:50.2989937Z   ---
2026-10-08T21:16:50.2990278Z   duration_ms: 0.150765
2026-10-08T21:16:50.2990634Z   ...
2026-10-08T21:16:50.2991154Z # Subtest: maximum admitted counts sum exactly and reduce before JSON serialization
2026-10-08T21:16:50.2991828Z ok 89 - maximum admitted counts sum exactly and reduce before JSON serialization
2026-10-08T21:16:50.2992355Z   ---
2026-10-08T21:16:50.2992695Z   duration_ms: 0.472379
2026-10-08T21:16:50.2993037Z   ...
2026-10-08T21:16:50.2993516Z # Subtest: scaling every cell changes counts but not probabilities or independence
2026-10-08T21:16:50.2994230Z ok 90 - scaling every cell changes counts but not probabilities or independence
2026-10-08T21:16:50.2994715Z   ---
2026-10-08T21:16:50.2995051Z   duration_ms: 1.037803
2026-10-08T21:16:50.2995396Z   ...
2026-10-08T21:16:50.2996400Z # Subtest: count admission is string-only, ASCII-only and bounded before BigInt conversion
2026-10-08T21:16:50.2997650Z ok 91 - count admission is string-only, ASCII-only and bounded before BigInt conversion
2026-10-08T21:16:50.2998298Z   ---
2026-10-08T21:16:50.2998840Z   duration_ms: 0.617452
2026-10-08T21:16:50.2999244Z   ...
2026-10-08T21:16:50.2999695Z # Subtest: label admission counts code points and preserves literal Unicode without normalizing it
2026-10-08T21:16:50.3000552Z ok 92 - label admission counts code points and preserves literal Unicode without normalizing it
2026-10-08T21:16:50.3000987Z   ---
2026-10-08T21:16:50.3001238Z   duration_ms: 0.348653
2026-10-08T21:16:50.3001540Z   ...
2026-10-08T21:16:50.3001912Z # Subtest: every C0/C1 control is refused even when trimming would remove it
2026-10-08T21:16:50.3002464Z ok 93 - every C0/C1 control is refused even when trimming would remove it
2026-10-08T21:16:50.3002825Z   ---
2026-10-08T21:16:50.3003090Z   duration_ms: 0.973444
2026-10-08T21:16:50.3003357Z   ...
2026-10-08T21:16:50.3003836Z # Subtest: analyzeTable enforces admission for each field and rejects incomplete record shapes
2026-10-08T21:16:50.3004519Z ok 94 - analyzeTable enforces admission for each field and rejects incomplete record shapes
2026-10-08T21:16:50.3004939Z   ---
2026-10-08T21:16:50.3005184Z   duration_ms: 0.354069
2026-10-08T21:16:50.3005448Z   ...
2026-10-08T21:16:50.3005833Z # Subtest: canonical result is immutable and detached from later input edits
2026-10-08T21:16:50.3006729Z ok 95 - canonical result is immutable and detached from later input edits
2026-10-08T21:16:50.3007095Z   ---
2026-10-08T21:16:50.3007345Z   duration_ms: 0.275502
2026-10-08T21:16:50.3007599Z   ...
2026-10-08T21:16:50.7817711Z # Subtest: every small-set outcome and count agrees with filtered position assignments
2026-10-08T21:16:50.7847557Z ok 96 - every small-set outcome and count agrees with filtered position assignments
2026-10-08T21:16:50.7848803Z   ---
2026-10-08T21:16:50.7907036Z   duration_ms: 54.295074
2026-10-08T21:16:50.7946784Z   ...
2026-10-08T21:16:50.7977088Z # Subtest: largest allowed inputs preserve complete counts and distant outcome addresses
2026-10-08T21:16:50.8006971Z ok 97 - largest allowed inputs preserve complete counts and distant outcome addresses
2026-10-08T21:16:50.8007678Z   ---
2026-10-08T21:16:50.8008256Z   duration_ms: 385.771494
2026-10-08T21:16:50.8008726Z   ...
2026-10-08T21:16:50.8037054Z # Subtest: empty and impossible selections are different, with explicit zero boundaries
2026-10-08T21:16:50.8070883Z ok 98 - empty and impossible selections are different, with explicit zero boundaries
2026-10-08T21:16:50.8120935Z   ---
2026-10-08T21:16:50.8146637Z   duration_ms: 0.956224
2026-10-08T21:16:50.8169803Z   ...
2026-10-08T21:16:50.8197140Z # Subtest: multiset representations retain repeated labels and explain unequal group sizes
2026-10-08T21:16:50.8256992Z ok 99 - multiset representations retain repeated labels and explain unequal group sizes
2026-10-08T21:16:50.8276996Z   ---
2026-10-08T21:16:50.8356844Z   duration_ms: 0.631162
2026-10-08T21:16:50.8386696Z   ...
2026-10-08T21:16:50.8417590Z # Subtest: decimal drafts and programmatic inputs reject unsupported numeric forms and models
2026-10-08T21:16:50.8447292Z ok 100 - decimal drafts and programmatic inputs reject unsupported numeric forms and models
2026-10-08T21:16:50.8457504Z   ---
2026-10-08T21:16:50.8486752Z   duration_ms: 0.917673
2026-10-08T21:16:50.8509177Z   ...
2026-10-08T21:16:50.8537078Z # Subtest: page and outcome addresses are bounded and wrong types cannot silently round
2026-10-08T21:16:50.8551132Z ok 101 - page and outcome addresses are bounded and wrong types cannot silently round
2026-10-08T21:16:50.8566752Z   ---
2026-10-08T21:16:50.8596726Z   duration_ms: 0.541101
2026-10-08T21:16:50.8626723Z   ...
2026-10-08T21:16:50.8652122Z # Subtest: result copies stay stable and fully JSON serializable
2026-10-08T21:16:50.8653200Z ok 102 - result copies stay stable and fully JSON serializable
2026-10-08T21:16:50.8676671Z   ---
2026-10-08T21:16:50.8706705Z   duration_ms: 0.886166
2026-10-08T21:16:50.8712981Z   ...
2026-10-08T21:16:50.8737033Z # Subtest: the twelve original questions validate through the published deck contract
2026-10-08T21:16:50.8755071Z ok 103 - the twelve original questions validate through the published deck contract
2026-10-08T21:16:50.8776761Z   ---
2026-10-08T21:16:50.8804332Z   duration_ms: 1.441769
2026-10-08T21:16:50.8812213Z   ...
2026-10-08T21:16:50.8847755Z # Subtest: the generated offline page is current, contains the exact course, and has a parseable script
2026-10-08T21:16:50.8861746Z ok 104 - the generated offline page is current, contains the exact course, and has a parseable script
2026-10-08T21:16:50.8866749Z   ---
2026-10-08T21:16:50.8873696Z   duration_ms: 50.924644
2026-10-08T21:16:50.8874539Z   ...
2026-10-08T21:16:50.8875414Z # Subtest: catalog keeps exact raw text and an immutable copy of checked metadata
2026-10-08T21:16:50.8876839Z ok 105 - catalog keeps exact raw text and an immutable copy of checked metadata
2026-10-08T21:16:50.8877877Z   ---
2026-10-08T21:16:50.8878471Z   duration_ms: 2.853299
2026-10-08T21:16:50.8879168Z   ...
2026-10-08T21:16:50.8880039Z # Subtest: curated paths reject traversal, external URLs, authoring sources and duplicates
2026-10-08T21:16:50.8881107Z ok 106 - curated paths reject traversal, external URLs, authoring sources and duplicates
2026-10-08T21:16:50.8881937Z   ---
2026-10-08T21:16:50.8882447Z   duration_ms: 1.308432
2026-10-08T21:16:50.8882976Z   ...
2026-10-08T21:16:50.8883786Z # Subtest: search uses title and concept substrings with stable order and trimmed case
2026-10-08T21:16:50.8884901Z ok 107 - search uses title and concept substrings with stable order and trimmed case
2026-10-08T21:16:50.8885669Z   ---
2026-10-08T21:16:50.8886361Z   duration_ms: 0.580208
2026-10-08T21:16:50.8886936Z   ...
2026-10-08T21:16:50.8887820Z # Subtest: standalone build matches checked-in HTML and embeds every original file unchanged
2026-10-08T21:16:50.8889263Z ok 108 - standalone build matches checked-in HTML and embeds every original file unchanged
2026-10-08T21:16:50.8891584Z   ---
2026-10-08T21:16:50.8892258Z   duration_ms: 26.299183
2026-10-08T21:16:50.8892858Z   ...
2026-10-08T21:16:50.8893630Z # Subtest: embedded course text cannot terminate the data script or become executable markup
2026-10-08T21:16:50.8894708Z ok 109 - embedded course text cannot terminate the data script or become executable markup
2026-10-08T21:16:50.8895520Z   ---
2026-10-08T21:16:50.8896110Z   duration_ms: 2.391132
2026-10-08T21:16:50.8896716Z   ...
2026-10-08T21:16:50.8897417Z # Subtest: builder refuses extra arguments before writing the generated page
2026-10-08T21:16:50.8898451Z ok 110 - builder refuses extra arguments before writing the generated page
2026-10-08T21:16:50.8899204Z   ---
2026-10-08T21:16:50.8899727Z   duration_ms: 39.287447
2026-10-08T21:16:50.8900319Z   ...
2026-10-08T21:16:50.8901072Z # Subtest: the standalone Lesson focus file matches its actual modular sources
2026-10-08T21:16:50.8902153Z ok 111 - the standalone Lesson focus file matches its actual modular sources
2026-10-08T21:16:50.8902865Z   ---
2026-10-08T21:16:50.8903311Z   duration_ms: 41.683056
2026-10-08T21:16:50.8903908Z   ...
2026-10-08T21:16:50.8904634Z # Subtest: all questions and both prerequisite branches survive a focused lesson
2026-10-08T21:16:50.8905686Z ok 112 - all questions and both prerequisite branches survive a focused lesson
2026-10-08T21:16:50.8906859Z   ---
2026-10-08T21:16:50.8907298Z   duration_ms: 5.520483
2026-10-08T21:16:50.8907864Z   ...
2026-10-08T21:16:50.8908644Z # Subtest: requested concepts remain explicit when they are also a prerequisite
2026-10-08T21:16:50.8909662Z ok 113 - requested concepts remain explicit when they are also a prerequisite
2026-10-08T21:16:50.8910378Z   ---
2026-10-08T21:16:50.8910828Z   duration_ms: 0.599863
2026-10-08T21:16:50.8911402Z   ...
2026-10-08T21:16:50.8912157Z # Subtest: clearing or changing targets never retains an earlier closure
2026-10-08T21:16:50.8913308Z ok 114 - clearing or changing targets never retains an earlier closure
2026-10-08T21:16:50.8913990Z   ---
2026-10-08T21:16:50.8914469Z   duration_ms: 1.183984
2026-10-08T21:16:50.8915006Z   ...
2026-10-08T21:16:50.8915744Z # Subtest: literal names, answer identities and immutable copied results
2026-10-08T21:16:50.8916946Z ok 115 - literal names, answer identities and immutable copied results
2026-10-08T21:16:50.8917610Z   ---
2026-10-08T21:16:50.8918095Z   duration_ms: 0.652438
2026-10-08T21:16:50.8918681Z   ...
2026-10-08T21:16:50.8919432Z # Subtest: invalid source, selection and title are refused before producing a lesson
2026-10-08T21:16:50.8920478Z ok 116 - invalid source, selection and title are refused before producing a lesson
2026-10-08T21:16:50.8921258Z   ---
2026-10-08T21:16:50.8921752Z   duration_ms: 1.795105
2026-10-08T21:16:50.8922287Z   ...
2026-10-08T21:16:50.8923013Z # Subtest: real supplied courses retain all content when all concepts are chosen
2026-10-08T21:16:50.8924203Z ok 117 - real supplied courses retain all content when all concepts are chosen
2026-10-08T21:16:50.8924997Z   ---
2026-10-08T21:16:50.8925580Z   duration_ms: 4.546484
2026-10-08T21:16:50.8926496Z   ...
2026-10-08T21:16:50.8927349Z # Subtest: compact output fits the real file limit and an oversized result is refused
2026-10-08T21:16:50.8928520Z ok 118 - compact output fits the real file limit and an oversized result is refused
2026-10-08T21:16:50.8929368Z   ---
2026-10-08T21:16:50.8929869Z   duration_ms: 10.692382
2026-10-08T21:16:50.8930376Z   ...
2026-10-08T21:16:50.8931299Z # Subtest: the direct-file handout page is generated from the current validator, document and UI sources
2026-10-08T21:16:50.8932651Z ok 119 - the direct-file handout page is generated from the current validator, document and UI sources
2026-10-08T21:16:50.8933572Z   ---
2026-10-08T21:16:50.8934101Z   duration_ms: 37.153545
2026-10-08T21:16:50.8934640Z   ...
2026-10-08T21:16:50.8935744Z # Subtest: worksheet projection contains only original public question fields in canonical order
2026-10-08T21:16:50.8937403Z ok 120 - worksheet projection contains only original public question fields in canonical order
2026-10-08T21:16:50.8938282Z   ---
2026-10-08T21:16:50.8939280Z   duration_ms: 2.966479
2026-10-08T21:16:50.8939798Z   ...
2026-10-08T21:16:50.8940618Z # Subtest: separate answer key maps B, A and F to the original two, four and six option arrays
2026-10-08T21:16:50.8941868Z ok 121 - separate answer key maps B, A and F to the original two, four and six option arrays
2026-10-08T21:16:50.8942620Z   ---
2026-10-08T21:16:50.8943102Z   duration_ms: 0.420973
2026-10-08T21:16:50.8943608Z   ...
2026-10-08T21:16:50.8944540Z # Subtest: projection is a frozen snapshot and cannot mutate or alias the selected deck
2026-10-08T21:16:50.8945693Z ok 122 - projection is a frozen snapshot and cannot mutate or alias the selected deck
2026-10-08T21:16:50.8946671Z   ---
2026-10-08T21:16:50.8947223Z   duration_ms: 0.963656
2026-10-08T21:16:50.8947736Z   ...
2026-10-08T21:16:50.8948590Z # Subtest: downloaded worksheet JSON and HTML omit authored answers and explanations
2026-10-08T21:16:50.8949684Z ok 123 - downloaded worksheet JSON and HTML omit authored answers and explanations
2026-10-08T21:16:50.8950449Z   ---
2026-10-08T21:16:50.8950982Z   duration_ms: 0.974823
2026-10-08T21:16:50.8951496Z   ...
2026-10-08T21:16:50.8952381Z # Subtest: downloaded answer key carries exact authored answers, explanations and credit
2026-10-08T21:16:50.8953568Z ok 124 - downloaded answer key carries exact authored answers, explanations and credit
2026-10-08T21:16:50.8954299Z   ---
2026-10-08T21:16:50.8954795Z   duration_ms: 0.635232
2026-10-08T21:16:50.8955319Z   ...
2026-10-08T21:16:50.8956457Z # Subtest: literal Unicode, markup, line endings and script delimiters survive JSON without becoming executable markup
2026-10-08T21:16:50.8957858Z ok 125 - literal Unicode, markup, line endings and script delimiters survive JSON without becoming executable markup
2026-10-08T21:16:50.8958773Z   ---
2026-10-08T21:16:50.8959345Z   duration_ms: 2.130964
2026-10-08T21:16:50.8960082Z   ...
2026-10-08T21:16:50.8961086Z # Subtest: real Deck studio checked downloads retain reordered questions and answer identity
2026-10-08T21:16:50.8962224Z ok 126 - real Deck studio checked downloads retain reordered questions and answer identity
2026-10-08T21:16:50.8962969Z   ---
2026-10-08T21:16:50.8963526Z   duration_ms: 1.212395
2026-10-08T21:16:50.8964047Z   ...
2026-10-08T21:16:50.8964825Z # Subtest: real parser rejects malformed, unsupported and oversized local deck input
2026-10-08T21:16:50.8966112Z ok 127 - real parser rejects malformed, unsupported and oversized local deck input
2026-10-08T21:16:50.8966960Z   ---
2026-10-08T21:16:50.8967459Z   duration_ms: 1.490727
2026-10-08T21:16:50.8967996Z   ...
2026-10-08T21:16:50.8968854Z # Subtest: handout creation refuses invalid deck answers instead of producing an untrustworthy key
2026-10-08T21:16:50.8969903Z ok 128 - handout creation refuses invalid deck answers instead of producing an untrustworthy key
2026-10-08T21:16:50.8970720Z   ---
2026-10-08T21:16:50.8971206Z   duration_ms: 0.509034
2026-10-08T21:16:50.8971718Z   ...
2026-10-08T21:16:50.8972549Z # Subtest: document modes are explicit and invalid choices never silently produce an answer key
2026-10-08T21:16:50.8973729Z ok 129 - document modes are explicit and invalid choices never silently produce an answer key
2026-10-08T21:16:50.8974506Z   ---
2026-10-08T21:16:50.8974987Z   duration_ms: 0.635945
2026-10-08T21:16:50.8975497Z   ...
2026-10-08T21:16:50.8976416Z # Subtest: worksheet and key filenames are distinct bounded local names
2026-10-08T21:16:50.8977416Z ok 130 - worksheet and key filenames are distinct bounded local names
2026-10-08T21:16:50.8978097Z   ---
2026-10-08T21:16:50.8978605Z   duration_ms: 0.386462
2026-10-08T21:16:50.8979231Z   ...
2026-10-08T21:16:50.8980155Z # Subtest: repeat exports are deterministic and leave the original selected JSON unchanged
2026-10-08T21:16:50.8981421Z ok 131 - repeat exports are deterministic and leave the original selected JSON unchanged
2026-10-08T21:16:50.8982216Z   ---
2026-10-08T21:16:50.8982726Z   duration_ms: 0.490909
2026-10-08T21:16:50.8983236Z   ...
2026-10-08T21:16:50.8984049Z # Subtest: the existing contract admits twelve original items across four connected concepts
2026-10-08T21:16:50.8985151Z ok 132 - the existing contract admits twelve original items across four connected concepts
2026-10-08T21:16:50.8986121Z   ---
2026-10-08T21:16:50.8986683Z   duration_ms: 1.957253
2026-10-08T21:16:50.8987181Z   ...
2026-10-08T21:16:50.8988027Z # Subtest: canonical correct positions are balanced without a universal longest-answer cue
2026-10-08T21:16:50.8989164Z ok 133 - canonical correct positions are balanced without a universal longest-answer cue
2026-10-08T21:16:50.8989904Z   ---
2026-10-08T21:16:50.8990421Z   duration_ms: 0.226135
2026-10-08T21:16:50.8990899Z   ...
2026-10-08T21:16:50.8991649Z # Subtest: the answer key matches independently worked charge, connection and power values
2026-10-08T21:16:50.8992733Z ok 134 - the answer key matches independently worked charge, connection and power values
2026-10-08T21:16:50.8993460Z   ---
2026-10-08T21:16:50.8994005Z   duration_ms: 0.213645
2026-10-08T21:16:50.8994462Z   ...
2026-10-08T21:16:50.8995299Z # Subtest: existing selection, review, separate retries and study notes retain every course item
2026-10-08T21:16:50.8996570Z ok 135 - existing selection, review, separate retries and study notes retain every course item
2026-10-08T21:16:50.8997403Z   ---
2026-10-08T21:16:50.8997850Z   duration_ms: 10.320307
2026-10-08T21:16:50.8998334Z   ...
2026-10-08T21:16:50.8999290Z # Subtest: the direct-file artifact rebuilds exactly and embeds the original course bytes
2026-10-08T21:16:50.9000390Z ok 136 - the direct-file artifact rebuilds exactly and embeds the original course bytes
2026-10-08T21:16:50.9001208Z   ---
2026-10-08T21:16:50.9001683Z   duration_ms: 2.685067
2026-10-08T21:16:50.9002255Z   ...
2026-10-08T21:16:50.9003224Z # Subtest: 12 V across 100 and 200 ohms agrees with independently worked branch values
2026-10-08T21:16:50.9004271Z ok 137 - 12 V across 100 and 200 ohms agrees with independently worked branch values
2026-10-08T21:16:50.9005033Z   ---
2026-10-08T21:16:50.9005513Z   duration_ms: 1.54743
2026-10-08T21:16:50.9006364Z   ...
2026-10-08T21:16:50.9007167Z # Subtest: zero voltage has finite equivalent resistance and zero current and power
2026-10-08T21:16:50.9008238Z ok 138 - zero voltage has finite equivalent resistance and zero current and power
2026-10-08T21:16:50.9008994Z   ---
2026-10-08T21:16:50.9009505Z   duration_ms: 0.294079
2026-10-08T21:16:50.9010032Z   ...
2026-10-08T21:16:50.9010970Z # Subtest: charge, loop-voltage and power relationships hold throughout a deterministic input grid
2026-10-08T21:16:50.9012293Z ok 139 - charge, loop-voltage and power relationships hold throughout a deterministic input grid
2026-10-08T21:16:50.9013203Z   ---
2026-10-08T21:16:50.9013787Z   duration_ms: 4.760702
2026-10-08T21:16:50.9014359Z   ...
2026-10-08T21:16:50.9015192Z # Subtest: permuting resistors swaps their values without changing source behavior
2026-10-08T21:16:50.9016674Z ok 140 - permuting resistors swaps their values without changing source behavior
2026-10-08T21:16:50.9017618Z   ---
2026-10-08T21:16:50.9018151Z   duration_ms: 0.276036
2026-10-08T21:16:50.9018721Z   ...
2026-10-08T21:16:50.9019598Z # Subtest: a branch change and a voltage change preserve the stated ideal-source assumptions
2026-10-08T21:16:50.9020882Z ok 141 - a branch change and a voltage change preserve the stated ideal-source assumptions
2026-10-08T21:16:50.9021824Z   ---
2026-10-08T21:16:50.9022382Z   duration_ms: 0.222542
2026-10-08T21:16:50.9022993Z   ...
2026-10-08T21:16:50.9023923Z # Subtest: equal resistors use four times as much total power in parallel at fixed nonzero voltage
2026-10-08T21:16:50.9025147Z ok 142 - equal resistors use four times as much total power in parallel at fixed nonzero voltage
2026-10-08T21:16:50.9026482Z   ---
2026-10-08T21:16:50.9026971Z   duration_ms: 0.248834
2026-10-08T21:16:50.9027510Z   ...
2026-10-08T21:16:50.9028313Z # Subtest: model refuses missing, coerced, nonfinite and out-of-domain parameters
2026-10-08T21:16:50.9029311Z ok 143 - model refuses missing, coerced, nonfinite and out-of-domain parameters
2026-10-08T21:16:50.9030081Z   ---
2026-10-08T21:16:50.9030599Z   duration_ms: 1.090888
2026-10-08T21:16:50.9031314Z   ...
2026-10-08T21:16:50.9032132Z # Subtest: text edits require explicit decimal values and never turn a blank into zero
2026-10-08T21:16:50.9033254Z ok 144 - text edits require explicit decimal values and never turn a blank into zero
2026-10-08T21:16:50.9034040Z   ---
2026-10-08T21:16:50.9034536Z   duration_ms: 0.679449
2026-10-08T21:16:50.9035104Z   ...
2026-10-08T21:16:50.9036075Z # Subtest: results are independent immutable snapshots of their input parameters
2026-10-08T21:16:50.9037207Z ok 145 - results are independent immutable snapshots of their input parameters
2026-10-08T21:16:50.9037993Z   ---
2026-10-08T21:16:50.9038469Z   duration_ms: 0.38458
2026-10-08T21:16:50.9039022Z   ...
2026-10-08T21:16:50.9039779Z # Subtest: CSV keeps both modes, physical units and full numeric precision
2026-10-08T21:16:50.9040865Z ok 146 - CSV keeps both modes, physical units and full numeric precision
2026-10-08T21:16:50.9041651Z   ---
2026-10-08T21:16:50.9042151Z   duration_ms: 1.53558
2026-10-08T21:16:50.9042746Z   ...
2026-10-08T21:16:50.9317234Z # Subtest: unfinished and completely empty drafts save without claiming lesson validity
2026-10-08T21:16:50.9328662Z ok 147 - unfinished and completely empty drafts save without claiming lesson validity
2026-10-08T21:16:50.9376545Z   ---
2026-10-08T21:16:50.9378542Z   duration_ms: 5.819578
2026-10-08T21:16:50.9407656Z   ...
2026-10-08T21:16:50.9437140Z # Subtest: duplicate text, cyclic and self prerequisites, and unfinished selections survive for repair
2026-10-08T21:16:50.9459932Z ok 148 - duplicate text, cyclic and self prerequisites, and unfinished selections survive for repair
2026-10-08T21:16:50.9461276Z   ---
2026-10-08T21:16:50.9462058Z   duration_ms: 1.539122
2026-10-08T21:16:50.9462685Z   ...
2026-10-08T21:16:50.9463621Z # Subtest: ready imported lessons retain public IDs, ordered content, answer identity and checked bytes
2026-10-08T21:16:50.9464961Z ok 149 - ready imported lessons retain public IDs, ordered content, answer identity and checked bytes
2026-10-08T21:16:50.9465808Z   ---
2026-10-08T21:16:50.9467569Z   duration_ms: 1.710828
2026-10-08T21:16:50.9468265Z   ...
2026-10-08T21:16:50.9469197Z # Subtest: canonical private keys recover near-limit counters without changing public IDs or live state
2026-10-08T21:16:50.9470543Z ok 150 - canonical private keys recover near-limit counters without changing public IDs or live state
2026-10-08T21:16:50.9471452Z   ---
2026-10-08T21:16:50.9471927Z   duration_ms: 0.96978
2026-10-08T21:16:50.9472484Z   ...
2026-10-08T21:16:50.9473308Z # Subtest: staged drafts are deeply frozen and replacement copies remain editable
2026-10-08T21:16:50.9474421Z ok 151 - staged drafts are deeply frozen and replacement copies remain editable
2026-10-08T21:16:50.9475512Z   ---
2026-10-08T21:16:50.9476178Z   duration_ms: 1.691797
2026-10-08T21:16:50.9476742Z   ...
2026-10-08T21:16:50.9483994Z # Subtest: missing or ambiguous internal references, malformed shape and unsafe counters refuse before admission
2026-10-08T21:16:50.9487109Z ok 152 - missing or ambiguous internal references, malformed shape and unsafe counters refuse before admission
2026-10-08T21:16:50.9488032Z   ---
2026-10-08T21:16:50.9488646Z   duration_ms: 2.31823
2026-10-08T21:16:50.9489248Z   ...
2026-10-08T21:16:50.9489930Z # Subtest: only recognized editor fields cross the draft boundary
2026-10-08T21:16:50.9490894Z ok 153 - only recognized editor fields cross the draft boundary
2026-10-08T21:16:50.9491568Z   ---
2026-10-08T21:16:50.9492087Z   duration_ms: 0.469959
2026-10-08T21:16:50.9492734Z   ...
2026-10-08T21:16:50.9493900Z # Subtest: a lesson larger than its admission limit can be saved as a draft and repaired later
2026-10-08T21:16:50.9495141Z ok 154 - a lesson larger than its admission limit can be saved as a draft and repaired later
2026-10-08T21:16:50.9496107Z   ---
2026-10-08T21:16:50.9496737Z   duration_ms: 9.828393
2026-10-08T21:16:50.9499955Z   ...
2026-10-08T21:16:50.9501065Z # Subtest: draft size limits count actual UTF-8 bytes and failed saving leaves writing intact
2026-10-08T21:16:50.9502286Z ok 155 - draft size limits count actual UTF-8 bytes and failed saving leaves writing intact
2026-10-08T21:16:50.9503062Z   ---
2026-10-08T21:16:50.9503651Z   duration_ms: 37.831681
2026-10-08T21:16:50.9504215Z   ...
2026-10-08T21:16:50.9505171Z # Subtest: compact drafts remain saveable near and exactly at the byte limit without added whitespace
2026-10-08T21:16:50.9506673Z ok 156 - compact drafts remain saveable near and exactly at the byte limit without added whitespace
2026-10-08T21:16:50.9507513Z   ---
2026-10-08T21:16:50.9508078Z   duration_ms: 201.321711
2026-10-08T21:16:50.9508608Z   ...
2026-10-08T21:16:50.9509490Z # Subtest: a file whose canonical private keys exceed the saved limit is refused before admission
2026-10-08T21:16:50.9524697Z ok 157 - a file whose canonical private keys exceed the saved limit is refused before admission
2026-10-08T21:16:50.9525568Z   ---
2026-10-08T21:16:50.9527666Z   duration_ms: 41.077908
2026-10-08T21:16:50.9528110Z   ...
2026-10-08T21:16:50.9538246Z # Subtest: a valid deck stages without touching authored text and commits once with full immutable content
2026-10-08T21:16:50.9557647Z ok 158 - a valid deck stages without touching authored text and commits once with full immutable content
2026-10-08T21:16:50.9564868Z   ---
2026-10-08T21:16:50.9585116Z   duration_ms: 11.885111
2026-10-08T21:16:50.9585747Z   ...
2026-10-08T21:16:50.9587092Z # Subtest: invalid JSON, invalid answer, oversized file and unreadable file preserve the draft and allow retry
2026-10-08T21:16:50.9588485Z ok 159 - invalid JSON, invalid answer, oversized file and unreadable file preserve the draft and allow retry
2026-10-08T21:16:50.9589639Z   ---
2026-10-08T21:16:50.9590148Z   duration_ms: 9.269804
2026-10-08T21:16:50.9590684Z   ...
2026-10-08T21:16:50.9591621Z # Subtest: unfinished and cyclic draft files stage visibly and replace once with an immutable editable state
2026-10-08T21:16:50.9592896Z ok 160 - unfinished and cyclic draft files stage visibly and replace once with an immutable editable state
2026-10-08T21:16:50.9593731Z   ---
2026-10-08T21:16:50.9594227Z   duration_ms: 3.641274
2026-10-08T21:16:50.9594719Z   ...
2026-10-08T21:16:50.9595606Z # Subtest: a draft suffix cannot admit an oversized lesson deck through the larger draft-file limit
2026-10-08T21:16:50.9597135Z ok 161 - a draft suffix cannot admit an oversized lesson deck through the larger draft-file limit
2026-10-08T21:16:50.9598020Z   ---
2026-10-08T21:16:50.9598499Z   duration_ms: 7.079047
2026-10-08T21:16:50.9598998Z   ...
2026-10-08T21:16:50.9600025Z # Subtest: malformed and unsupported editable drafts preserve the old draft and retire pending previews
2026-10-08T21:16:50.9601325Z ok 162 - malformed and unsupported editable drafts preserve the old draft and retire pending previews
2026-10-08T21:16:50.9602202Z   ---
2026-10-08T21:16:50.9602702Z   duration_ms: 4.499689
2026-10-08T21:16:50.9603219Z   ...
2026-10-08T21:16:50.9604179Z # Subtest: newest selected format wins across slow draft-to-deck and deck-to-draft reads
2026-10-08T21:16:50.9605330Z ok 163 - newest selected format wins across slow draft-to-deck and deck-to-draft reads
2026-10-08T21:16:50.9606243Z   ---
2026-10-08T21:16:50.9606714Z   duration_ms: 2.650824
2026-10-08T21:16:50.9607204Z   ...
2026-10-08T21:16:50.9608394Z # Subtest: explicit Keep current draft clears staged replacement and restores the open control focus
2026-10-08T21:16:50.9609637Z ok 164 - explicit Keep current draft clears staged replacement and restores the open control focus
2026-10-08T21:16:50.9610609Z   ---
2026-10-08T21:16:50.9611356Z   duration_ms: 1.297375
2026-10-08T21:16:50.9612007Z   ...
2026-10-08T21:16:50.9612909Z # Subtest: opening another chooser invalidates its old preview even when the chooser is cancelled
2026-10-08T21:16:50.9614183Z ok 165 - opening another chooser invalidates its old preview even when the chooser is cancelled
2026-10-08T21:16:50.9615219Z   ---
2026-10-08T21:16:50.9615834Z   duration_ms: 2.198382
2026-10-08T21:16:50.9616707Z   ...
2026-10-08T21:16:50.9617444Z # Subtest: a newer valid choice wins over an earlier slow success or failure
2026-10-08T21:16:50.9618344Z ok 166 - a newer valid choice wins over an earlier slow success or failure
2026-10-08T21:16:50.9619031Z   ---
2026-10-08T21:16:50.9619549Z   duration_ms: 4.890406
2026-10-08T21:16:50.9620148Z   ...
2026-10-08T21:16:50.9621029Z # Subtest: cancelled or empty file selection prevents a late read from reopening a preview
2026-10-08T21:16:50.9622203Z ok 167 - cancelled or empty file selection prevents a late read from reopening a preview
2026-10-08T21:16:50.9623096Z   ---
2026-10-08T21:16:50.9623669Z   duration_ms: 1.832172
2026-10-08T21:16:50.9624238Z   ...
2026-10-08T21:16:50.9625056Z # Subtest: invalid newer files invalidate an earlier pending or staged valid deck
2026-10-08T21:16:50.9626456Z ok 168 - invalid newer files invalidate an earlier pending or staged valid deck
2026-10-08T21:16:50.9627359Z   ---
2026-10-08T21:16:50.9627913Z   duration_ms: 1.733107
2026-10-08T21:16:50.9628469Z   ...
2026-10-08T21:16:50.9629419Z # Subtest: undo restores all writing while clearing only references to deliberately removed concepts
2026-10-08T21:16:50.9630707Z ok 169 - undo restores all writing while clearing only references to deliberately removed concepts
2026-10-08T21:16:50.9631653Z   ---
2026-10-08T21:16:50.9632170Z   duration_ms: 4.403247
2026-10-08T21:16:50.9632712Z   ...
2026-10-08T21:16:50.9633795Z # Subtest: undo retains known selections and even unfinished self links while removing a missing prerequisite
2026-10-08T21:16:50.9635289Z ok 170 - undo retains known selections and even unfinished self links while removing a missing prerequisite
2026-10-08T21:16:50.9636648Z   ---
2026-10-08T21:16:50.9637153Z   duration_ms: 0.405899
2026-10-08T21:16:50.9637732Z   ...
2026-10-08T21:16:50.9638497Z # Subtest: blank editor requires authored metadata and a deliberate answer
2026-10-08T21:16:50.9639549Z ok 171 - blank editor requires authored metadata and a deliberate answer
2026-10-08T21:16:50.9640486Z   ---
2026-10-08T21:16:50.9641037Z   duration_ms: 3.9118
2026-10-08T21:16:50.9641609Z   ...
2026-10-08T21:16:50.9642560Z # Subtest: opening a validated lesson makes an independent editable draft and preserves IDs and literals
2026-10-08T21:16:50.9643859Z ok 172 - opening a validated lesson makes an independent editable draft and preserves IDs and literals
2026-10-08T21:16:50.9645459Z   ---
2026-10-08T21:16:50.9646159Z   duration_ms: 1.099904
2026-10-08T21:16:50.9646883Z   ...
2026-10-08T21:16:50.9647772Z # Subtest: correctness follows an option when moved or when a preceding option is removed
2026-10-08T21:16:50.9648990Z ok 173 - correctness follows an option when moved or when a preceding option is removed
2026-10-08T21:16:50.9649808Z   ---
2026-10-08T21:16:50.9650306Z   duration_ms: 0.847015
2026-10-08T21:16:50.9650853Z   ...
2026-10-08T21:16:50.9651615Z # Subtest: option limits refuse without deleting text or changing the answer
2026-10-08T21:16:50.9652671Z ok 174 - option limits refuse without deleting text or changing the answer
2026-10-08T21:16:50.9653400Z   ---
2026-10-08T21:16:50.9653876Z   duration_ms: 0.807771
2026-10-08T21:16:50.9654443Z   ...
2026-10-08T21:16:50.9655384Z # Subtest: concept renaming updates question and prerequisite references while used deletion is refused
2026-10-08T21:16:50.9657011Z ok 175 - concept renaming updates question and prerequisite references while used deletion is refused
2026-10-08T21:16:50.9657861Z   ---
2026-10-08T21:16:50.9658366Z   duration_ms: 0.496682
2026-10-08T21:16:50.9658999Z   ...
2026-10-08T21:16:50.9660106Z # Subtest: cycles, uncovered concepts and duplicate answer text remain repairable drafts
2026-10-08T21:16:50.9661312Z ok 176 - cycles, uncovered concepts and duplicate answer text remain repairable drafts
2026-10-08T21:16:50.9662193Z   ---
2026-10-08T21:16:50.9662705Z   duration_ms: 0.71584
2026-10-08T21:16:50.9663208Z   ...
2026-10-08T21:16:50.9664105Z # Subtest: question reordering and undo restore the removed question without rolling back later edits
2026-10-08T21:16:50.9665254Z ok 177 - question reordering and undo restore the removed question without rolling back later edits
2026-10-08T21:16:50.9666356Z   ---
2026-10-08T21:16:50.9666917Z   duration_ms: 1.592031
2026-10-08T21:16:50.9667434Z   ...
2026-10-08T21:16:50.9668227Z # Subtest: new question IDs do not overwrite IDs from an opened deck
2026-10-08T21:16:50.9669080Z ok 178 - new question IDs do not overwrite IDs from an opened deck
2026-10-08T21:16:50.9669715Z   ---
2026-10-08T21:16:50.9670100Z   duration_ms: 0.526424
2026-10-08T21:16:50.9670561Z   ...
2026-10-08T21:16:50.9671334Z # Subtest: checked snapshots are immutable, deterministic, and separate from later draft edits
2026-10-08T21:16:50.9672539Z ok 179 - checked snapshots are immutable, deterministic, and separate from later draft edits
2026-10-08T21:16:50.9673320Z   ---
2026-10-08T21:16:50.9673760Z   duration_ms: 0.555965
2026-10-08T21:16:50.9674266Z   ...
2026-10-08T21:16:50.9675088Z # Subtest: individually valid multibyte content cannot export a file larger than the importer admits
2026-10-08T21:16:50.9676560Z ok 180 - individually valid multibyte content cannot export a file larger than the importer admits
2026-10-08T21:16:50.9677369Z   ---
2026-10-08T21:16:50.9677813Z   duration_ms: 8.676575
2026-10-08T21:16:50.9678304Z   ...
2026-10-08T21:16:50.9678832Z # Subtest: download filenames are bounded local names
2026-10-08T21:16:50.9679533Z ok 181 - download filenames are bounded local names
2026-10-08T21:16:50.9680072Z   ---
2026-10-08T21:16:50.9680534Z   duration_ms: 0.420174
2026-10-08T21:16:50.9681064Z   ...
2026-10-08T21:16:51.0507738Z # Subtest: the existing bundled deck imports unchanged without a format field
2026-10-08T21:16:51.0537977Z ok 182 - the existing bundled deck imports unchanged without a format field
2026-10-08T21:16:51.0539130Z   ---
2026-10-08T21:16:51.0567041Z   duration_ms: 1.914192
2026-10-08T21:16:51.0587061Z   ...
2026-10-08T21:16:51.0594844Z # Subtest: a deck is an immutable copy, and unknown fields cannot configure the runtime
2026-10-08T21:16:51.0596284Z ok 183 - a deck is an immutable copy, and unknown fields cannot configure the runtime
2026-10-08T21:16:51.0597039Z   ---
2026-10-08T21:16:51.0598023Z   duration_ms: 0.492748
2026-10-08T21:16:51.0598622Z   ...
2026-10-08T21:16:51.0599506Z # Subtest: malformed JSON, unsupported versions and wrong top-level values give actionable errors
2026-10-08T21:16:51.0647302Z ok 184 - malformed JSON, unsupported versions and wrong top-level values give actionable errors
2026-10-08T21:16:51.0656815Z   ---
2026-10-08T21:16:51.0668256Z   duration_ms: 0.22077
2026-10-08T21:16:51.0696678Z   ...
2026-10-08T21:16:51.0726968Z # Subtest: JSON byte limit counts multibyte text and accepts the exact boundary
2026-10-08T21:16:51.0757000Z ok 185 - JSON byte limit counts multibyte text and accepts the exact boundary
2026-10-08T21:16:51.0757867Z   ---
2026-10-08T21:16:51.0766738Z   duration_ms: 1.579389
2026-10-08T21:16:51.0826811Z   ...
2026-10-08T21:16:51.0852968Z # Subtest: required readable metadata and bounded question fields are validated
2026-10-08T21:16:51.0857234Z ok 186 - required readable metadata and bounded question fields are validated
2026-10-08T21:16:51.0858070Z   ---
2026-10-08T21:16:51.0858647Z   duration_ms: 1.196922
2026-10-08T21:16:51.0859193Z   ...
2026-10-08T21:16:51.0859979Z # Subtest: empty and oversized collections and duplicate identities are refused
2026-10-08T21:16:51.0861178Z ok 187 - empty and oversized collections and duplicate identities are refused
2026-10-08T21:16:51.0861926Z   ---
2026-10-08T21:16:51.0862418Z   duration_ms: 0.43952
2026-10-08T21:16:51.0863251Z   ...
2026-10-08T21:16:51.0864048Z # Subtest: every question and prerequisite must name a known covered concept
2026-10-08T21:16:51.0865122Z ok 188 - every question and prerequisite must name a known covered concept
2026-10-08T21:16:51.0865810Z   ---
2026-10-08T21:16:51.0866848Z   duration_ms: 0.226055
2026-10-08T21:16:51.0867315Z   ...
2026-10-08T21:16:51.0868163Z # Subtest: self-requirements and concept cycles across different questions are refused
2026-10-08T21:16:51.0869247Z ok 189 - self-requirements and concept cycles across different questions are refused
2026-10-08T21:16:51.0871665Z   ---
2026-10-08T21:16:51.0872787Z   duration_ms: 0.20084
2026-10-08T21:16:51.0873923Z   ...
2026-10-08T21:16:51.0874832Z # Subtest: choices require distinct readable options and an actual integer answer index
2026-10-08T21:16:51.0878963Z ok 190 - choices require distinct readable options and an actual integer answer index
2026-10-08T21:16:51.0882193Z   ---
2026-10-08T21:16:51.0884366Z   duration_ms: 0.412427
2026-10-08T21:16:51.0887433Z   ...
2026-10-08T21:16:51.0888496Z # Subtest: 100 questions and 32 concepts work through the existing selector to exhaustion
2026-10-08T21:16:51.0892192Z ok 191 - 100 questions and 32 concepts work through the existing selector to exhaustion
2026-10-08T21:16:51.0896043Z   ---
2026-10-08T21:16:51.0896741Z   duration_ms: 128.140612
2026-10-08T21:16:51.0897325Z   ...
2026-10-08T21:16:51.0898262Z # Subtest: imported answer indices, literal text and object-key names survive learning and practice
2026-10-08T21:16:51.0899500Z ok 192 - imported answer indices, literal text and object-key names survive learning and practice
2026-10-08T21:16:51.0900266Z   ---
2026-10-08T21:16:51.0900903Z   duration_ms: 0.808868
2026-10-08T21:16:51.0901546Z   ...
2026-10-08T21:16:51.0902530Z # Subtest: downloadable example round-trips through the import contract with full attribution
2026-10-08T21:16:51.0903710Z ok 193 - downloadable example round-trips through the import contract with full attribution
2026-10-08T21:16:51.0904539Z   ---
2026-10-08T21:16:51.0917125Z   duration_ms: 0.627106
2026-10-08T21:16:51.0918505Z   ...
2026-10-08T21:16:51.0919608Z # Subtest: the exact original course is bounded, admitted, balanced and round-trippable
2026-10-08T21:16:51.0920922Z ok 194 - the exact original course is bounded, admitted, balanced and round-trippable
2026-10-08T21:16:51.0921666Z   ---
2026-10-08T21:16:51.0922198Z   duration_ms: 3.153378
2026-10-08T21:16:51.0922731Z   ...
2026-10-08T21:16:51.0923510Z # Subtest: every stated answer follows the literal graph, with one correct option
2026-10-08T21:16:51.0924301Z     # Subtest: dg-links-1
2026-10-08T21:16:51.0924860Z     ok 1 - dg-links-1
2026-10-08T21:16:51.0925373Z       ---
2026-10-08T21:16:51.0925999Z       duration_ms: 2.589343
2026-10-08T21:16:51.0926524Z       ...
2026-10-08T21:16:51.0927054Z     # Subtest: dg-links-2
2026-10-08T21:16:51.0927596Z     ok 2 - dg-links-2
2026-10-08T21:16:51.0928362Z       ---
2026-10-08T21:16:51.0928773Z       duration_ms: 0.556241
2026-10-08T21:16:51.0929357Z       ...
2026-10-08T21:16:51.0929724Z     # Subtest: dg-links-3
2026-10-08T21:16:51.0930206Z     ok 3 - dg-links-3
2026-10-08T21:16:51.0930641Z       ---
2026-10-08T21:16:51.0930973Z       duration_ms: 0.517254
2026-10-08T21:16:51.0931449Z       ...
2026-10-08T21:16:51.0931816Z     # Subtest: dg-reach-1
2026-10-08T21:16:51.0932244Z     ok 4 - dg-reach-1
2026-10-08T21:16:51.0932646Z       ---
2026-10-08T21:16:51.0933255Z       duration_ms: 0.541297
2026-10-08T21:16:51.0933754Z       ...
2026-10-08T21:16:51.0934132Z     # Subtest: dg-reach-2
2026-10-08T21:16:51.0934533Z     ok 5 - dg-reach-2
2026-10-08T21:16:51.0934962Z       ---
2026-10-08T21:16:51.0935334Z       duration_ms: 0.399193
2026-10-08T21:16:51.0935773Z       ...
2026-10-08T21:16:51.0936406Z     # Subtest: dg-reach-3
2026-10-08T21:16:51.0936817Z     ok 6 - dg-reach-3
2026-10-08T21:16:51.0937186Z       ---
2026-10-08T21:16:51.0937601Z       duration_ms: 2.354233
2026-10-08T21:16:51.0938264Z       ...
2026-10-08T21:16:51.0938629Z     # Subtest: dg-order-1
2026-10-08T21:16:51.0939037Z     ok 7 - dg-order-1
2026-10-08T21:16:51.0939431Z       ---
2026-10-08T21:16:51.0939828Z       duration_ms: 0.299915
2026-10-08T21:16:51.0940279Z       ...
2026-10-08T21:16:51.0940623Z     # Subtest: dg-order-2
2026-10-08T21:16:51.0940991Z     ok 8 - dg-order-2
2026-10-08T21:16:51.0941354Z       ---
2026-10-08T21:16:51.0941715Z       duration_ms: 0.395386
2026-10-08T21:16:51.0942112Z       ...
2026-10-08T21:16:51.0942492Z     # Subtest: dg-order-3
2026-10-08T21:16:51.0942884Z     ok 9 - dg-order-3
2026-10-08T21:16:51.0943264Z       ---
2026-10-08T21:16:51.0943635Z       duration_ms: 0.559769
2026-10-08T21:16:51.0944027Z       ...
2026-10-08T21:16:51.0944381Z     # Subtest: dg-update-1
2026-10-08T21:16:51.0944841Z     ok 10 - dg-update-1
2026-10-08T21:16:51.0945253Z       ---
2026-10-08T21:16:51.0945600Z       duration_ms: 1.758175
2026-10-08T21:16:51.0946134Z       ...
2026-10-08T21:16:51.0994163Z     # Subtest: dg-update-2
2026-10-08T21:16:51.0994726Z     ok 11 - dg-update-2
2026-10-08T21:16:51.0995247Z       ---
2026-10-08T21:16:51.0995652Z       duration_ms: 0.517775
2026-10-08T21:16:51.0996353Z       ...
2026-10-08T21:16:51.0996709Z     # Subtest: dg-update-3
2026-10-08T21:16:51.0997143Z     ok 12 - dg-update-3
2026-10-08T21:16:51.0997534Z       ---
2026-10-08T21:16:51.0997894Z       duration_ms: 2.597897
2026-10-08T21:16:51.0998351Z       ...
2026-10-08T21:16:51.0998693Z     1..12
2026-10-08T21:16:51.0999361Z ok 195 - every stated answer follows the literal graph, with one correct option
2026-10-08T21:16:51.0999993Z   ---
2026-10-08T21:16:51.1000391Z   duration_ms: 16.962043
2026-10-08T21:16:51.1000870Z   ...
2026-10-08T21:16:51.1001724Z # Subtest: structurally valid changed content exposes graph reversal and blocked-descendant mistakes
2026-10-08T21:16:51.1002939Z ok 196 - structurally valid changed content exposes graph reversal and blocked-descendant mistakes
2026-10-08T21:16:51.1003683Z   ---
2026-10-08T21:16:51.1004086Z   duration_ms: 2.322148
2026-10-08T21:16:51.1004582Z   ...
2026-10-08T21:16:51.1005505Z # Subtest: the real selector, review, practice, notes and trace consumer preserve this course
2026-10-08T21:16:51.1006809Z ok 197 - the real selector, review, practice, notes and trace consumer preserve this course
2026-10-08T21:16:51.1007520Z   ---
2026-10-08T21:16:51.1007916Z   duration_ms: 16.106754
2026-10-08T21:16:51.1008374Z   ...
2026-10-08T21:16:51.1008969Z # Subtest: literal input preserves case, Unicode and prototype-like names
2026-10-08T21:16:51.1009841Z ok 198 - literal input preserves case, Unicode and prototype-like names
2026-10-08T21:16:51.1010442Z   ---
2026-10-08T21:16:51.1010831Z   duration_ms: 2.55105
2026-10-08T21:16:51.1011241Z   ...
2026-10-08T21:16:51.1011870Z # Subtest: bounded input rejects ambiguity, duplicate arrows and unknown names
2026-10-08T21:16:51.1012752Z ok 199 - bounded input rejects ambiguity, duplicate arrows and unknown names
2026-10-08T21:16:51.1013378Z   ---
2026-10-08T21:16:51.1013767Z   duration_ms: 3.19789
2026-10-08T21:16:51.1014178Z   ...
2026-10-08T21:16:51.1014820Z # Subtest: the graph model copies and freezes input instead of sharing mutable arrays
2026-10-08T21:16:51.1015758Z ok 200 - the graph model copies and freezes input instead of sharing mutable arrays
2026-10-08T21:16:51.1016537Z   ---
2026-10-08T21:16:51.1016907Z   duration_ms: 0.436419
2026-10-08T21:16:51.1017303Z   ...
2026-10-08T21:16:51.1017936Z # Subtest: completion requires every prerequisite and never permits a repeated job
2026-10-08T21:16:51.1019281Z ok 201 - completion requires every prerequisite and never permits a repeated job
2026-10-08T21:16:51.1019912Z   ---
2026-10-08T21:16:51.1020244Z   duration_ms: 1.33762
2026-10-08T21:16:51.1020626Z   ...
2026-10-08T21:16:51.1021192Z # Subtest: undo and reset retain the graph and earlier completion order
2026-10-08T21:16:51.1022027Z ok 202 - undo and reset retain the graph and earlier completion order
2026-10-08T21:16:51.1022585Z   ---
2026-10-08T21:16:51.1023192Z   duration_ms: 1.055585
2026-10-08T21:16:51.1023590Z   ...
2026-10-08T21:16:51.1024162Z # Subtest: a downstream blocked job is not mislabeled as part of a cycle
2026-10-08T21:16:51.1024917Z ok 203 - a downstream blocked job is not mislabeled as part of a cycle
2026-10-08T21:16:51.1025537Z   ---
2026-10-08T21:16:51.1026041Z   duration_ms: 0.725757
2026-10-08T21:16:51.1026449Z   ...
2026-10-08T21:16:51.1027165Z # Subtest: separate strongly connected groups, a self-loop and their descendants stay distinct
2026-10-08T21:16:51.1028158Z ok 204 - separate strongly connected groups, a self-loop and their descendants stay distinct
2026-10-08T21:16:51.1028917Z   ---
2026-10-08T21:16:51.1029275Z   duration_ms: 0.378965
2026-10-08T21:16:51.1029661Z   ...
2026-10-08T21:16:51.1030262Z # Subtest: reachability follows direction and counts positive-length paths
2026-10-08T21:16:51.1031078Z ok 205 - reachability follows direction and counts positive-length paths
2026-10-08T21:16:51.1031719Z   ---
2026-10-08T21:16:51.1032073Z   duration_ms: 1.112734
2026-10-08T21:16:51.1032436Z   ...
2026-10-08T21:16:51.1033188Z # Subtest: order enumeration extends the exact prefix and reports a cap only when exceeded
2026-10-08T21:16:51.1034181Z ok 206 - order enumeration extends the exact prefix and reports a cap only when exceeded
2026-10-08T21:16:51.1035034Z   ---
2026-10-08T21:16:51.1035450Z   duration_ms: 0.7852
2026-10-08T21:16:51.1036107Z   ...
2026-10-08T21:16:51.1036804Z # Subtest: eight independent jobs produce bounded, stable complete orders
2026-10-08T21:16:51.1037721Z ok 207 - eight independent jobs produce bounded, stable complete orders
2026-10-08T21:16:51.1038542Z   ---
2026-10-08T21:16:51.1039061Z   duration_ms: 0.686616
2026-10-08T21:16:51.1039668Z   ...
2026-10-08T21:16:51.1040553Z # Subtest: the standalone build and original course download retain exact source text
2026-10-08T21:16:51.1041880Z ok 208 - the standalone build and original course download retain exact source text
2026-10-08T21:16:51.1042634Z   ---
2026-10-08T21:16:51.1042978Z   duration_ms: 5.065105
2026-10-08T21:16:51.1043389Z   ...
2026-10-08T21:16:51.1044482Z # Subtest: the builder escapes source text for HTML while recovering the original UTF-8 string
2026-10-08T21:16:51.1045522Z ok 209 - the builder escapes source text for HTML while recovering the original UTF-8 string
2026-10-08T21:16:51.1046441Z   ---
2026-10-08T21:16:51.1046787Z   duration_ms: 1.544559
2026-10-08T21:16:51.1047180Z   ...
2026-10-08T21:16:51.1047968Z # Subtest: unsupported module changes and missing or duplicated build markers fail explicitly
2026-10-08T21:16:51.1048926Z ok 210 - unsupported module changes and missing or duplicated build markers fail explicitly
2026-10-08T21:16:51.1049601Z   ---
2026-10-08T21:16:51.1049941Z   duration_ms: 49.461567
2026-10-08T21:16:51.1050300Z   ...
2026-10-08T21:16:51.1839629Z # Subtest: timing exports the admitted API and preserves every tied critical branch
2026-10-08T21:16:51.1840633Z ok 211 - timing exports the admitted API and preserves every tied critical branch
2026-10-08T21:16:51.1841441Z   ---
2026-10-08T21:16:51.1841803Z   duration_ms: 6.229995
2026-10-08T21:16:51.1842232Z   ...
2026-10-08T21:16:51.1842992Z # Subtest: all three-job DAGs and binary duration vectors match enumerated maximal paths
2026-10-08T21:16:51.1843968Z ok 212 - all three-job DAGs and binary duration vectors match enumerated maximal paths
2026-10-08T21:16:51.1844633Z   ---
2026-10-08T21:16:51.1845104Z   duration_ms: 82.517249
2026-10-08T21:16:51.1845523Z   ...
2026-10-08T21:16:51.1854684Z # Subtest: zero milestones and disconnected jobs use the global project deadline
2026-10-08T21:16:51.1855771Z ok 213 - zero milestones and disconnected jobs use the global project deadline
2026-10-08T21:16:51.1856700Z   ---
2026-10-08T21:16:51.1857046Z   duration_ms: 0.60312
2026-10-08T21:16:51.1857434Z   ...
2026-10-08T21:16:51.1858177Z # Subtest: eight-job bounds retain exact integer arithmetic and all tight zero branches
2026-10-08T21:16:51.1859186Z ok 214 - eight-job bounds retain exact integer arithmetic and all tight zero branches
2026-10-08T21:16:51.1860164Z   ---
2026-10-08T21:16:51.1860543Z   duration_ms: 10.018382
2026-10-08T21:16:51.1860955Z   ...
2026-10-08T21:16:51.1861641Z # Subtest: cyclic projects retain separate SCC, blocked-descendant and ready-job explanations
2026-10-08T21:16:51.1862835Z ok 215 - cyclic projects retain separate SCC, blocked-descendant and ready-job explanations
2026-10-08T21:16:51.1868567Z   ---
2026-10-08T21:16:51.1868947Z   duration_ms: 0.69821
2026-10-08T21:16:51.1869396Z   ...
2026-10-08T21:16:51.1870109Z # Subtest: duration records are complete, exact-own-key, strict integer inputs even for cycles
2026-10-08T21:16:51.1871150Z ok 216 - duration records are complete, exact-own-key, strict integer inputs even for cycles
2026-10-08T21:16:51.1906830Z   ---
2026-10-08T21:16:51.1927359Z   duration_ms: 2.172285
2026-10-08T21:16:51.1966733Z   ...
2026-10-08T21:16:51.1970147Z # Subtest: literal Unicode and prototype-like job names preserve exact identities and order
2026-10-08T21:16:51.1986209Z ok 217 - literal Unicode and prototype-like job names preserve exact identities and order
2026-10-08T21:16:51.1987382Z   ---
2026-10-08T21:16:51.1988024Z   duration_ms: 0.939051
2026-10-08T21:16:51.1988739Z   ...
2026-10-08T21:16:51.1989919Z # Subtest: graph refusal remains delegated to the unchanged original admission contract
2026-10-08T21:16:51.1991437Z ok 218 - graph refusal remains delegated to the unchanged original admission contract
2026-10-08T21:16:51.1992437Z   ---
2026-10-08T21:16:51.1993007Z   duration_ms: 0.406858
2026-10-08T21:16:51.1993606Z   ...
2026-10-08T21:16:51.1994368Z # Subtest: returned timing is detached and deeply frozen without freezing caller input
2026-10-08T21:16:51.1995495Z ok 219 - returned timing is detached and deeply frozen without freezing caller input
2026-10-08T21:16:51.1996517Z   ---
2026-10-08T21:16:51.1996983Z   duration_ms: 1.488752
2026-10-08T21:16:51.1997509Z   ...
2026-10-08T21:16:51.1998281Z # Subtest: duration admission refuses accessors without executing getters or coercion
2026-10-08T21:16:51.1999541Z ok 220 - duration admission refuses accessors without executing getters or coercion
2026-10-08T21:16:51.2000302Z   ---
2026-10-08T21:16:51.2000748Z   duration_ms: 3.518216
2026-10-08T21:16:51.2001760Z   ...
2026-10-08T21:16:51.2002546Z # Subtest: the checked-in timing page exactly matches the native builder output
2026-10-08T21:16:51.2008370Z ok 221 - the checked-in timing page exactly matches the native builder output
2026-10-08T21:16:51.2009092Z   ---
2026-10-08T21:16:51.2009605Z   duration_ms: 15.954334
2026-10-08T21:16:51.2010138Z   ...
2026-10-08T21:16:51.3827851Z # Subtest: original lesson imports and round-trips through the unchanged deck contract
2026-10-08T21:16:51.3857613Z ok 222 - original lesson imports and round-trips through the unchanged deck contract
2026-10-08T21:16:51.3858460Z   ---
2026-10-08T21:16:51.3859057Z   duration_ms: 3.276178
2026-10-08T21:16:51.3859577Z   ...
2026-10-08T21:16:51.3860438Z # Subtest: worked course examples obey the declared sign, normalization and omissions
2026-10-08T21:16:51.3861644Z ok 223 - worked course examples obey the declared sign, normalization and omissions
2026-10-08T21:16:51.3862361Z   ---
2026-10-08T21:16:51.3862869Z   duration_ms: 2.825961
2026-10-08T21:16:51.3863369Z   ...
2026-10-08T21:16:51.3864178Z # Subtest: generated offline page is current, compiles and embeds the exact admitted deck
2026-10-08T21:16:51.3865223Z ok 224 - generated offline page is current, compiles and embeds the exact admitted deck
2026-10-08T21:16:51.3866020Z   ---
2026-10-08T21:16:51.3866539Z   duration_ms: 3.113149
2026-10-08T21:16:51.3867029Z   ...
2026-10-08T21:16:51.3867865Z # Subtest: build check detects stale artifacts and invalid course input in a private fixture
2026-10-08T21:16:51.3869009Z ok 225 - build check detects stale artifacts and invalid course input in a private fixture
2026-10-08T21:16:51.3869742Z   ---
2026-10-08T21:16:51.3870300Z   duration_ms: 238.177138
2026-10-08T21:16:51.3870767Z   ...
2026-10-08T21:16:51.3977698Z # Subtest: decimal/scientific parser accepts mixed separators without evaluating expressions
2026-10-08T21:16:51.3985829Z ok 226 - decimal/scientific parser accepts mixed separators without evaluating expressions
2026-10-08T21:16:51.4025270Z   ---
2026-10-08T21:16:51.4026469Z   duration_ms: 2.733087
2026-10-08T21:16:51.4027086Z   ...
2026-10-08T21:16:51.4027867Z # Subtest: admission refuses sparse, nonnumeric and unsupported arrays
2026-10-08T21:16:51.4028925Z ok 227 - admission refuses sparse, nonnumeric and unsupported arrays
2026-10-08T21:16:51.4029659Z   ---
2026-10-08T21:16:51.4030175Z   duration_ms: 3.249188
2026-10-08T21:16:51.4030797Z   ...
2026-10-08T21:16:51.4031633Z # Subtest: real-input transform is linear and inverse round-trips an asymmetric grid
2026-10-08T21:16:51.4032856Z ok 228 - real-input transform is linear and inverse round-trips an asymmetric grid
2026-10-08T21:16:51.4033619Z   ---
2026-10-08T21:16:51.4034137Z   duration_ms: 3.438417
2026-10-08T21:16:51.4034723Z   ...
2026-10-08T21:16:51.4035479Z # Subtest: interior selection preserves the conjugate pair and acts as a projection
2026-10-08T21:16:51.4036790Z ok 229 - interior selection preserves the conjugate pair and acts as a projection
2026-10-08T21:16:51.4037516Z   ---
2026-10-08T21:16:51.4038039Z   duration_ms: 0.60952
2026-10-08T21:16:51.4038522Z   ...
2026-10-08T21:16:51.4039227Z # Subtest: empty selection is explicit zero synthesis, not select-all
2026-10-08T21:16:51.4040202Z ok 230 - empty selection is explicit zero synthesis, not select-all
2026-10-08T21:16:51.4040896Z   ---
2026-10-08T21:16:51.4041445Z   duration_ms: 0.394538
2026-10-08T21:16:51.4041938Z   ...
2026-10-08T21:16:51.4042702Z # Subtest: phase resolution is declared without clamping complex coefficients
2026-10-08T21:16:51.4043793Z ok 231 - phase resolution is declared without clamping complex coefficients
2026-10-08T21:16:51.4044492Z   ---
2026-10-08T21:16:51.4045003Z   duration_ms: 0.428128
2026-10-08T21:16:51.4045507Z   ...
2026-10-08T21:16:51.4047024Z # Subtest: records copy caller inputs and serialize only regenerated portable calculations
2026-10-08T21:16:51.4048554Z ok 232 - records copy caller inputs and serialize only regenerated portable calculations
2026-10-08T21:16:51.4049381Z   ---
2026-10-08T21:16:51.4049914Z   duration_ms: 0.805683
2026-10-08T21:16:51.4050437Z   ...
2026-10-08T21:16:51.4051277Z # Subtest: the committed standalone page exactly matches its native source builder
2026-10-08T21:16:51.4052518Z ok 233 - the committed standalone page exactly matches its native source builder
2026-10-08T21:16:51.4053554Z   ---
2026-10-08T21:16:51.4054132Z   duration_ms: 5.555444
2026-10-08T21:16:51.4054667Z   ...
2026-10-08T21:16:51.4055702Z # Subtest: the actual embedded course text retains the qualified twelve-question identity byte for byte
2026-10-08T21:16:51.4057359Z ok 234 - the actual embedded course text retains the qualified twelve-question identity byte for byte
2026-10-08T21:16:51.4058340Z   ---
2026-10-08T21:16:51.4058916Z   duration_ms: 2.555368
2026-10-08T21:16:51.4059505Z   ...
2026-10-08T21:16:51.4060365Z # Subtest: the fixed uninhibited enzyme reproduces the existing course example
2026-10-08T21:16:51.4061499Z ok 235 - the fixed uninhibited enzyme reproduces the existing course example
2026-10-08T21:16:51.4062239Z   ---
2026-10-08T21:16:51.4062797Z   duration_ms: 1.596213
2026-10-08T21:16:51.4063343Z   ...
2026-10-08T21:16:51.4064388Z # Subtest: one independently worked comparison distinguishes rate, fraction and apparent parameters
2026-10-08T21:16:51.4065819Z ok 236 - one independently worked comparison distinguishes rate, fraction and apparent parameters
2026-10-08T21:16:51.4066869Z   ---
2026-10-08T21:16:51.4067414Z   duration_ms: 0.201713
2026-10-08T21:16:51.4067951Z   ...
2026-10-08T21:16:51.4068984Z # Subtest: zero substrate yields zero rates and undefined fractions, including with zero inhibitor
2026-10-08T21:16:51.4070270Z ok 237 - zero substrate yields zero rates and undefined fractions, including with zero inhibitor
2026-10-08T21:16:51.4072991Z   ---
2026-10-08T21:16:51.4073771Z   duration_ms: 0.267305
2026-10-08T21:16:51.4074340Z   ...
2026-10-08T21:16:51.4075313Z # Subtest: zero inhibitor makes all cases coincide; each Km locates its own half limiting rate
2026-10-08T21:16:51.4076934Z ok 238 - zero inhibitor makes all cases coincide; each Km locates its own half limiting rate
2026-10-08T21:16:51.4077794Z   ---
2026-10-08T21:16:51.4078357Z   duration_ms: 0.367386
2026-10-08T21:16:51.4078916Z   ...
2026-10-08T21:16:51.4080090Z # Subtest: adding substrate reduces competitive fractional loss while the pure special case stays proportional
2026-10-08T21:16:51.4081577Z ok 239 - adding substrate reduces competitive fractional loss while the pure special case stays proportional
2026-10-08T21:16:51.4082518Z   ---
2026-10-08T21:16:51.4083083Z   duration_ms: 0.181443
2026-10-08T21:16:51.4083602Z   ...
2026-10-08T21:16:51.4084610Z # Subtest: a deterministic domain grid preserves saturation, ordering and fixed baseline parameters
2026-10-08T21:16:51.4086173Z ok 240 - a deterministic domain grid preserves saturation, ordering and fixed baseline parameters
2026-10-08T21:16:51.4087127Z   ---
2026-10-08T21:16:51.4087660Z   duration_ms: 0.601843
2026-10-08T21:16:51.4088149Z   ...
2026-10-08T21:16:51.4089108Z # Subtest: invalid or coerced inputs and incomplete text never silently reuse a prior comparison
2026-10-08T21:16:51.4090359Z ok 241 - invalid or coerced inputs and incomplete text never silently reuse a prior comparison
2026-10-08T21:16:51.4091303Z   ---
2026-10-08T21:16:51.4091800Z   duration_ms: 1.081415
2026-10-08T21:16:51.4092292Z   ...
2026-10-08T21:16:51.4093238Z # Subtest: snapshots are independent and the sampled curve includes exact endpoints and course points
2026-10-08T21:16:51.4094593Z ok 242 - snapshots are independent and the sampled curve includes exact endpoints and course points
2026-10-08T21:16:51.4095565Z   ---
2026-10-08T21:16:51.4096305Z   duration_ms: 2.088847
2026-10-08T21:16:51.4096824Z   ...
2026-10-08T21:16:51.4097799Z # Subtest: CSV exports the current point, complete sample grid, units and explicit undefined cells
2026-10-08T21:16:51.4099363Z ok 243 - CSV exports the current point, complete sample grid, units and explicit undefined cells
2026-10-08T21:16:51.4100301Z   ---
2026-10-08T21:16:51.4100806Z   duration_ms: 6.030082
2026-10-08T21:16:51.4101328Z   ...
2026-10-08T21:16:51.4102384Z # Subtest: positive subnormal substrate retains analytic fractions instead of a quotient of quantized rates
2026-10-08T21:16:51.4103819Z ok 244 - positive subnormal substrate retains analytic fractions instead of a quotient of quantized rates
2026-10-08T21:16:51.4104783Z   ---
2026-10-08T21:16:51.4105273Z   duration_ms: 1.979487
2026-10-08T21:16:51.4105781Z   ...
2026-10-08T21:16:51.4107094Z # Subtest: the original twelve-question course enters the unchanged deck contract with all four concepts
2026-10-08T21:16:51.4108506Z ok 245 - the original twelve-question course enters the unchanged deck contract with all four concepts
2026-10-08T21:16:51.4109532Z   ---
2026-10-08T21:16:51.4110047Z   duration_ms: 1.331803
2026-10-08T21:16:51.4110659Z   ...
2026-10-08T21:16:51.4111669Z # Subtest: a complete adaptive session retains two first misses while separate practice and notes use this course
2026-10-08T21:16:51.4113147Z ok 246 - a complete adaptive session retains two first misses while separate practice and notes use this course
2026-10-08T21:16:51.4114121Z   ---
2026-10-08T21:16:51.4114620Z   duration_ms: 10.493527
2026-10-08T21:16:51.4115239Z   ...
2026-10-08T21:16:51.4116281Z # Subtest: a fully correct course still yields complete review and notes without invented retries
2026-10-08T21:16:51.4117616Z ok 247 - a fully correct course still yields complete review and notes without invented retries
2026-10-08T21:16:51.4118511Z   ---
2026-10-08T21:16:51.4119032Z   duration_ms: 1.247781
2026-10-08T21:16:51.4119609Z   ...
2026-10-08T21:16:51.4120416Z # Subtest: the committed direct-file explorer matches its exact modular inputs
2026-10-08T21:16:51.4121899Z ok 248 - the committed direct-file explorer matches its exact modular inputs
2026-10-08T21:16:51.4122729Z   ---
2026-10-08T21:16:51.4123283Z   duration_ms: 38.919288
2026-10-08T21:16:51.4123871Z   ...
2026-10-08T21:16:51.4163721Z # Subtest: decimal-text inputs normalize whitespace and leading zeros without number coercion
2026-10-08T21:16:51.4168422Z ok 249 - decimal-text inputs normalize whitespace and leading zeros without number coercion
2026-10-08T21:16:51.4169506Z   ---
2026-10-08T21:16:51.4170042Z   duration_ms: 2.235735
2026-10-08T21:16:51.4170630Z   ...
2026-10-08T21:16:51.4171521Z # Subtest: ambiguous, out-of-range and nontext inputs are refused before computation
2026-10-08T21:16:51.4172680Z ok 250 - ambiguous, out-of-range and nontext inputs are refused before computation
2026-10-08T21:16:51.4173579Z   ---
2026-10-08T21:16:51.4174062Z   duration_ms: 2.352611
2026-10-08T21:16:51.4174620Z   ...
2026-10-08T21:16:51.4179685Z # Subtest: the original ordered pair produces the exact worked four-division trace
2026-10-08T21:16:51.4181730Z ok 251 - the original ordered pair produces the exact worked four-division trace
2026-10-08T21:16:51.4182479Z   ---
2026-10-08T21:16:51.4182975Z   duration_ms: 0.582846
2026-10-08T21:16:51.4183540Z   ...
2026-10-08T21:16:51.4187117Z # Subtest: smaller-first inputs retain their real quotient-zero first division
2026-10-08T21:16:51.4188650Z ok 252 - smaller-first inputs retain their real quotient-zero first division
2026-10-08T21:16:51.4189356Z   ---
2026-10-08T21:16:51.4189862Z   duration_ms: 0.528596
2026-10-08T21:16:51.4190456Z   ...
2026-10-08T21:16:51.4193027Z # Subtest: zero, equal and exactly divisible pairs have their actual division counts
2026-10-08T21:16:51.4194687Z ok 253 - zero, equal and exactly divisible pairs have their actual division counts
2026-10-08T21:16:51.4195354Z   ---
2026-10-08T21:16:51.4195811Z   duration_ms: 0.523347
2026-10-08T21:16:51.4196495Z   ...
2026-10-08T21:16:51.4198788Z # Subtest: all 6,561 pairs from zero through eighty agree with common-divisor enumeration
2026-10-08T21:16:51.4201976Z ok 254 - all 6,561 pairs from zero through eighty agree with common-divisor enumeration
2026-10-08T21:16:51.4202709Z   ---
2026-10-08T21:16:51.4203212Z   duration_ms: 77.442651
2026-10-08T21:16:51.4203663Z   ...
2026-10-08T21:16:51.4205700Z # Subtest: boundary and long-chain pairs agree with a separate binary-gcd oracle
2026-10-08T21:16:51.4207586Z ok 255 - boundary and long-chain pairs agree with a separate binary-gcd oracle
2026-10-08T21:16:51.4208246Z   ---
2026-10-08T21:16:51.4208749Z   duration_ms: 17.065616
2026-10-08T21:16:51.4209233Z   ...
2026-10-08T21:16:51.4211216Z # Subtest: the saved trace is exact JSON with decimal integer strings and independent frozen results
2026-10-08T21:16:51.4212549Z ok 256 - the saved trace is exact JSON with decimal integer strings and independent frozen results
2026-10-08T21:16:51.4213267Z   ---
2026-10-08T21:16:51.4213741Z   duration_ms: 0.95797
2026-10-08T21:16:51.4214216Z   ...
2026-10-08T21:16:51.4722473Z # Subtest: the original course imports through the unchanged learner contract and round trips
2026-10-08T21:16:51.4724466Z ok 257 - the original course imports through the unchanged learner contract and round trips
2026-10-08T21:16:51.4725378Z   ---
2026-10-08T21:16:51.4726887Z   duration_ms: 2.483334
2026-10-08T21:16:51.4727445Z   ...
2026-10-08T21:16:51.4728384Z # Subtest: the course explicitly teaches the hand-calculated update, multiplier and strict boundary
2026-10-08T21:16:51.4729775Z ok 258 - the course explicitly teaches the hand-calculated update, multiplier and strict boundary
2026-10-08T21:16:51.4730647Z   ---
2026-10-08T21:16:51.4731090Z   duration_ms: 1.14078
2026-10-08T21:16:51.4731621Z   ...
2026-10-08T21:16:51.4759617Z # Subtest: the generated explorer contains the exact course bytes and current model source
2026-10-08T21:16:51.4760960Z ok 259 - the generated explorer contains the exact course bytes and current model source
2026-10-08T21:16:51.4761686Z   ---
2026-10-08T21:16:51.4762573Z   duration_ms: 57.581744
2026-10-08T21:16:51.4763091Z   ...
2026-10-08T21:16:51.4855700Z # Subtest: the default rule follows a hand-calculated update and approaches 2/3, not r=1
2026-10-08T21:16:51.4857511Z ok 260 - the default rule follows a hand-calculated update and approaches 2/3, not r=1
2026-10-08T21:16:51.4858415Z   ---
2026-10-08T21:16:51.4859018Z   duration_ms: 1.999775
2026-10-08T21:16:51.4859614Z   ...
2026-10-08T21:16:51.4860538Z # Subtest: two starts obey the signed geometric separation and cancel common forcing
2026-10-08T21:16:51.4861749Z ok 261 - two starts obey the signed geometric separation and cancel common forcing
2026-10-08T21:16:51.4862708Z   ---
2026-10-08T21:16:51.4863271Z   duration_ms: 1.105088
2026-10-08T21:16:51.4863923Z   ...
2026-10-08T21:16:51.4864655Z # Subtest: q=0 reaches the same unique fixed point after one update
2026-10-08T21:16:51.4865651Z ok 262 - q=0 reaches the same unique fixed point after one update
2026-10-08T21:16:51.4866542Z   ---
2026-10-08T21:16:51.4867087Z   duration_ms: 0.229778
2026-10-08T21:16:51.4867991Z   ...
2026-10-08T21:16:51.4868919Z # Subtest: boundary cases distinguish persistent separation, drift and repeating deviations
2026-10-08T21:16:51.4870274Z ok 263 - boundary cases distinguish persistent separation, drift and repeating deviations
2026-10-08T21:16:51.4871147Z   ---
2026-10-08T21:16:51.4871948Z   duration_ms: 0.43375
2026-10-08T21:16:51.4872501Z   ...
2026-10-08T21:16:51.4873304Z # Subtest: an exact equilibrium can stay flat while a nearby start grows
2026-10-08T21:16:51.4874364Z ok 264 - an exact equilibrium can stay flat while a nearby start grows
2026-10-08T21:16:51.4875097Z   ---
2026-10-08T21:16:51.4875731Z   duration_ms: 0.233788
2026-10-08T21:16:51.4877370Z   ...
2026-10-08T21:16:51.4878231Z # Subtest: constant input and reference move the fixed point without changing q
2026-10-08T21:16:51.4879350Z ok 265 - constant input and reference move the fixed point without changing q
2026-10-08T21:16:51.4880098Z   ---
2026-10-08T21:16:51.4880739Z   duration_ms: 0.226713
2026-10-08T21:16:51.4881299Z   ...
2026-10-08T21:16:51.4882464Z # Subtest: the admitted longest extreme trajectories remain finite and follow a closed form
2026-10-08T21:16:51.4883666Z ok 266 - the admitted longest extreme trajectories remain finite and follow a closed form
2026-10-08T21:16:51.4884540Z   ---
2026-10-08T21:16:51.4885153Z   duration_ms: 1.39869
2026-10-08T21:16:51.4885698Z   ...
2026-10-08T21:16:51.4886887Z # Subtest: validation rejects unbounded, fractional, empty and nonnumeric settings without changing the input
2026-10-08T21:16:51.4888355Z ok 267 - validation rejects unbounded, fractional, empty and nonnumeric settings without changing the input
2026-10-08T21:16:51.4889291Z   ---
2026-10-08T21:16:51.4889887Z   duration_ms: 0.716867
2026-10-08T21:16:51.4890429Z   ...
2026-10-08T21:16:51.4891301Z # Subtest: terminal CSV fields mean N updates and N+1 states; settings survive every row
2026-10-08T21:16:51.4892475Z ok 268 - terminal CSV fields mean N updates and N+1 states; settings survive every row
2026-10-08T21:16:51.4893297Z   ---
2026-10-08T21:16:51.4893883Z   duration_ms: 0.51087
2026-10-08T21:16:51.4894432Z   ...
2026-10-08T21:16:51.4895329Z # Subtest: finite-precision subtraction remains distinct from the analytical separation
2026-10-08T21:16:51.4896791Z ok 269 - finite-precision subtraction remains distinct from the analytical separation
2026-10-08T21:16:51.4897818Z   ---
2026-10-08T21:16:51.4898904Z   duration_ms: 0.224304
2026-10-08T21:16:51.4899529Z   ...
2026-10-08T21:16:51.5067299Z # Subtest: the original twelve-question course satisfies the current public deck contract
2026-10-08T21:16:51.5071093Z ok 270 - the original twelve-question course satisfies the current public deck contract
2026-10-08T21:16:51.5072150Z   ---
2026-10-08T21:16:51.5072874Z   duration_ms: 3.302331
2026-10-08T21:16:51.5073425Z   ...
2026-10-08T21:16:51.5074403Z # Subtest: course answer identities agree with separately specified arithmetic and conventions
2026-10-08T21:16:51.5077300Z ok 271 - course answer identities agree with separately specified arithmetic and conventions
2026-10-08T21:16:51.5078328Z   ---
2026-10-08T21:16:51.5078833Z   duration_ms: 0.546156
2026-10-08T21:16:51.5079264Z   ...
2026-10-08T21:16:51.5084223Z # Subtest: the actual adaptive, review, retry, and study-note consumers receive all course content
2026-10-08T21:16:51.5086764Z ok 272 - the actual adaptive, review, retry, and study-note consumers receive all course content
2026-10-08T21:16:51.5087793Z   ---
2026-10-08T21:16:51.5109597Z   duration_ms: 9.182499
2026-10-08T21:16:51.5129626Z   ...
2026-10-08T21:16:51.5135076Z # Subtest: the direct-file lab is an exact build with the original downloadable course bytes
2026-10-08T21:16:51.5136661Z ok 273 - the direct-file lab is an exact build with the original downloadable course bytes
2026-10-08T21:16:51.5137445Z   ---
2026-10-08T21:16:51.5137962Z   duration_ms: 2.632356
2026-10-08T21:16:51.5138367Z   ...
2026-10-08T21:16:51.5248037Z # Subtest: full signed convolution retains cancellation and the final product
2026-10-08T21:16:51.5277101Z ok 274 - full signed convolution retains cancellation and the final product
2026-10-08T21:16:51.5277544Z   ---
2026-10-08T21:16:51.5277931Z   duration_ms: 2.333496
2026-10-08T21:16:51.5278262Z   ...
2026-10-08T21:16:51.5278749Z # Subtest: each selected index exposes reversed kernel indices and outside-list zeros
2026-10-08T21:16:51.5279398Z ok 275 - each selected index exposes reversed kernel indices and outside-list zeros
2026-10-08T21:16:51.5279807Z   ---
2026-10-08T21:16:51.5280120Z   duration_ms: 0.73631
2026-10-08T21:16:51.5280401Z   ...
2026-10-08T21:16:51.5280892Z # Subtest: convolution is distinguished from the declared zero-lag correlation
2026-10-08T21:16:51.5281490Z ok 276 - convolution is distinguished from the declared zero-lag correlation
2026-10-08T21:16:51.5281895Z   ---
2026-10-08T21:16:51.5282209Z   duration_ms: 1.595636
2026-10-08T21:16:51.5282489Z   ...
2026-10-08T21:16:51.5282986Z # Subtest: impulses preserve origin, delays, and the declared full zero padding
2026-10-08T21:16:51.5283857Z ok 277 - impulses preserve origin, delays, and the declared full zero padding
2026-10-08T21:16:51.5284282Z   ---
2026-10-08T21:16:51.5284605Z   duration_ms: 0.34625
2026-10-08T21:16:51.5284879Z   ...
2026-10-08T21:16:51.5285275Z # Subtest: averaging and differencing include both finite boundaries
2026-10-08T21:16:51.5286105Z ok 278 - averaging and differencing include both finite boundaries
2026-10-08T21:16:51.5286496Z   ---
2026-10-08T21:16:51.5286807Z   duration_ms: 0.271002
2026-10-08T21:16:51.5287089Z   ...
2026-10-08T21:16:51.5287565Z # Subtest: fixed-kernel superposition and operand exchange hold on distinct signed cases
2026-10-08T21:16:51.5288263Z ok 279 - fixed-kernel superposition and operand exchange hold on distinct signed cases
2026-10-08T21:16:51.5288718Z   ---
2026-10-08T21:16:51.5288996Z   duration_ms: 0.487902
2026-10-08T21:16:51.5289268Z   ...
2026-10-08T21:16:51.5289731Z # Subtest: four-place inputs preserve eight-place signed products and exact cancellation
2026-10-08T21:16:51.5290400Z ok 280 - four-place inputs preserve eight-place signed products and exact cancellation
2026-10-08T21:16:51.5290876Z   ---
2026-10-08T21:16:51.5291160Z   duration_ms: 0.497198
2026-10-08T21:16:51.5291435Z   ...
2026-10-08T21:16:51.5332886Z # Subtest: the maximum admitted lists retain 47 finite outputs and the exact peak
2026-10-08T21:16:51.5355421Z ok 281 - the maximum admitted lists retain 47 finite outputs and the exact peak
2026-10-08T21:16:51.5356615Z   ---
2026-10-08T21:16:51.5357156Z   duration_ms: 0.599862
2026-10-08T21:16:51.5357590Z   ...
2026-10-08T21:16:51.5387401Z # Subtest: text admission keeps literal values and refuses ambiguous or out-of-domain input
2026-10-08T21:16:51.5417582Z ok 282 - text admission keeps literal values and refuses ambiguous or out-of-domain input
2026-10-08T21:16:51.5418503Z   ---
2026-10-08T21:16:51.5419057Z   duration_ms: 1.48654
2026-10-08T21:16:51.5419584Z   ...
2026-10-08T21:16:51.5420560Z # Subtest: direct numerical callers cannot admit holes, non-numbers, extra precision, or invalid indices
2026-10-08T21:16:51.5422085Z ok 283 - direct numerical callers cannot admit holes, non-numbers, extra precision, or invalid indices
2026-10-08T21:16:51.5423021Z   ---
2026-10-08T21:16:51.5423554Z   duration_ms: 0.753613
2026-10-08T21:16:51.5424053Z   ...
2026-10-08T21:16:51.5424948Z # Subtest: a recorded calculation owns immutable inputs, outputs, and per-index terms
2026-10-08T21:16:51.5426275Z ok 284 - a recorded calculation owns immutable inputs, outputs, and per-index terms
2026-10-08T21:16:51.5427056Z   ---
2026-10-08T21:16:51.5428240Z   duration_ms: 0.743293
2026-10-08T21:16:51.5428955Z   ...
2026-10-08T21:16:51.6072576Z # Subtest: the original floating-point course enters the existing deck importer unchanged
2026-10-08T21:16:51.6074109Z ok 285 - the original floating-point course enters the existing deck importer unchanged
2026-10-08T21:16:51.6074934Z   ---
2026-10-08T21:16:51.6075398Z   duration_ms: 6.174232
2026-10-08T21:16:51.6076177Z   ...
2026-10-08T21:16:51.6087276Z # Subtest: reordered answer positions retain the independent numerical answer contract
2026-10-08T21:16:51.6099254Z ok 286 - reordered answer positions retain the independent numerical answer contract
2026-10-08T21:16:51.6100067Z   ---
2026-10-08T21:16:51.6100547Z   duration_ms: 0.442557
2026-10-08T21:16:51.6101113Z   ...
2026-10-08T21:16:51.6101961Z # Subtest: the actual standalone build embeds the same admitted lesson and complete runnable script
2026-10-08T21:16:51.6103179Z ok 287 - the actual standalone build embeds the same admitted lesson and complete runnable script
2026-10-08T21:16:51.6103885Z   ---
2026-10-08T21:16:51.6104222Z   duration_ms: 57.726714
2026-10-08T21:16:51.6104772Z   ...
2026-10-08T21:16:51.6174203Z # Subtest: reference decoding retains exact binary values rather than printed decimals
2026-10-08T21:16:51.6175414Z ok 288 - reference decoding retains exact binary values rather than printed decimals
2026-10-08T21:16:51.6176552Z   ---
2026-10-08T21:16:51.6177049Z   duration_ms: 1.795886
2026-10-08T21:16:51.6177657Z   ...
2026-10-08T21:16:51.6178619Z # Subtest: binary32 representation and input-to-storage error use independent known bit patterns
2026-10-08T21:16:51.6179781Z ok 289 - binary32 representation and input-to-storage error use independent known bit patterns
2026-10-08T21:16:51.6180446Z   ---
2026-10-08T21:16:51.6180822Z   duration_ms: 0.606618
2026-10-08T21:16:51.6181212Z   ...
2026-10-08T21:16:51.6181806Z # Subtest: halfway rounding selects both the lower and upper even neighbor
2026-10-08T21:16:51.6182613Z ok 290 - halfway rounding selects both the lower and upper even neighbor
2026-10-08T21:16:51.6183158Z   ---
2026-10-08T21:16:51.6183513Z   duration_ms: 0.491686
2026-10-08T21:16:51.6183897Z   ...
2026-10-08T21:16:51.6184505Z # Subtest: neighbor spacing changes at a power of two and respects numerical order
2026-10-08T21:16:51.6185470Z ok 291 - neighbor spacing changes at a power of two and respects numerical order
2026-10-08T21:16:51.6186210Z   ---
2026-10-08T21:16:51.6186567Z   duration_ms: 0.445046
2026-10-08T21:16:51.6186940Z   ...
2026-10-08T21:16:51.6187658Z # Subtest: subnormals, halfway underflow, signed zero, and the next representable input stay distinct
2026-10-08T21:16:51.6188800Z ok 292 - subnormals, halfway underflow, signed zero, and the next representable input stay distinct
2026-10-08T21:16:51.6189478Z   ---
2026-10-08T21:16:51.6189866Z   duration_ms: 0.301009
2026-10-08T21:16:51.6190220Z   ...
2026-10-08T21:16:51.6190793Z # Subtest: overflow is explicit and is not reported as a finite exact reference
2026-10-08T21:16:51.6191730Z ok 293 - overflow is explicit and is not reported as a finite exact reference
2026-10-08T21:16:51.6192293Z   ---
2026-10-08T21:16:51.6192678Z   duration_ms: 0.209311
2026-10-08T21:16:51.6193033Z   ...
2026-10-08T21:16:51.6194132Z # Subtest: association changes the result at actual rounding boundaries and keeps the exact control
2026-10-08T21:16:51.6195226Z ok 294 - association changes the result at actual rounding boundaries and keeps the exact control
2026-10-08T21:16:51.6216748Z   ---
2026-10-08T21:16:51.6217228Z   duration_ms: 0.99854
2026-10-08T21:16:51.6217618Z   ...
2026-10-08T21:16:51.6218336Z # Subtest: zero-origin control distinguishes intended decimal geometry from its binary32 input
2026-10-08T21:16:51.6219508Z ok 295 - zero-origin control distinguishes intended decimal geometry from its binary32 input
2026-10-08T21:16:51.6220232Z   ---
2026-10-08T21:16:51.6220644Z   duration_ms: 0.883222
2026-10-08T21:16:51.6221054Z   ...
2026-10-08T21:16:51.6221807Z # Subtest: the original production counterexample retains its actual nonzero reversed winding
2026-10-08T21:16:51.6222951Z ok 296 - the original production counterexample retains its actual nonzero reversed winding
2026-10-08T21:16:51.6223703Z   ---
2026-10-08T21:16:51.6224153Z   duration_ms: 0.63659
2026-10-08T21:16:51.6224548Z   ...
2026-10-08T21:16:51.6225222Z # Subtest: larger origins are not a monotonic conditioning score or a fidelity guarantee
2026-10-08T21:16:51.6226447Z ok 297 - larger origins are not a monotonic conditioning score or a fidelity guarantee
2026-10-08T21:16:51.6227123Z   ---
2026-10-08T21:16:51.6227533Z   duration_ms: 0.771757
2026-10-08T21:16:51.6227880Z   ...
2026-10-08T21:16:51.6228538Z # Subtest: a bounded power-of-two change of all units preserves the reversal and relative shape
2026-10-08T21:16:51.6229536Z ok 298 - a bounded power-of-two change of all units preserves the reversal and relative shape
2026-10-08T21:16:51.6230177Z   ---
2026-10-08T21:16:51.6230517Z   duration_ms: 3.419643
2026-10-08T21:16:51.6230928Z   ...
2026-10-08T21:16:51.6231453Z # Subtest: invalid controls cannot admit a different numeric model
2026-10-08T21:16:51.6232224Z ok 299 - invalid controls cannot admit a different numeric model
2026-10-08T21:16:51.6232767Z   ---
2026-10-08T21:16:51.6233110Z   duration_ms: 0.791284
2026-10-08T21:16:51.6233526Z   ...
2026-10-08T21:16:51.6234146Z # Subtest: downloaded experiment keeps exact fractions and the stated storage boundary
2026-10-08T21:16:51.6235328Z ok 300 - downloaded experiment keeps exact fractions and the stated storage boundary
2026-10-08T21:16:51.6246356Z   ---
2026-10-08T21:16:51.6246961Z   duration_ms: 0.992105
2026-10-08T21:16:51.6247381Z   ...
2026-10-08T21:16:51.6248193Z # Subtest: standalone artifact exactly matches sources and contains a valid offline script
2026-10-08T21:16:51.6249303Z ok 301 - standalone artifact exactly matches sources and contains a valid offline script
2026-10-08T21:16:51.6249966Z   ---
2026-10-08T21:16:51.6250349Z   duration_ms: 6.082428
2026-10-08T21:16:51.6251045Z   ...
2026-10-08T21:16:51.6251713Z # Subtest: course survives the existing validator and editable-format round trip
2026-10-08T21:16:51.6252655Z ok 302 - course survives the existing validator and editable-format round trip
2026-10-08T21:16:51.6253285Z   ---
2026-10-08T21:16:51.6253680Z   duration_ms: 1.694244
2026-10-08T21:16:51.6254090Z   ...
2026-10-08T21:16:52.4239042Z # Subtest: literal markup and Unicode in admitted course content cannot close the generated script
2026-10-08T21:16:52.4244083Z ok 303 - literal markup and Unicode in admitted course content cannot close the generated script
2026-10-08T21:16:52.4244989Z   ---
2026-10-08T21:16:52.4245564Z   duration_ms: 24.158434
2026-10-08T21:16:52.4246299Z   ...
2026-10-08T21:16:52.4247060Z # Subtest: check mode reports stale output without replacing a retained artifact
2026-10-08T21:16:52.4248052Z ok 304 - check mode reports stale output without replacing a retained artifact
2026-10-08T21:16:52.4248683Z   ---
2026-10-08T21:16:52.4249192Z   duration_ms: 51.110212
2026-10-08T21:16:52.4249691Z   ...
2026-10-08T21:16:52.4255477Z # Subtest: unexpected UI dependency refuses the build before overwriting its artifact
2026-10-08T21:16:52.4267132Z ok 305 - unexpected UI dependency refuses the build before overwriting its artifact
2026-10-08T21:16:52.4287172Z   ---
2026-10-08T21:16:52.4287955Z   duration_ms: 52.906938
2026-10-08T21:16:52.4291529Z   ...
2026-10-08T21:16:52.4294582Z # Subtest: direct entry paths run the same check, refusal and rebuild commands
2026-10-08T21:16:52.4295447Z     # Subtest: canonical
2026-10-08T21:16:52.4296159Z     ok 1 - canonical
2026-10-08T21:16:52.4296674Z       ---
2026-10-08T21:16:52.4297176Z       duration_ms: 195.673705
2026-10-08T21:16:52.4297649Z       ...
2026-10-08T21:16:52.4298182Z     # Subtest: directory alias
2026-10-08T21:16:52.4298724Z     ok 2 - directory alias
2026-10-08T21:16:52.4299264Z       ---
2026-10-08T21:16:52.4299693Z       duration_ms: 164.334404
2026-10-08T21:16:52.4300165Z       ...
2026-10-08T21:16:52.4300658Z     # Subtest: file alias
2026-10-08T21:16:52.4301218Z     ok 3 - file alias
2026-10-08T21:16:52.4301735Z       ---
2026-10-08T21:16:52.4302222Z       duration_ms: 195.338431
2026-10-08T21:16:52.4302725Z       ...
2026-10-08T21:16:52.4303282Z     1..3
2026-10-08T21:16:52.4304024Z ok 306 - direct entry paths run the same check, refusal and rebuild commands
2026-10-08T21:16:52.4304841Z   ---
2026-10-08T21:16:52.4305334Z   duration_ms: 556.621666
2026-10-08T21:16:52.4305820Z   ...
2026-10-08T21:16:52.4332556Z # Subtest: ordinary imports and missing caller entries do not execute the CLI
2026-10-08T21:16:52.4333616Z ok 307 - ordinary imports and missing caller entries do not execute the CLI
2026-10-08T21:16:52.4334336Z   ---
2026-10-08T21:16:52.4334761Z   duration_ms: 131.031641
2026-10-08T21:16:52.4335210Z   ...
2026-10-08T21:16:52.4431559Z # Subtest: fictional reversal retains denominators and uses common weights only for reference
2026-10-08T21:16:52.4457555Z ok 308 - fictional reversal retains denominators and uses common weights only for reference
2026-10-08T21:16:52.4473267Z   ---
2026-10-08T21:16:52.4473973Z   duration_ms: 3.24564
2026-10-08T21:16:52.4474534Z   ...
2026-10-08T21:16:52.4475433Z # Subtest: ties and conflicting subgroup directions are not a strict reversal
2026-10-08T21:16:52.4476832Z ok 309 - ties and conflicting subgroup directions are not a strict reversal
2026-10-08T21:16:52.4477683Z   ---
2026-10-08T21:16:52.4478208Z   duration_ms: 0.687175
2026-10-08T21:16:52.4478804Z   ...
2026-10-08T21:16:52.4479788Z # Subtest: empty cells remain unavailable unless their reference weight is exactly zero
2026-10-08T21:16:52.4480828Z ok 310 - empty cells remain unavailable unless their reference weight is exactly zero
2026-10-08T21:16:52.4481452Z   ---
2026-10-08T21:16:52.4481852Z   duration_ms: 0.388998
2026-10-08T21:16:52.4482263Z   ...
2026-10-08T21:16:52.4482793Z # Subtest: an entirely empty option has no pooled rate or inferred group mix
2026-10-08T21:16:52.4483402Z ok 311 - an entirely empty option has no pooled rate or inferred group mix
2026-10-08T21:16:52.4483786Z   ---
2026-10-08T21:16:52.4484085Z   duration_ms: 0.171879
2026-10-08T21:16:52.4484401Z   ...
2026-10-08T21:16:52.4484928Z # Subtest: invalid numeric inputs are refused without truncation or coercion
2026-10-08T21:16:52.4485493Z ok 312 - invalid numeric inputs are refused without truncation or coercion
2026-10-08T21:16:52.4486074Z   ---
2026-10-08T21:16:52.4486473Z   duration_ms: 0.649982
2026-10-08T21:16:52.4486878Z   ...
2026-10-08T21:16:52.4487626Z # Subtest: native count entry distinguishes blank and invalid text from zero
2026-10-08T21:16:52.4488525Z ok 313 - native count entry distinguishes blank and invalid text from zero
2026-10-08T21:16:52.4489113Z   ---
2026-10-08T21:16:52.4489525Z   duration_ms: 12.433606
2026-10-08T21:16:52.4489923Z   ...
2026-10-08T21:16:52.4490832Z # Subtest: a strict difference too small for percentage display is not declared equal
2026-10-08T21:16:52.4491842Z ok 314 - a strict difference too small for percentage display is not declared equal
2026-10-08T21:16:52.4492476Z   ---
2026-10-08T21:16:52.4492913Z   duration_ms: 0.314441
2026-10-08T21:16:52.4493296Z   ...
2026-10-08T21:16:52.4493815Z # Subtest: label and group transformations preserve the intended descriptive quantities
2026-10-08T21:16:52.4494461Z ok 315 - label and group transformations preserve the intended descriptive quantities
2026-10-08T21:16:52.4495087Z   ---
2026-10-08T21:16:52.4495425Z   duration_ms: 1.237815
2026-10-08T21:16:52.4495736Z   ...
2026-10-08T21:16:52.4496445Z # Subtest: shared weights preserve both strict subgroup advantages at every permitted mix
2026-10-08T21:16:52.4497108Z ok 316 - shared weights preserve both strict subgroup advantages at every permitted mix
2026-10-08T21:16:52.4497538Z   ---
2026-10-08T21:16:52.4497825Z   duration_ms: 6.022295
2026-10-08T21:16:52.4498166Z   ...
2026-10-08T21:16:52.4498700Z # Subtest: download contains exact inputs, unavailable values and deterministic recomputable fractions
2026-10-08T21:16:52.4499446Z ok 317 - download contains exact inputs, unavailable values and deterministic recomputable fractions
2026-10-08T21:16:52.4499906Z   ---
2026-10-08T21:16:52.4500191Z   duration_ms: 0.636556
2026-10-08T21:16:52.4500531Z   ...
2026-10-08T21:16:52.4500913Z # Subtest: signed homes, exact admission and canonical copies
2026-10-08T21:16:52.4501394Z ok 318 - signed homes, exact admission and canonical copies
2026-10-08T21:16:52.4501745Z   ---
2026-10-08T21:16:52.4502035Z   duration_ms: 3.580225
2026-10-08T21:16:52.4502340Z   ...
2026-10-08T21:16:52.4502845Z # Subtest: search crosses a tombstone and insertion reuses it only after absence proof
2026-10-08T21:16:52.4503588Z ok 319 - search crosses a tombstone and insertion reuses it only after absence proof
2026-10-08T21:16:52.4504005Z   ---
2026-10-08T21:16:52.4504325Z   duration_ms: 4.280069
2026-10-08T21:16:52.4504681Z   ...
2026-10-08T21:16:52.4505234Z # Subtest: a tombstone before an existing key does not create a duplicate
2026-10-08T21:16:52.4506194Z ok 320 - a tombstone before an existing key does not create a duplicate
2026-10-08T21:16:52.4506633Z   ---
2026-10-08T21:16:52.4506923Z   duration_ms: 0.718373
2026-10-08T21:16:52.4507227Z   ...
2026-10-08T21:16:52.4507678Z # Subtest: wraparound, full refusal, duplicate success and full-cycle tombstone reuse
2026-10-08T21:16:52.4508354Z ok 321 - wraparound, full refusal, duplicate success and full-cycle tombstone reuse
2026-10-08T21:16:52.4508771Z   ---
2026-10-08T21:16:52.4509051Z   duration_ms: 0.65983
2026-10-08T21:16:52.4509460Z   ...
2026-10-08T21:16:52.4670757Z # Subtest: probe frames observe the pre-state; only a result frame applies changes
2026-10-08T21:16:52.4671890Z ok 322 - probe frames observe the pre-state; only a result frame applies changes
2026-10-08T21:16:52.4672477Z   ---
2026-10-08T21:16:52.4672784Z   duration_ms: 0.959292
2026-10-08T21:16:52.4673097Z   ...
2026-10-08T21:16:52.4673747Z # Subtest: the original course passes the existing importer and preserves its permission
2026-10-08T21:16:52.4674707Z ok 323 - the original course passes the existing importer and preserves its permission
2026-10-08T21:16:52.4675302Z   ---
2026-10-08T21:16:52.4675574Z   duration_ms: 9.67773
2026-10-08T21:16:52.4676096Z   ...
2026-10-08T21:16:52.4676746Z # Subtest: standalone page is reproducible and embeds the exact downloadable deck text
2026-10-08T21:16:52.4677673Z ok 324 - standalone page is reproducible and embeds the exact downloadable deck text
2026-10-08T21:16:52.4678257Z   ---
2026-10-08T21:16:52.4678532Z   duration_ms: 45.371986
2026-10-08T21:16:52.4678842Z   ...
2026-10-08T21:16:52.4679345Z # Subtest: BKT probabilities stay bounded across repeated evidence
2026-10-08T21:16:52.4680055Z ok 325 - BKT probabilities stay bounded across repeated evidence
2026-10-08T21:16:52.4680499Z   ---
2026-10-08T21:16:52.4680772Z   duration_ms: 7.204725
2026-10-08T21:16:52.4681090Z   ...
2026-10-08T21:16:52.4681750Z # Subtest: correct evidence raises and incorrect evidence lowers posterior for interior prior
2026-10-08T21:16:52.4682771Z ok 326 - correct evidence raises and incorrect evidence lowers posterior for interior prior
2026-10-08T21:16:52.4683385Z   ---
2026-10-08T21:16:52.4683651Z   duration_ms: 0.193554
2026-10-08T21:16:52.4683951Z   ...
2026-10-08T21:16:52.4684508Z # Subtest: parameter validation rejects impossible probabilities
2026-10-08T21:16:52.4685209Z ok 327 - parameter validation rejects impossible probabilities
2026-10-08T21:16:52.4686143Z   ---
2026-10-08T21:16:52.4686444Z   duration_ms: 0.574797
2026-10-08T21:16:52.4686761Z   ...
2026-10-08T21:16:52.4687377Z # Subtest: entropy and information gain have expected bounds and peak near uncertainty
2026-10-08T21:16:52.4688325Z ok 328 - entropy and information gain have expected bounds and peak near uncertainty
2026-10-08T21:16:52.4688908Z   ---
2026-10-08T21:16:52.4689184Z   duration_ms: 1.313215
2026-10-08T21:16:52.4689458Z   ...
2026-10-08T21:16:52.4690051Z # Subtest: selector prioritizes a weak prerequisite and is stable after exhaustion
2026-10-08T21:16:52.4690861Z ok 329 - selector prioritizes a weak prerequisite and is stable after exhaustion
2026-10-08T21:16:52.4691381Z   ---
2026-10-08T21:16:52.4691643Z   duration_ms: 0.410643
2026-10-08T21:16:52.4691911Z   ...
2026-10-08T21:16:52.4692438Z # Subtest: initial mastery creates independent named concept values
2026-10-08T21:16:52.4693172Z ok 330 - initial mastery creates independent named concept values
2026-10-08T21:16:52.4693633Z   ---
2026-10-08T21:16:52.4693897Z   duration_ms: 0.722111
2026-10-08T21:16:52.4706828Z   ...
2026-10-08T21:16:52.4707562Z # Subtest: scripted learner simulation is deterministic, bounded, and distinguishes selector modes
2026-10-08T21:16:52.4708656Z ok 331 - scripted learner simulation is deterministic, bounded, and distinguishes selector modes
2026-10-08T21:16:52.4709259Z   ---
2026-10-08T21:16:52.4709541Z   duration_ms: 0.394573
2026-10-08T21:16:52.4709860Z   ...
2026-10-08T21:16:52.4710462Z # Subtest: written scalars retain exact decimal/fraction intent and bounded admission
2026-10-08T21:16:52.4711332Z ok 332 - written scalars retain exact decimal/fraction intent and bounded admission
2026-10-08T21:16:52.4711887Z   ---
2026-10-08T21:16:52.4712154Z   duration_ms: 1.789051
2026-10-08T21:16:52.4712454Z   ...
2026-10-08T21:16:52.4713054Z # Subtest: noisy example has exact coefficients, each residual, and the minimum identity
2026-10-08T21:16:52.4713929Z ok 333 - noisy example has exact coefficients, each residual, and the minimum identity
2026-10-08T21:16:52.4714497Z   ---
2026-10-08T21:16:52.4715037Z   duration_ms: 1.390017
2026-10-08T21:16:52.4715348Z   ...
2026-10-08T21:16:52.4716231Z # Subtest: changing the middle point changes the intercept and flips residuals without inventing zero SSE
2026-10-08T21:16:52.4736975Z ok 334 - changing the middle point changes the intercept and flips residuals without inventing zero SSE
2026-10-08T21:16:52.4737665Z   ---
2026-10-08T21:16:52.4737956Z   duration_ms: 0.422777
2026-10-08T21:16:52.4738261Z   ...
2026-10-08T21:16:52.4738812Z # Subtest: all authored examples have independently worked exact outcomes
2026-10-08T21:16:52.4739624Z ok 335 - all authored examples have independently worked exact outcomes
2026-10-08T21:16:52.4740138Z   ---
2026-10-08T21:16:52.4740428Z   duration_ms: 1.887619
2026-10-08T21:16:52.4740733Z   ...
2026-10-08T21:16:52.4741366Z # Subtest: all-equal x determines the shared fitted value and minimum, not arbitrary coefficients
2026-10-08T21:16:52.4742433Z ok 336 - all-equal x determines the shared fitted value and minimum, not arbitrary coefficients
2026-10-08T21:16:52.4743087Z   ---
2026-10-08T21:16:52.4743366Z   duration_ms: 0.861742
2026-10-08T21:16:52.4743675Z   ...
2026-10-08T21:16:52.4744437Z # Subtest: ordinary repeated x and duplicate points count as rows; constant y is a valid unique horizontal fit
2026-10-08T21:16:52.4745641Z ok 337 - ordinary repeated x and duplicate points count as rows; constant y is a valid unique horizontal fit
2026-10-08T21:16:52.4746529Z   ---
2026-10-08T21:16:52.4746836Z   duration_ms: 0.525863
2026-10-08T21:16:52.4747155Z   ...
2026-10-08T21:16:52.4747818Z # Subtest: translation, x-unit change and row permutation preserve the appropriate exact quantities
2026-10-08T21:16:52.4748924Z ok 338 - translation, x-unit change and row permutation preserve the appropriate exact quantities
2026-10-08T21:16:52.4749552Z   ---
2026-10-08T21:16:52.4749839Z   duration_ms: 3.140629
2026-10-08T21:16:52.4750379Z   ...
2026-10-08T21:16:52.4751086Z # Subtest: extreme admitted geometry produces copyable exact coefficients without display rounding
2026-10-08T21:16:52.4752156Z ok 339 - extreme admitted geometry produces copyable exact coefficients without display rounding
2026-10-08T21:16:52.4752720Z   ---
2026-10-08T21:16:52.4752983Z   duration_ms: 0.660172
2026-10-08T21:16:52.4753243Z   ...
2026-10-08T21:16:52.4753799Z # Subtest: prediction location uses exact rational comparison at both endpoints
2026-10-08T21:16:52.4773627Z ok 340 - prediction location uses exact rational comparison at both endpoints
2026-10-08T21:16:52.4774497Z   ---
2026-10-08T21:16:52.4774795Z   duration_ms: 0.746637
2026-10-08T21:16:52.4775003Z   ...
2026-10-08T21:16:52.4775385Z # Subtest: zero signed error alone does not minimize the squared criterion
2026-10-08T21:16:52.4776120Z ok 341 - zero signed error alone does not minimize the squared criterion
2026-10-08T21:16:52.4776770Z   ---
2026-10-08T21:16:52.4777112Z   duration_ms: 0.635423
2026-10-08T21:16:52.4777381Z   ...
2026-10-08T21:16:52.4778016Z # Subtest: bounded changed-input corpus satisfies normal equations and direct numerical score comparison
2026-10-08T21:16:52.4779090Z ok 342 - bounded changed-input corpus satisfies normal equations and direct numerical score comparison
2026-10-08T21:16:52.4779699Z   ---
2026-10-08T21:16:52.4779952Z   duration_ms: 38.053309
2026-10-08T21:16:52.4780215Z   ...
2026-10-08T21:16:52.4780746Z # Subtest: invalid inputs refuse without mutating caller rows or leaving a writable result
2026-10-08T21:16:52.4781574Z ok 343 - invalid inputs refuse without mutating caller rows or leaving a writable result
2026-10-08T21:16:52.4782117Z   ---
2026-10-08T21:16:52.4782343Z   duration_ms: 0.649542
2026-10-08T21:16:52.4782610Z   ...
2026-10-08T21:16:52.4783183Z # Subtest: the emitted course uses the real learner format and retains all original worked items
2026-10-08T21:16:52.4784078Z ok 344 - the emitted course uses the real learner format and retains all original worked items
2026-10-08T21:16:52.4784624Z   ---
2026-10-08T21:16:52.4784865Z   duration_ms: 26.471005
2026-10-08T21:16:52.4785138Z   ...
2026-10-08T21:16:52.4786145Z # Subtest: the standalone artifact embeds exact course and guide bytes with no unresolved module dependency
2026-10-08T21:16:52.4787323Z ok 345 - the standalone artifact embeds exact course and guide bytes with no unresolved module dependency
2026-10-08T21:16:52.4788081Z   ---
2026-10-08T21:16:52.4788337Z   duration_ms: 4.196813
2026-10-08T21:16:52.4788627Z   ...
2026-10-08T21:16:52.4789384Z # Subtest: mixed partial save preserves exact native prefix, next item, option orders and uninterrupted continuation
2026-10-08T21:16:52.4790440Z ok 346 - mixed partial save preserves exact native prefix, next item, option orders and uninterrupted continuation
2026-10-08T21:16:52.4791052Z   ---
2026-10-08T21:16:52.4791283Z   duration_ms: 17.353939
2026-10-08T21:16:52.4791542Z   ...
2026-10-08T21:16:52.4792203Z # Subtest: a started lesson with no answers restores the first native question and all initial estimates
2026-10-08T21:16:52.4793233Z ok 347 - a started lesson with no answers restores the first native question and all initial estimates
2026-10-08T21:16:52.4793899Z   ---
2026-10-08T21:16:52.4794190Z   duration_ms: 1.853011
2026-10-08T21:16:52.4794492Z   ...
2026-10-08T21:16:52.4795760Z # Subtest: feedback retains the last chosen option while Next remains the next unanswered question
2026-10-08T21:16:52.4797695Z ok 348 - feedback retains the last chosen option while Next remains the next unanswered question
2026-10-08T21:16:52.4798317Z   ---
2026-10-08T21:16:52.4798560Z   duration_ms: 2.559814
2026-10-08T21:16:52.4798838Z   ...
2026-10-08T21:16:52.4799482Z # Subtest: complete sessions remain in the existing trace format, including its separate practice state
2026-10-08T21:16:52.4800540Z ok 349 - complete sessions remain in the existing trace format, including its separate practice state
2026-10-08T21:16:52.4801140Z   ---
2026-10-08T21:16:52.4801392Z   duration_ms: 5.515117
2026-10-08T21:16:52.4801882Z   ...
2026-10-08T21:16:52.4802461Z # Subtest: course content and array order are bound; harmless JSON object key order is accepted
2026-10-08T21:16:52.4803281Z ok 350 - course content and array order are bound; harmless JSON object key order is accepted
2026-10-08T21:16:52.4803813Z   ---
2026-10-08T21:16:52.4804052Z   duration_ms: 19.177052
2026-10-08T21:16:52.4804344Z   ...
2026-10-08T21:16:52.4804831Z # Subtest: model identity and every BKT parameter must match the native model
2026-10-08T21:16:52.4805806Z ok 351 - model identity and every BKT parameter must match the native model
2026-10-08T21:16:52.4806476Z   ---
2026-10-08T21:16:52.4806723Z   duration_ms: 3.907328
2026-10-08T21:16:52.4806987Z   ...
2026-10-08T21:16:52.4807573Z # Subtest: first answers must form the actual native adaptive prefix with canonical option indices
2026-10-08T21:16:52.4808458Z ok 352 - first answers must form the actual native adaptive prefix with canonical option indices
2026-10-08T21:16:52.4808998Z   ---
2026-10-08T21:16:52.4809239Z   duration_ms: 7.995523
2026-10-08T21:16:52.4809504Z   ...
2026-10-08T21:16:52.4810189Z # Subtest: mastery is replayed at full precision and never accepted from rounded or altered values
2026-10-08T21:16:52.4811157Z ok 353 - mastery is replayed at full precision and never accepted from rounded or altered values
2026-10-08T21:16:52.4811669Z   ---
2026-10-08T21:16:52.4811908Z   duration_ms: 5.337861
2026-10-08T21:16:52.4812185Z   ...
2026-10-08T21:16:52.4812732Z # Subtest: question, feedback and complete per-item permutations are checked before restoration
2026-10-08T21:16:52.4813634Z ok 354 - question, feedback and complete per-item permutations are checked before restoration
2026-10-08T21:16:52.4814188Z   ---
2026-10-08T21:16:52.4814429Z   duration_ms: 17.119747
2026-10-08T21:16:52.4814697Z   ...
2026-10-08T21:16:52.4815394Z # Subtest: successful and refused reads leave caller state untouched and return deeply immutable independent copies
2026-10-08T21:16:52.4816671Z ok 355 - successful and refused reads leave caller state untouched and return deeply immutable independent copies
2026-10-08T21:16:52.4817516Z   ---
2026-10-08T21:16:52.4817766Z   duration_ms: 2.078461
2026-10-08T21:16:52.4818047Z   ...
2026-10-08T21:16:52.4818767Z # Subtest: the JSON boundary rejects malformed, unsupported, deep and oversized files with a UTF-8 byte limit
2026-10-08T21:16:52.4819796Z ok 356 - the JSON boundary rejects malformed, unsupported, deep and oversized files with a UTF-8 byte limit
2026-10-08T21:16:52.4820416Z   ---
2026-10-08T21:16:52.4820682Z   duration_ms: 32.553186
2026-10-08T21:16:52.4820990Z   ...
2026-10-08T21:16:52.4821616Z # Subtest: save times are canonical UTC values and invalid save inputs cannot mutate a session
2026-10-08T21:16:52.4822597Z ok 357 - save times are canonical UTC values and invalid save inputs cannot mutate a session
2026-10-08T21:16:52.4823180Z   ---
2026-10-08T21:16:52.4823441Z   duration_ms: 3.042785
2026-10-08T21:16:52.4823720Z   ...
2026-10-08T21:16:52.4824450Z # Subtest: ordinary course identifiers that match object prototype names survive without shared object mutation
2026-10-08T21:16:52.4825551Z ok 358 - ordinary course identifiers that match object prototype names survive without shared object mutation
2026-10-08T21:16:52.4826357Z   ---
2026-10-08T21:16:52.4826611Z   duration_ms: 2.733083
2026-10-08T21:16:52.4826862Z   ...
2026-10-08T21:16:53.1527485Z # Subtest: original v1 fixture bytes are unchanged from the pre-repair native witness
2026-10-08T21:16:53.1537530Z ok 359 - original v1 fixture bytes are unchanged from the pre-repair native witness
2026-10-08T21:16:53.1538342Z   ---
2026-10-08T21:16:53.1538736Z   duration_ms: 1.439181
2026-10-08T21:16:53.1539109Z   ...
2026-10-08T21:16:53.1539731Z # Subtest: fresh default selection keeps its native de locale order
2026-10-08T21:16:53.1540621Z ok 360 - fresh default selection keeps its native de locale order
2026-10-08T21:16:53.1541230Z   ---
2026-10-08T21:16:53.1541623Z   duration_ms: 53.578202
2026-10-08T21:16:53.1542347Z   ...
2026-10-08T21:16:53.1607324Z # Subtest: fresh default selection keeps its native sv locale order
2026-10-08T21:16:53.1626958Z ok 361 - fresh default selection keeps its native sv locale order
2026-10-08T21:16:53.1644388Z   ---
2026-10-08T21:16:53.1644844Z   duration_ms: 54.597144
2026-10-08T21:16:53.1645253Z   ...
2026-10-08T21:16:53.1645810Z # Subtest: unchanged original unicode-de v1 archive restores in de
2026-10-08T21:16:53.1646756Z ok 362 - unchanged original unicode-de v1 archive restores in de
2026-10-08T21:16:53.1647300Z   ---
2026-10-08T21:16:53.1647627Z   duration_ms: 55.30883
2026-10-08T21:16:53.1647995Z   ...
2026-10-08T21:16:53.1648511Z # Subtest: unchanged original unicode-de v1 archive restores in sv
2026-10-08T21:16:53.1649243Z ok 363 - unchanged original unicode-de v1 archive restores in sv
2026-10-08T21:16:53.1649735Z   ---
2026-10-08T21:16:53.1650057Z   duration_ms: 52.242724
2026-10-08T21:16:53.1650425Z   ...
2026-10-08T21:16:53.1650938Z # Subtest: unchanged original unicode-sv v1 archive restores in de
2026-10-08T21:16:53.1651688Z ok 364 - unchanged original unicode-sv v1 archive restores in de
2026-10-08T21:16:53.1652178Z   ---
2026-10-08T21:16:53.1652498Z   duration_ms: 62.327012
2026-10-08T21:16:53.1652854Z   ...
2026-10-08T21:16:53.1653364Z # Subtest: unchanged original unicode-sv v1 archive restores in sv
2026-10-08T21:16:53.1654085Z ok 365 - unchanged original unicode-sv v1 archive restores in sv
2026-10-08T21:16:53.1654581Z   ---
2026-10-08T21:16:53.1654894Z   duration_ms: 56.738632
2026-10-08T21:16:53.1655261Z   ...
2026-10-08T21:16:53.1655788Z # Subtest: unchanged original ascii-de v1 archive restores in de
2026-10-08T21:16:53.1656632Z ok 366 - unchanged original ascii-de v1 archive restores in de
2026-10-08T21:16:53.1657148Z   ---
2026-10-08T21:16:53.1657505Z   duration_ms: 57.712357
2026-10-08T21:16:53.1657855Z   ...
2026-10-08T21:16:53.1658365Z # Subtest: unchanged original ascii-de v1 archive restores in sv
2026-10-08T21:16:53.1659067Z ok 367 - unchanged original ascii-de v1 archive restores in sv
2026-10-08T21:16:53.1659559Z   ---
2026-10-08T21:16:53.1660119Z   duration_ms: 44.930181
2026-10-08T21:16:53.1660500Z   ...
2026-10-08T21:16:53.1660998Z # Subtest: unchanged original ascii-sv v1 archive restores in de
2026-10-08T21:16:53.1661690Z ok 368 - unchanged original ascii-sv v1 archive restores in de
2026-10-08T21:16:53.1662178Z   ---
2026-10-08T21:16:53.1662500Z   duration_ms: 53.409528
2026-10-08T21:16:53.1662857Z   ...
2026-10-08T21:16:53.1663374Z # Subtest: unchanged original ascii-sv v1 archive restores in sv
2026-10-08T21:16:53.1664064Z ok 369 - unchanged original ascii-sv v1 archive restores in sv
2026-10-08T21:16:53.1664551Z   ---
2026-10-08T21:16:53.1664861Z   duration_ms: 62.878375
2026-10-08T21:16:53.1665233Z   ...
2026-10-08T21:16:53.1665749Z # Subtest: zero-answer question keeps its recorded tie from de to sv
2026-10-08T21:16:53.1666724Z ok 370 - zero-answer question keeps its recorded tie from de to sv
2026-10-08T21:16:53.1667277Z   ---
2026-10-08T21:16:53.1667618Z   duration_ms: 90.274513
2026-10-08T21:16:53.1668068Z   ...
2026-10-08T21:16:53.1668585Z # Subtest: feedback preserves the original answer from de to sv
2026-10-08T21:16:53.1669289Z ok 371 - feedback preserves the original answer from de to sv
2026-10-08T21:16:53.1669769Z   ---
2026-10-08T21:16:53.1670080Z   duration_ms: 91.213568
2026-10-08T21:16:53.1670445Z   ...
2026-10-08T21:16:53.1670975Z # Subtest: a pending tie after a shared first answer survives de to sv
2026-10-08T21:16:53.1671724Z ok 372 - a pending tie after a shared first answer survives de to sv
2026-10-08T21:16:53.1672271Z   ---
2026-10-08T21:16:53.1672599Z   duration_ms: 94.400707
2026-10-08T21:16:53.1672959Z   ...
2026-10-08T21:16:53.1673490Z # Subtest: zero-answer question keeps its recorded tie from sv to de
2026-10-08T21:16:53.1674225Z ok 373 - zero-answer question keeps its recorded tie from sv to de
2026-10-08T21:16:53.1674729Z   ---
2026-10-08T21:16:53.1675049Z   duration_ms: 131.728209
2026-10-08T21:16:53.1675596Z   ...
2026-10-08T21:16:53.1676219Z # Subtest: feedback preserves the original answer from sv to de
2026-10-08T21:16:53.1676902Z ok 374 - feedback preserves the original answer from sv to de
2026-10-08T21:16:53.1677400Z   ---
2026-10-08T21:16:53.1677756Z   duration_ms: 113.889356
2026-10-08T21:16:53.1678109Z   ...
2026-10-08T21:16:53.1678652Z # Subtest: a pending tie after a shared first answer survives sv to de
2026-10-08T21:16:53.1679377Z ok 375 - a pending tie after a shared first answer survives sv to de
2026-10-08T21:16:53.1679869Z   ---
2026-10-08T21:16:53.1680210Z   duration_ms: 123.124318
2026-10-08T21:16:53.1680562Z   ...
2026-10-08T21:16:53.1681104Z # Subtest: an optional recorded ID may choose either exact maximum tie
2026-10-08T21:16:53.1681834Z ok 376 - an optional recorded ID may choose either exact maximum tie
2026-10-08T21:16:53.1682342Z   ---
2026-10-08T21:16:53.1682663Z   duration_ms: 11.43963
2026-10-08T21:16:53.1683017Z   ...
2026-10-08T21:16:53.1683655Z # Subtest: absent, unknown, already-asked and exhausted preferences keep native behavior
2026-10-08T21:16:53.1684605Z ok 377 - absent, unknown, already-asked and exhausted preferences keep native behavior
2026-10-08T21:16:53.1685243Z   ---
2026-10-08T21:16:53.1685568Z   duration_ms: 0.367874
2026-10-08T21:16:53.1685999Z   ...
2026-10-08T21:16:53.1686716Z # Subtest: a recorded preference cannot override a strictly better prerequisite-repair score
2026-10-08T21:16:53.1687718Z ok 378 - a recorded preference cannot override a strictly better prerequisite-repair score
2026-10-08T21:16:53.1688371Z   ---
2026-10-08T21:16:53.1688710Z   duration_ms: 0.301629
2026-10-08T21:16:53.1689065Z   ...
2026-10-08T21:16:53.1689719Z # Subtest: a recorded preference cannot turn a near but unequal information gain into a tie
2026-10-08T21:16:53.1690697Z ok 379 - a recorded preference cannot turn a near but unequal information gain into a tie
2026-10-08T21:16:53.1691333Z   ---
2026-10-08T21:16:53.1691662Z   duration_ms: 0.325377
2026-10-08T21:16:53.1692031Z   ...
2026-10-08T21:16:53.1692907Z # Subtest: archive replay refuses a lower-scoring first answer with otherwise exact recomputed mastery
2026-10-08T21:16:53.1693973Z ok 380 - archive replay refuses a lower-scoring first answer with otherwise exact recomputed mastery
2026-10-08T21:16:53.1694663Z   ---
2026-10-08T21:16:53.1694973Z   duration_ms: 2.166378
2026-10-08T21:16:53.1695326Z   ...
2026-10-08T21:16:53.1696007Z # Subtest: archive replay refuses a lower-scoring zero-answer pending question
2026-10-08T21:16:53.1696875Z ok 381 - archive replay refuses a lower-scoring zero-answer pending question
2026-10-08T21:16:53.1697483Z   ---
2026-10-08T21:16:53.1697801Z   duration_ms: 1.074977
2026-10-08T21:16:53.1698143Z   ...
2026-10-08T21:16:53.1866998Z # Subtest: the original fourteen-question course passes the real bounded importer and reviewed key
2026-10-08T21:16:53.1896955Z ok 382 - the original fourteen-question course passes the real bounded importer and reviewed key
2026-10-08T21:16:53.1908610Z   ---
2026-10-08T21:16:53.1909136Z   duration_ms: 6.526689
2026-10-08T21:16:53.1909562Z   ...
2026-10-08T21:16:53.1910320Z # Subtest: integer percentages reject malformed input instead of parsing a numeric prefix
2026-10-08T21:16:53.1911343Z ok 383 - integer percentages reject malformed input instead of parsing a numeric prefix
2026-10-08T21:16:53.1911998Z   ---
2026-10-08T21:16:53.1912367Z   duration_ms: 0.559549
2026-10-08T21:16:53.1912760Z   ...
2026-10-08T21:16:53.1913438Z # Subtest: matrix and initial admission reject shape, type, sparse values and wrong totals
2026-10-08T21:16:53.1914446Z ok 384 - matrix and initial admission reject shape, type, sparse values and wrong totals
2026-10-08T21:16:53.1915092Z   ---
2026-10-08T21:16:53.1915484Z   duration_ms: 0.537934
2026-10-08T21:16:53.1916089Z   ...
2026-10-08T21:16:53.1916894Z # Subtest: every preset and independent custom system agree with exact rational weights through step 30
2026-10-08T21:16:53.1918076Z ok 385 - every preset and independent custom system agree with exact rational weights through step 30
2026-10-08T21:16:53.1919004Z   ---
2026-10-08T21:16:53.1919370Z   duration_ms: 7.201154
2026-10-08T21:16:53.1919770Z   ...
2026-10-08T21:16:53.1920449Z # Subtest: mixing has the original worked values and an independent closed-form solution
2026-10-08T21:16:53.1921421Z ok 386 - mixing has the original worked values and an independent closed-form solution
2026-10-08T21:16:53.1922046Z   ---
2026-10-08T21:16:53.1922404Z   duration_ms: 0.374035
2026-10-08T21:16:53.1922800Z   ...
2026-10-08T21:16:53.1923442Z # Subtest: alternation is periodic while its stationary distribution remains fixed
2026-10-08T21:16:53.1924438Z ok 387 - alternation is periodic while its stationary distribution remains fixed
2026-10-08T21:16:53.1925060Z   ---
2026-10-08T21:16:53.1925417Z   duration_ms: 0.713188
2026-10-08T21:16:53.1925811Z   ...
2026-10-08T21:16:53.1926641Z # Subtest: absorbing and two-closed-state systems preserve reachability and initial dependence
2026-10-08T21:16:53.1929079Z ok 388 - absorbing and two-closed-state systems preserve reachability and initial dependence
2026-10-08T21:16:53.1929813Z   ---
2026-10-08T21:16:53.1930173Z   duration_ms: 1.118881
2026-10-08T21:16:53.1930558Z   ...
2026-10-08T21:16:53.1931277Z # Subtest: step zero, bounds, copied inputs and deep immutability keep an observation coherent
2026-10-08T21:16:53.1932353Z ok 389 - step zero, bounds, copied inputs and deep immutability keep an observation coherent
2026-10-08T21:16:53.1933033Z   ---
2026-10-08T21:16:53.1933398Z   duration_ms: 0.414873
2026-10-08T21:16:53.1933799Z   ...
2026-10-08T21:16:53.1934527Z # Subtest: observation export binds applied inputs, selected step and full computed precision
2026-10-08T21:16:53.1935565Z ok 390 - observation export binds applied inputs, selected step and full computed precision
2026-10-08T21:16:53.1936349Z   ---
2026-10-08T21:16:53.1936684Z   duration_ms: 1.507924
2026-10-08T21:16:53.1937039Z   ...
2026-10-08T21:16:53.1937749Z # Subtest: the direct-open explorer contains exact course bytes and matches the maintained builder
2026-10-08T21:16:53.1939049Z ok 391 - the direct-open explorer contains exact course bytes and matches the maintained builder
2026-10-08T21:16:53.1939709Z   ---
2026-10-08T21:16:53.1940074Z   duration_ms: 45.186699
2026-10-08T21:16:53.1940476Z   ...
2026-10-08T21:16:53.1941048Z # Independent arithmetic cases: 1458; finite rows received: 14580
2026-10-08T21:16:53.1941891Z # Subtest: six worked examples distinguish base, step and finite evidence
2026-10-08T21:16:53.1942762Z ok 392 - six worked examples distinguish base, step and finite evidence
2026-10-08T21:16:53.1943365Z   ---
2026-10-08T21:16:53.1943708Z   duration_ms: 3.99812
2026-10-08T21:16:53.1944101Z   ...
2026-10-08T21:16:53.1944804Z # Subtest: independent finite sums and differences receive 1458 bounded exact certificates
2026-10-08T21:16:53.1946073Z ok 393 - independent finite sums and differences receive 1458 bounded exact certificates
2026-10-08T21:16:53.1946870Z   ---
2026-10-08T21:16:53.1992614Z   duration_ms: 123.443657
2026-10-08T21:16:53.1992964Z   ...
2026-10-08T21:16:53.1993437Z # Subtest: coefficient extremes and denominator bounds preserve exact arithmetic
2026-10-08T21:16:53.1994037Z ok 394 - coefficient extremes and denominator bounds preserve exact arithmetic
2026-10-08T21:16:53.1994448Z   ---
2026-10-08T21:16:53.1994692Z   duration_ms: 0.869141
2026-10-08T21:16:53.1994952Z   ...
2026-10-08T21:16:53.1995337Z # Subtest: equivalent rational representation and zero denominator refusal
2026-10-08T21:16:53.1996029Z ok 395 - equivalent rational representation and zero denominator refusal
2026-10-08T21:16:53.1996559Z   ---
2026-10-08T21:16:53.1996880Z   duration_ms: 0.704521
2026-10-08T21:16:53.1997239Z   ...
2026-10-08T21:16:53.1997866Z # Subtest: strict admission rejects malformed, missing, fractional and out-of-range inputs
2026-10-08T21:16:53.1998640Z ok 396 - strict admission rejects malformed, missing, fractional and out-of-range inputs
2026-10-08T21:16:53.1999119Z   ---
2026-10-08T21:16:53.1999645Z   duration_ms: 0.970865
2026-10-08T21:16:53.1999913Z   ...
2026-10-08T21:16:53.2000407Z # Subtest: accepted inputs and every exported record branch are immutable
2026-10-08T21:16:53.2001053Z ok 397 - accepted inputs and every exported record branch are immutable
2026-10-08T21:16:53.2001495Z   ---
2026-10-08T21:16:53.2001724Z   duration_ms: 0.479934
2026-10-08T21:16:53.2001964Z   ...
2026-10-08T21:16:53.2002474Z # Subtest: course uses unchanged native deck contract and frozen independent question wording
2026-10-08T21:16:53.2003334Z ok 398 - course uses unchanged native deck contract and frozen independent question wording
2026-10-08T21:16:53.2003850Z   ---
2026-10-08T21:16:53.2004109Z   duration_ms: 10.012676
2026-10-08T21:16:53.2004385Z   ...
2026-10-08T21:16:53.2005044Z # Subtest: the original course is admitted by the existing deck contract with all four concepts covered
2026-10-08T21:16:53.2006296Z ok 399 - the original course is admitted by the existing deck contract with all four concepts covered
2026-10-08T21:16:53.2006927Z   ---
2026-10-08T21:16:53.2007185Z   duration_ms: 3.079758
2026-10-08T21:16:53.2007454Z   ...
2026-10-08T21:16:53.2008036Z # Subtest: answer positions are balanced and no correct option is uniquely the longest
2026-10-08T21:16:53.2008905Z ok 400 - answer positions are balanced and no correct option is uniquely the longest
2026-10-08T21:16:53.2009410Z   ---
2026-10-08T21:16:53.2009656Z   duration_ms: 0.307322
2026-10-08T21:16:53.2009908Z   ...
2026-10-08T21:16:53.2010524Z # Subtest: each numerical answer uses the stated correction sign, denominator or independence assumption
2026-10-08T21:16:53.2011392Z ok 401 - each numerical answer uses the stated correction sign, denominator or independence assumption
2026-10-08T21:16:53.2011791Z   ---
2026-10-08T21:16:53.2011979Z   duration_ms: 0.290657
2026-10-08T21:16:53.2012178Z   ...
2026-10-08T21:16:53.2012672Z # Subtest: standalone artifact is deterministic, preserves the exact deck bytes and contains executable classic scripts
2026-10-08T21:16:53.2013658Z ok 402 - standalone artifact is deterministic, preserves the exact deck bytes and contains executable classic scripts
2026-10-08T21:16:53.2014102Z   ---
2026-10-08T21:16:53.2014286Z   duration_ms: 3.826475
2026-10-08T21:16:53.2014571Z   ...
2026-10-08T21:16:53.2015059Z # Subtest: worked four-reading budget distinguishes raw mean, correction, sample scatter and mean uncertainty
2026-10-08T21:16:53.2015760Z ok 403 - worked four-reading budget distinguishes raw mean, correction, sample scatter and mean uncertainty
2026-10-08T21:16:53.2016485Z   ---
2026-10-08T21:16:53.2016742Z   duration_ms: 1.666857
2026-10-08T21:16:53.2017016Z   ...
2026-10-08T21:16:53.2017715Z # Subtest: a shared additive correction shifts the estimate without changing either uncertainty component
2026-10-08T21:16:53.2018811Z ok 404 - a shared additive correction shifts the estimate without changing either uncertainty component
2026-10-08T21:16:53.2019459Z   ---
2026-10-08T21:16:53.2019726Z   duration_ms: 0.323002
2026-10-08T21:16:53.2020035Z   ...
2026-10-08T21:16:53.2020797Z # Subtest: identical readings retain a nonzero shared component and are not rejected for numerical repetition
2026-10-08T21:16:53.2021960Z ok 405 - identical readings retain a nonzero shared component and are not rejected for numerical repetition
2026-10-08T21:16:53.2022630Z   ---
2026-10-08T21:16:53.2022899Z   duration_ms: 1.055993
2026-10-08T21:16:53.2023194Z   ...
2026-10-08T21:16:53.2023979Z # Subtest: future independent sample sizes hold shared calibration fixed while repeatability shrinks by square root
2026-10-08T21:16:53.2025221Z ok 406 - future independent sample sizes hold shared calibration fixed while repeatability shrinks by square root
2026-10-08T21:16:53.2026052Z   ---
2026-10-08T21:16:53.2026337Z   duration_ms: 0.451434
2026-10-08T21:16:53.2026654Z   ...
2026-10-08T21:16:53.2027328Z # Subtest: shared covariance gives the same calibration contribution for a mean of any sample size
2026-10-08T21:16:53.2028374Z ok 407 - shared covariance gives the same calibration contribution for a mean of any sample size
2026-10-08T21:16:53.2029184Z   ---
2026-10-08T21:16:53.2029478Z   duration_ms: 0.254467
2026-10-08T21:16:53.2029783Z   ...
2026-10-08T21:16:53.2030465Z # Subtest: compensated raw means preserve small residuals after large opposing readings cancel
2026-10-08T21:16:53.2031495Z ok 408 - compensated raw means preserve small residuals after large opposing readings cancel
2026-10-08T21:16:53.2032112Z   ---
2026-10-08T21:16:53.2032389Z   duration_ms: 0.241805
2026-10-08T21:16:53.2032687Z   ...
2026-10-08T21:16:53.2033369Z # Subtest: centered scatter remains meaningful for a large shared offset and at supported extremes
2026-10-08T21:16:53.2034425Z ok 409 - centered scatter remains meaningful for a large shared offset and at supported extremes
2026-10-08T21:16:53.2035044Z   ---
2026-10-08T21:16:53.2035325Z   duration_ms: 0.284655
2026-10-08T21:16:53.2035625Z   ...
2026-10-08T21:16:53.2036446Z # Subtest: reordering observations preserves the summary but does not assert statistical independence
2026-10-08T21:16:53.2037590Z ok 410 - reordering observations preserves the summary but does not assert statistical independence
2026-10-08T21:16:53.2038236Z   ---
2026-10-08T21:16:53.2038502Z   duration_ms: 0.872787
2026-10-08T21:16:53.2038812Z   ...
2026-10-08T21:16:53.2039467Z # Subtest: input parsing keeps every observation and refuses malformed or missing comma fields
2026-10-08T21:16:53.2040462Z ok 411 - input parsing keeps every observation and refuses malformed or missing comma fields
2026-10-08T21:16:53.2041064Z   ---
2026-10-08T21:16:53.2041335Z   duration_ms: 1.394843
2026-10-08T21:16:53.2041627Z   ...
2026-10-08T21:16:53.2042229Z # Subtest: supported magnitude and nonnegative half-width boundaries are explicit
2026-10-08T21:16:53.2043117Z ok 412 - supported magnitude and nonnegative half-width boundaries are explicit
2026-10-08T21:16:53.2043670Z   ---
2026-10-08T21:16:53.2043947Z   duration_ms: 0.585742
2026-10-08T21:16:53.2044263Z   ...
2026-10-08T21:16:53.2044896Z # Subtest: public calculations reject missing observations and invalid forecast counts
2026-10-08T21:16:53.2046126Z ok 413 - public calculations reject missing observations and invalid forecast counts
2026-10-08T21:16:53.2046610Z   ---
2026-10-08T21:16:53.2046836Z   duration_ms: 0.432636
2026-10-08T21:16:53.2047075Z   ...
2026-10-08T21:16:53.2047582Z # Subtest: calculation snapshots do not mutate caller arrays or change after later edits
2026-10-08T21:16:53.2048543Z ok 414 - calculation snapshots do not mutate caller arrays or change after later edits
2026-10-08T21:16:53.2049023Z   ---
2026-10-08T21:16:53.2049246Z   duration_ms: 0.227723
2026-10-08T21:16:53.2049493Z   ...
2026-10-08T21:16:53.2050161Z # Subtest: the original twelve-item course has native schema, prerequisite closure and exact export/reopen
2026-10-08T21:16:53.2051173Z ok 415 - the original twelve-item course has native schema, prerequisite closure and exact export/reopen
2026-10-08T21:16:53.2051722Z   ---
2026-10-08T21:16:53.2051930Z   duration_ms: 2.164885
2026-10-08T21:16:53.2052157Z   ...
2026-10-08T21:16:53.2052715Z # Subtest: correct course answers complete the actual selector, separate practice and literal study notes
2026-10-08T21:16:53.2053579Z ok 416 - correct course answers complete the actual selector, separate practice and literal study notes
2026-10-08T21:16:53.2054154Z   ---
2026-10-08T21:16:53.2054461Z   duration_ms: 12.069838
2026-10-08T21:16:53.2054751Z   ...
2026-10-08T21:16:53.2055370Z # Subtest: mixed course answers complete the actual selector, separate practice and literal study notes
2026-10-08T21:16:53.2056465Z ok 417 - mixed course answers complete the actual selector, separate practice and literal study notes
2026-10-08T21:16:53.2057049Z   ---
2026-10-08T21:16:53.2057302Z   duration_ms: 2.081291
2026-10-08T21:16:53.2057602Z   ...
2026-10-08T21:16:53.2058234Z # Subtest: missed course answers complete the actual selector, separate practice and literal study notes
2026-10-08T21:16:53.2059249Z ok 418 - missed course answers complete the actual selector, separate practice and literal study notes
2026-10-08T21:16:53.2060027Z   ---
2026-10-08T21:16:53.2060291Z   duration_ms: 2.54885
2026-10-08T21:16:53.2060573Z   ...
2026-10-08T21:16:53.2061215Z # Subtest: the direct-open artifact is deterministic and embeds the exact validated course text
2026-10-08T21:16:53.2062261Z ok 419 - the direct-open artifact is deterministic and embeds the exact validated course text
2026-10-08T21:16:53.2062820Z   ---
2026-10-08T21:16:53.2063091Z   duration_ms: 2.36534
2026-10-08T21:16:53.2063395Z   ...
2026-10-08T21:16:53.2064103Z # Subtest: CLI check through a symlink refuses stale output and accepts the exact current artifact
2026-10-08T21:16:53.2065148Z ok 420 - CLI check through a symlink refuses stale output and accepts the exact current artifact
2026-10-08T21:16:53.2065785Z   ---
2026-10-08T21:16:53.2066187Z   duration_ms: 102.062126
2026-10-08T21:16:53.2066511Z   ...
2026-10-08T21:16:53.2067064Z # Subtest: gametes carry one allele per locus and preserve equal segregation
2026-10-08T21:16:53.2067916Z ok 421 - gametes carry one allele per locus and preserve equal segregation
2026-10-08T21:16:53.2068449Z   ---
2026-10-08T21:16:53.2068728Z   duration_ms: 2.345281
2026-10-08T21:16:53.2069016Z   ...
2026-10-08T21:16:53.2069938Z # Subtest: Aa × Aa keeps both heterozygote routes and distinguishes genotype from phenotype
2026-10-08T21:16:53.2071137Z ok 422 - Aa × Aa keeps both heterozygote routes and distinguishes genotype from phenotype
2026-10-08T21:16:53.2071744Z   ---
2026-10-08T21:16:53.2071997Z   duration_ms: 0.90726
2026-10-08T21:16:53.2072251Z   ...
2026-10-08T21:16:53.2072736Z # Subtest: test crosses and complementary homozygotes have their own outcomes
2026-10-08T21:16:53.2073496Z ok 423 - test crosses and complementary homozygotes have their own outcomes
2026-10-08T21:16:53.2073892Z   ---
2026-10-08T21:16:53.2074111Z   duration_ms: 1.748228
2026-10-08T21:16:53.2074338Z   ...
2026-10-08T21:16:53.2074879Z # Subtest: the sixteen-route cross gives nine genotypes and 9:3:3:1 only under its stated assumptions
2026-10-08T21:16:53.2076150Z ok 424 - the sixteen-route cross gives nine genotypes and 9:3:3:1 only under its stated assumptions
2026-10-08T21:16:53.2076818Z   ---
2026-10-08T21:16:53.2077101Z   duration_ms: 0.678393
2026-10-08T21:16:53.2077456Z   ...
2026-10-08T21:16:53.2078283Z # Subtest: asymmetric AABb × Aabb derives the course answer without a memorized ratio
2026-10-08T21:16:53.2079313Z ok 425 - asymmetric AABb × Aabb derives the course answer without a memorized ratio
2026-10-08T21:16:53.2079864Z   ---
2026-10-08T21:16:53.2080140Z   duration_ms: 0.507701
2026-10-08T21:16:53.2080445Z   ...
2026-10-08T21:16:53.2081224Z # Subtest: all 90 bounded parent pairs agree with the allele-copy oracle, conserve probability and commute
2026-10-08T21:16:53.2082287Z ok 426 - all 90 bounded parent pairs agree with the allele-copy oracle, conserve probability and commute
2026-10-08T21:16:53.2082873Z   ---
2026-10-08T21:16:53.2083117Z   duration_ms: 18.42565
2026-10-08T21:16:53.2083395Z   ...
2026-10-08T21:16:53.2083907Z # Subtest: unsupported inputs cannot become a silently different cross
2026-10-08T21:16:53.2084612Z ok 427 - unsupported inputs cannot become a silently different cross
2026-10-08T21:16:53.2085057Z   ---
2026-10-08T21:16:53.2085305Z   duration_ms: 0.735437
2026-10-08T21:16:53.2085587Z   ...
2026-10-08T21:16:53.2086464Z # Subtest: a saved cross is a complete immutable record with explicit model boundaries
2026-10-08T21:16:53.2087296Z ok 428 - a saved cross is a complete immutable record with explicit model boundaries
2026-10-08T21:16:53.2087789Z   ---
2026-10-08T21:16:53.2088049Z   duration_ms: 0.793005
2026-10-08T21:16:53.2088330Z   ...
2026-10-08T21:16:53.2088959Z # Subtest: the original course uses the existing deck contract with complete balanced concept coverage
2026-10-08T21:16:53.2089945Z ok 429 - the original course uses the existing deck contract with complete balanced concept coverage
2026-10-08T21:16:53.2090533Z   ---
2026-10-08T21:16:53.2090922Z   duration_ms: 5.149185
2026-10-08T21:16:53.2091197Z   ...
2026-10-08T21:16:53.2091784Z # Subtest: the stated worked answers retain the numeric and graph-objective distinctions
2026-10-08T21:16:53.2092641Z ok 430 - the stated worked answers retain the numeric and graph-objective distinctions
2026-10-08T21:16:53.2093218Z   ---
2026-10-08T21:16:53.2093482Z   duration_ms: 1.149996
2026-10-08T21:16:53.2093757Z   ...
2026-10-08T21:16:53.2094388Z # Subtest: the actual learner imports every question and keeps practice separate from original answers
2026-10-08T21:16:53.2095372Z ok 431 - the actual learner imports every question and keeps practice separate from original answers
2026-10-08T21:16:53.2096143Z   ---
2026-10-08T21:16:53.2096400Z   duration_ms: 15.016985
2026-10-08T21:16:53.2096724Z   ...
2026-10-08T21:16:53.2097405Z # Subtest: the connected worked graph records all decisions, including later cycle rejections
2026-10-08T21:16:53.2098339Z ok 432 - the connected worked graph records all decisions, including later cycle rejections
2026-10-08T21:16:53.2098915Z   ---
2026-10-08T21:16:53.2099170Z   duration_ms: 2.890263
2026-10-08T21:16:53.2099470Z   ...
2026-10-08T21:16:53.2100116Z # Subtest: ties retain input identity and endpoint orientation while negative weights remain eligible
2026-10-08T21:16:53.2101109Z ok 433 - ties retain input identity and endpoint orientation while negative weights remain eligible
2026-10-08T21:16:53.2101697Z   ---
2026-10-08T21:16:53.2101940Z   duration_ms: 1.878376
2026-10-08T21:16:53.2102215Z   ...
2026-10-08T21:16:53.2102771Z # Subtest: disconnected and edge-free inputs keep every vertex in the final forest
2026-10-08T21:16:53.2103580Z ok 434 - disconnected and edge-free inputs keep every vertex in the final forest
2026-10-08T21:16:53.2104086Z   ---
2026-10-08T21:16:53.2104346Z   duration_ms: 0.538926
2026-10-08T21:16:53.2104624Z   ...
2026-10-08T21:16:53.2105290Z # Subtest: admission refuses ambiguous graphs and snapshots remain detached from later edits
2026-10-08T21:16:53.2106380Z ok 435 - admission refuses ambiguous graphs and snapshots remain detached from later edits
2026-10-08T21:16:53.2107077Z   ---
2026-10-08T21:16:53.2107333Z   duration_ms: 0.991177
2026-10-08T21:16:53.2107623Z   ...
2026-10-08T21:16:53.2108264Z # Subtest: the delivered standalone file rebuilds exactly and embeds the unmodified course and guide
2026-10-08T21:16:53.2109247Z ok 436 - the delivered standalone file rebuilds exactly and embeds the unmodified course and guide
2026-10-08T21:16:53.2109841Z   ---
2026-10-08T21:16:53.2110093Z   duration_ms: 58.448098
2026-10-08T21:16:53.2110380Z   ...
2026-10-08T21:16:53.2111004Z # Subtest: the builder retains literal closing-tag text and refuses a duplicated template marker
2026-10-08T21:16:53.2111920Z ok 437 - the builder retains literal closing-tag text and refuses a duplicated template marker
2026-10-08T21:16:53.2112489Z   ---
2026-10-08T21:16:53.2112752Z   duration_ms: 104.268162
2026-10-08T21:16:53.2113048Z   ...
2026-10-08T21:16:53.2113685Z # Subtest: original twelve-question course passes the unchanged learner codec and independent key
2026-10-08T21:16:53.2114671Z ok 438 - original twelve-question course passes the unchanged learner codec and independent key
2026-10-08T21:16:53.2115240Z   ---
2026-10-08T21:16:53.2115489Z   duration_ms: 5.642033
2026-10-08T21:16:53.2115792Z   ...
2026-10-08T21:16:53.2126199Z # Subtest: worked unequal-mass event distinguishes the separating branch from unchanged motion
2026-10-08T21:16:53.2127195Z ok 439 - worked unequal-mass event distinguishes the separating branch from unchanged motion
2026-10-08T21:16:53.2127766Z   ---
2026-10-08T21:16:53.2128039Z   duration_ms: 1.317132
2026-10-08T21:16:53.2128338Z   ...
2026-10-08T21:16:53.2128918Z # Subtest: equal or growing positive gaps do not receive hypothetical collision endpoints
2026-10-08T21:16:53.2129796Z ok 440 - equal or growing positive gaps do not receive hypothetical collision endpoints
2026-10-08T21:16:53.2130366Z   ---
2026-10-08T21:16:53.2130619Z   duration_ms: 0.574003
2026-10-08T21:16:53.2131175Z   ...
2026-10-08T21:16:53.2131824Z # Subtest: saved analysis recomputes accepted entered values and rejects extra physical claims
2026-10-08T21:16:53.2132761Z ok 441 - saved analysis recomputes accepted entered values and rejects extra physical claims
2026-10-08T21:16:53.2133321Z   ---
2026-10-08T21:16:53.2133582Z   duration_ms: 0.872242
2026-10-08T21:16:53.2133865Z   ...
2026-10-08T21:16:53.2134432Z # Subtest: committed standalone explorer reproduces exactly from the owned source inputs
2026-10-08T21:16:53.2135324Z ok 442 - committed standalone explorer reproduces exactly from the owned source inputs
2026-10-08T21:16:53.2136008Z   ---
2026-10-08T21:16:53.2136286Z   duration_ms: 48.335922
2026-10-08T21:16:53.2136587Z   ...
2026-10-08T21:16:53.6247812Z # Subtest: rerouting cancels one exact original edge and increases total flow
2026-10-08T21:16:53.6248864Z ok 443 - rerouting cancels one exact original edge and increases total flow
2026-10-08T21:16:53.6276775Z   ---
2026-10-08T21:16:53.6297164Z   duration_ms: 4.17598
2026-10-08T21:16:53.6297877Z   ...
2026-10-08T21:16:53.6298718Z # Subtest: all worked presets meet independent cuts and conservation
2026-10-08T21:16:53.6299964Z ok 444 - all worked presets meet independent cuts and conservation
2026-10-08T21:16:53.6300786Z   ---
2026-10-08T21:16:53.6301313Z   duration_ms: 5.674624
2026-10-08T21:16:53.6301903Z   ...
2026-10-08T21:16:53.6302878Z # Subtest: opposite original edge and cancellation remain two residual options
2026-10-08T21:16:53.6304797Z ok 445 - opposite original edge and cancellation remain two residual options
2026-10-08T21:16:53.6305672Z   ---
2026-10-08T21:16:53.6306356Z   duration_ms: 0.540181
2026-10-08T21:16:53.6306924Z   ...
2026-10-08T21:16:53.6307776Z # Subtest: all 4096 directed unit-capacity four-vertex networks match exhaustive cuts
2026-10-08T21:16:53.6309049Z ok 446 - all 4096 directed unit-capacity four-vertex networks match exhaustive cuts
2026-10-08T21:16:53.6309930Z   ---
2026-10-08T21:16:53.6310576Z   duration_ms: 508.918007
2026-10-08T21:16:53.6311193Z   ...
2026-10-08T21:16:53.6312748Z # Subtest: seeded integer networks up to eight vertices match cut enumeration
2026-10-08T21:16:53.6314283Z ok 447 - seeded integer networks up to eight vertices match cut enumeration
2026-10-08T21:16:53.6315301Z   ---
2026-10-08T21:16:53.6316080Z   duration_ms: 278.393004
2026-10-08T21:16:53.6316753Z   ...
2026-10-08T21:16:53.6317656Z # Subtest: empty, direct, zero and irrelevant source/sink reverse edges
2026-10-08T21:16:53.6319015Z ok 448 - empty, direct, zero and irrelevant source/sink reverse edges
2026-10-08T21:16:53.6319920Z   ---
2026-10-08T21:16:53.6320471Z   duration_ms: 0.298764
2026-10-08T21:16:53.6321124Z   ...
2026-10-08T21:16:53.6321994Z # Subtest: input and every retained snapshot are detached and immutable
2026-10-08T21:16:53.6323241Z ok 449 - input and every retained snapshot are detached and immutable
2026-10-08T21:16:53.6324154Z   ---
2026-10-08T21:16:53.6324721Z   duration_ms: 0.860885
2026-10-08T21:16:53.6325424Z   ...
2026-10-08T21:16:53.6326365Z # Subtest: structural and numeric refusals happen before solving
2026-10-08T21:16:53.6327632Z ok 450 - structural and numeric refusals happen before solving
2026-10-08T21:16:53.6328669Z   ---
2026-10-08T21:16:53.6329444Z   duration_ms: 0.758819
2026-10-08T21:16:53.6330469Z   ...
2026-10-08T21:16:53.6331737Z # Subtest: text parsing and observation downloads preserve the applied inputs
2026-10-08T21:16:53.6332923Z ok 451 - text parsing and observation downloads preserve the applied inputs
2026-10-08T21:16:53.6333750Z   ---
2026-10-08T21:16:53.6334206Z   duration_ms: 1.840844
2026-10-08T21:16:53.6334691Z   ...
2026-10-08T21:16:53.6335402Z # Subtest: original course is accepted by the unchanged native deck validator
2026-10-08T21:16:53.6337072Z ok 452 - original course is accepted by the unchanged native deck validator
2026-10-08T21:16:53.6337584Z   ---
2026-10-08T21:16:53.6337840Z   duration_ms: 1.318104
2026-10-08T21:16:53.6338129Z   ...
2026-10-08T21:16:53.6338901Z # Subtest: the standalone explorer matches its exact maintained inputs
2026-10-08T21:16:53.6339585Z ok 453 - the standalone explorer matches its exact maintained inputs
2026-10-08T21:16:53.6340024Z   ---
2026-10-08T21:16:53.6340273Z   duration_ms: 53.387347
2026-10-08T21:16:53.6340554Z   ...
2026-10-08T21:16:53.6431023Z # Subtest: Newton lesson is admitted by the actual learner with twelve complete original questions
2026-10-08T21:16:53.6436827Z ok 454 - Newton lesson is admitted by the actual learner with twelve complete original questions
2026-10-08T21:16:53.6466553Z   ---
2026-10-08T21:16:53.6507773Z   duration_ms: 2.975737
2026-10-08T21:16:53.6536623Z   ...
2026-10-08T21:16:53.6543852Z # Subtest: lesson numerical answers agree with independently written exact arithmetic
2026-10-08T21:16:53.6576877Z ok 455 - lesson numerical answers agree with independently written exact arithmetic
2026-10-08T21:16:53.6577648Z   ---
2026-10-08T21:16:53.6578097Z   duration_ms: 0.400307
2026-10-08T21:16:53.6578479Z   ...
2026-10-08T21:16:53.6579304Z # Subtest: worked guide retains exact examples and separates residual, root and bounded computation
2026-10-08T21:16:53.6580393Z ok 456 - worked guide retains exact examples and separates residual, root and bounded computation
2026-10-08T21:16:53.6581094Z   ---
2026-10-08T21:16:53.6581457Z   duration_ms: 0.387493
2026-10-08T21:16:53.6581850Z   ...
2026-10-08T21:16:53.6582596Z # Subtest: standalone page embeds byte-exact course and guide strings in one parseable script
2026-10-08T21:16:53.6583597Z ok 457 - standalone page embeds byte-exact course and guide strings in one parseable script
2026-10-08T21:16:53.6584208Z   ---
2026-10-08T21:16:53.6584575Z   duration_ms: 2.357989
2026-10-08T21:16:53.6584967Z   ...
2026-10-08T21:16:53.6585615Z # Subtest: committed explorer is fresh according to the actual project builder
2026-10-08T21:16:53.6586566Z ok 458 - committed explorer is fresh according to the actual project builder
2026-10-08T21:16:53.6587118Z   ---
2026-10-08T21:16:53.6587481Z   duration_ms: 48.893162
2026-10-08T21:16:53.6587865Z   ...
2026-10-08T21:16:53.6588760Z # Subtest: builder rejects unsupported arguments without changing its artifact
2026-10-08T21:16:53.6589615Z ok 459 - builder rejects unsupported arguments without changing its artifact
2026-10-08T21:16:53.6590187Z   ---
2026-10-08T21:16:53.6590540Z   duration_ms: 56.894685
2026-10-08T21:16:53.6590932Z   ...
2026-10-08T21:16:53.6591486Z # Subtest: an affine tangent lands exactly on its root
2026-10-08T21:16:53.6592100Z ok 460 - an affine tangent lands exactly on its root
2026-10-08T21:16:53.6592568Z   ---
2026-10-08T21:16:53.6592911Z   duration_ms: 4.005045
2026-10-08T21:16:53.6593281Z   ...
2026-10-08T21:16:53.6593912Z # Subtest: square-root steps retain exact residuals instead of rounded convergence
2026-10-08T21:16:53.6594779Z ok 461 - square-root steps retain exact residuals instead of rounded convergence
2026-10-08T21:16:53.6595367Z   ---
2026-10-08T21:16:53.6595714Z   duration_ms: 0.538805
2026-10-08T21:16:53.6596238Z   ...
2026-10-08T21:16:53.6596839Z # Subtest: a nonroot horizontal tangent stops without fabricating a step
2026-10-08T21:16:53.6597647Z ok 462 - a nonroot horizontal tangent stops without fabricating a step
2026-10-08T21:16:53.6598174Z   ---
2026-10-08T21:16:53.6598545Z   duration_ms: 0.222667
2026-10-08T21:16:53.6598942Z   ...
2026-10-08T21:16:53.6599492Z # Subtest: an exact initial root wins over a zero derivative
2026-10-08T21:16:53.6600219Z ok 463 - an exact initial root wins over a zero derivative
2026-10-08T21:16:53.6600750Z   ---
2026-10-08T21:16:53.6601126Z   duration_ms: 0.343014
2026-10-08T21:16:53.6601523Z   ...
2026-10-08T21:16:53.6602073Z # Subtest: constant functions retain their distinct meanings
2026-10-08T21:16:53.6602802Z ok 464 - constant functions retain their distinct meanings
2026-10-08T21:16:53.6603324Z   ---
2026-10-08T21:16:53.6603693Z   duration_ms: 0.30014
2026-10-08T21:16:53.6604088Z   ...
2026-10-08T21:16:53.6604620Z # Subtest: the cubic 0 to 1 to 0 cycle is detected exactly
2026-10-08T21:16:53.6605516Z ok 465 - the cubic 0 to 1 to 0 cycle is detected exactly
2026-10-08T21:16:53.6606181Z   ---
2026-10-08T21:16:53.6606569Z   duration_ms: 0.306085
2026-10-08T21:16:53.6606959Z   ...
2026-10-08T21:16:53.6607553Z # Subtest: a repeated root approaches without being declared equal
2026-10-08T21:16:53.6608356Z ok 466 - a repeated root approaches without being declared equal
2026-10-08T21:16:53.6608933Z   ---
2026-10-08T21:16:53.6609375Z   duration_ms: 0.403371
2026-10-08T21:16:53.6609780Z   ...
2026-10-08T21:16:53.6610347Z # Subtest: a cubic can land on an exact root in one genuine step
2026-10-08T21:16:53.6611110Z ok 467 - a cubic can land on an exact root in one genuine step
2026-10-08T21:16:53.6611666Z   ---
2026-10-08T21:16:53.6612056Z   duration_ms: 0.277429
2026-10-08T21:16:53.6612415Z   ...
2026-10-08T21:16:53.6613089Z # Subtest: multiplying a polynomial by a nonzero constant preserves its tangent intercepts
2026-10-08T21:16:53.6614089Z ok 468 - multiplying a polynomial by a nonzero constant preserves its tangent intercepts
2026-10-08T21:16:53.6614791Z   ---
2026-10-08T21:16:53.6615185Z   duration_ms: 0.721405
2026-10-08T21:16:53.6615601Z   ...
2026-10-08T21:16:53.6616349Z # Subtest: opposite initial signs can approach different roots
2026-10-08T21:16:53.6617133Z ok 469 - opposite initial signs can approach different roots
2026-10-08T21:16:53.6617688Z   ---
2026-10-08T21:16:53.6618072Z   duration_ms: 0.372445
2026-10-08T21:16:53.6618481Z   ...
2026-10-08T21:16:53.6619135Z # Subtest: finite decimal and fraction inputs are parsed as exact rationals
2026-10-08T21:16:53.6620030Z ok 470 - finite decimal and fraction inputs are parsed as exact rationals
2026-10-08T21:16:53.6620643Z   ---
2026-10-08T21:16:53.6621012Z   duration_ms: 1.651082
2026-10-08T21:16:53.6621427Z   ...
2026-10-08T21:16:53.6622136Z # Subtest: input bounds refuse partial parsing, coercion and unreasonable requests
2026-10-08T21:16:53.6623155Z ok 471 - input bounds refuse partial parsing, coercion and unreasonable requests
2026-10-08T21:16:53.6623854Z   ---
2026-10-08T21:16:53.6624261Z   duration_ms: 0.803809
2026-10-08T21:16:53.6624676Z   ...
2026-10-08T21:16:53.6625405Z # Subtest: the bounded arithmetic stop keeps only complete steps
2026-10-08T21:16:53.6626257Z ok 472 - the bounded arithmetic stop keeps only complete steps
2026-10-08T21:16:53.6626789Z   ---
2026-10-08T21:16:53.6627142Z   duration_ms: 14.207711
2026-10-08T21:16:53.6627537Z   ...
2026-10-08T21:16:53.6628227Z # Subtest: drawing an enormous numerator and denominator does not produce Infinity over Infinity
2026-10-08T21:16:53.6629221Z ok 473 - drawing an enormous numerator and denominator does not produce Infinity over Infinity
2026-10-08T21:16:53.6629865Z   ---
2026-10-08T21:16:53.6630216Z   duration_ms: 0.43547
2026-10-08T21:16:53.6630595Z   ...
2026-10-08T21:16:53.6631117Z # Subtest: input objects stay unchanged and each run is independent
2026-10-08T21:16:53.6631844Z ok 474 - input objects stay unchanged and each run is independent
2026-10-08T21:16:53.6632366Z   ---
2026-10-08T21:16:53.6632704Z   duration_ms: 0.408351
2026-10-08T21:16:53.6633085Z   ...
2026-10-08T21:16:53.6633730Z # Subtest: polynomial labels and all presets describe admissible independent experiments
2026-10-08T21:16:53.6634657Z ok 475 - polynomial labels and all presets describe admissible independent experiments
2026-10-08T21:16:53.6635268Z   ---
2026-10-08T21:16:53.6635612Z   duration_ms: 0.777322
2026-10-08T21:16:53.6636109Z   ...
2026-10-08T21:16:53.6636759Z # Subtest: original course uses the unchanged checked-deck contract
2026-10-08T21:16:53.6637516Z ok 476 - original course uses the unchanged checked-deck contract
2026-10-08T21:16:53.6638065Z   ---
2026-10-08T21:16:53.6638439Z   duration_ms: 7.428148
2026-10-08T21:16:53.6638861Z   ...
2026-10-08T21:16:53.6639403Z # Subtest: applied experiment is a detached immutable record
2026-10-08T21:16:53.6640150Z ok 477 - applied experiment is a detached immutable record
2026-10-08T21:16:53.6640681Z   ---
2026-10-08T21:16:53.6641055Z   duration_ms: 0.777401
2026-10-08T21:16:53.6641673Z   ...
2026-10-08T21:16:53.6642259Z # Subtest: observation retains applied values and signed joule residual
2026-10-08T21:16:53.6643195Z ok 478 - observation retains applied values and signed joule residual
2026-10-08T21:16:53.6643803Z   ---
2026-10-08T21:16:53.6644209Z   duration_ms: 1.015015
2026-10-08T21:16:53.6644633Z   ...
2026-10-08T21:16:53.6645367Z # Subtest: sampling includes exact window endpoints with sufficient fastest-mode resolution
2026-10-08T21:16:53.6646577Z ok 479 - sampling includes exact window endpoints with sufficient fastest-mode resolution
2026-10-08T21:16:53.6647235Z   ---
2026-10-08T21:16:53.6647596Z   duration_ms: 34.793737
2026-10-08T21:16:53.6647999Z   ...
2026-10-08T21:16:53.6648692Z # Subtest: standalone parity is exact; refused content and publication preserve prior state
2026-10-08T21:16:53.6649674Z ok 480 - standalone parity is exact; refused content and publication preserve prior state
2026-10-08T21:16:53.6650338Z   ---
2026-10-08T21:16:53.6650730Z   duration_ms: 57.553038
2026-10-08T21:16:53.6651136Z   ...
2026-10-08T21:16:53.6651744Z # Subtest: lesson literals remain exact data during standalone substitution
2026-10-08T21:16:53.6652621Z ok 481 - lesson literals remain exact data during standalone substitution
2026-10-08T21:16:53.6653151Z   ---
2026-10-08T21:16:53.6653515Z   duration_ms: 11.737391
2026-10-08T21:16:53.6653890Z   ...
2026-10-08T21:16:53.6654476Z # Subtest: small dyadic arithmetic keeps exact operand and result values
2026-10-08T21:16:53.6655270Z ok 482 - small dyadic arithmetic keeps exact operand and result values
2026-10-08T21:16:53.6655835Z   ---
2026-10-08T21:16:53.6656360Z   duration_ms: 1.803883
2026-10-08T21:16:53.6656777Z   ...
2026-10-08T21:16:53.6657310Z # Subtest: decimal sum retains exact conversion and operation contributions
2026-10-08T21:16:53.6658061Z ok 483 - decimal sum retains exact conversion and operation contributions
2026-10-08T21:16:53.6658625Z   ---
2026-10-08T21:16:53.6658999Z   duration_ms: 0.367048
2026-10-08T21:16:53.6659406Z   ...
2026-10-08T21:16:53.6660235Z # Subtest: conversion can erase a difference while subtraction itself is exact
2026-10-08T21:16:53.6661045Z ok 484 - conversion can erase a difference while subtraction itself is exact
2026-10-08T21:16:53.6661553Z   ---
2026-10-08T21:16:53.6661873Z   duration_ms: 0.199455
2026-10-08T21:16:53.6662253Z   ...
2026-10-08T21:16:53.6662781Z # Subtest: operation rounding can lose an exact integer step
2026-10-08T21:16:53.6663496Z ok 485 - operation rounding can lose an exact integer step
2026-10-08T21:16:53.6664026Z   ---
2026-10-08T21:16:53.6664393Z   duration_ms: 0.230982
2026-10-08T21:16:53.6664784Z   ...
2026-10-08T21:16:53.6665471Z # Subtest: nonzero signed contributions can cancel at an exactly represented result
2026-10-08T21:16:53.6666739Z ok 486 - nonzero signed contributions can cancel at an exactly represented result
2026-10-08T21:16:53.6667357Z   ---
2026-10-08T21:16:53.6667756Z   duration_ms: 0.249403
2026-10-08T21:16:53.6668171Z   ...
2026-10-08T21:16:53.6669041Z # Subtest: individual exact integers outside the safe interval are kept distinct from the API guarantee
2026-10-08T21:16:53.6670319Z ok 487 - individual exact integers outside the safe interval are kept distinct from the API guarantee
2026-10-08T21:16:53.6671070Z   ---
2026-10-08T21:16:53.6671475Z   duration_ms: 0.286733
2026-10-08T21:16:53.6671888Z   ...
2026-10-08T21:16:53.6672487Z # Subtest: signs, exact raw strings and negative zero remain explicit
2026-10-08T21:16:53.6673278Z ok 488 - signs, exact raw strings and negative zero remain explicit
2026-10-08T21:16:53.6673788Z   ---
2026-10-08T21:16:53.6674155Z   duration_ms: 0.989845
2026-10-08T21:16:53.6674540Z   ...
2026-10-08T21:16:53.6675186Z # Subtest: the declared decimal input bounds admit edges and refuse other syntax
2026-10-08T21:16:53.6676315Z ok 489 - the declared decimal input bounds admit edges and refuse other syntax
2026-10-08T21:16:53.6676990Z   ---
2026-10-08T21:16:53.6677379Z   duration_ms: 1.370678
2026-10-08T21:16:53.6678054Z   ...
2026-10-08T21:16:53.6678714Z # Subtest: worked records are complete, deterministic and deeply immutable
2026-10-08T21:16:53.6679657Z ok 490 - worked records are complete, deterministic and deeply immutable
2026-10-08T21:16:53.6680317Z   ---
2026-10-08T21:16:53.6680724Z   duration_ms: 1.539573
2026-10-08T21:16:53.6681155Z   ...
2026-10-08T21:16:53.6681945Z # Subtest: the original lesson passes the unchanged native deck contract with exact export parity
2026-10-08T21:16:53.6683127Z ok 491 - the original lesson passes the unchanged native deck contract with exact export parity
2026-10-08T21:16:53.6683898Z   ---
2026-10-08T21:16:53.6684300Z   duration_ms: 7.713906
2026-10-08T21:16:53.6684738Z   ...
2026-10-08T21:16:53.6685523Z # Subtest: language-specific worked examples agree with actual native Number and BigInt operations
2026-10-08T21:16:53.6686894Z ok 492 - language-specific worked examples agree with actual native Number and BigInt operations
2026-10-08T21:16:53.6687668Z   ---
2026-10-08T21:16:53.6688069Z   duration_ms: 0.220127
2026-10-08T21:16:53.6688497Z   ...
2026-10-08T21:16:53.6689183Z # Subtest: the directly openable explorer is an exact build of its native inputs
2026-10-08T21:16:53.6690183Z ok 493 - the directly openable explorer is an exact build of its native inputs
2026-10-08T21:16:53.6690846Z   ---
2026-10-08T21:16:53.6691241Z   duration_ms: 38.338855
2026-10-08T21:16:53.6691675Z   ...
2026-10-08T21:16:53.6692278Z # Subtest: embedded lesson download preserves exact source bytes
2026-10-08T21:16:53.6693112Z ok 494 - embedded lesson download preserves exact source bytes
2026-10-08T21:16:53.6693705Z   ---
2026-10-08T21:16:53.6694097Z   duration_ms: 15.92426
2026-10-08T21:16:53.6694525Z   ...
2026-10-08T21:16:53.7957988Z # Subtest: pack preserves exact raw bytes in one deterministic, directly openable folder
2026-10-08T21:16:53.7975155Z ok 495 - pack preserves exact raw bytes in one deterministic, directly openable folder
2026-10-08T21:16:53.7976104Z   ---
2026-10-08T21:16:53.7976555Z   duration_ms: 306.668448
2026-10-08T21:16:53.7976897Z   ...
2026-10-08T21:16:53.7977705Z # Subtest: --check refuses missing and stale artifacts without creating or changing files
2026-10-08T21:16:53.7978601Z ok 496 - --check refuses missing and stale artifacts without creating or changing files
2026-10-08T21:16:53.7979215Z   ---
2026-10-08T21:16:53.7979661Z   duration_ms: 216.563824
2026-10-08T21:16:53.7980041Z   ...
2026-10-08T21:16:53.8655042Z # Subtest: invalid arguments are refused before publication or input access
2026-10-08T21:16:53.8656167Z     # Subtest: ["--help"]
2026-10-08T21:16:53.8657133Z     ok 1 - ["--help"]
2026-10-08T21:16:53.8657586Z       ---
2026-10-08T21:16:53.8657996Z       duration_ms: 68.907574
2026-10-08T21:16:53.8658619Z       ...
2026-10-08T21:16:53.9377211Z     # Subtest: ["extra"]
2026-10-08T21:16:53.9393718Z     ok 2 - ["extra"]
2026-10-08T21:16:53.9394116Z       ---
2026-10-08T21:16:53.9394454Z       duration_ms: 72.154008
2026-10-08T21:16:53.9394785Z       ...
2026-10-08T21:16:54.0163435Z     # Subtest: ["--check","extra"]
2026-10-08T21:16:54.0164184Z     ok 3 - ["--check","extra"]
2026-10-08T21:16:54.0164702Z       ---
2026-10-08T21:16:54.0165098Z       duration_ms: 79.472801
2026-10-08T21:16:54.0165522Z       ...
2026-10-08T21:16:54.0911519Z     # Subtest: ["--check","--check"]
2026-10-08T21:16:54.0912427Z     ok 4 - ["--check","--check"]
2026-10-08T21:16:54.0913011Z       ---
2026-10-08T21:16:54.0913469Z       duration_ms: 73.615823
2026-10-08T21:16:54.0913937Z       ...
2026-10-08T21:16:54.1543279Z     # Subtest: [""]
2026-10-08T21:16:54.1546791Z     ok 5 - [""]
2026-10-08T21:16:54.1548211Z       ---
2026-10-08T21:16:54.1555360Z       duration_ms: 62.772999
2026-10-08T21:16:54.1556677Z       ...
2026-10-08T21:16:54.1556930Z     1..5
2026-10-08T21:16:54.1557410Z ok 497 - invalid arguments are refused before publication or input access
2026-10-08T21:16:54.1557869Z   ---
2026-10-08T21:16:54.1558100Z   duration_ms: 358.50407
2026-10-08T21:16:54.1558362Z   ...
2026-10-08T21:16:54.2207616Z # Subtest: invalid registration never replaces a previous archive
2026-10-08T21:16:54.2208913Z     # Subtest: []
2026-10-08T21:16:54.2209471Z     ok 1 - []
2026-10-08T21:16:54.2209863Z       ---
2026-10-08T21:16:54.2222379Z       duration_ms: 66.503411
2026-10-08T21:16:54.2222939Z       ...
2026-10-08T21:16:54.2937357Z     # Subtest: ["courses/z-course.json","courses/z-course.json"]
2026-10-08T21:16:54.2938125Z     ok 2 - ["courses/z-course.json","courses/z-course.json"]
2026-10-08T21:16:54.2946977Z       ---
2026-10-08T21:16:54.2947477Z       duration_ms: 71.709085
2026-10-08T21:16:54.2949591Z       ...
2026-10-08T21:16:54.3661459Z     # Subtest: ["../outside.json"]
2026-10-08T21:16:54.3663455Z     ok 3 - ["../outside.json"]
2026-10-08T21:16:54.3665749Z       ---
2026-10-08T21:16:54.3666249Z       duration_ms: 73.455157
2026-10-08T21:16:54.3666590Z       ...
2026-10-08T21:16:54.4315671Z     # Subtest: ["/outside.json"]
2026-10-08T21:16:54.4316746Z     ok 4 - ["/outside.json"]
2026-10-08T21:16:54.4317474Z       ---
2026-10-08T21:16:54.4317938Z       duration_ms: 65.074278
2026-10-08T21:16:54.4318296Z       ...
2026-10-08T21:16:54.5065049Z     # Subtest: ["courses/sub/file.json"]
2026-10-08T21:16:54.5065608Z     ok 5 - ["courses/sub/file.json"]
2026-10-08T21:16:54.5066333Z       ---
2026-10-08T21:16:54.5066641Z       duration_ms: 74.728245
2026-10-08T21:16:54.5066994Z       ...
2026-10-08T21:16:54.5743764Z     # Subtest: ["courses\\\\file.json"]
2026-10-08T21:16:54.5744327Z     ok 6 - ["courses\\\\file.json"]
2026-10-08T21:16:54.5744681Z       ---
2026-10-08T21:16:54.5744965Z       duration_ms: 67.809308
2026-10-08T21:16:54.5745256Z       ...
2026-10-08T21:16:54.6421751Z     # Subtest: [null]
2026-10-08T21:16:54.6429075Z     ok 7 - [null]
2026-10-08T21:16:54.6452385Z       ---
2026-10-08T21:16:54.6479812Z       duration_ms: 67.033106
2026-10-08T21:16:54.6516569Z       ...
2026-10-08T21:16:54.7042438Z     # Subtest: {"courses":["courses/a-course.json"]}
2026-10-08T21:16:54.7043066Z     ok 8 - {"courses":["courses/a-course.json"]}
2026-10-08T21:16:54.7043543Z       ---
2026-10-08T21:16:54.7043855Z       duration_ms: 62.345265
2026-10-08T21:16:54.7044559Z       ...
2026-10-08T21:16:54.7589649Z     # Subtest: ["courses/course-0.json","courses/course-1.json","courses/course-2.json","courses/course-3.json","co
2026-10-08T21:16:54.7591429Z     ok 9 - ["courses/course-0.json","courses/course-1.json","courses/course-2.json","courses/course-3.json","co
2026-10-08T21:16:54.7592133Z       ---
2026-10-08T21:16:54.7592350Z       duration_ms: 54.06352
2026-10-08T21:16:54.7592572Z       ...
2026-10-08T21:16:54.7592758Z     1..9
2026-10-08T21:16:54.7593077Z ok 498 - invalid registration never replaces a previous archive
2026-10-08T21:16:54.7593378Z   ---
2026-10-08T21:16:54.7593573Z   duration_ms: 605.349722
2026-10-08T21:16:54.7593786Z   ...
2026-10-08T21:16:54.9926132Z # Subtest: catalog and course mismatches are rejected, then exact updated bytes can be published
2026-10-08T21:16:54.9927126Z ok 499 - catalog and course mismatches are rejected, then exact updated bytes can be published
2026-10-08T21:16:54.9927765Z   ---
2026-10-08T21:16:54.9928084Z   duration_ms: 233.665556
2026-10-08T21:16:54.9928404Z   ...
2026-10-08T21:16:55.0403059Z # Subtest: missing, malformed, oversized and linked inputs are refused before publishing
2026-10-08T21:16:55.0403916Z     # Subtest: missing learner
2026-10-08T21:16:55.0404803Z     ok 1 - missing learner
2026-10-08T21:16:55.0405219Z       ---
2026-10-08T21:16:55.0405509Z       duration_ms: 47.531159
2026-10-08T21:16:55.0405826Z       ...
2026-10-08T21:16:55.0908130Z     # Subtest: invalid UTF-8 learner
2026-10-08T21:16:55.0908748Z     ok 2 - invalid UTF-8 learner
2026-10-08T21:16:55.0909108Z       ---
2026-10-08T21:16:55.0909426Z       duration_ms: 50.352531
2026-10-08T21:16:55.0909734Z       ...
2026-10-08T21:16:55.1393021Z     # Subtest: invalid UTF-8 course
2026-10-08T21:16:55.1393399Z     ok 3 - invalid UTF-8 course
2026-10-08T21:16:55.1393639Z       ---
2026-10-08T21:16:55.1394041Z       duration_ms: 48.300046
2026-10-08T21:16:55.1394271Z       ...
2026-10-08T21:16:55.1863858Z     # Subtest: non-JSON course
2026-10-08T21:16:55.1864281Z     ok 4 - non-JSON course
2026-10-08T21:16:55.1864560Z       ---
2026-10-08T21:16:55.1864759Z       duration_ms: 47.061925
2026-10-08T21:16:55.1864961Z       ...
2026-10-08T21:16:55.2380743Z     # Subtest: oversized learner
2026-10-08T21:16:55.2381136Z     ok 5 - oversized learner
2026-10-08T21:16:55.2381475Z       ---
2026-10-08T21:16:55.2381745Z       duration_ms: 51.482334
2026-10-08T21:16:55.2381991Z       ...
2026-10-08T21:16:55.2833940Z     # Subtest: missing catalog data
2026-10-08T21:16:55.2835054Z     ok 6 - missing catalog data
2026-10-08T21:16:55.2835553Z       ---
2026-10-08T21:16:55.2835834Z       duration_ms: 45.159296
2026-10-08T21:16:55.2836365Z       ...
2026-10-08T21:16:55.3313936Z     # Subtest: duplicate catalog data
2026-10-08T21:16:55.3314387Z     ok 7 - duplicate catalog data
2026-10-08T21:16:55.3316194Z       ---
2026-10-08T21:16:55.3316533Z       duration_ms: 47.840021
2026-10-08T21:16:55.3316873Z       ...
2026-10-08T21:16:55.3771302Z     # Subtest: wrong catalog data element
2026-10-08T21:16:55.3771875Z     ok 8 - wrong catalog data element
2026-10-08T21:16:55.3772182Z       ---
2026-10-08T21:16:55.3772392Z       duration_ms: 45.613396
2026-10-08T21:16:55.3772613Z       ...
2026-10-08T21:16:55.4222636Z     # Subtest: course symlink
2026-10-08T21:16:55.4222934Z     ok 9 - course symlink
2026-10-08T21:16:55.4223155Z       ---
2026-10-08T21:16:55.4223343Z       duration_ms: 44.870282
2026-10-08T21:16:55.4223547Z       ...
2026-10-08T21:16:55.4713707Z     # Subtest: output symlink
2026-10-08T21:16:55.4714756Z     ok 10 - output symlink
2026-10-08T21:16:55.4715091Z       ---
2026-10-08T21:16:55.4715342Z       duration_ms: 48.877345
2026-10-08T21:16:55.4715583Z       ...
2026-10-08T21:16:55.5219617Z     # Subtest: output directory
2026-10-08T21:16:55.5220110Z     ok 11 - output directory
2026-10-08T21:16:55.5220360Z       ---
2026-10-08T21:16:55.5220595Z       duration_ms: 49.880137
2026-10-08T21:16:55.5220860Z       ...
2026-10-08T21:16:55.5221039Z     1..11
2026-10-08T21:16:55.5221671Z ok 500 - missing, malformed, oversized and linked inputs are refused before publishing
2026-10-08T21:16:55.5222068Z   ---
2026-10-08T21:16:55.5222275Z   duration_ms: 529.168758
2026-10-08T21:16:55.5222491Z   ...
2026-10-08T21:16:55.5775441Z # Subtest: write synchronization and atomic replacement failures keep the previous archive and clean temporary files
2026-10-08T21:16:55.5776238Z     # Subtest: fsync
2026-10-08T21:16:55.5776448Z     ok 1 - fsync
2026-10-08T21:16:55.5776629Z       ---
2026-10-08T21:16:55.5776812Z       duration_ms: 55.456818
2026-10-08T21:16:55.5777010Z       ...
2026-10-08T21:16:55.6736202Z     # Subtest: replace
2026-10-08T21:16:55.6736631Z     ok 2 - replace
2026-10-08T21:16:55.6736865Z       ---
2026-10-08T21:16:55.6737120Z       duration_ms: 54.364037
2026-10-08T21:16:55.6737384Z       ...
2026-10-08T21:16:55.6737596Z     1..2
2026-10-08T21:16:55.6738287Z ok 501 - write synchronization and atomic replacement failures keep the previous archive and clean temporary files
2026-10-08T21:16:55.6738933Z   ---
2026-10-08T21:16:55.6739191Z   duration_ms: 110.390649
2026-10-08T21:16:55.6739456Z   ...
2026-10-08T21:16:55.6740016Z # Subtest: committed offline pack matches the current compiled pages and registered courses
2026-10-08T21:16:55.6740882Z ok 502 - committed offline pack matches the current compiled pages and registered courses
2026-10-08T21:16:55.6741415Z   ---
2026-10-08T21:16:55.6741659Z   duration_ms: 41.559429
2026-10-08T21:16:55.6741925Z   ...
2026-10-08T21:16:55.6836220Z # Subtest: the original phasor course meets the complete native deck contract
2026-10-08T21:16:55.6866948Z ok 503 - the original phasor course meets the complete native deck contract
2026-10-08T21:16:55.6870714Z   ---
2026-10-08T21:16:55.6871226Z   duration_ms: 3.519772
2026-10-08T21:16:55.6871569Z   ...
2026-10-08T21:16:55.6872144Z # Subtest: the unchanged native selector reaches every imported item with bounded mastery estimates
2026-10-08T21:16:55.6873445Z ok 504 - the unchanged native selector reaches every imported item with bounded mastery estimates
2026-10-08T21:16:55.6873986Z   ---
2026-10-08T21:16:55.6874216Z   duration_ms: 13.664288
2026-10-08T21:16:55.6874473Z   ...
2026-10-08T21:16:55.6875012Z # Subtest: course answer identities agree with the separately solved blind receiving key
2026-10-08T21:16:55.6875775Z ok 505 - course answer identities agree with the separately solved blind receiving key
2026-10-08T21:16:55.6876379Z   ---
2026-10-08T21:16:55.6876639Z   duration_ms: 0.387384
2026-10-08T21:16:55.6876872Z   ...
2026-10-08T21:16:55.6877433Z # Subtest: the 3 + 4i example has amplitude five and the independently derived cosine projections
2026-10-08T21:16:55.6878291Z ok 506 - the 3 + 4i example has amplitude five and the independently derived cosine projections
2026-10-08T21:16:55.6878799Z   ---
2026-10-08T21:16:55.6879028Z   duration_ms: 5.065694
2026-10-08T21:16:55.6879301Z   ...
2026-10-08T21:16:55.6879836Z # Subtest: admission refuses omitted, blank, nonfinite, coerced and out-of-range settings
2026-10-08T21:16:55.6880632Z ok 507 - admission refuses omitted, blank, nonfinite, coerced and out-of-range settings
2026-10-08T21:16:55.6881113Z   ---
2026-10-08T21:16:55.6881292Z   duration_ms: 14.970727
2026-10-08T21:16:55.6881480Z   ...
2026-10-08T21:16:55.6881871Z # Subtest: equal opposite waves cancel exactly at arbitrary common rotations and both half-turn signs
2026-10-08T21:16:55.6882600Z ok 508 - equal opposite waves cancel exactly at arbitrary common rotations and both half-turn signs
2026-10-08T21:16:55.6882952Z   ---
2026-10-08T21:16:55.6883116Z   duration_ms: 8.446275
2026-10-08T21:16:55.6883296Z   ...
2026-10-08T21:16:55.6883662Z # Subtest: zero input and one absent component have distinct well-defined amplitude behavior
2026-10-08T21:16:55.6884190Z ok 509 - zero input and one absent component have distinct well-defined amplitude behavior
2026-10-08T21:16:55.6884522Z   ---
2026-10-08T21:16:55.6884682Z   duration_ms: 4.633912
2026-10-08T21:16:55.6884863Z   ...
2026-10-08T21:16:55.6885386Z # Subtest: a small real residual is retained instead of being relabeled exact cancellation
2026-10-08T21:16:55.6886088Z ok 510 - a small real residual is retained instead of being relabeled exact cancellation
2026-10-08T21:16:55.6886543Z   ---
2026-10-08T21:16:55.6886784Z   duration_ms: 1.255538
2026-10-08T21:16:55.6887047Z   ...
2026-10-08T21:16:55.6887640Z # Subtest: common rotation preserves magnitude and cycle average while moving the real projection
2026-10-08T21:16:55.6888553Z ok 511 - common rotation preserves magnitude and cycle average while moving the real projection
2026-10-08T21:16:55.6889127Z   ---
2026-10-08T21:16:55.6889370Z   duration_ms: 0.61318
2026-10-08T21:16:55.6889643Z   ...
2026-10-08T21:16:55.6890237Z # Subtest: principal phase respects the branch cut and zero never acquires a fabricated angle
2026-10-08T21:16:55.6891154Z ok 512 - principal phase respects the branch cut and zero never acquires a fabricated angle
2026-10-08T21:16:55.6891725Z   ---
2026-10-08T21:16:55.6891990Z   duration_ms: 4.713277
2026-10-08T21:16:55.6892272Z   ...
2026-10-08T21:16:55.6892923Z # Subtest: independent real-signal equations, amplitude law and full-cycle numerical averages agree
2026-10-08T21:16:55.6893912Z ok 513 - independent real-signal equations, amplitude law and full-cycle numerical averages agree
2026-10-08T21:16:55.6894475Z   ---
2026-10-08T21:16:55.6894752Z   duration_ms: 69.860958
2026-10-08T21:16:55.6895045Z   ...
2026-10-08T21:16:55.6895600Z # Subtest: changing frequency changes seconds but keeps every fixed-cycle signal value
2026-10-08T21:16:55.6896681Z ok 514 - changing frequency changes seconds but keeps every fixed-cycle signal value
2026-10-08T21:16:55.6897227Z   ---
2026-10-08T21:16:55.6897464Z   duration_ms: 3.307577
2026-10-08T21:16:55.6897743Z   ...
2026-10-08T21:16:55.6898260Z # Subtest: cursor changes select a point without rewriting the two-cycle trace
2026-10-08T21:16:55.6899204Z ok 515 - cursor changes select a point without rewriting the two-cycle trace
2026-10-08T21:16:55.6899702Z   ---
2026-10-08T21:16:55.6899962Z   duration_ms: 1.178975
2026-10-08T21:16:55.6900245Z   ...
2026-10-08T21:16:55.6900759Z # Subtest: a snapshot copies inputs and freezes all nested numerical results
2026-10-08T21:16:55.6901485Z ok 516 - a snapshot copies inputs and freezes all nested numerical results
2026-10-08T21:16:55.6901954Z   ---
2026-10-08T21:16:55.6902203Z   duration_ms: 0.547737
2026-10-08T21:16:55.6902478Z   ...
2026-10-08T21:16:55.6903104Z # Subtest: JSON exports the checked snapshot, explicit assumptions and undefined zero phase as null
2026-10-08T21:16:55.6904076Z ok 517 - JSON exports the checked snapshot, explicit assumptions and undefined zero phase as null
2026-10-08T21:16:55.6904641Z   ---
2026-10-08T21:16:55.6904899Z   duration_ms: 2.820926
2026-10-08T21:16:55.6905175Z   ...
2026-10-08T21:16:55.6905745Z # Subtest: CSV preserves all 129 full-precision samples and all six experiment settings
2026-10-08T21:16:55.6906758Z ok 518 - CSV preserves all 129 full-precision samples and all six experiment settings
2026-10-08T21:16:55.6907304Z   ---
2026-10-08T21:16:55.6907573Z   duration_ms: 2.445507
2026-10-08T21:16:55.6907847Z   ...
2026-10-08T21:16:55.6908389Z # Subtest: display formatting retains zero sign policy and small nonzero values
2026-10-08T21:16:55.6909162Z ok 519 - display formatting retains zero sign policy and small nonzero values
2026-10-08T21:16:55.6909660Z   ---
2026-10-08T21:16:55.6909931Z   duration_ms: 0.266816
2026-10-08T21:16:55.6910218Z   ...
2026-10-08T21:16:55.6910768Z # Subtest: constant rate accumulates with units and negative rate retains direction
2026-10-08T21:16:55.6911612Z ok 520 - constant rate accumulates with units and negative rate retains direction
2026-10-08T21:16:55.6912128Z   ---
2026-10-08T21:16:55.6912367Z   duration_ms: 4.194648
2026-10-08T21:16:55.6912655Z   ...
2026-10-08T21:16:55.6913210Z # Subtest: out-and-back prefixes retain signed and absolute accumulation separately
2026-10-08T21:16:55.6914236Z ok 521 - out-and-back prefixes retain signed and absolute accumulation separately
2026-10-08T21:16:55.6914780Z   ---
2026-10-08T21:16:55.6915047Z   duration_ms: 1.498206
2026-10-08T21:16:55.6915335Z   ...
2026-10-08T21:16:55.6915797Z # Subtest: an interior zero is split before distance accumulation
2026-10-08T21:16:55.6916567Z ok 522 - an interior zero is split before distance accumulation
2026-10-08T21:16:55.6916981Z   ---
2026-10-08T21:16:55.6917207Z   duration_ms: 1.38807
2026-10-08T21:16:55.6917409Z   ...
2026-10-08T21:16:55.6917664Z # Subtest: a non-grid zero retains exact rational area
2026-10-08T21:16:55.6918024Z ok 523 - a non-grid zero retains exact rational area
2026-10-08T21:16:55.6918275Z   ---
2026-10-08T21:16:55.6918450Z   duration_ms: 0.501716
2026-10-08T21:16:55.6918640Z   ...
2026-10-08T21:16:55.6918942Z # Subtest: zero duration, complete rest and touching zero are distinct
2026-10-08T21:16:55.6919384Z ok 524 - zero duration, complete rest and touching zero are distinct
2026-10-08T21:16:55.6919688Z   ---
2026-10-08T21:16:55.6919909Z   duration_ms: 0.574516
2026-10-08T21:16:55.6920123Z   ...
2026-10-08T21:16:55.6920522Z # Subtest: acceleration records corners, straight inserted knots and one-sided boundaries
2026-10-08T21:16:55.6921187Z ok 525 - acceleration records corners, straight inserted knots and one-sided boundaries
2026-10-08T21:16:55.6921574Z   ---
2026-10-08T21:16:55.6921763Z   duration_ms: 1.522202
2026-10-08T21:16:55.6921995Z   ...
2026-10-08T21:16:55.6922392Z # Subtest: covered segment rows agree with manually worked rest and cruise prefixes
2026-10-08T21:16:55.6922937Z ok 526 - covered segment rows agree with manually worked rest and cruise prefixes
2026-10-08T21:16:55.6923299Z   ---
2026-10-08T21:16:55.6923480Z   duration_ms: 1.266322
2026-10-08T21:16:55.6923712Z   ...
2026-10-08T21:16:55.6924119Z # Subtest: sign reversal negates signed values but preserves distance over many prefixes
2026-10-08T21:16:55.6924855Z ok 527 - sign reversal negates signed values but preserves distance over many prefixes
2026-10-08T21:16:55.6925235Z   ---
2026-10-08T21:16:55.6925449Z   duration_ms: 42.865175
2026-10-08T21:16:55.6925682Z   ...
2026-10-08T21:16:55.6926379Z # Subtest: all declared edges are admitted and all invalid inputs are refused before a result
2026-10-08T21:16:55.6927005Z ok 528 - all declared edges are admitted and all invalid inputs are refused before a result
2026-10-08T21:16:55.6927402Z   ---
2026-10-08T21:16:55.6927633Z   duration_ms: 1.025117
2026-10-08T21:16:55.6927850Z   ...
2026-10-08T21:16:55.6928275Z # Subtest: records are immutable, deterministic and retain complete authored input
2026-10-08T21:16:55.6928877Z ok 529 - records are immutable, deterministic and retain complete authored input
2026-10-08T21:16:55.6929258Z   ---
2026-10-08T21:16:55.6929511Z   duration_ms: 1.846178
2026-10-08T21:16:55.6929746Z   ...
2026-10-08T21:16:55.6930209Z # Subtest: the original course passes unchanged deck admission and balanced answer positions
2026-10-08T21:16:55.6930895Z ok 530 - the original course passes unchanged deck admission and balanced answer positions
2026-10-08T21:16:55.6931321Z   ---
2026-10-08T21:16:55.6931572Z   duration_ms: 21.012205
2026-10-08T21:16:55.6931878Z   ...
2026-10-08T21:16:55.6932283Z # Subtest: standalone parity and embedded exact course/guide bytes
2026-10-08T21:16:55.6932793Z ok 531 - standalone parity and embedded exact course/guide bytes
2026-10-08T21:16:55.6933158Z   ---
2026-10-08T21:16:55.6933376Z   duration_ms: 40.622265
2026-10-08T21:16:55.6933645Z   ...
2026-10-08T21:16:55.6934099Z # Subtest: circuit admission copies the four finite values and normalizes negative zero
2026-10-08T21:16:55.6934763Z ok 532 - circuit admission copies the four finite values and normalizes negative zero
2026-10-08T21:16:55.6935189Z   ---
2026-10-08T21:16:55.6935469Z   duration_ms: 2.489223
2026-10-08T21:16:55.6935670Z   ...
2026-10-08T21:16:55.6936387Z # Subtest: invalid records, nonfinite values and values outside each bound are refused
2026-10-08T21:16:55.6937424Z ok 533 - invalid records, nonfinite values and values outside each bound are refused
2026-10-08T21:16:55.6937772Z   ---
2026-10-08T21:16:55.6937937Z   duration_ms: 1.1123
2026-10-08T21:16:55.6938165Z   ...
2026-10-08T21:16:55.6938589Z # Subtest: text input accepts explicit decimals and exponent notation without empty coercion
2026-10-08T21:16:55.6939209Z ok 534 - text input accepts explicit decimals and exponent notation without empty coercion
2026-10-08T21:16:55.6939539Z   ---
2026-10-08T21:16:55.6939739Z   duration_ms: 0.628243
2026-10-08T21:16:55.6940050Z   ...
2026-10-08T21:16:55.6940673Z # Subtest: initial capacitor voltage is continuous and initial current uses the signed gap
2026-10-08T21:16:55.6941601Z ok 535 - initial capacitor voltage is continuous and initial current uses the signed gap
2026-10-08T21:16:55.6942239Z   ---
2026-10-08T21:16:55.6942661Z   duration_ms: 0.223138
2026-10-08T21:16:55.6942875Z   ...
2026-10-08T21:16:55.6943274Z # Subtest: discharge, reversed steps and a precharged source preserve current and power signs
2026-10-08T21:16:55.6943831Z ok 536 - discharge, reversed steps and a precharged source preserve current and power signs
2026-10-08T21:16:55.6944164Z   ---
2026-10-08T21:16:55.6944326Z   duration_ms: 0.504726
2026-10-08T21:16:55.6944504Z   ...
2026-10-08T21:16:55.6944794Z # Subtest: equilibrium retains stored energy while all transfers vanish
2026-10-08T21:16:55.6945217Z ok 537 - equilibrium retains stored energy while all transfers vanish
2026-10-08T21:16:55.6945512Z   ---
2026-10-08T21:16:55.6945673Z   duration_ms: 0.253007
2026-10-08T21:16:55.6945952Z   ...
2026-10-08T21:16:55.6946346Z # Subtest: resistance and capacitance scaling distinguish physical time from normalized time
2026-10-08T21:16:55.6946896Z ok 538 - resistance and capacitance scaling distinguish physical time from normalized time
2026-10-08T21:16:55.6947238Z   ---
2026-10-08T21:16:55.6947409Z   duration_ms: 0.351743
2026-10-08T21:16:55.6947596Z   ...
2026-10-08T21:16:55.6947975Z # Subtest: finite five-tau and eight-tau results retain a nonzero gap
2026-10-08T21:16:55.6948381Z ok 539 - finite five-tau and eight-tau results retain a nonzero gap
2026-10-08T21:16:55.6948650Z   ---
2026-10-08T21:16:55.6948809Z   duration_ms: 0.203237
2026-10-08T21:16:55.6948993Z   ...
2026-10-08T21:16:55.6949308Z # Subtest: tiny positive time retains a finite change and signed energy balance
2026-10-08T21:16:55.6949759Z ok 540 - tiny positive time retains a finite change and signed energy balance
2026-10-08T21:16:55.6950054Z   ---
2026-10-08T21:16:55.6950214Z   duration_ms: 0.523812
2026-10-08T21:16:55.6950388Z   ...
2026-10-08T21:16:55.6950713Z # Subtest: the trace is a frozen 161-sample applied snapshot including both endpoints
2026-10-08T21:16:55.6951181Z ok 541 - the trace is a frozen 161-sample applied snapshot including both endpoints
2026-10-08T21:16:55.6951482Z   ---
2026-10-08T21:16:55.6951637Z   duration_ms: 2.099395
2026-10-08T21:16:55.6951857Z   ...
2026-10-08T21:16:55.6952236Z # Subtest: observation JSON keeps applied inputs, SI units and full-precision selected results
2026-10-08T21:16:55.6952774Z ok 542 - observation JSON keeps applied inputs, SI units and full-precision selected results
2026-10-08T21:16:55.6953100Z   ---
2026-10-08T21:16:55.6953258Z   duration_ms: 2.70012
2026-10-08T21:16:55.6953434Z   ...
2026-10-08T21:16:55.6953788Z # Subtest: the original course validates in the unchanged parser with balanced concept coverage
2026-10-08T21:16:55.6954328Z ok 543 - the original course validates in the unchanged parser with balanced concept coverage
2026-10-08T21:16:55.6954654Z   ---
2026-10-08T21:16:55.6954811Z   duration_ms: 1.431448
2026-10-08T21:16:55.6954986Z   ...
2026-10-08T21:16:55.6955340Z # Subtest: the checked-in standalone lab matches its sources and preserves both download payloads
2026-10-08T21:16:55.6955978Z ok 544 - the checked-in standalone lab matches its sources and preserves both download payloads
2026-10-08T21:16:55.6956367Z   ---
2026-10-08T21:16:55.6956531Z   duration_ms: 4.116876
2026-10-08T21:16:55.6956706Z   ...
2026-10-08T21:16:55.6957145Z # Subtest: the twelve-question course is an exact native importer/serializer round trip
2026-10-08T21:16:55.6957886Z ok 545 - the twelve-question course is an exact native importer/serializer round trip
2026-10-08T21:16:55.6958323Z   ---
2026-10-08T21:16:55.6958635Z   duration_ms: 4.852152
2026-10-08T21:16:55.6958877Z   ...
2026-10-08T21:16:55.6959296Z # Subtest: base cases and the unreachable countdown use their declared inputs
2026-10-08T21:16:55.6959730Z ok 546 - base cases and the unreachable countdown use their declared inputs
2026-10-08T21:16:55.6960012Z   ---
2026-10-08T21:16:55.6960170Z   duration_ms: 0.364399
2026-10-08T21:16:55.6960350Z   ...
2026-10-08T21:16:55.6960720Z # Subtest: waiting-parent, completion-order and second-child answers preserve unfinished work
2026-10-08T21:16:55.6961264Z ok 547 - waiting-parent, completion-order and second-child answers preserve unfinished work
2026-10-08T21:16:55.6961600Z   ---
2026-10-08T21:16:55.6961761Z   duration_ms: 0.289291
2026-10-08T21:16:55.6961936Z   ...
2026-10-08T21:16:55.6962291Z # Subtest: chain and branching call counts agree with independent products and binomial sums
2026-10-08T21:16:55.6962808Z ok 548 - chain and branching call counts agree with independent products and binomial sums
2026-10-08T21:16:55.6963133Z   ---
2026-10-08T21:16:55.6963291Z   duration_ms: 0.298224
2026-10-08T21:16:55.6963467Z   ...
2026-10-08T21:16:55.6963796Z # Subtest: fresh-cache answers account for every invocation and preserve a stored zero
2026-10-08T21:16:55.6964287Z ok 549 - fresh-cache answers account for every invocation and preserve a stored zero
2026-10-08T21:16:55.6964585Z   ---
2026-10-08T21:16:55.6964744Z   duration_ms: 0.511433
2026-10-08T21:16:55.6964916Z   ...
2026-10-08T21:16:55.6965209Z # Subtest: every numeric Fibonacci guide row matches the separate reference
2026-10-08T21:16:55.6965635Z ok 550 - every numeric Fibonacci guide row matches the separate reference
2026-10-08T21:16:55.6966153Z   ---
2026-10-08T21:16:55.6966321Z   duration_ms: 0.45863
2026-10-08T21:16:55.6966506Z   ...
2026-10-08T21:16:55.6966860Z # Subtest: the existing author conversion can reopen and check every content field without loss
2026-10-08T21:16:55.6967412Z ok 551 - the existing author conversion can reopen and check every content field without loss
2026-10-08T21:16:55.6967747Z   ---
2026-10-08T21:16:55.6967914Z   duration_ms: 1.249374
2026-10-08T21:16:55.6968087Z   ...
2026-10-08T21:16:55.6968447Z # Subtest: actual selection, review, practice and study notes retain the imported answer identity
2026-10-08T21:16:55.6968996Z ok 552 - actual selection, review, practice and study notes retain the imported answer identity
2026-10-08T21:16:55.6969333Z   ---
2026-10-08T21:16:55.6969503Z   duration_ms: 15.296726
2026-10-08T21:16:55.6969683Z   ...
2026-10-08T21:16:55.6970046Z # Subtest: a damaged late answer or an explorer trace format is refused by the unmodified importer
2026-10-08T21:16:55.6970592Z ok 553 - a damaged late answer or an explorer trace format is refused by the unmodified importer
2026-10-08T21:16:55.6970927Z   ---
2026-10-08T21:16:55.6971085Z   duration_ms: 1.965349
2026-10-08T21:16:55.6971265Z   ...
2026-10-08T21:16:55.6971602Z # Subtest: all 33 bounded runs agree with independent numeric and invocation-count oracles
2026-10-08T21:16:55.6972106Z ok 554 - all 33 bounded runs agree with independent numeric and invocation-count oracles
2026-10-08T21:16:55.6972421Z   ---
2026-10-08T21:16:55.6972582Z   duration_ms: 52.195793
2026-10-08T21:16:55.6972762Z   ...
2026-10-08T21:16:55.6973183Z # Subtest: every prefix preserves stack identity, parent ownership, monotone counters, and exact return delivery
2026-10-08T21:16:55.6973821Z ok 555 - every prefix preserves stack identity, parent ownership, monotone counters, and exact return delivery
2026-10-08T21:16:55.6974205Z   ---
2026-10-08T21:16:55.6974367Z   duration_ms: 39.207529
2026-10-08T21:16:55.6974547Z   ...
2026-10-08T21:16:55.6974938Z # Subtest: factorial unwinds in actual return order and retains each multiplication until its child returns
2026-10-08T21:16:55.6975611Z ok 556 - factorial unwinds in actual return order and retains each multiplication until its child returns
2026-10-08T21:16:55.6976107Z   ---
2026-10-08T21:16:55.6976384Z   duration_ms: 0.559868
2026-10-08T21:16:55.6976566Z   ...
2026-10-08T21:16:55.6976923Z # Subtest: Fibonacci completes the left child first and preserves it across the right branch
2026-10-08T21:16:55.6977457Z ok 557 - Fibonacci completes the left child first and preserves it across the right branch
2026-10-08T21:16:55.6977788Z   ---
2026-10-08T21:16:55.6977952Z   duration_ms: 0.415885
2026-10-08T21:16:55.6978133Z   ...
2026-10-08T21:16:55.6978520Z # Subtest: memoization starts empty, caches bases, counts cache-hit frames, and never shares a previous run
2026-10-08T21:16:55.6979119Z ok 558 - memoization starts empty, caches bases, counts cache-hit frames, and never shares a previous run
2026-10-08T21:16:55.6979482Z   ---
2026-10-08T21:16:55.6979638Z   duration_ms: 1.999731
2026-10-08T21:16:55.6979813Z   ...
2026-10-08T21:16:55.6980192Z # Subtest: inspection is reversible, immutable, and exported cursor binds the exact displayed state
2026-10-08T21:16:55.6980758Z ok 559 - inspection is reversible, immutable, and exported cursor binds the exact displayed state
2026-10-08T21:16:55.6981102Z   ---
2026-10-08T21:16:55.6981268Z   duration_ms: 8.976388
2026-10-08T21:16:55.6981440Z   ...
2026-10-08T21:16:55.6981703Z # Subtest: invalid and ambiguous input is refused before tracing
2026-10-08T21:16:55.6982078Z ok 560 - invalid and ambiguous input is refused before tracing
2026-10-08T21:16:55.6982330Z   ---
2026-10-08T21:16:55.6982486Z   duration_ms: 0.605735
2026-10-08T21:16:55.6982666Z   ...
2026-10-08T21:16:55.6983025Z # Subtest: checked-in direct-file page reproduces exactly and contains no runtime module imports
2026-10-08T21:16:55.6983576Z ok 561 - checked-in direct-file page reproduces exactly and contains no runtime module imports
2026-10-08T21:16:55.6983974Z   ---
2026-10-08T21:16:55.6984132Z   duration_ms: 72.125977
2026-10-08T21:16:55.6984312Z   ...
2026-10-08T21:16:55.6984712Z # Subtest: question identity survives reordered review, edits and clearing without changing earlier notes
2026-10-08T21:16:55.6985300Z ok 562 - question identity survives reordered review, edits and clearing without changing earlier notes
2026-10-08T21:16:55.6985658Z   ---
2026-10-08T21:16:55.6985818Z   duration_ms: 1.379132
2026-10-08T21:16:55.6986123Z   ...
2026-10-08T21:16:55.6986480Z # Subtest: application writing is separate and a fresh session starts with every field empty
2026-10-08T21:16:55.6987005Z ok 563 - application writing is separate and a fresh session starts with every field empty
2026-10-08T21:16:55.6987329Z   ---
2026-10-08T21:16:55.6987486Z   duration_ms: 0.672411
2026-10-08T21:16:55.6987661Z   ...
2026-10-08T21:16:55.6987981Z # Subtest: unknown or duplicate question identities and non-text edits are refused
2026-10-08T21:16:55.6988463Z ok 564 - unknown or duplicate question identities and non-text edits are refused
2026-10-08T21:16:55.6988765Z   ---
2026-10-08T21:16:55.6988924Z   duration_ms: 0.195934
2026-10-08T21:16:55.6989096Z   ...
2026-10-08T21:16:55.6989513Z # Subtest: actual study notes bind writing to questions while retaining native review, estimates and a paused retry
2026-10-08T21:16:55.6990147Z ok 565 - actual study notes bind writing to questions while retaining native review, estimates and a paused retry
2026-10-08T21:16:55.6990530Z   ---
2026-10-08T21:16:55.6990688Z   duration_ms: 1.68764
2026-10-08T21:16:55.6990864Z   ...
2026-10-08T21:16:55.6991208Z # Subtest: actual export uses the most recent edit and represents cleared fields as unwritten
2026-10-08T21:16:55.6991729Z ok 566 - actual export uses the most recent edit and represents cleared fields as unwritten
2026-10-08T21:16:55.6992055Z   ---
2026-10-08T21:16:55.6992221Z   duration_ms: 1.1227
2026-10-08T21:16:55.6992393Z   ...
2026-10-08T21:16:55.6992805Z # Subtest: export refuses missing, duplicate or foreign notebook identities instead of attaching notes by position
2026-10-08T21:16:55.6993514Z ok 567 - export refuses missing, duplicate or foreign notebook identities instead of attaching notes by position
2026-10-08T21:16:55.6993888Z   ---
2026-10-08T21:16:55.6994045Z   duration_ms: 0.49119
2026-10-08T21:16:55.6994226Z   ...
2026-10-08T21:16:55.6994688Z # Subtest: study notes retain the displayed imported-course application prompt without changing notebook or first-session data
2026-10-08T21:16:55.6995417Z ok 568 - study notes retain the displayed imported-course application prompt without changing notebook or first-session data
2026-10-08T21:16:55.6995829Z   ---
2026-10-08T21:16:55.6996141Z   duration_ms: 0.463637
2026-10-08T21:16:55.6996326Z   ...
2026-10-08T21:16:55.6996663Z # Subtest: a notebook export refuses a missing or non-text displayed application prompt
2026-10-08T21:16:55.6997168Z ok 569 - a notebook export refuses a missing or non-text displayed application prompt
2026-10-08T21:16:55.6997487Z   ---
2026-10-08T21:16:55.6997649Z   duration_ms: 0.268025
2026-10-08T21:16:55.6997829Z   ...
2026-10-08T21:16:55.6998124Z # Subtest: review preserves session order and the actual chosen answer
2026-10-08T21:16:55.6998531Z ok 570 - review preserves session order and the actual chosen answer
2026-10-08T21:16:55.6998797Z   ---
2026-10-08T21:16:55.6998953Z   duration_ms: 1.550161
2026-10-08T21:16:55.6999127Z   ...
2026-10-08T21:16:55.6999487Z # Subtest: review is an immutable snapshot independent of mutable input arrays
2026-10-08T21:16:55.7000043Z ok 571 - review is an immutable snapshot independent of mutable input arrays
2026-10-08T21:16:55.7000393Z   ---
2026-10-08T21:16:55.7000590Z   duration_ms: 0.448136
2026-10-08T21:16:55.7000788Z   ...
2026-10-08T21:16:55.7001113Z # Subtest: a review rejects unknown, duplicate, or invalid first answers
2026-10-08T21:16:55.7001617Z ok 572 - a review rejects unknown, duplicate, or invalid first answers
2026-10-08T21:16:55.7002034Z   ---
2026-10-08T21:16:55.7002234Z   duration_ms: 0.288292
2026-10-08T21:16:55.7002428Z   ...
2026-10-08T21:16:55.7002841Z # Subtest: practice includes only initially missed questions in first-attempt order
2026-10-08T21:16:55.7003411Z ok 573 - practice includes only initially missed questions in first-attempt order
2026-10-08T21:16:55.7003773Z   ---
2026-10-08T21:16:55.7003997Z   duration_ms: 0.243008
2026-10-08T21:16:55.7004192Z   ...
2026-10-08T21:16:55.7004594Z # Subtest: correct and incorrect retries remain separate from the immutable original trace
2026-10-08T21:16:55.7005199Z ok 574 - correct and incorrect retries remain separate from the immutable original trace
2026-10-08T21:16:55.7005559Z   ---
2026-10-08T21:16:55.7005728Z   duration_ms: 0.474664
2026-10-08T21:16:55.7006084Z   ...
2026-10-08T21:16:55.7006512Z # Subtest: practice resumes at the next unanswered question and refuses duplicate or out-of-order writes
2026-10-08T21:16:55.7007149Z ok 575 - practice resumes at the next unanswered question and refuses duplicate or out-of-order writes
2026-10-08T21:16:55.7007549Z   ---
2026-10-08T21:16:55.7007720Z   duration_ms: 0.245547
2026-10-08T21:16:55.7007909Z   ...
2026-10-08T21:16:55.7008206Z # Subtest: an all-correct or empty review has no practice question
2026-10-08T21:16:55.7008638Z ok 576 - an all-correct or empty review has no practice question
2026-10-08T21:16:55.7008921Z   ---
2026-10-08T21:16:55.7009085Z   duration_ms: 0.152071
2026-10-08T21:16:55.7009265Z   ...
2026-10-08T21:16:55.7009694Z # Subtest: the original course survives native validation and serialization with complete connected content
2026-10-08T21:16:55.7010392Z ok 577 - the original course survives native validation and serialization with complete connected content
2026-10-08T21:16:55.7010779Z   ---
2026-10-08T21:16:55.7010942Z   duration_ms: 3.265813
2026-10-08T21:16:55.7011122Z   ...
2026-10-08T21:16:55.7011528Z # Subtest: native item selection reaches all twelve questions and can prioritize the weak sample clock
2026-10-08T21:16:55.7012158Z ok 578 - native item selection reaches all twelve questions and can prioritize the weak sample clock
2026-10-08T21:16:55.7012603Z   ---
2026-10-08T21:16:55.7012774Z   duration_ms: 12.234297
2026-10-08T21:16:55.7012966Z   ...
2026-10-08T21:16:55.7013374Z # Subtest: answer text matches independently stated calculations and explicit sampling assumptions
2026-10-08T21:16:55.7014007Z ok 579 - answer text matches independently stated calculations and explicit sampling assumptions
2026-10-08T21:16:55.7014390Z   ---
2026-10-08T21:16:55.7014553Z   duration_ms: 0.307971
2026-10-08T21:16:55.7014742Z   ...
2026-10-08T21:16:55.7015159Z # Subtest: each supported sample clock uses inclusive endpoints and an actually different matching cosine
2026-10-08T21:16:55.7015800Z ok 580 - each supported sample clock uses inclusive endpoints and an actually different matching cosine
2026-10-08T21:16:55.7016343Z   ---
2026-10-08T21:16:55.7016536Z   duration_ms: 13.029145
2026-10-08T21:16:55.7016731Z   ...
2026-10-08T21:16:55.7017118Z # Subtest: DC, reflected aliases, the half-rate and input limits preserve their distinct meaning
2026-10-08T21:16:55.7017694Z ok 581 - DC, reflected aliases, the half-rate and input limits preserve their distinct meaning
2026-10-08T21:16:55.7018042Z   ---
2026-10-08T21:16:55.7018211Z   duration_ms: 0.338535
2026-10-08T21:16:55.7018409Z   ...
2026-10-08T21:16:55.7018784Z # Subtest: invalid numerical input is refused and snapshots cannot be changed after observation
2026-10-08T21:16:55.7019349Z ok 582 - invalid numerical input is refused and snapshots cannot be changed after observation
2026-10-08T21:16:55.7019699Z   ---
2026-10-08T21:16:55.7019862Z   duration_ms: 0.776248
2026-10-08T21:16:55.7020045Z   ...
2026-10-08T21:16:55.7020466Z # Subtest: CSV carries full precision and current parameter identity, ignoring supplied forged sample rows
2026-10-08T21:16:55.7021106Z ok 583 - CSV carries full precision and current parameter identity, ignoring supplied forged sample rows
2026-10-08T21:16:55.7021717Z   ---
2026-10-08T21:16:55.7021891Z   duration_ms: 1.273921
2026-10-08T21:16:55.7022135Z   ...
2026-10-08T21:16:55.7022720Z # Subtest: notes retain the actual first choices, session order, corrections, transfers, and attribution
2026-10-08T21:16:55.7023351Z ok 584 - notes retain the actual first choices, session order, corrections, transfers, and attribution
2026-10-08T21:16:55.7023721Z   ---
2026-10-08T21:16:55.7023887Z   duration_ms: 2.856347
2026-10-08T21:16:55.7024066Z   ...
2026-10-08T21:16:55.7024429Z # Subtest: paused and completed retries cannot replace the first answers or alter the model
2026-10-08T21:16:55.7024983Z ok 585 - paused and completed retries cannot replace the first answers or alter the model
2026-10-08T21:16:55.7025313Z   ---
2026-10-08T21:16:55.7025475Z   duration_ms: 1.072111
2026-10-08T21:16:55.7025649Z   ...
2026-10-08T21:16:55.7026241Z # Subtest: unstarted, zero-answer paused, and all-correct sessions have honest practice labels
2026-10-08T21:16:55.7026807Z ok 586 - unstarted, zero-answer paused, and all-correct sessions have honest practice labels
2026-10-08T21:16:55.7027163Z   ---
2026-10-08T21:16:55.7027332Z   duration_ms: 1.916785
2026-10-08T21:16:55.7027517Z   ...
2026-10-08T21:16:55.7027947Z # Subtest: incomplete, duplicate, legacy choice-less or malformed traces are refused rather than fabricated
2026-10-08T21:16:55.7028646Z ok 587 - incomplete, duplicate, legacy choice-less or malformed traces are refused rather than fabricated
2026-10-08T21:16:55.7029074Z   ---
2026-10-08T21:16:55.7029255Z   duration_ms: 1.128361
2026-10-08T21:16:55.7029455Z   ...
2026-10-08T21:16:55.7029889Z # Subtest: plain-text output preserves Unicode and literal markup without creating executable content
2026-10-08T21:16:55.7030564Z ok 588 - plain-text output preserves Unicode and literal markup without creating executable content
2026-10-08T21:16:55.7030971Z   ---
2026-10-08T21:16:55.7031169Z   duration_ms: 0.438374
2026-10-08T21:16:55.7031365Z   ...
2026-10-08T21:16:55.7031789Z # Subtest: the original five-vertex example has the hand-calculated settling order and cost-7 route
2026-10-08T21:16:55.7032516Z ok 589 - the original five-vertex example has the hand-calculated settling order and cost-7 route
2026-10-08T21:16:55.7032906Z   ---
2026-10-08T21:16:55.7033086Z   duration_ms: 2.765345
2026-10-08T21:16:55.7033295Z   ...
2026-10-08T21:16:55.7033717Z # Subtest: target discovery remains tentative; the cheaper route is final only on target settlement
2026-10-08T21:16:55.7034361Z ok 590 - target discovery remains tentative; the cheaper route is final only on target settlement
2026-10-08T21:16:55.7034757Z   ---
2026-10-08T21:16:55.7034941Z   duration_ms: 1.093804
2026-10-08T21:16:55.7035141Z   ...
2026-10-08T21:16:55.7035596Z # Subtest: zero weights and equal routes preserve the stated alphabetical and first-predecessor policies
2026-10-08T21:16:55.7036426Z ok 591 - zero weights and equal routes preserve the stated alphabetical and first-predecessor policies
2026-10-08T21:16:55.7036839Z   ---
2026-10-08T21:16:55.7037030Z   duration_ms: 0.645653
2026-10-08T21:16:55.7037232Z   ...
2026-10-08T21:16:55.7037686Z # Subtest: all preset source/target pairs agree with exhaustive simple paths, including reverse direction
2026-10-08T21:16:55.7038378Z ok 592 - all preset source/target pairs agree with exhaustive simple paths, including reverse direction
2026-10-08T21:16:55.7038841Z   ---
2026-10-08T21:16:55.7039026Z   duration_ms: 3.357657
2026-10-08T21:16:55.7039224Z   ...
2026-10-08T21:16:55.7039619Z # Subtest: 80 deterministic bounded graphs agree with a simple-path oracle for every source
2026-10-08T21:16:55.7040224Z ok 593 - 80 deterministic bounded graphs agree with a simple-path oracle for every source
2026-10-08T21:16:55.7040593Z   ---
2026-10-08T21:16:55.7040776Z   duration_ms: 59.666429
2026-10-08T21:16:55.7040984Z   ...
2026-10-08T21:16:55.7041299Z # Subtest: invalid graphs are refused before a runnable state exists
2026-10-08T21:16:55.7041746Z ok 594 - invalid graphs are refused before a runnable state exists
2026-10-08T21:16:55.7042130Z   ---
2026-10-08T21:16:55.7042313Z   duration_ms: 1.276284
2026-10-08T21:16:55.7042512Z   ...
2026-10-08T21:16:55.7042874Z # Subtest: run, graph, presets and trace snapshots cannot be changed by later edits
2026-10-08T21:16:55.7043410Z ok 595 - run, graph, presets and trace snapshots cannot be changed by later edits
2026-10-08T21:16:55.7043752Z   ---
2026-10-08T21:16:55.7043944Z   duration_ms: 0.622354
2026-10-08T21:16:55.7044146Z   ...
2026-10-08T21:16:55.7044588Z # Subtest: the original twelve-question course is valid, canonical and has balanced answer positions
2026-10-08T21:16:55.7045247Z ok 596 - the original twelve-question course is valid, canonical and has balanced answer positions
2026-10-08T21:16:55.7045645Z   ---
2026-10-08T21:16:55.7045826Z   duration_ms: 0.668925
2026-10-08T21:16:55.7046236Z   ...
2026-10-08T21:16:55.7046727Z # Subtest: existing knowledge, review, practice and notes contracts accept the new deck without changing the app
2026-10-08T21:16:55.7047473Z ok 597 - existing knowledge, review, practice and notes contracts accept the new deck without changing the app
2026-10-08T21:16:55.7047913Z   ---
2026-10-08T21:16:55.7048101Z   duration_ms: 11.328123
2026-10-08T21:16:55.7048312Z   ...
2026-10-08T21:16:55.7048822Z # Subtest: the original twelve-item SQL course uses the published import contract without changing its native meaning
2026-10-08T21:16:55.7049581Z ok 598 - the original twelve-item SQL course uses the published import contract without changing its native meaning
2026-10-08T21:16:55.7050026Z   ---
2026-10-08T21:16:55.7050206Z   duration_ms: 3.434369
2026-10-08T21:16:55.7050402Z   ...
2026-10-08T21:16:55.7050854Z # Subtest: actual SQLite regenerates all twenty-two saved queries and their exact course/default bindings
2026-10-08T21:16:55.7051558Z ok 599 - actual SQLite regenerates all twenty-two saved queries and their exact course/default bindings
2026-10-08T21:16:55.7051970Z   ---
2026-10-08T21:16:55.7052153Z   duration_ms: 58.059753
2026-10-08T21:16:55.7052342Z   ...
2026-10-08T21:16:55.7052841Z # Subtest: native adaptive selection, shuffled choices, review, practice and notes preserve all twelve SQL questions
2026-10-08T21:16:55.7053521Z ok 600 - native adaptive selection, shuffled choices, review, practice and notes preserve all twelve SQL questions
2026-10-08T21:16:55.7053905Z   ---
2026-10-08T21:16:55.7054071Z   duration_ms: 14.141984
2026-10-08T21:16:55.7054252Z   ...
2026-10-08T21:16:55.7054614Z # Subtest: a changed answer or invalid query refuses the build and preserves both saved artifacts
2026-10-08T21:16:55.7055159Z ok 601 - a changed answer or invalid query refuses the build and preserves both saved artifacts
2026-10-08T21:16:55.7055503Z   ---
2026-10-08T21:16:55.7055665Z   duration_ms: 388.55028
2026-10-08T21:16:55.7055851Z   ...
2026-10-08T21:16:55.7056435Z # Subtest: a stale generated explorer fails --check without silently replacing the changed file
2026-10-08T21:16:55.7056985Z ok 602 - a stale generated explorer fails --check without silently replacing the changed file
2026-10-08T21:16:55.7057346Z   ---
2026-10-08T21:16:55.7057566Z   duration_ms: 55.780538
2026-10-08T21:16:55.7057755Z   ...
2026-10-08T21:16:55.7058112Z # Subtest: original course fits the existing deck contract with all four concepts represented
2026-10-08T21:16:55.7058648Z ok 603 - original course fits the existing deck contract with all four concepts represented
2026-10-08T21:16:55.7058984Z   ---
2026-10-08T21:16:55.7059155Z   duration_ms: 3.472916
2026-10-08T21:16:55.7059336Z   ...
2026-10-08T21:16:55.7059728Z # Subtest: authored answer keys retain the independently worked quantities and conceptual distinctions
2026-10-08T21:16:55.7060324Z ok 604 - authored answer keys retain the independently worked quantities and conceptual distinctions
2026-10-08T21:16:55.7060687Z   ---
2026-10-08T21:16:55.7060848Z   duration_ms: 0.358663
2026-10-08T21:16:55.7061037Z   ...
2026-10-08T21:16:55.7061411Z # Subtest: course completes native selection, correct first answers, review, retry and study notes
2026-10-08T21:16:55.7062051Z ok 605 - course completes native selection, correct first answers, review, retry and study notes
2026-10-08T21:16:55.7062395Z   ---
2026-10-08T21:16:55.7062557Z   duration_ms: 13.515878
2026-10-08T21:16:55.7062754Z   ...
2026-10-08T21:16:55.7063130Z # Subtest: course completes native selection, mixed first answers, review, retry and study notes
2026-10-08T21:16:55.7063689Z ok 606 - course completes native selection, mixed first answers, review, retry and study notes
2026-10-08T21:16:55.7064033Z   ---
2026-10-08T21:16:55.7064193Z   duration_ms: 2.177823
2026-10-08T21:16:55.7064371Z   ...
2026-10-08T21:16:55.7064740Z # Subtest: course completes native selection, missed first answers, review, retry and study notes
2026-10-08T21:16:55.7065299Z ok 607 - course completes native selection, missed first answers, review, retry and study notes
2026-10-08T21:16:55.7065639Z   ---
2026-10-08T21:16:55.7065800Z   duration_ms: 1.782252
2026-10-08T21:16:55.7066072Z   ...
2026-10-08T21:16:55.7066451Z # Subtest: generated direct-open artifact has exact build parity and embeds the qualified course
2026-10-08T21:16:55.7067022Z ok 608 - generated direct-open artifact has exact build parity and embeds the qualified course
2026-10-08T21:16:55.7067365Z   ---
2026-10-08T21:16:55.7067530Z   duration_ms: 53.379851
2026-10-08T21:16:55.7067713Z   ...
2026-10-08T21:16:55.7068096Z # Subtest: standalone rendering keeps embedded source and course text inside their script elements
2026-10-08T21:16:55.7068661Z ok 609 - standalone rendering keeps embedded source and course text inside their script elements
2026-10-08T21:16:55.7069017Z   ---
2026-10-08T21:16:55.7069177Z   duration_ms: 0.746306
2026-10-08T21:16:55.7069353Z   ...
2026-10-08T21:16:55.7069866Z # Subtest: water: 6 / 2 mol → second
2026-10-08T21:16:55.7070156Z ok 610 - water: 6 / 2 mol → second
2026-10-08T21:16:55.7070362Z   ---
2026-10-08T21:16:55.7070531Z   duration_ms: 2.11212
2026-10-08T21:16:55.7070711Z   ...
2026-10-08T21:16:55.7070955Z # Subtest: water: 2 / 2 mol → first
2026-10-08T21:16:55.7071240Z ok 611 - water: 2 / 2 mol → first
2026-10-08T21:16:55.7071444Z   ---
2026-10-08T21:16:55.7071671Z   duration_ms: 0.250664
2026-10-08T21:16:55.7071854Z   ...
2026-10-08T21:16:55.7072092Z # Subtest: water: 4 / 2 mol → matched
2026-10-08T21:16:55.7072377Z ok 612 - water: 4 / 2 mol → matched
2026-10-08T21:16:55.7072580Z   ---
2026-10-08T21:16:55.7072741Z   duration_ms: 0.247115
2026-10-08T21:16:55.7072917Z   ...
2026-10-08T21:16:55.7073157Z # Subtest: water: 0 / 5 mol → no-product
2026-10-08T21:16:55.7073465Z ok 613 - water: 0 / 5 mol → no-product
2026-10-08T21:16:55.7073671Z   ---
2026-10-08T21:16:55.7073829Z   duration_ms: 0.179287
2026-10-08T21:16:55.7074006Z   ...
2026-10-08T21:16:55.7074243Z # Subtest: water: 5 / 0 mol → no-product
2026-10-08T21:16:55.7074539Z ok 614 - water: 5 / 0 mol → no-product
2026-10-08T21:16:55.7074747Z   ---
2026-10-08T21:16:55.7074915Z   duration_ms: 0.280298
2026-10-08T21:16:55.7075092Z   ...
2026-10-08T21:16:55.7075340Z # Subtest: water: 0 / 0 mol → no-product
2026-10-08T21:16:55.7075633Z ok 615 - water: 0 / 0 mol → no-product
2026-10-08T21:16:55.7075843Z   ---
2026-10-08T21:16:55.7076099Z   duration_ms: 0.186826
2026-10-08T21:16:55.7076288Z   ...
2026-10-08T21:16:55.7076525Z # Subtest: ammonia: 2 / 3 mol → second
2026-10-08T21:16:55.7076810Z ok 616 - ammonia: 2 / 3 mol → second
2026-10-08T21:16:55.7077018Z   ---
2026-10-08T21:16:55.7077181Z   duration_ms: 0.194029
2026-10-08T21:16:55.7077361Z   ...
2026-10-08T21:16:55.7077604Z # Subtest: ammonia: 1 / 2.4 mol → second
2026-10-08T21:16:55.7077899Z ok 617 - ammonia: 1 / 2.4 mol → second
2026-10-08T21:16:55.7078102Z   ---
2026-10-08T21:16:55.7078261Z   duration_ms: 0.226921
2026-10-08T21:16:55.7078436Z   ...
2026-10-08T21:16:55.7078669Z # Subtest: ammonia: 2 / 4.8 mol → second
2026-10-08T21:16:55.7078954Z ok 618 - ammonia: 2 / 4.8 mol → second
2026-10-08T21:16:55.7079164Z   ---
2026-10-08T21:16:55.7079326Z   duration_ms: 0.4055
2026-10-08T21:16:55.7079504Z   ...
2026-10-08T21:16:55.7079823Z # Subtest: ammonia: 0.1 / 0.3 mol → matched
2026-10-08T21:16:55.7080131Z ok 619 - ammonia: 0.1 / 0.3 mol → matched
2026-10-08T21:16:55.7080350Z   ---
2026-10-08T21:16:55.7080522Z   duration_ms: 0.336452
2026-10-08T21:16:55.7080701Z   ...
2026-10-08T21:16:55.7080959Z # Subtest: ammonia: 0.001 / 0.001 mol → second
2026-10-08T21:16:55.7081286Z ok 620 - ammonia: 0.001 / 0.001 mol → second
2026-10-08T21:16:55.7081506Z   ---
2026-10-08T21:16:55.7081666Z   duration_ms: 0.20373
2026-10-08T21:16:55.7081844Z   ...
2026-10-08T21:16:55.7082107Z # Subtest: ammonia: 0.001 / 0.003 mol → matched
2026-10-08T21:16:55.7082430Z ok 621 - ammonia: 0.001 / 0.003 mol → matched
2026-10-08T21:16:55.7082649Z   ---
2026-10-08T21:16:55.7082810Z   duration_ms: 0.196995
2026-10-08T21:16:55.7082992Z   ...
2026-10-08T21:16:55.7083242Z # Subtest: ammonia: 0.001 / 0.004 mol → first
2026-10-08T21:16:55.7083565Z ok 622 - ammonia: 0.001 / 0.004 mol → first
2026-10-08T21:16:55.7083785Z   ---
2026-10-08T21:16:55.7083947Z   duration_ms: 0.219264
2026-10-08T21:16:55.7084137Z   ...
2026-10-08T21:16:55.7084378Z # Subtest: magnesium: 1.5 / 1 mol → first
2026-10-08T21:16:55.7084685Z ok 623 - magnesium: 1.5 / 1 mol → first
2026-10-08T21:16:55.7084905Z   ---
2026-10-08T21:16:55.7085064Z   duration_ms: 0.178023
2026-10-08T21:16:55.7085242Z   ...
2026-10-08T21:16:55.7085491Z # Subtest: magnesium: 1 / 0.499 mol → second
2026-10-08T21:16:55.7085798Z ok 624 - magnesium: 1 / 0.499 mol → second
2026-10-08T21:16:55.7086114Z   ---
2026-10-08T21:16:55.7086278Z   duration_ms: 0.216934
2026-10-08T21:16:55.7086466Z   ...
2026-10-08T21:16:55.7086715Z # Subtest: magnesium: 1 / 0.5 mol → matched
2026-10-08T21:16:55.7087026Z ok 625 - magnesium: 1 / 0.5 mol → matched
2026-10-08T21:16:55.7087241Z   ---
2026-10-08T21:16:55.7087404Z   duration_ms: 0.226833
2026-10-08T21:16:55.7087599Z   ...
2026-10-08T21:16:55.7087870Z # Subtest: magnesium: 1 / 0.501 mol → first
2026-10-08T21:16:55.7088196Z ok 626 - magnesium: 1 / 0.501 mol → first
2026-10-08T21:16:55.7088428Z   ---
2026-10-08T21:16:55.7088613Z   duration_ms: 0.154313
2026-10-08T21:16:55.7088810Z   ...
2026-10-08T21:16:55.7089143Z # Subtest: water: 1000 / 1000 mol → first
2026-10-08T21:16:55.7089466Z ok 627 - water: 1000 / 1000 mol → first
2026-10-08T21:16:55.7089710Z   ---
2026-10-08T21:16:55.7089885Z   duration_ms: 0.245314
2026-10-08T21:16:55.7090081Z   ...
2026-10-08T21:16:55.7090438Z # Subtest: authored equations use the declared species and conserve each element
2026-10-08T21:16:55.7090962Z ok 628 - authored equations use the declared species and conserve each element
2026-10-08T21:16:55.7091298Z   ---
2026-10-08T21:16:55.7091479Z   duration_ms: 1.124375
2026-10-08T21:16:55.7091672Z   ...
2026-10-08T21:16:55.7091982Z # Subtest: all admitted decimal spellings resolve to exact millimoles
2026-10-08T21:16:55.7092428Z ok 629 - all admitted decimal spellings resolve to exact millimoles
2026-10-08T21:16:55.7092720Z   ---
2026-10-08T21:16:55.7092893Z   duration_ms: 0.30784
2026-10-08T21:16:55.7093093Z   ...
2026-10-08T21:16:55.7093456Z # Subtest: invalid or ambiguous amount inputs are refused without numeric coercion
2026-10-08T21:16:55.7093985Z ok 630 - invalid or ambiguous amount inputs are refused without numeric coercion
2026-10-08T21:16:55.7094332Z   ---
2026-10-08T21:16:55.7094504Z   duration_ms: 0.943117
2026-10-08T21:16:55.7094698Z   ...
2026-10-08T21:16:55.7095130Z # Subtest: positive amounts straddling an exact ratio are never classified using a floating tolerance
2026-10-08T21:16:55.7095770Z ok 631 - positive amounts straddling an exact ratio are never classified using a floating tolerance
2026-10-08T21:16:55.7096244Z   ---
2026-10-08T21:16:55.7096420Z   duration_ms: 0.211443
2026-10-08T21:16:55.7096614Z   ...
2026-10-08T21:16:55.7096996Z # Subtest: start = used + left and atom inventory is conserved across a changed-input grid
2026-10-08T21:16:55.7097563Z ok 632 - start = used + left and atom inventory is conserved across a changed-input grid
2026-10-08T21:16:55.7097916Z   ---
2026-10-08T21:16:55.7098089Z   duration_ms: 5.592061
2026-10-08T21:16:55.7098351Z   ...
2026-10-08T21:16:55.7098811Z # Subtest: doubling both supplies doubles theoretical product and excess without changing the limiting identity
2026-10-08T21:16:55.7099542Z ok 633 - doubling both supplies doubles theoretical product and excess without changing the limiting identity
2026-10-08T21:16:55.7099962Z   ---
2026-10-08T21:16:55.7100134Z   duration_ms: 0.759603
2026-10-08T21:16:55.7100327Z   ...
2026-10-08T21:16:55.7100752Z # Subtest: reaction definitions and solved records are deeply immutable without changing caller inputs
2026-10-08T21:16:55.7101408Z ok 634 - reaction definitions and solved records are deeply immutable without changing caller inputs
2026-10-08T21:16:55.7101807Z   ---
2026-10-08T21:16:55.7101980Z   duration_ms: 0.329782
2026-10-08T21:16:55.7102171Z   ...
2026-10-08T21:16:55.7102588Z # Subtest: worked record carries this prediction, mole accounting and the explicit theoretical model
2026-10-08T21:16:55.7103219Z ok 635 - worked record carries this prediction, mole accounting and the explicit theoretical model
2026-10-08T21:16:55.7103615Z   ---
2026-10-08T21:16:55.7103794Z   duration_ms: 0.762551
2026-10-08T21:16:55.7103987Z   ...
2026-10-08T21:16:55.7104428Z # Subtest: completed first answers restore in their original adaptive order with exact, unrounded estimates
2026-10-08T21:16:55.7105097Z ok 636 - completed first answers restore in their original adaptive order with exact, unrounded estimates
2026-10-08T21:16:55.7105496Z   ---
2026-10-08T21:16:55.7105684Z   duration_ms: 12.462555
2026-10-08T21:16:55.7106040Z   ...
2026-10-08T21:16:55.7106585Z # Subtest: unstarted, zero-answer, paused and complete practice remain distinct and can resume once
2026-10-08T21:16:55.7107366Z ok 637 - unstarted, zero-answer, paused and complete practice remain distinct and can resume once
2026-10-08T21:16:55.7107754Z   ---
2026-10-08T21:16:55.7107930Z   duration_ms: 3.809775
2026-10-08T21:16:55.7108131Z   ...
2026-10-08T21:16:55.7108502Z # Subtest: all-correct and all-missed completed traces use canonical answer indices
2026-10-08T21:16:55.7109110Z ok 638 - all-correct and all-missed completed traces use canonical answer indices
2026-10-08T21:16:55.7109449Z   ---
2026-10-08T21:16:55.7109624Z   duration_ms: 2.293773
2026-10-08T21:16:55.7109819Z   ...
2026-10-08T21:16:55.7110189Z # Subtest: incomplete, duplicate, unknown and out-of-range first answers are refused
2026-10-08T21:16:55.7110722Z ok 639 - incomplete, duplicate, unknown and out-of-range first answers are refused
2026-10-08T21:16:55.7111058Z   ---
2026-10-08T21:16:55.7111234Z   duration_ms: 7.65092
2026-10-08T21:16:55.7111426Z   ...
2026-10-08T21:16:55.7111842Z # Subtest: a different course revision cannot replace the current deck; property order is immaterial
2026-10-08T21:16:55.7112472Z ok 640 - a different course revision cannot replace the current deck; property order is immaterial
2026-10-08T21:16:55.7112852Z   ---
2026-10-08T21:16:55.7113025Z   duration_ms: 3.464112
2026-10-08T21:16:55.7113216Z   ...
2026-10-08T21:16:55.7113609Z # Subtest: changed model parameters, rounded estimates and incompatible versions are refused
2026-10-08T21:16:55.7114190Z ok 641 - changed model parameters, rounded estimates and incompatible versions are refused
2026-10-08T21:16:55.7114554Z   ---
2026-10-08T21:16:55.7114727Z   duration_ms: 6.864108
2026-10-08T21:16:55.7114919Z   ...
2026-10-08T21:16:55.7115289Z # Subtest: practice replay refuses duplicate, reordered, correct-first and extra answers
2026-10-08T21:16:55.7115937Z ok 642 - practice replay refuses duplicate, reordered, correct-first and extra answers
2026-10-08T21:16:55.7116308Z   ---
2026-10-08T21:16:55.7116483Z   duration_ms: 6.836674
2026-10-08T21:16:55.7116677Z   ...
2026-10-08T21:16:55.7117056Z # Subtest: bounded parsing refuses invalid JSON and oversized UTF-8 before exposing state
2026-10-08T21:16:55.7117608Z ok 643 - bounded parsing refuses invalid JSON and oversized UTF-8 before exposing state
2026-10-08T21:16:55.7117961Z   ---
2026-10-08T21:16:55.7118215Z   duration_ms: 2.891825
2026-10-08T21:16:55.7118411Z   ...
2026-10-08T21:16:55.7118846Z # Subtest: identical completed files inspect independently with no invented differences or chronology
2026-10-08T21:16:55.7119501Z ok 644 - identical completed files inspect independently with no invented differences or chronology
2026-10-08T21:16:55.7119893Z   ---
2026-10-08T21:16:55.7120070Z   duration_ms: 6.152955
2026-10-08T21:16:55.7120273Z   ...
2026-10-08T21:16:55.7120716Z # Subtest: canonical joins preserve both orders, all correctness transitions and two different wrong answers
2026-10-08T21:16:55.7121396Z ok 645 - canonical joins preserve both orders, all correctness transitions and two different wrong answers
2026-10-08T21:16:55.7121789Z   ---
2026-10-08T21:16:55.7121960Z   duration_ms: 2.218877
2026-10-08T21:16:55.7122155Z   ...
2026-10-08T21:16:55.7122469Z # Subtest: changed question order alone is not an answer difference
2026-10-08T21:16:55.7122899Z ok 646 - changed question order alone is not an answer difference
2026-10-08T21:16:55.7123190Z   ---
2026-10-08T21:16:55.7123368Z   duration_ms: 1.315409
2026-10-08T21:16:55.7123562Z   ...
2026-10-08T21:16:55.7123978Z # Subtest: unstarted, pending, incorrect retry and correct retry remain separate from first answers
2026-10-08T21:16:55.7124603Z ok 647 - unstarted, pending, incorrect retry and correct retry remain separate from first answers
2026-10-08T21:16:55.7124987Z   ---
2026-10-08T21:16:55.7125164Z   duration_ms: 5.474836
2026-10-08T21:16:55.7125355Z   ...
2026-10-08T21:16:55.7125763Z # Subtest: the current raw bundled deck remains compatible without normalizing its archive identity
2026-10-08T21:16:55.7126477Z ok 648 - the current raw bundled deck remains compatible without normalizing its archive identity
2026-10-08T21:16:55.7126863Z   ---
2026-10-08T21:16:55.7127039Z   duration_ms: 3.597224
2026-10-08T21:16:55.7127235Z   ...
2026-10-08T21:16:55.7127653Z # Subtest: object property ordering preserves identity while changed course content refuses the pair
2026-10-08T21:16:55.7128289Z ok 649 - object property ordering preserves identity while changed course content refuses the pair
2026-10-08T21:16:55.7128745Z   ---
2026-10-08T21:16:55.7128921Z   duration_ms: 4.371295
2026-10-08T21:16:55.7129112Z   ...
2026-10-08T21:16:55.7129532Z # Subtest: incomplete, malformed, changed-model and altered-estimate inputs keep the native refusals
2026-10-08T21:16:55.7130175Z ok 650 - incomplete, malformed, changed-model and altered-estimate inputs keep the native refusals
2026-10-08T21:16:55.7130566Z   ---
2026-10-08T21:16:55.7130751Z   duration_ms: 4.754359
2026-10-08T21:16:55.7130946Z   ...
2026-10-08T21:16:55.7131340Z # Subtest: inspection validates bounded deck content before using an archived deck as context
2026-10-08T21:16:55.7131937Z ok 651 - inspection validates bounded deck content before using an archived deck as context
2026-10-08T21:16:55.7132307Z   ---
2026-10-08T21:16:55.7132484Z   duration_ms: 4.510988
2026-10-08T21:16:55.7132692Z   ...
2026-10-08T21:16:55.7133293Z # Subtest: literal course content and prototype-looking IDs survive without mutable returned records
2026-10-08T21:16:55.7134100Z ok 652 - literal course content and prototype-looking IDs survive without mutable returned records
2026-10-08T21:16:55.7134479Z   ---
2026-10-08T21:16:55.7134661Z   duration_ms: 1.295253
2026-10-08T21:16:55.7134855Z   ...
2026-10-08T21:16:55.7135206Z # Subtest: independent concurrent file reads only publish their current pair
2026-10-08T21:16:55.7135699Z ok 653 - independent concurrent file reads only publish their current pair
2026-10-08T21:16:55.7136113Z   ---
2026-10-08T21:16:55.7136289Z   duration_ms: 2.454633
2026-10-08T21:16:55.7136486Z   ...
2026-10-08T21:16:55.7136896Z # Subtest: a replacement retires the old pair immediately and a superseded read cannot overwrite it
2026-10-08T21:16:55.7137538Z ok 654 - a replacement retires the old pair immediately and a superseded read cannot overwrite it
2026-10-08T21:16:55.7137929Z   ---
2026-10-08T21:16:55.7138115Z   duration_ms: 3.912256
2026-10-08T21:16:55.7138423Z   ...
2026-10-08T21:16:55.7138841Z # Subtest: clearing a pending file or receiving its late failure cannot restore comparison state
2026-10-08T21:16:55.7139449Z ok 655 - clearing a pending file or receiving its late failure cannot restore comparison state
2026-10-08T21:16:55.7139832Z   ---
2026-10-08T21:16:55.7140011Z   duration_ms: 1.872971
2026-10-08T21:16:55.7140208Z   ...
2026-10-08T21:16:55.7140633Z # Subtest: rejected or incompatible replacements clear paired output and permit ordinary recovery
2026-10-08T21:16:55.7141249Z ok 656 - rejected or incompatible replacements clear paired output and permit ordinary recovery
2026-10-08T21:16:55.7141640Z   ---
2026-10-08T21:16:55.7141813Z   duration_ms: 3.8421
2026-10-08T21:16:55.7142007Z   ...
2026-10-08T21:16:55.7142426Z # Subtest: file admission refuses oversized metadata before reading and rejects malformed UTF-8 bytes
2026-10-08T21:16:55.7143073Z ok 657 - file admission refuses oversized metadata before reading and rejects malformed UTF-8 bytes
2026-10-08T21:16:55.7143462Z   ---
2026-10-08T21:16:55.7143643Z   duration_ms: 0.86483
2026-10-08T21:16:55.7143840Z   ...
2026-10-08T21:16:55.7144226Z # Subtest: cancelled selection preserves accepted files and the immutable paired snapshot
2026-10-08T21:16:55.7144809Z ok 658 - cancelled selection preserves accepted files and the immutable paired snapshot
2026-10-08T21:16:55.7145168Z   ---
2026-10-08T21:16:55.7145343Z   duration_ms: 0.830273
2026-10-08T21:16:55.7145544Z   ...
2026-10-08T21:16:55.7146058Z # Subtest: the checked-in offline explorer contains the current source and exact admitted lesson
2026-10-08T21:16:55.7146673Z ok 659 - the checked-in offline explorer contains the current source and exact admitted lesson
2026-10-08T21:16:55.7147054Z   ---
2026-10-08T21:16:55.7147229Z   duration_ms: 4.07969
2026-10-08T21:16:55.7147427Z   ...
2026-10-08T21:16:55.7147797Z # Subtest: linear conversions keep the quantity while changing the numerical value
2026-10-08T21:16:55.7148326Z ok 660 - linear conversions keep the quantity while changing the numerical value
2026-10-08T21:16:55.7148669Z   ---
2026-10-08T21:16:55.7148907Z   duration_ms: 4.876423
2026-10-08T21:16:55.7149112Z   ...
2026-10-08T21:16:55.7149377Z # Subtest: a prefix scales every powered dimension
2026-10-08T21:16:55.7149807Z ok 661 - a prefix scales every powered dimension
2026-10-08T21:16:55.7150068Z   ---
2026-10-08T21:16:55.7150249Z   duration_ms: 1.020433
2026-10-08T21:16:55.7150458Z   ...
2026-10-08T21:16:55.7150822Z # Subtest: both numerator and denominator scales participate in rates and density
2026-10-08T21:16:55.7151360Z ok 662 - both numerator and denominator scales participate in rates and density
2026-10-08T21:16:55.7151702Z   ---
2026-10-08T21:16:55.7151888Z   duration_ms: 0.74696
2026-10-08T21:16:55.7152099Z   ...
2026-10-08T21:16:55.7152413Z # Subtest: derived units reduce to their stated m/kg/s powers
2026-10-08T21:16:55.7152829Z ok 663 - derived units reduce to their stated m/kg/s powers
2026-10-08T21:16:55.7153126Z   ---
2026-10-08T21:16:55.7153310Z   duration_ms: 1.604009
2026-10-08T21:16:55.7153514Z   ...
2026-10-08T21:16:55.7153871Z # Subtest: cancellation retains scale even when the resulting dimension is one
2026-10-08T21:16:55.7154396Z ok 664 - cancellation retains scale even when the resulting dimension is one
2026-10-08T21:16:55.7154728Z   ---
2026-10-08T21:16:55.7154913Z   duration_ms: 0.397705
2026-10-08T21:16:55.7155115Z   ...
2026-10-08T21:16:55.7155491Z # Subtest: division is left-associative and parentheses change denominator grouping
2026-10-08T21:16:55.7156138Z ok 665 - division is left-associative and parentheses change denominator grouping
2026-10-08T21:16:55.7156490Z   ---
2026-10-08T21:16:55.7156666Z   duration_ms: 0.358827
2026-10-08T21:16:55.7156861Z   ...
2026-10-08T21:16:55.7157224Z # Subtest: Unicode conveniences are explicit and whitespace is not multiplication
2026-10-08T21:16:55.7157755Z ok 666 - Unicode conveniences are explicit and whitespace is not multiplication
2026-10-08T21:16:55.7158157Z   ---
2026-10-08T21:16:55.7158339Z   duration_ms: 1.095831
2026-10-08T21:16:55.7158531Z   ...
2026-10-08T21:16:55.7158836Z # Subtest: zero does not make incompatible dimensions convertible
2026-10-08T21:16:55.7159257Z ok 667 - zero does not make incompatible dimensions convertible
2026-10-08T21:16:55.7159548Z   ---
2026-10-08T21:16:55.7159729Z   duration_ms: 0.580393
2026-10-08T21:16:55.7159937Z   ...
2026-10-08T21:16:55.7160279Z # Subtest: repeating ratios remain exact and displayed rounding is explicit
2026-10-08T21:16:55.7160769Z ok 668 - repeating ratios remain exact and displayed rounding is explicit
2026-10-08T21:16:55.7161088Z   ---
2026-10-08T21:16:55.7161264Z   duration_ms: 0.718438
2026-10-08T21:16:55.7161456Z   ...
2026-10-08T21:16:55.7161873Z # Subtest: large entered integers and small decimal distinctions survive without Number conversion
2026-10-08T21:16:55.7162489Z ok 669 - large entered integers and small decimal distinctions survive without Number conversion
2026-10-08T21:16:55.7162866Z   ---
2026-10-08T21:16:55.7163041Z   duration_ms: 0.59903
2026-10-08T21:16:55.7163235Z   ...
2026-10-08T21:16:55.7163542Z # Subtest: quantity parsing requires complete bounded decimal text
2026-10-08T21:16:55.7163989Z ok 670 - quantity parsing requires complete bounded decimal text
2026-10-08T21:16:55.7164280Z   ---
2026-10-08T21:16:55.7164455Z   duration_ms: 0.385492
2026-10-08T21:16:55.7164647Z   ...
2026-10-08T21:16:55.7165008Z # Subtest: the unit grammar rejects incomplete, excessive and unsupported expressions
2026-10-08T21:16:55.7165558Z ok 671 - the unit grammar rejects incomplete, excessive and unsupported expressions
2026-10-08T21:16:55.7165978Z   ---
2026-10-08T21:16:55.7166170Z   duration_ms: 0.861217
2026-10-08T21:16:55.7166367Z   ...
2026-10-08T21:16:55.7166695Z # Subtest: returned records are immutable JSON with exact rational strings
2026-10-08T21:16:55.7167166Z ok 672 - returned records are immutable JSON with exact rational strings
2026-10-08T21:16:55.7167479Z   ---
2026-10-08T21:16:55.7167668Z   duration_ms: 0.817431
2026-10-08T21:16:55.7167868Z   ...
2026-10-08T21:16:55.7168398Z # Subtest: normalized expressions retain every grouping and remain valid within the input bound
2026-10-08T21:16:55.7169007Z ok 673 - normalized expressions retain every grouping and remain valid within the input bound
2026-10-08T21:16:55.7169378Z   ---
2026-10-08T21:16:55.7169562Z   duration_ms: 1.66925
2026-10-08T21:16:55.7169755Z   ...
2026-10-08T21:16:55.7170145Z # Subtest: the downloadable course is the exact admitted course, without external dependencies
2026-10-08T21:16:55.7170723Z ok 674 - the downloadable course is the exact admitted course, without external dependencies
2026-10-08T21:16:55.7171084Z   ---
2026-10-08T21:16:55.7171258Z   duration_ms: 1.474725
2026-10-08T21:16:55.7171457Z   ...
2026-10-08T21:16:55.7171819Z # Subtest: rebuilding the embedded course preserves already current standalone bytes
2026-10-08T21:16:55.7172351Z ok 675 - rebuilding the embedded course preserves already current standalone bytes
2026-10-08T21:16:55.7172688Z   ---
2026-10-08T21:16:55.7172863Z   duration_ms: 33.48441
2026-10-08T21:16:55.7173055Z   ...
2026-10-08T21:16:55.7173424Z # Subtest: the course example retains a component and reconstructs the exact original
2026-10-08T21:16:55.7173950Z ok 676 - the course example retains a component and reconstructs the exact original
2026-10-08T21:16:55.7174287Z   ---
2026-10-08T21:16:55.7174463Z   duration_ms: 0.87208
2026-10-08T21:16:55.7174655Z   ...
2026-10-08T21:16:55.7175020Z # Subtest: the geometric line is unchanged by a positive or negative direction rescaling
2026-10-08T21:16:55.7175573Z ok 677 - the geometric line is unchanged by a positive or negative direction rescaling
2026-10-08T21:16:55.7175981Z   ---
2026-10-08T21:16:55.7176170Z   duration_ms: 0.287163
2026-10-08T21:16:55.7176366Z   ...
2026-10-08T21:16:55.7176743Z # Subtest: perpendicular, parallel, axis-aligned and zero-original cases remain defined
2026-10-08T21:16:55.7177307Z ok 678 - perpendicular, parallel, axis-aligned and zero-original cases remain defined
2026-10-08T21:16:55.7177728Z   ---
2026-10-08T21:16:55.7177905Z   duration_ms: 0.393209
2026-10-08T21:16:55.7178107Z   ...
2026-10-08T21:16:55.7178462Z # Subtest: malformed, missing, out-of-domain and zero direction values are refused
2026-10-08T21:16:55.7178977Z ok 679 - malformed, missing, out-of-domain and zero direction values are refused
2026-10-08T21:16:55.7179308Z   ---
2026-10-08T21:16:55.7179495Z   duration_ms: 1.460567
2026-10-08T21:16:55.7179690Z   ...
2026-10-08T21:16:55.7179998Z # Subtest: calculation does not mutate or alias its input coordinates
2026-10-08T21:16:55.7180451Z ok 680 - calculation does not mutate or alias its input coordinates
2026-10-08T21:16:55.7180753Z   ---
2026-10-08T21:16:55.7180928Z   duration_ms: 0.229861
2026-10-08T21:16:55.7181130Z   ...
2026-10-08T21:16:55.7181568Z # Subtest: 2,000 independently checked geometries satisfy the projection characterization and plot bounds
2026-10-08T21:16:55.7182239Z ok 681 - 2,000 independently checked geometries satisfy the projection characterization and plot bounds
2026-10-08T21:16:55.7182648Z   ---
2026-10-08T21:16:55.7182826Z   duration_ms: 25.076635
2026-10-08T21:16:55.7183026Z   ...
2026-10-08T21:16:55.7183438Z # Subtest: course has twelve original items, two per concept, with a balanced canonical answer key
2026-10-08T21:16:55.7184051Z ok 682 - course has twelve original items, two per concept, with a balanced canonical answer key
2026-10-08T21:16:55.7184425Z   ---
2026-10-08T21:16:55.7184597Z   duration_ms: 2.449279
2026-10-08T21:16:55.7184789Z   ...
2026-10-08T21:16:55.7185161Z # Subtest: displacement subtracts the starting point, including its negative component
2026-10-08T21:16:55.7185731Z ok 683 - displacement subtracts the starting point, including its negative component
2026-10-08T21:16:55.7186158Z   ---
2026-10-08T21:16:55.7186338Z   duration_ms: 0.870719
2026-10-08T21:16:55.7186533Z   ...
2026-10-08T21:16:55.7186920Z # Subtest: sequential displacements combine componentwise and retain the same final point
2026-10-08T21:16:55.7187589Z ok 684 - sequential displacements combine componentwise and retain the same final point
2026-10-08T21:16:55.7187956Z   ---
2026-10-08T21:16:55.7188135Z   duration_ms: 0.370784
2026-10-08T21:16:55.7188331Z   ...
2026-10-08T21:16:55.7188676Z # Subtest: Euclidean length is the square root of the sum of squared components
2026-10-08T21:16:55.7189172Z ok 685 - Euclidean length is the square root of the sum of squared components
2026-10-08T21:16:55.7189501Z   ---
2026-10-08T21:16:55.7189680Z   duration_ms: 0.298625
2026-10-08T21:16:55.7189876Z   ...
2026-10-08T21:16:55.7190242Z # Subtest: the unit direction has length one and preserves the original orientation
2026-10-08T21:16:55.7190798Z ok 686 - the unit direction has length one and preserves the original orientation
2026-10-08T21:16:55.7191149Z   ---
2026-10-08T21:16:55.7191341Z   duration_ms: 0.374189
2026-10-08T21:16:55.7191548Z   ...
2026-10-08T21:16:55.7191876Z # Subtest: the two nonzero perpendicular vectors have zero dot product
2026-10-08T21:16:55.7192350Z ok 687 - the two nonzero perpendicular vectors have zero dot product
2026-10-08T21:16:55.7192672Z   ---
2026-10-08T21:16:55.7192832Z   duration_ms: 0.234623
2026-10-08T21:16:55.7193016Z   ...
2026-10-08T21:16:55.7193336Z # Subtest: a unit-axis component retains the sign of the projected displacement
2026-10-08T21:16:55.7193804Z ok 688 - a unit-axis component retains the sign of the projected displacement
2026-10-08T21:16:55.7194104Z   ---
2026-10-08T21:16:55.7194262Z   duration_ms: 0.21532
2026-10-08T21:16:55.7194441Z   ...
2026-10-08T21:16:55.7194805Z # Subtest: the projection lies on the nonunit direction line and leaves an orthogonal residual
2026-10-08T21:16:55.7195338Z ok 689 - the projection lies on the nonunit direction line and leaves an orthogonal residual
2026-10-08T21:16:55.7195671Z   ---
2026-10-08T21:16:55.7195831Z   duration_ms: 0.333505
2026-10-08T21:16:55.7196080Z   ...
2026-10-08T21:16:55.7196400Z # Subtest: the requested residual reconstructs b as well as being perpendicular
2026-10-08T21:16:55.7196947Z ok 690 - the requested residual reconstructs b as well as being perpendicular
2026-10-08T21:16:55.7197250Z   ---
2026-10-08T21:16:55.7197415Z   duration_ms: 0.384359
2026-10-08T21:16:55.7197590Z   ...
2026-10-08T21:16:55.7197909Z # Subtest: row dot products implement the stated column-vector matrix convention
2026-10-08T21:16:55.7198370Z ok 691 - row dot products implement the stated column-vector matrix convention
2026-10-08T21:16:55.7198677Z   ---
2026-10-08T21:16:55.7198841Z   duration_ms: 0.41196
2026-10-08T21:16:55.7199021Z   ...
2026-10-08T21:16:55.7199329Z # Subtest: basis images retain the coefficients of the input linear combination
2026-10-08T21:16:55.7199785Z ok 692 - basis images retain the coefficients of the input linear combination
2026-10-08T21:16:55.7200079Z   ---
2026-10-08T21:16:55.7200249Z   duration_ms: 0.289205
2026-10-08T21:16:55.7200430Z   ...
2026-10-08T21:16:55.7200739Z # Subtest: rotation before horizontal stretch differs from the reverse order
2026-10-08T21:16:55.7201202Z ok 693 - rotation before horizontal stretch differs from the reverse order
2026-10-08T21:16:55.7201502Z   ---
2026-10-08T21:16:55.7201662Z   duration_ms: 0.30517
2026-10-08T21:16:55.7201845Z   ...
2026-10-08T21:16:55.7202127Z # Subtest: the stated distinct inputs collide under the flattening map
2026-10-08T21:16:55.7202534Z ok 694 - the stated distinct inputs collide under the flattening map
2026-10-08T21:16:55.7202814Z   ---
2026-10-08T21:16:55.7202983Z   duration_ms: 0.17244
2026-10-08T21:16:55.7203173Z   ...
2026-10-08T21:16:55.7203566Z # Subtest: the authored greedy counterexample has the complete expected table and schedule
2026-10-08T21:16:55.7204137Z ok 695 - the authored greedy counterexample has the complete expected table and schedule
2026-10-08T21:16:55.7204496Z   ---
2026-10-08T21:16:55.7204671Z   duration_ms: 1.848793
2026-10-08T21:16:55.7204863Z   ...
2026-10-08T21:16:55.7205238Z # Subtest: a changed value recomputes the selected prefix and does not mutate the example
2026-10-08T21:16:55.7205941Z ok 696 - a changed value recomputes the selected prefix and does not mutate the example
2026-10-08T21:16:55.7206318Z   ---
2026-10-08T21:16:55.7206494Z   duration_ms: 0.363211
2026-10-08T21:16:55.7206687Z   ...
2026-10-08T21:16:55.7207073Z # Subtest: touching endpoints are compatible and a positive overlap changes that decision
2026-10-08T21:16:55.7207643Z ok 697 - touching endpoints are compatible and a positive overlap changes that decision
2026-10-08T21:16:55.7208007Z   ---
2026-10-08T21:16:55.7208182Z   duration_ms: 0.278766
2026-10-08T21:16:55.7208379Z   ...
2026-10-08T21:16:55.7208733Z # Subtest: backtracking from a smaller prefix can differ from the complete optimum
2026-10-08T21:16:55.7209251Z ok 698 - backtracking from a smaller prefix can differ from the complete optimum
2026-10-08T21:16:55.7209581Z   ---
2026-10-08T21:16:55.7209761Z   duration_ms: 0.18271
2026-10-08T21:16:55.7209951Z   ...
2026-10-08T21:16:55.7210317Z # Subtest: equal alternatives keep the previous prefix under the declared stable order
2026-10-08T21:16:55.7210861Z ok 699 - equal alternatives keep the previous prefix under the declared stable order
2026-10-08T21:16:55.7211201Z   ---
2026-10-08T21:16:55.7211375Z   duration_ms: 0.346549
2026-10-08T21:16:55.7211574Z   ...
2026-10-08T21:16:55.7211941Z # Subtest: a predecessor row supplies its best prefix, not necessarily its own activity
2026-10-08T21:16:55.7212483Z ok 700 - a predecessor row supplies its best prefix, not necessarily its own activity
2026-10-08T21:16:55.7212823Z   ---
2026-10-08T21:16:55.7212998Z   duration_ms: 0.893015
2026-10-08T21:16:55.7213192Z   ...
2026-10-08T21:16:55.7213508Z # Subtest: empty and zero-valued inputs return a real empty optimum
2026-10-08T21:16:55.7213939Z ok 701 - empty and zero-valued inputs return a real empty optimum
2026-10-08T21:16:55.7214226Z   ---
2026-10-08T21:16:55.7214399Z   duration_ms: 0.309046
2026-10-08T21:16:55.7214591Z   ...
2026-10-08T21:16:55.7214895Z # Subtest: the admitted bounds and code-unit ID tie order are exact
2026-10-08T21:16:55.7215409Z ok 702 - the admitted bounds and code-unit ID tie order are exact
2026-10-08T21:16:55.7215701Z   ---
2026-10-08T21:16:55.7215941Z   duration_ms: 0.172843
2026-10-08T21:16:55.7216152Z   ...
2026-10-08T21:16:55.7216665Z # Subtest: invalid representable activity inputs are refused without changing supplied data
2026-10-08T21:16:55.7217510Z ok 703 - invalid representable activity inputs are refused without changing supplied data
2026-10-08T21:16:55.7217897Z   ---
2026-10-08T21:16:55.7218075Z   duration_ms: 0.887894
2026-10-08T21:16:55.7218271Z   ...
2026-10-08T21:16:55.7218627Z # Subtest: results are detached from both admitted inputs and future solver calls
2026-10-08T21:16:55.7219134Z ok 704 - results are detached from both admitted inputs and future solver calls
2026-10-08T21:16:55.7219460Z   ---
2026-10-08T21:16:55.7219641Z   duration_ms: 0.22503
2026-10-08T21:16:55.7219831Z   ...
2026-10-08T21:16:55.7220098Z # Subtest: the original twelve-question course is canonical and covers every concept
2026-10-08T21:16:55.7220373Z ok 705 - the original twelve-question course is canonical and covers every concept
2026-10-08T21:16:55.7220452Z   ---
2026-10-08T21:16:55.7220536Z   duration_ms: 0.441617
2026-10-08T21:16:55.7220616Z   ...
2026-10-08T21:16:55.7220943Z # Subtest: the deck goes through the existing adaptive learner, review, practice and notes consumers
2026-10-08T21:16:55.7221253Z ok 706 - the deck goes through the existing adaptive learner, review, practice and notes consumers
2026-10-08T21:16:55.7221331Z   ---
2026-10-08T21:16:55.7221421Z   duration_ms: 9.539613
2026-10-08T21:16:55.7221492Z   ...
2026-10-08T21:16:55.7221777Z # Subtest: the direct-file page matches the maintained builder and original deck download
2026-10-08T21:16:55.7222043Z ok 707 - the direct-file page matches the maintained builder and original deck download
2026-10-08T21:16:55.7222121Z   ---
2026-10-08T21:16:55.7222216Z   duration_ms: 42.423877
2026-10-08T21:16:55.7222292Z   ...
2026-10-08T21:16:55.7222376Z 1..707
2026-10-08T21:16:55.7222462Z # tests 749
2026-10-08T21:16:55.7222539Z # suites 0
2026-10-08T21:16:55.7222696Z # pass 749
2026-10-08T21:16:55.7222777Z # fail 0
2026-10-08T21:16:55.7222870Z # cancelled 0
2026-10-08T21:16:55.7222957Z # skipped 0
2026-10-08T21:16:55.7223034Z # todo 0
2026-10-08T21:16:55.7223286Z # duration_ms 5897.634576
2026-10-08T21:16:55.7257824Z ##[group]Run cp demo.html /tmp/demo-before.html
2026-10-08T21:16:55.7257994Z [36;1mcp demo.html /tmp/demo-before.html[0m
2026-10-08T21:16:55.7258098Z [36;1mpython3 tools/make_demo.py[0m
2026-10-08T21:16:55.7258428Z [36;1mcmp /tmp/demo-before.html demo.html || { echo "demo.html is stale: run 'python3 tools/make_demo.py' and commit the result"; exit 1; }[0m
2026-10-08T21:16:55.7299229Z shell: /usr/bin/bash -e {0}
2026-10-08T21:16:55.7299322Z ##[endgroup]
2026-10-08T21:16:55.7580193Z Built /home/runner/work/RecallWeave/RecallWeave/demo.html (98468 bytes)
2026-10-08T21:16:55.7708148Z Post job cleanup.
2026-10-08T21:16:55.8810561Z (node:3892) [DEP0040] DeprecationWarning: The `punycode` module is deprecated. Please use a userland alternative instead.
2026-10-08T21:16:55.8811581Z (Use `node --trace-deprecation ...` to show where the warning was created)
2026-10-08T21:16:55.8953671Z Post job cleanup.
2026-10-08T21:16:55.9780433Z [command]/usr/bin/git version
2026-10-08T21:16:55.9816150Z git version 2.55.0
2026-10-08T21:16:55.9851047Z Temporarily overriding HOME='/home/runner/work/_temp/cb2063a6-6cc3-475d-a0e8-d5a4548728dc' before making global git config changes
2026-10-08T21:16:55.9852247Z Adding repository directory to the temporary git global config as a safe directory
2026-10-08T21:16:55.9855643Z [command]/usr/bin/git config --global --add safe.directory /home/runner/work/RecallWeave/RecallWeave
2026-10-08T21:16:55.9889288Z [command]/usr/bin/git config --local --name-only --get-regexp core\.sshCommand
2026-10-08T21:16:55.9918874Z [command]/usr/bin/git submodule foreach --recursive sh -c "git config --local --name-only --get-regexp 'core\.sshCommand' && git config --local --unset-all 'core.sshCommand' || :"
2026-10-08T21:16:56.0129642Z [command]/usr/bin/git config --local --name-only --get-regexp http\.https\:\/\/github\.com\/\.extraheader
2026-10-08T21:16:56.0149758Z http.https://github.com/.extraheader
2026-10-08T21:16:56.0160301Z [command]/usr/bin/git config --local --unset-all http.https://github.com/.extraheader
2026-10-08T21:16:56.0190150Z [command]/usr/bin/git submodule foreach --recursive sh -c "git config --local --name-only --get-regexp 'http\.https\:\/\/github\.com\/\.extraheader' && git config --local --unset-all 'http.https://github.com/.extraheader' || :"
2026-10-08T21:16:56.0433917Z [command]/usr/bin/git config --local --name-only --get-regexp ^includeIf\.gitdir:
2026-10-08T21:16:56.0472616Z [command]/usr/bin/git submodule foreach --recursive git config --local --show-origin --name-only --get-regexp remote.origin.url
2026-10-08T21:16:56.0854419Z Cleaning up orphan processes
2026-10-08T21:16:56.1050293Z ##[warning]Node.js 20 is deprecated. The following actions target Node.js 20 but are being forced to run on Node.js 24: actions/checkout@11d5960a326750d5838078e36cf38b85af677262, actions/setup-node@49933ea5288caeca8642d1e84afbd3f7d6820020. For more information see: https://github.blog/changelog/2025-09-19-deprecation-of-node-20-on-github-actions-runners/
