2026-10-08T15:06:27.7436314Z Current runner version: '2.337.0'
2026-10-08T15:06:27.7465910Z ##[group]Runner Image Provisioner
2026-10-08T15:06:27.7467261Z Hosted Compute Agent
2026-10-08T15:06:27.7468276Z Version: 20260901.588
2026-10-08T15:06:27.7469528Z Commit: f88ec8081b781fac6c440065ac7ff9e710ce3d0b
2026-10-08T15:06:27.7470806Z Build Date: 2026-09-01T19:56:44Z
2026-10-08T15:06:27.7472149Z Worker ID: {6c967c69-5c4f-42cf-94a5-d79ed947578e}
2026-10-08T15:06:27.7473854Z Azure Region: eastus
2026-10-08T15:06:27.7474815Z ##[endgroup]
2026-10-08T15:06:27.7478237Z ##[group]Operating System
2026-10-08T15:06:27.7479305Z Ubuntu
2026-10-08T15:06:27.7480275Z 24.04.5
2026-10-08T15:06:27.7481220Z LTS
2026-10-08T15:06:27.7482055Z ##[endgroup]
2026-10-08T15:06:27.7482995Z ##[group]Runner Image
2026-10-08T15:06:27.7484604Z Image: ubuntu-24.04
2026-10-08T15:06:27.7485726Z Version: 20260927.320.1
2026-10-08T15:06:27.7487792Z Included Software: https://github.com/actions/runner-images/blob/ubuntu24/20260927.320/images/ubuntu/Ubuntu2404-Readme.md
2026-10-08T15:06:27.7490684Z Image Release: https://github.com/actions/runner-images/releases/tag/ubuntu24%2F20260927.320
2026-10-08T15:06:27.7492435Z ##[endgroup]
2026-10-08T15:06:27.7494796Z ##[group]GITHUB_TOKEN Permissions
2026-10-08T15:06:27.7497851Z Contents: read
2026-10-08T15:06:27.7498953Z Metadata: read
2026-10-08T15:06:27.7500071Z ##[endgroup]
2026-10-08T15:06:27.7503781Z Secret source: Actions
2026-10-08T15:06:27.7505394Z Cache mode: write
2026-10-08T15:06:27.7506801Z Prepare workflow directory
2026-10-08T15:06:27.8001406Z Prepare all required actions
2026-10-08T15:06:27.8074155Z Getting action download info
2026-10-08T15:06:28.0132641Z Download action repository 'actions/checkout@11d5960a326750d5838078e36cf38b85af677262' (SHA:11d5960a326750d5838078e36cf38b85af677262)
2026-10-08T15:06:28.1123674Z Download action repository 'actions/setup-node@49933ea5288caeca8642d1e84afbd3f7d6820020' (SHA:49933ea5288caeca8642d1e84afbd3f7d6820020)
2026-10-08T15:06:28.3059352Z Complete job name: node-test
2026-10-08T15:06:28.3863867Z ##[group]Run actions/checkout@11d5960a326750d5838078e36cf38b85af677262
2026-10-08T15:06:28.3864991Z with:
2026-10-08T15:06:28.3865453Z   repository: Jacob-Met/RecallWeave
2026-10-08T15:06:28.3869559Z   token: ***
2026-10-08T15:06:28.3870005Z   ssh-strict: true
2026-10-08T15:06:28.3870449Z   ssh-user: git
2026-10-08T15:06:28.3870898Z   persist-credentials: true
2026-10-08T15:06:28.3871384Z   clean: true
2026-10-08T15:06:28.3871844Z   sparse-checkout-cone-mode: true
2026-10-08T15:06:28.3872367Z   fetch-depth: 1
2026-10-08T15:06:28.3872805Z   fetch-tags: false
2026-10-08T15:06:28.3873256Z   show-progress: true
2026-10-08T15:06:28.3873908Z   lfs: false
2026-10-08T15:06:28.3874327Z   submodules: false
2026-10-08T15:06:28.3874795Z   set-safe-directory: true
2026-10-08T15:06:28.3875308Z   allow-unsafe-pr-checkout: false
2026-10-08T15:06:28.3876081Z ##[endgroup]
2026-10-08T15:06:28.4907088Z Syncing repository: Jacob-Met/RecallWeave
2026-10-08T15:06:28.4909791Z ##[group]Getting Git version info
2026-10-08T15:06:28.4910996Z Working directory is '/home/runner/work/RecallWeave/RecallWeave'
2026-10-08T15:06:28.4912781Z [command]/usr/bin/git version
2026-10-08T15:06:28.4987198Z git version 2.55.0
2026-10-08T15:06:28.5026783Z ##[endgroup]
2026-10-08T15:06:28.5036667Z Temporarily overriding HOME='/home/runner/work/_temp/9d74f901-fa74-4609-849f-08e38f6ec050' before making global git config changes
2026-10-08T15:06:28.5039866Z Adding repository directory to the temporary git global config as a safe directory
2026-10-08T15:06:28.5042816Z [command]/usr/bin/git config --global --add safe.directory /home/runner/work/RecallWeave/RecallWeave
2026-10-08T15:06:28.5100793Z Deleting the contents of '/home/runner/work/RecallWeave/RecallWeave'
2026-10-08T15:06:28.5106832Z ##[group]Initializing the repository
2026-10-08T15:06:28.5112628Z [command]/usr/bin/git init /home/runner/work/RecallWeave/RecallWeave
2026-10-08T15:06:28.5244764Z hint: Using 'master' as the name for the initial branch. This default branch name
2026-10-08T15:06:28.5246785Z hint: will change to "main" in Git 3.0. To configure the initial branch name
2026-10-08T15:06:28.5248346Z hint: to use in all of your new repositories, which will suppress this warning,
2026-10-08T15:06:28.5249624Z hint: call:
2026-10-08T15:06:28.5250358Z hint:
2026-10-08T15:06:28.5251163Z hint: 	git config --global init.defaultBranch <name>
2026-10-08T15:06:28.5252134Z hint:
2026-10-08T15:06:28.5253070Z hint: Names commonly chosen instead of 'master' are 'main', 'trunk' and
2026-10-08T15:06:28.5254880Z hint: 'development'. The just-created branch can be renamed via this command:
2026-10-08T15:06:28.5256119Z hint:
2026-10-08T15:06:28.5256767Z hint: 	git branch -m <name>
2026-10-08T15:06:28.5257503Z hint:
2026-10-08T15:06:28.5258495Z hint: Disable this message with "git config set advice.defaultBranchName false"
2026-10-08T15:06:28.5260577Z Initialized empty Git repository in /home/runner/work/RecallWeave/RecallWeave/.git/
2026-10-08T15:06:28.5263880Z [command]/usr/bin/git remote add origin https://github.com/Jacob-Met/RecallWeave
2026-10-08T15:06:28.5315947Z ##[endgroup]
2026-10-08T15:06:28.5317269Z ##[group]Disabling automatic garbage collection
2026-10-08T15:06:28.5319385Z [command]/usr/bin/git config --local gc.auto 0
2026-10-08T15:06:28.5354075Z ##[endgroup]
2026-10-08T15:06:28.5355355Z ##[group]Setting up auth
2026-10-08T15:06:28.5361547Z [command]/usr/bin/git config --local --name-only --get-regexp core\.sshCommand
2026-10-08T15:06:28.5401153Z [command]/usr/bin/git submodule foreach --recursive sh -c "git config --local --name-only --get-regexp 'core\.sshCommand' && git config --local --unset-all 'core.sshCommand' || :"
2026-10-08T15:06:28.5821735Z [command]/usr/bin/git config --local --name-only --get-regexp http\.https\:\/\/github\.com\/\.extraheader
2026-10-08T15:06:28.5863795Z [command]/usr/bin/git submodule foreach --recursive sh -c "git config --local --name-only --get-regexp 'http\.https\:\/\/github\.com\/\.extraheader' && git config --local --unset-all 'http.https://github.com/.extraheader' || :"
2026-10-08T15:06:28.6092712Z [command]/usr/bin/git config --local --name-only --get-regexp ^includeIf\.gitdir:
2026-10-08T15:06:28.6130766Z [command]/usr/bin/git submodule foreach --recursive git config --local --show-origin --name-only --get-regexp remote.origin.url
2026-10-08T15:06:28.6362118Z [command]/usr/bin/git config --local http.https://github.com/.extraheader AUTHORIZATION: basic ***
2026-10-08T15:06:28.6404933Z ##[endgroup]
2026-10-08T15:06:28.6405890Z ##[group]Fetching the repository
2026-10-08T15:06:28.6415729Z [command]/usr/bin/git -c protocol.version=2 fetch --no-tags --prune --no-recurse-submodules --depth=1 origin +1082482afe31e557e36b1a694b2eb9917729c2dd:refs/remotes/origin/main
2026-10-08T15:06:29.7805107Z From https://github.com/Jacob-Met/RecallWeave
2026-10-08T15:06:29.7807544Z  * [new ref]         1082482afe31e557e36b1a694b2eb9917729c2dd -> origin/main
2026-10-08T15:06:29.7813165Z ##[endgroup]
2026-10-08T15:06:29.7814872Z ##[group]Determining the checkout info
2026-10-08T15:06:29.7816677Z ##[endgroup]
2026-10-08T15:06:29.7819776Z [command]/usr/bin/git sparse-checkout disable
2026-10-08T15:06:29.7881740Z [command]/usr/bin/git config --local --unset-all extensions.worktreeConfig
2026-10-08T15:06:29.7918192Z ##[group]Checking out the ref
2026-10-08T15:06:29.7931509Z [command]/usr/bin/git checkout --progress --force -B main refs/remotes/origin/main
2026-10-08T15:06:29.9575528Z Switched to a new branch 'main'
2026-10-08T15:06:29.9580278Z branch 'main' set up to track 'origin/main'.
2026-10-08T15:06:29.9595103Z ##[endgroup]
2026-10-08T15:06:29.9641628Z [command]/usr/bin/git log -1 --format=%H
2026-10-08T15:06:29.9669335Z 1082482afe31e557e36b1a694b2eb9917729c2dd
2026-10-08T15:06:30.0055423Z ##[group]Run actions/setup-node@49933ea5288caeca8642d1e84afbd3f7d6820020
2026-10-08T15:06:30.0057081Z with:
2026-10-08T15:06:30.0058001Z   node-version: 20
2026-10-08T15:06:30.0059004Z   always-auth: false
2026-10-08T15:06:30.0060037Z   check-latest: false
2026-10-08T15:06:30.0070069Z   token: ***
2026-10-08T15:06:30.0071227Z ##[endgroup]
2026-10-08T15:06:30.1531794Z Attempting to download 20...
2026-10-08T15:06:30.1642955Z (node:2305) [DEP0040] DeprecationWarning: The `punycode` module is deprecated. Please use a userland alternative instead.
2026-10-08T15:06:30.1646943Z (Use `node --trace-deprecation ...` to show where the warning was created)
2026-10-08T15:06:30.8116764Z Acquiring 20.20.2 - x64 from https://github.com/actions/node-versions/releases/download/20.20.2-23521894959/node-20.20.2-linux-x64.tar.gz
2026-10-08T15:06:31.1454729Z Extracting ...
2026-10-08T15:06:31.1573671Z [command]/usr/bin/tar xz --strip 1 --warning=no-unknown-keyword --overwrite -C /home/runner/work/_temp/e8807282-92ea-4317-af7c-44b98d6c1762 -f /home/runner/work/_temp/3feb4228-b5ec-4120-83dc-50342bbd3bed
2026-10-08T15:06:32.1799725Z Adding to the cache ...
2026-10-08T15:06:33.9860105Z ##[group]Environment details
2026-10-08T15:06:34.2236351Z node: v20.20.2
2026-10-08T15:06:34.2236914Z npm: 10.8.2
2026-10-08T15:06:34.2237194Z yarn: 1.22.22
2026-10-08T15:06:34.2237697Z ##[endgroup]
2026-10-08T15:06:34.2415105Z ##[group]Run node --test tests/*.test.mjs
2026-10-08T15:06:34.2415534Z [36;1mnode --test tests/*.test.mjs[0m
2026-10-08T15:06:34.2740986Z shell: /usr/bin/bash -e {0}
2026-10-08T15:06:34.2741354Z ##[endgroup]
2026-10-08T15:06:34.3318468Z TAP version 13
2026-10-08T15:06:34.3925529Z # Subtest: display orders retain every canonical option exactly once and are immutable
2026-10-08T15:06:34.3955108Z ok 1 - display orders retain every canonical option exactly once and are immutable
2026-10-08T15:06:34.3956421Z   ---
2026-10-08T15:06:34.3957120Z   duration_ms: 10.532998
2026-10-08T15:06:34.3957857Z   ...
2026-10-08T15:06:34.3959209Z # Subtest: a stable source replays an order and changed input can put the answer in every display position
2026-10-08T15:06:34.3961213Z ok 2 - a stable source replays an order and changed input can put the answer in every display position
2026-10-08T15:06:34.3962534Z   ---
2026-10-08T15:06:34.3963285Z   duration_ms: 1.267924
2026-10-08T15:06:34.3964379Z   ...
2026-10-08T15:06:34.3965685Z # Subtest: invalid counts or random values cannot produce duplicate, missing, or unaddressable choices
2026-10-08T15:06:34.3967410Z ok 3 - invalid counts or random values cannot produce duplicate, missing, or unaddressable choices
2026-10-08T15:06:34.3968593Z   ---
2026-10-08T15:06:34.3969246Z   duration_ms: 0.430369
2026-10-08T15:06:34.3969935Z   ...
2026-10-08T15:06:34.3974766Z # Subtest: varied displayed choices keep review, corrected practice and study notes tied to their original text
2026-10-08T15:06:34.3979760Z ok 4 - varied displayed choices keep review, corrected practice and study notes tied to their original text
2026-10-08T15:06:34.3981012Z   ---
2026-10-08T15:06:34.3981670Z   duration_ms: 9.725891
2026-10-08T15:06:34.3982400Z   ...
2026-10-08T15:06:34.4184819Z # Subtest: the direct-file author page is generated from all current author modules
2026-10-08T15:06:34.4195270Z ok 5 - the direct-file author page is generated from all current author modules
2026-10-08T15:06:34.4196746Z   ---
2026-10-08T15:06:34.4197554Z   duration_ms: 48.793836
2026-10-08T15:06:34.4198256Z   ...
2026-10-08T15:06:34.4319269Z # Subtest: the binary-search course round-trips through the published deck contract
2026-10-08T15:06:34.4334749Z ok 6 - the binary-search course round-trips through the published deck contract
2026-10-08T15:06:34.4372788Z   ---
2026-10-08T15:06:34.4375915Z   duration_ms: 6.379412
2026-10-08T15:06:34.4376759Z   ...
2026-10-08T15:06:34.4377908Z # Subtest: worked first-occurrence and absent examples agree with an independent linear partition
2026-10-08T15:06:34.4379814Z ok 7 - worked first-occurrence and absent examples agree with an independent linear partition
2026-10-08T15:06:34.4381043Z   ---
2026-10-08T15:06:34.4381733Z   duration_ms: 0.413898
2026-10-08T15:06:34.4382451Z   ...
2026-10-08T15:06:34.4384773Z # Subtest: midpoint and branch answers use the course’s half-open interval convention
2026-10-08T15:06:34.4386828Z ok 8 - midpoint and branch answers use the course’s half-open interval convention
2026-10-08T15:06:34.4388772Z   ---
2026-10-08T15:06:34.4389482Z   duration_ms: 0.373923
2026-10-08T15:06:34.4390252Z   ...
2026-10-08T15:06:34.4391563Z # Subtest: the worked trace and worst-case count follow strictly shrinking intervals
2026-10-08T15:06:34.4393645Z ok 9 - the worked trace and worst-case count follow strictly shrinking intervals
2026-10-08T15:06:34.4395226Z   ---
2026-10-08T15:06:34.4396040Z   duration_ms: 9.647885
2026-10-08T15:06:34.4396896Z   ...
2026-10-08T15:06:34.4399235Z # Subtest: the actual adaptive learner visits every new question and preserves worked feedback
2026-10-08T15:06:34.4400891Z ok 10 - the actual adaptive learner visits every new question and preserves worked feedback
2026-10-08T15:06:34.4402101Z   ---
2026-10-08T15:06:34.4402669Z   duration_ms: 18.656926
2026-10-08T15:06:34.4403453Z   ...
2026-10-08T15:06:34.5385190Z # Subtest: the direct-file handout page is generated from the current validator, document and UI sources
2026-10-08T15:06:34.5405592Z ok 11 - the direct-file handout page is generated from the current validator, document and UI sources
2026-10-08T15:06:34.5406923Z   ---
2026-10-08T15:06:34.5407646Z   duration_ms: 64.009205
2026-10-08T15:06:34.5408257Z   ...
2026-10-08T15:06:34.5525882Z # Subtest: worksheet projection contains only original public question fields in canonical order
2026-10-08T15:06:34.5565144Z ok 12 - worksheet projection contains only original public question fields in canonical order
2026-10-08T15:06:34.5566272Z   ---
2026-10-08T15:06:34.5566737Z   duration_ms: 2.738598
2026-10-08T15:06:34.5567234Z   ...
2026-10-08T15:06:34.5568230Z # Subtest: separate answer key maps B, A and F to the original two, four and six option arrays
2026-10-08T15:06:34.5569622Z ok 13 - separate answer key maps B, A and F to the original two, four and six option arrays
2026-10-08T15:06:34.5570470Z   ---
2026-10-08T15:06:34.5570855Z   duration_ms: 0.352253
2026-10-08T15:06:34.5571244Z   ...
2026-10-08T15:06:34.5572121Z # Subtest: projection is a frozen snapshot and cannot mutate or alias the selected deck
2026-10-08T15:06:34.5573644Z ok 14 - projection is a frozen snapshot and cannot mutate or alias the selected deck
2026-10-08T15:06:34.5574383Z   ---
2026-10-08T15:06:34.5574861Z   duration_ms: 0.824099
2026-10-08T15:06:34.5634285Z   ...
2026-10-08T15:06:34.5654567Z # Subtest: downloaded worksheet JSON and HTML omit authored answers and explanations
2026-10-08T15:06:34.5684604Z ok 15 - downloaded worksheet JSON and HTML omit authored answers and explanations
2026-10-08T15:06:34.5692986Z   ---
2026-10-08T15:06:34.5693916Z   duration_ms: 0.938424
2026-10-08T15:06:34.5694408Z   ...
2026-10-08T15:06:34.5695263Z # Subtest: downloaded answer key carries exact authored answers, explanations and credit
2026-10-08T15:06:34.5696510Z ok 16 - downloaded answer key carries exact authored answers, explanations and credit
2026-10-08T15:06:34.5697259Z   ---
2026-10-08T15:06:34.5697613Z   duration_ms: 0.58494
2026-10-08T15:06:34.5698051Z   ...
2026-10-08T15:06:34.5699137Z # Subtest: literal Unicode, markup, line endings and script delimiters survive JSON without becoming executable markup
2026-10-08T15:06:34.5700331Z ok 17 - literal Unicode, markup, line endings and script delimiters survive JSON without becoming executable markup
2026-10-08T15:06:34.5700893Z   ---
2026-10-08T15:06:34.5701132Z   duration_ms: 1.907072
2026-10-08T15:06:34.5701385Z   ...
2026-10-08T15:06:34.5701911Z # Subtest: real Deck studio checked downloads retain reordered questions and answer identity
2026-10-08T15:06:34.5702685Z ok 18 - real Deck studio checked downloads retain reordered questions and answer identity
2026-10-08T15:06:34.5703142Z   ---
2026-10-08T15:06:34.5703692Z   duration_ms: 1.011642
2026-10-08T15:06:34.5704141Z   ...
2026-10-08T15:06:34.5704944Z # Subtest: real parser rejects malformed, unsupported and oversized local deck input
2026-10-08T15:06:34.5706142Z ok 19 - real parser rejects malformed, unsupported and oversized local deck input
2026-10-08T15:06:34.5707289Z   ---
2026-10-08T15:06:34.5707651Z   duration_ms: 1.1547
2026-10-08T15:06:34.5708035Z   ...
2026-10-08T15:06:34.5708941Z # Subtest: handout creation refuses invalid deck answers instead of producing an untrustworthy key
2026-10-08T15:06:34.5710282Z ok 20 - handout creation refuses invalid deck answers instead of producing an untrustworthy key
2026-10-08T15:06:34.5711106Z   ---
2026-10-08T15:06:34.5711461Z   duration_ms: 0.490772
2026-10-08T15:06:34.5711857Z   ...
2026-10-08T15:06:34.5712721Z # Subtest: document modes are explicit and invalid choices never silently produce an answer key
2026-10-08T15:06:34.5714266Z ok 21 - document modes are explicit and invalid choices never silently produce an answer key
2026-10-08T15:06:34.5715066Z   ---
2026-10-08T15:06:34.5715430Z   duration_ms: 0.491364
2026-10-08T15:06:34.5715826Z   ...
2026-10-08T15:06:34.5716517Z # Subtest: worksheet and key filenames are distinct bounded local names
2026-10-08T15:06:34.5717791Z ok 22 - worksheet and key filenames are distinct bounded local names
2026-10-08T15:06:34.5718486Z   ---
2026-10-08T15:06:34.5718858Z   duration_ms: 0.358424
2026-10-08T15:06:34.5719277Z   ...
2026-10-08T15:06:34.5720132Z # Subtest: repeat exports are deterministic and leave the original selected JSON unchanged
2026-10-08T15:06:34.5721408Z ok 23 - repeat exports are deterministic and leave the original selected JSON unchanged
2026-10-08T15:06:34.5722178Z   ---
2026-10-08T15:06:34.5722540Z   duration_ms: 0.366859
2026-10-08T15:06:34.5722934Z   ...
2026-10-08T15:06:34.9385248Z # Subtest: unfinished and completely empty drafts save without claiming lesson validity
2026-10-08T15:06:34.9413312Z ok 24 - unfinished and completely empty drafts save without claiming lesson validity
2026-10-08T15:06:34.9465517Z   ---
2026-10-08T15:06:34.9465932Z   duration_ms: 7.364442
2026-10-08T15:06:34.9466357Z   ...
2026-10-08T15:06:34.9467339Z # Subtest: duplicate text, cyclic and self prerequisites, and unfinished selections survive for repair
2026-10-08T15:06:34.9481967Z ok 25 - duplicate text, cyclic and self prerequisites, and unfinished selections survive for repair
2026-10-08T15:06:34.9514329Z   ---
2026-10-08T15:06:34.9524013Z   duration_ms: 1.917565
2026-10-08T15:06:34.9542284Z   ...
2026-10-08T15:06:34.9574848Z # Subtest: ready imported lessons retain public IDs, ordered content, answer identity and checked bytes
2026-10-08T15:06:34.9603182Z ok 26 - ready imported lessons retain public IDs, ordered content, answer identity and checked bytes
2026-10-08T15:06:34.9614019Z   ---
2026-10-08T15:06:34.9615420Z   duration_ms: 2.142156
2026-10-08T15:06:34.9616304Z   ...
2026-10-08T15:06:34.9617825Z # Subtest: canonical private keys recover near-limit counters without changing public IDs or live state
2026-10-08T15:06:34.9620000Z ok 27 - canonical private keys recover near-limit counters without changing public IDs or live state
2026-10-08T15:06:34.9621446Z   ---
2026-10-08T15:06:34.9622275Z   duration_ms: 1.198552
2026-10-08T15:06:34.9623040Z   ...
2026-10-08T15:06:34.9624763Z # Subtest: staged drafts are deeply frozen and replacement copies remain editable
2026-10-08T15:06:34.9626617Z ok 28 - staged drafts are deeply frozen and replacement copies remain editable
2026-10-08T15:06:34.9627869Z   ---
2026-10-08T15:06:34.9628640Z   duration_ms: 0.566034
2026-10-08T15:06:34.9629470Z   ...
2026-10-08T15:06:34.9631141Z # Subtest: missing or ambiguous internal references, malformed shape and unsafe counters refuse before admission
2026-10-08T15:06:34.9633801Z ok 29 - missing or ambiguous internal references, malformed shape and unsafe counters refuse before admission
2026-10-08T15:06:34.9635366Z   ---
2026-10-08T15:06:34.9636117Z   duration_ms: 3.542739
2026-10-08T15:06:34.9636946Z   ...
2026-10-08T15:06:34.9637966Z # Subtest: only recognized editor fields cross the draft boundary
2026-10-08T15:06:34.9639318Z ok 30 - only recognized editor fields cross the draft boundary
2026-10-08T15:06:34.9640274Z   ---
2026-10-08T15:06:34.9641003Z   duration_ms: 0.527071
2026-10-08T15:06:34.9642264Z   ...
2026-10-08T15:06:34.9643714Z # Subtest: a lesson larger than its admission limit can be saved as a draft and repaired later
2026-10-08T15:06:34.9645412Z ok 31 - a lesson larger than its admission limit can be saved as a draft and repaired later
2026-10-08T15:06:34.9646597Z   ---
2026-10-08T15:06:34.9647302Z   duration_ms: 13.09258
2026-10-08T15:06:34.9648052Z   ...
2026-10-08T15:06:34.9649547Z # Subtest: draft size limits count actual UTF-8 bytes and failed saving leaves writing intact
2026-10-08T15:06:34.9651412Z ok 32 - draft size limits count actual UTF-8 bytes and failed saving leaves writing intact
2026-10-08T15:06:34.9652720Z   ---
2026-10-08T15:06:34.9653682Z   duration_ms: 58.459817
2026-10-08T15:06:34.9654600Z   ...
2026-10-08T15:06:34.9656220Z # Subtest: compact drafts remain saveable near and exactly at the byte limit without added whitespace
2026-10-08T15:06:34.9658640Z ok 33 - compact drafts remain saveable near and exactly at the byte limit without added whitespace
2026-10-08T15:06:34.9660085Z   ---
2026-10-08T15:06:34.9661017Z   duration_ms: 278.74452
2026-10-08T15:06:34.9662748Z   ...
2026-10-08T15:06:34.9664365Z # Subtest: a file whose canonical private keys exceed the saved limit is refused before admission
2026-10-08T15:06:34.9666210Z ok 34 - a file whose canonical private keys exceed the saved limit is refused before admission
2026-10-08T15:06:34.9667161Z   ---
2026-10-08T15:06:34.9667743Z   duration_ms: 55.976337
2026-10-08T15:06:34.9668286Z   ...
2026-10-08T15:06:34.9795133Z # Subtest: a valid deck stages without touching authored text and commits once with full immutable content
2026-10-08T15:06:34.9855947Z ok 35 - a valid deck stages without touching authored text and commits once with full immutable content
2026-10-08T15:06:34.9856976Z   ---
2026-10-08T15:06:34.9878581Z   duration_ms: 14.315077
2026-10-08T15:06:34.9884522Z   ...
2026-10-08T15:06:34.9885882Z # Subtest: invalid JSON, invalid answer, oversized file and unreadable file preserve the draft and allow retry
2026-10-08T15:06:34.9887886Z ok 36 - invalid JSON, invalid answer, oversized file and unreadable file preserve the draft and allow retry
2026-10-08T15:06:34.9889098Z   ---
2026-10-08T15:06:34.9889702Z   duration_ms: 10.570199
2026-10-08T15:06:34.9890333Z   ...
2026-10-08T15:06:34.9891542Z # Subtest: unfinished and cyclic draft files stage visibly and replace once with an immutable editable state
2026-10-08T15:06:34.9893627Z ok 37 - unfinished and cyclic draft files stage visibly and replace once with an immutable editable state
2026-10-08T15:06:34.9894762Z   ---
2026-10-08T15:06:34.9895327Z   duration_ms: 4.18692
2026-10-08T15:06:34.9895937Z   ...
2026-10-08T15:06:34.9897109Z # Subtest: a draft suffix cannot admit an oversized lesson deck through the larger draft-file limit
2026-10-08T15:06:34.9898755Z ok 38 - a draft suffix cannot admit an oversized lesson deck through the larger draft-file limit
2026-10-08T15:06:34.9899760Z   ---
2026-10-08T15:06:34.9900353Z   duration_ms: 9.635241
2026-10-08T15:06:34.9901026Z   ...
2026-10-08T15:06:34.9902225Z # Subtest: malformed and unsupported editable drafts preserve the old draft and retire pending previews
2026-10-08T15:06:34.9904288Z ok 39 - malformed and unsupported editable drafts preserve the old draft and retire pending previews
2026-10-08T15:06:34.9905463Z   ---
2026-10-08T15:06:34.9906072Z   duration_ms: 7.083435
2026-10-08T15:06:34.9906719Z   ...
2026-10-08T15:06:34.9934689Z # Subtest: newest selected format wins across slow draft-to-deck and deck-to-draft reads
2026-10-08T15:06:34.9964581Z ok 40 - newest selected format wins across slow draft-to-deck and deck-to-draft reads
2026-10-08T15:06:34.9979604Z   ---
2026-10-08T15:06:34.9983130Z   duration_ms: 2.572666
2026-10-08T15:06:34.9983806Z   ...
2026-10-08T15:06:34.9984847Z # Subtest: explicit Keep current draft clears staged replacement and restores the open control focus
2026-10-08T15:06:34.9986353Z ok 41 - explicit Keep current draft clears staged replacement and restores the open control focus
2026-10-08T15:06:34.9987552Z   ---
2026-10-08T15:06:34.9987955Z   duration_ms: 3.470163
2026-10-08T15:06:34.9988405Z   ...
2026-10-08T15:06:34.9989356Z # Subtest: opening another chooser invalidates its old preview even when the chooser is cancelled
2026-10-08T15:06:34.9990772Z ok 42 - opening another chooser invalidates its old preview even when the chooser is cancelled
2026-10-08T15:06:34.9991633Z   ---
2026-10-08T15:06:34.9991991Z   duration_ms: 2.655521
2026-10-08T15:06:34.9992378Z   ...
2026-10-08T15:06:34.9993219Z # Subtest: a newer valid choice wins over an earlier slow success or failure
2026-10-08T15:06:35.0005001Z ok 43 - a newer valid choice wins over an earlier slow success or failure
2026-10-08T15:06:35.0005669Z   ---
2026-10-08T15:06:35.0006022Z   duration_ms: 5.493826
2026-10-08T15:06:35.0006398Z   ...
2026-10-08T15:06:35.0007246Z # Subtest: cancelled or empty file selection prevents a late read from reopening a preview
2026-10-08T15:06:35.0008624Z ok 44 - cancelled or empty file selection prevents a late read from reopening a preview
2026-10-08T15:06:35.0009742Z   ---
2026-10-08T15:06:35.0010169Z   duration_ms: 1.531068
2026-10-08T15:06:35.0010606Z   ...
2026-10-08T15:06:35.0011453Z # Subtest: invalid newer files invalidate an earlier pending or staged valid deck
2026-10-08T15:06:35.0012714Z ok 45 - invalid newer files invalidate an earlier pending or staged valid deck
2026-10-08T15:06:35.0013748Z   ---
2026-10-08T15:06:35.0014151Z   duration_ms: 2.047288
2026-10-08T15:06:35.0014573Z   ...
2026-10-08T15:06:35.0015579Z # Subtest: undo restores all writing while clearing only references to deliberately removed concepts
2026-10-08T15:06:35.0017137Z ok 46 - undo restores all writing while clearing only references to deliberately removed concepts
2026-10-08T15:06:35.0018306Z   ---
2026-10-08T15:06:35.0018701Z   duration_ms: 4.372999
2026-10-08T15:06:35.0019126Z   ...
2026-10-08T15:06:35.0020226Z # Subtest: undo retains known selections and even unfinished self links while removing a missing prerequisite
2026-10-08T15:06:35.0021935Z ok 47 - undo retains known selections and even unfinished self links while removing a missing prerequisite
2026-10-08T15:06:35.0022920Z   ---
2026-10-08T15:06:35.0023322Z   duration_ms: 0.389663
2026-10-08T15:06:35.0024005Z   ...
2026-10-08T15:06:35.0024767Z # Subtest: blank editor requires authored metadata and a deliberate answer
2026-10-08T15:06:35.0025862Z ok 48 - blank editor requires authored metadata and a deliberate answer
2026-10-08T15:06:35.0026557Z   ---
2026-10-08T15:06:35.0026914Z   duration_ms: 5.292528
2026-10-08T15:06:35.0027306Z   ...
2026-10-08T15:06:35.0028316Z # Subtest: opening a validated lesson makes an independent editable draft and preserves IDs and literals
2026-10-08T15:06:35.0029846Z ok 49 - opening a validated lesson makes an independent editable draft and preserves IDs and literals
2026-10-08T15:06:35.0030714Z   ---
2026-10-08T15:06:35.0031076Z   duration_ms: 1.27176
2026-10-08T15:06:35.0031491Z   ...
2026-10-08T15:06:35.0032499Z # Subtest: correctness follows an option when moved or when a preceding option is removed
2026-10-08T15:06:35.0064376Z ok 50 - correctness follows an option when moved or when a preceding option is removed
2026-10-08T15:06:35.0065445Z   ---
2026-10-08T15:06:35.0065844Z   duration_ms: 0.958832
2026-10-08T15:06:35.0066253Z   ...
2026-10-08T15:06:35.0067051Z # Subtest: option limits refuse without deleting text or changing the answer
2026-10-08T15:06:35.0068211Z ok 51 - option limits refuse without deleting text or changing the answer
2026-10-08T15:06:35.0068943Z   ---
2026-10-08T15:06:35.0069328Z   duration_ms: 0.903448
2026-10-08T15:06:35.0069757Z   ...
2026-10-08T15:06:35.0070813Z # Subtest: concept renaming updates question and prerequisite references while used deletion is refused
2026-10-08T15:06:35.0072376Z ok 52 - concept renaming updates question and prerequisite references while used deletion is refused
2026-10-08T15:06:35.0073334Z   ---
2026-10-08T15:06:35.0094281Z   duration_ms: 0.551507
2026-10-08T15:06:35.0094753Z   ...
2026-10-08T15:06:35.0096009Z # Subtest: cycles, uncovered concepts and duplicate answer text remain repairable drafts
2026-10-08T15:06:35.0097388Z ok 53 - cycles, uncovered concepts and duplicate answer text remain repairable drafts
2026-10-08T15:06:35.0098213Z   ---
2026-10-08T15:06:35.0098607Z   duration_ms: 0.77102
2026-10-08T15:06:35.0099086Z   ...
2026-10-08T15:06:35.0100112Z # Subtest: question reordering and undo restore the removed question without rolling back later edits
2026-10-08T15:06:35.0101670Z ok 54 - question reordering and undo restore the removed question without rolling back later edits
2026-10-08T15:06:35.0102569Z   ---
2026-10-08T15:06:35.0102956Z   duration_ms: 1.744728
2026-10-08T15:06:35.0103659Z   ...
2026-10-08T15:06:35.0104421Z # Subtest: new question IDs do not overwrite IDs from an opened deck
2026-10-08T15:06:35.0105439Z ok 55 - new question IDs do not overwrite IDs from an opened deck
2026-10-08T15:06:35.0106092Z   ---
2026-10-08T15:06:35.0106472Z   duration_ms: 0.609245
2026-10-08T15:06:35.0106904Z   ...
2026-10-08T15:06:35.0108074Z # Subtest: checked snapshots are immutable, deterministic, and separate from later draft edits
2026-10-08T15:06:35.0109454Z ok 56 - checked snapshots are immutable, deterministic, and separate from later draft edits
2026-10-08T15:06:35.0110302Z   ---
2026-10-08T15:06:35.0110660Z   duration_ms: 0.662866
2026-10-08T15:06:35.0111145Z   ...
2026-10-08T15:06:35.0112200Z # Subtest: individually valid multibyte content cannot export a file larger than the importer admits
2026-10-08T15:06:35.0124253Z ok 57 - individually valid multibyte content cannot export a file larger than the importer admits
2026-10-08T15:06:35.0125227Z   ---
2026-10-08T15:06:35.0125632Z   duration_ms: 25.237758
2026-10-08T15:06:35.0126073Z   ...
2026-10-08T15:06:35.0126692Z # Subtest: download filenames are bounded local names
2026-10-08T15:06:35.0127516Z ok 58 - download filenames are bounded local names
2026-10-08T15:06:35.0128101Z   ---
2026-10-08T15:06:35.0128491Z   duration_ms: 0.467979
2026-10-08T15:06:35.0128925Z   ...
2026-10-08T15:06:35.0129714Z # Subtest: the existing bundled deck imports unchanged without a format field
2026-10-08T15:06:35.0130838Z ok 59 - the existing bundled deck imports unchanged without a format field
2026-10-08T15:06:35.0131577Z   ---
2026-10-08T15:06:35.0131958Z   duration_ms: 4.195457
2026-10-08T15:06:35.0132377Z   ...
2026-10-08T15:06:35.0133256Z # Subtest: a deck is an immutable copy, and unknown fields cannot configure the runtime
2026-10-08T15:06:35.0134914Z ok 60 - a deck is an immutable copy, and unknown fields cannot configure the runtime
2026-10-08T15:06:35.0135716Z   ---
2026-10-08T15:06:35.0136111Z   duration_ms: 0.988227
2026-10-08T15:06:35.0136543Z   ...
2026-10-08T15:06:35.0137545Z # Subtest: malformed JSON, unsupported versions and wrong top-level values give actionable errors
2026-10-08T15:06:35.0139029Z ok 61 - malformed JSON, unsupported versions and wrong top-level values give actionable errors
2026-10-08T15:06:35.0139907Z   ---
2026-10-08T15:06:35.0140293Z   duration_ms: 0.479702
2026-10-08T15:06:35.0140723Z   ...
2026-10-08T15:06:35.0141547Z # Subtest: JSON byte limit counts multibyte text and accepts the exact boundary
2026-10-08T15:06:35.0142722Z ok 62 - JSON byte limit counts multibyte text and accepts the exact boundary
2026-10-08T15:06:35.0143738Z   ---
2026-10-08T15:06:35.0144128Z   duration_ms: 3.017623
2026-10-08T15:06:35.0144551Z   ...
2026-10-08T15:06:35.0145372Z # Subtest: required readable metadata and bounded question fields are validated
2026-10-08T15:06:35.0146612Z ok 63 - required readable metadata and bounded question fields are validated
2026-10-08T15:06:35.0147363Z   ---
2026-10-08T15:06:35.0147754Z   duration_ms: 2.832294
2026-10-08T15:06:35.0148182Z   ...
2026-10-08T15:06:35.0149003Z # Subtest: empty and oversized collections and duplicate identities are refused
2026-10-08T15:06:35.0150196Z ok 64 - empty and oversized collections and duplicate identities are refused
2026-10-08T15:06:35.0150931Z   ---
2026-10-08T15:06:35.0151590Z   duration_ms: 0.834559
2026-10-08T15:06:35.0152012Z   ...
2026-10-08T15:06:35.0152798Z # Subtest: every question and prerequisite must name a known covered concept
2026-10-08T15:06:35.0154726Z ok 65 - every question and prerequisite must name a known covered concept
2026-10-08T15:06:35.0155467Z   ---
2026-10-08T15:06:35.0155851Z   duration_ms: 0.524145
2026-10-08T15:06:35.0156267Z   ...
2026-10-08T15:06:35.0157142Z # Subtest: self-requirements and concept cycles across different questions are refused
2026-10-08T15:06:35.0158475Z ok 66 - self-requirements and concept cycles across different questions are refused
2026-10-08T15:06:35.0159264Z   ---
2026-10-08T15:06:35.0159632Z   duration_ms: 0.485292
2026-10-08T15:06:35.0160044Z   ...
2026-10-08T15:06:35.0160914Z # Subtest: choices require distinct readable options and an actual integer answer index
2026-10-08T15:06:35.0162245Z ok 67 - choices require distinct readable options and an actual integer answer index
2026-10-08T15:06:35.0163043Z   ---
2026-10-08T15:06:35.0163805Z   duration_ms: 1.019587
2026-10-08T15:06:35.0164476Z   ...
2026-10-08T15:06:35.0165385Z # Subtest: 100 questions and 32 concepts work through the existing selector to exhaustion
2026-10-08T15:06:35.0166647Z ok 68 - 100 questions and 32 concepts work through the existing selector to exhaustion
2026-10-08T15:06:35.0167399Z   ---
2026-10-08T15:06:35.0167766Z   duration_ms: 193.009154
2026-10-08T15:06:35.0168161Z   ...
2026-10-08T15:06:35.0169095Z # Subtest: imported answer indices, literal text and object-key names survive learning and practice
2026-10-08T15:06:35.0170543Z ok 69 - imported answer indices, literal text and object-key names survive learning and practice
2026-10-08T15:06:35.0171379Z   ---
2026-10-08T15:06:35.0171729Z   duration_ms: 1.312466
2026-10-08T15:06:35.0172119Z   ...
2026-10-08T15:06:35.0173005Z # Subtest: downloadable example round-trips through the import contract with full attribution
2026-10-08T15:06:35.0183002Z ok 70 - downloadable example round-trips through the import contract with full attribution
2026-10-08T15:06:35.0184140Z   ---
2026-10-08T15:06:35.0184524Z   duration_ms: 0.741624
2026-10-08T15:06:35.0184940Z   ...
2026-10-08T15:06:35.0185796Z # Subtest: the exact original course is bounded, admitted, balanced and round-trippable
2026-10-08T15:06:35.0187074Z ok 71 - the exact original course is bounded, admitted, balanced and round-trippable
2026-10-08T15:06:35.0187882Z   ---
2026-10-08T15:06:35.0188235Z   duration_ms: 3.924506
2026-10-08T15:06:35.0224378Z   ...
2026-10-08T15:06:35.0225222Z # Subtest: every stated answer follows the literal graph, with one correct option
2026-10-08T15:06:35.0226010Z     # Subtest: dg-links-1
2026-10-08T15:06:35.0226454Z     ok 1 - dg-links-1
2026-10-08T15:06:35.0226867Z       ---
2026-10-08T15:06:35.0227261Z       duration_ms: 0.576434
2026-10-08T15:06:35.0227704Z       ...
2026-10-08T15:06:35.0228077Z     # Subtest: dg-links-2
2026-10-08T15:06:35.0228516Z     ok 2 - dg-links-2
2026-10-08T15:06:35.0228902Z       ---
2026-10-08T15:06:35.0229278Z       duration_ms: 0.523754
2026-10-08T15:06:35.0229694Z       ...
2026-10-08T15:06:35.0230044Z     # Subtest: dg-links-3
2026-10-08T15:06:35.0230473Z     ok 3 - dg-links-3
2026-10-08T15:06:35.0230849Z       ---
2026-10-08T15:06:35.0231206Z       duration_ms: 1.858163
2026-10-08T15:06:35.0231612Z       ...
2026-10-08T15:06:35.0231980Z     # Subtest: dg-reach-1
2026-10-08T15:06:35.0232406Z     ok 4 - dg-reach-1
2026-10-08T15:06:35.0232803Z       ---
2026-10-08T15:06:35.0233166Z       duration_ms: 0.54253
2026-10-08T15:06:35.0233825Z       ...
2026-10-08T15:06:35.0234179Z     # Subtest: dg-reach-2
2026-10-08T15:06:35.0234603Z     ok 5 - dg-reach-2
2026-10-08T15:06:35.0234998Z       ---
2026-10-08T15:06:35.0235371Z       duration_ms: 0.51084
2026-10-08T15:06:35.0235781Z       ...
2026-10-08T15:06:35.0236138Z     # Subtest: dg-reach-3
2026-10-08T15:06:35.0236561Z     ok 6 - dg-reach-3
2026-10-08T15:06:35.0236942Z       ---
2026-10-08T15:06:35.0237298Z       duration_ms: 0.253497
2026-10-08T15:06:35.0238052Z       ...
2026-10-08T15:06:35.0238424Z     # Subtest: dg-order-1
2026-10-08T15:06:35.0238858Z     ok 7 - dg-order-1
2026-10-08T15:06:35.0239237Z       ---
2026-10-08T15:06:35.0239588Z       duration_ms: 0.339408
2026-10-08T15:06:35.0239995Z       ...
2026-10-08T15:06:35.0240341Z     # Subtest: dg-order-2
2026-10-08T15:06:35.0240766Z     ok 8 - dg-order-2
2026-10-08T15:06:35.0241145Z       ---
2026-10-08T15:06:35.0241498Z       duration_ms: 0.429888
2026-10-08T15:06:35.0241906Z       ...
2026-10-08T15:06:35.0242257Z     # Subtest: dg-order-3
2026-10-08T15:06:35.0242669Z     ok 9 - dg-order-3
2026-10-08T15:06:35.0243054Z       ---
2026-10-08T15:06:35.0258543Z       duration_ms: 0.594417
2026-10-08T15:06:35.0259077Z       ...
2026-10-08T15:06:35.0259484Z     # Subtest: dg-update-1
2026-10-08T15:06:35.0259962Z     ok 10 - dg-update-1
2026-10-08T15:06:35.0260390Z       ---
2026-10-08T15:06:35.0260764Z       duration_ms: 0.874314
2026-10-08T15:06:35.0261217Z       ...
2026-10-08T15:06:35.0261594Z     # Subtest: dg-update-2
2026-10-08T15:06:35.0262400Z     ok 11 - dg-update-2
2026-10-08T15:06:35.0262836Z       ---
2026-10-08T15:06:35.0263196Z       duration_ms: 1.104487
2026-10-08T15:06:35.0263932Z       ...
2026-10-08T15:06:35.0264323Z     # Subtest: dg-update-3
2026-10-08T15:06:35.0264807Z     ok 12 - dg-update-3
2026-10-08T15:06:35.0265247Z       ---
2026-10-08T15:06:35.0265641Z       duration_ms: 0.587244
2026-10-08T15:06:35.0266096Z       ...
2026-10-08T15:06:35.0266464Z     1..12
2026-10-08T15:06:35.0267296Z ok 72 - every stated answer follows the literal graph, with one correct option
2026-10-08T15:06:35.0268010Z   ---
2026-10-08T15:06:35.0268372Z   duration_ms: 10.90633
2026-10-08T15:06:35.0268792Z   ...
2026-10-08T15:06:35.0269822Z # Subtest: structurally valid changed content exposes graph reversal and blocked-descendant mistakes
2026-10-08T15:06:35.0271360Z ok 73 - structurally valid changed content exposes graph reversal and blocked-descendant mistakes
2026-10-08T15:06:35.0272271Z   ---
2026-10-08T15:06:35.0272647Z   duration_ms: 2.870516
2026-10-08T15:06:35.0273062Z   ...
2026-10-08T15:06:35.0274336Z # Subtest: the real selector, review, practice, notes and trace consumer preserve this course
2026-10-08T15:06:35.0275727Z ok 74 - the real selector, review, practice, notes and trace consumer preserve this course
2026-10-08T15:06:35.0276597Z   ---
2026-10-08T15:06:35.0276957Z   duration_ms: 20.686824
2026-10-08T15:06:35.0277374Z   ...
2026-10-08T15:06:35.0278295Z # Subtest: standalone artifact exactly matches sources and contains a valid offline script
2026-10-08T15:06:35.0279689Z ok 75 - standalone artifact exactly matches sources and contains a valid offline script
2026-10-08T15:06:35.0280532Z   ---
2026-10-08T15:06:35.0280922Z   duration_ms: 8.116205
2026-10-08T15:06:35.0281350Z   ...
2026-10-08T15:06:35.0282184Z # Subtest: course survives the existing validator and editable-format round trip
2026-10-08T15:06:35.0283707Z ok 76 - course survives the existing validator and editable-format round trip
2026-10-08T15:06:35.0284501Z   ---
2026-10-08T15:06:35.0284903Z   duration_ms: 1.913968
2026-10-08T15:06:35.0285335Z   ...
2026-10-08T15:06:35.1309740Z # Subtest: literal markup and Unicode in admitted course content cannot close the generated script
2026-10-08T15:06:35.1311637Z ok 77 - literal markup and Unicode in admitted course content cannot close the generated script
2026-10-08T15:06:35.1312659Z   ---
2026-10-08T15:06:35.1313157Z   duration_ms: 26.201423
2026-10-08T15:06:35.1314174Z   ...
2026-10-08T15:06:35.1315172Z # Subtest: check mode reports stale output without replacing a retained artifact
2026-10-08T15:06:35.1316606Z ok 78 - check mode reports stale output without replacing a retained artifact
2026-10-08T15:06:35.1317449Z   ---
2026-10-08T15:06:35.1317967Z   duration_ms: 67.480525
2026-10-08T15:06:35.1318543Z   ...
2026-10-08T15:06:35.1319558Z # Subtest: unexpected UI dependency refuses the build before overwriting its artifact
2026-10-08T15:06:35.1320979Z ok 79 - unexpected UI dependency refuses the build before overwriting its artifact
2026-10-08T15:06:35.1322319Z   ---
2026-10-08T15:06:35.1322827Z   duration_ms: 60.869843
2026-10-08T15:06:35.1323826Z   ...
2026-10-08T15:06:35.1457159Z # Subtest: fictional reversal retains denominators and uses common weights only for reference
2026-10-08T15:06:35.1459898Z ok 80 - fictional reversal retains denominators and uses common weights only for reference
2026-10-08T15:06:35.1494248Z   ---
2026-10-08T15:06:35.1494764Z   duration_ms: 4.015147
2026-10-08T15:06:35.1495243Z   ...
2026-10-08T15:06:35.1496086Z # Subtest: ties and conflicting subgroup directions are not a strict reversal
2026-10-08T15:06:35.1497256Z ok 81 - ties and conflicting subgroup directions are not a strict reversal
2026-10-08T15:06:35.1498000Z   ---
2026-10-08T15:06:35.1498421Z   duration_ms: 1.215375
2026-10-08T15:06:35.1498875Z   ...
2026-10-08T15:06:35.1499764Z # Subtest: empty cells remain unavailable unless their reference weight is exactly zero
2026-10-08T15:06:35.1501390Z ok 82 - empty cells remain unavailable unless their reference weight is exactly zero
2026-10-08T15:06:35.1502247Z   ---
2026-10-08T15:06:35.1502665Z   duration_ms: 0.781719
2026-10-08T15:06:35.1503117Z   ...
2026-10-08T15:06:35.1504119Z # Subtest: an entirely empty option has no pooled rate or inferred group mix
2026-10-08T15:06:35.1505255Z ok 83 - an entirely empty option has no pooled rate or inferred group mix
2026-10-08T15:06:35.1505998Z   ---
2026-10-08T15:06:35.1506416Z   duration_ms: 0.323217
2026-10-08T15:06:35.1506882Z   ...
2026-10-08T15:06:35.1507667Z # Subtest: invalid numeric inputs are refused without truncation or coercion
2026-10-08T15:06:35.1508792Z ok 84 - invalid numeric inputs are refused without truncation or coercion
2026-10-08T15:06:35.1509514Z   ---
2026-10-08T15:06:35.1509923Z   duration_ms: 1.192742
2026-10-08T15:06:35.1510375Z   ...
2026-10-08T15:06:35.1511165Z # Subtest: native count entry distinguishes blank and invalid text from zero
2026-10-08T15:06:35.1512280Z ok 85 - native count entry distinguishes blank and invalid text from zero
2026-10-08T15:06:35.1513028Z   ---
2026-10-08T15:06:35.1513792Z   duration_ms: 22.61048
2026-10-08T15:06:35.1514414Z   ...
2026-10-08T15:06:35.1515387Z # Subtest: a strict difference too small for percentage display is not declared equal
2026-10-08T15:06:35.1516780Z ok 86 - a strict difference too small for percentage display is not declared equal
2026-10-08T15:06:35.1517623Z   ---
2026-10-08T15:06:35.1518091Z   duration_ms: 0.562878
2026-10-08T15:06:35.1518591Z   ...
2026-10-08T15:06:35.1519531Z # Subtest: label and group transformations preserve the intended descriptive quantities
2026-10-08T15:06:35.1544619Z ok 87 - label and group transformations preserve the intended descriptive quantities
2026-10-08T15:06:35.1574147Z   ---
2026-10-08T15:06:35.1578918Z   duration_ms: 1.681771
2026-10-08T15:06:35.1579550Z   ...
2026-10-08T15:06:35.1580628Z # Subtest: shared weights preserve both strict subgroup advantages at every permitted mix
2026-10-08T15:06:35.1582074Z ok 88 - shared weights preserve both strict subgroup advantages at every permitted mix
2026-10-08T15:06:35.1582965Z   ---
2026-10-08T15:06:35.1583901Z   duration_ms: 6.555713
2026-10-08T15:06:35.1584444Z   ...
2026-10-08T15:06:35.1585563Z # Subtest: download contains exact inputs, unavailable values and deterministic recomputable fractions
2026-10-08T15:06:35.1587223Z ok 89 - download contains exact inputs, unavailable values and deterministic recomputable fractions
2026-10-08T15:06:35.1588209Z   ---
2026-10-08T15:06:35.1588678Z   duration_ms: 0.705306
2026-10-08T15:06:35.1589175Z   ...
2026-10-08T15:06:35.1589955Z # Subtest: BKT probabilities stay bounded across repeated evidence
2026-10-08T15:06:35.1591042Z ok 90 - BKT probabilities stay bounded across repeated evidence
2026-10-08T15:06:35.1591760Z   ---
2026-10-08T15:06:35.1592215Z   duration_ms: 8.17693
2026-10-08T15:06:35.1592710Z   ...
2026-10-08T15:06:35.1593950Z # Subtest: correct evidence raises and incorrect evidence lowers posterior for interior prior
2026-10-08T15:06:35.1595804Z ok 91 - correct evidence raises and incorrect evidence lowers posterior for interior prior
2026-10-08T15:06:35.1596725Z   ---
2026-10-08T15:06:35.1597187Z   duration_ms: 0.213772
2026-10-08T15:06:35.1597689Z   ...
2026-10-08T15:06:35.1598448Z # Subtest: parameter validation rejects impossible probabilities
2026-10-08T15:06:35.1599474Z ok 92 - parameter validation rejects impossible probabilities
2026-10-08T15:06:35.1629524Z   ---
2026-10-08T15:06:35.1630222Z   duration_ms: 0.579149
2026-10-08T15:06:35.1640459Z   ...
2026-10-08T15:06:35.1682401Z # Subtest: entropy and information gain have expected bounds and peak near uncertainty
2026-10-08T15:06:35.1707679Z ok 93 - entropy and information gain have expected bounds and peak near uncertainty
2026-10-08T15:06:35.1714189Z   ---
2026-10-08T15:06:35.1734365Z   duration_ms: 1.280297
2026-10-08T15:06:35.1735091Z   ...
2026-10-08T15:06:35.1736221Z # Subtest: selector prioritizes a weak prerequisite and is stable after exhaustion
2026-10-08T15:06:35.1738138Z ok 94 - selector prioritizes a weak prerequisite and is stable after exhaustion
2026-10-08T15:06:35.1739238Z   ---
2026-10-08T15:06:35.1739943Z   duration_ms: 0.421633
2026-10-08T15:06:35.1740543Z   ...
2026-10-08T15:06:35.1741495Z # Subtest: initial mastery creates independent named concept values
2026-10-08T15:06:35.1742805Z ok 95 - initial mastery creates independent named concept values
2026-10-08T15:06:35.1743929Z   ---
2026-10-08T15:06:35.1744461Z   duration_ms: 0.767122
2026-10-08T15:06:35.1745067Z   ...
2026-10-08T15:06:35.1746334Z # Subtest: scripted learner simulation is deterministic, bounded, and distinguishes selector modes
2026-10-08T15:06:35.1748180Z ok 96 - scripted learner simulation is deterministic, bounded, and distinguishes selector modes
2026-10-08T15:06:35.1749362Z   ---
2026-10-08T15:06:35.1749975Z   duration_ms: 0.538232
2026-10-08T15:06:35.1750663Z   ...
2026-10-08T15:06:35.2692938Z # Subtest: mixed partial save preserves exact native prefix, next item, option orders and uninterrupted continuation
2026-10-08T15:06:35.2699283Z ok 97 - mixed partial save preserves exact native prefix, next item, option orders and uninterrupted continuation
2026-10-08T15:06:35.2700666Z   ---
2026-10-08T15:06:35.2701304Z   duration_ms: 14.687047
2026-10-08T15:06:35.2702006Z   ...
2026-10-08T15:06:35.2703639Z # Subtest: a started lesson with no answers restores the first native question and all initial estimates
2026-10-08T15:06:35.2705541Z ok 98 - a started lesson with no answers restores the first native question and all initial estimates
2026-10-08T15:06:35.2706717Z   ---
2026-10-08T15:06:35.2707332Z   duration_ms: 2.38922
2026-10-08T15:06:35.2707995Z   ...
2026-10-08T15:06:35.2716493Z # Subtest: feedback retains the last chosen option while Next remains the next unanswered question
2026-10-08T15:06:35.2718273Z ok 99 - feedback retains the last chosen option while Next remains the next unanswered question
2026-10-08T15:06:35.2719464Z   ---
2026-10-08T15:06:35.2720175Z   duration_ms: 3.196223
2026-10-08T15:06:35.2720899Z   ...
2026-10-08T15:06:35.2722209Z # Subtest: complete sessions remain in the existing trace format, including its separate practice state
2026-10-08T15:06:35.2724335Z ok 100 - complete sessions remain in the existing trace format, including its separate practice state
2026-10-08T15:06:35.2738733Z   ---
2026-10-08T15:06:35.2739420Z   duration_ms: 8.924285
2026-10-08T15:06:35.2740083Z   ...
2026-10-08T15:06:35.2741236Z # Subtest: course content and array order are bound; harmless JSON object key order is accepted
2026-10-08T15:06:35.2742932Z ok 101 - course content and array order are bound; harmless JSON object key order is accepted
2026-10-08T15:06:35.2774274Z   ---
2026-10-08T15:06:35.2774847Z   duration_ms: 21.996165
2026-10-08T15:06:35.2775423Z   ...
2026-10-08T15:06:35.2776351Z # Subtest: model identity and every BKT parameter must match the native model
2026-10-08T15:06:35.2777703Z ok 102 - model identity and every BKT parameter must match the native model
2026-10-08T15:06:35.2778934Z   ---
2026-10-08T15:06:35.2779513Z   duration_ms: 8.687044
2026-10-08T15:06:35.2780182Z   ...
2026-10-08T15:06:35.2781268Z # Subtest: first answers must form the actual native adaptive prefix with canonical option indices
2026-10-08T15:06:35.2782825Z ok 103 - first answers must form the actual native adaptive prefix with canonical option indices
2026-10-08T15:06:35.2784191Z   ---
2026-10-08T15:06:35.2784910Z   duration_ms: 26.911504
2026-10-08T15:06:35.2785567Z   ...
2026-10-08T15:06:35.2786827Z # Subtest: mastery is replayed at full precision and never accepted from rounded or altered values
2026-10-08T15:06:35.2788578Z ok 104 - mastery is replayed at full precision and never accepted from rounded or altered values
2026-10-08T15:06:35.2789736Z   ---
2026-10-08T15:06:35.2790379Z   duration_ms: 6.193061
2026-10-08T15:06:35.2791016Z   ...
2026-10-08T15:06:35.2792214Z # Subtest: question, feedback and complete per-item permutations are checked before restoration
2026-10-08T15:06:35.2794471Z ok 105 - question, feedback and complete per-item permutations are checked before restoration
2026-10-08T15:06:35.2795640Z   ---
2026-10-08T15:06:35.2796311Z   duration_ms: 15.546545
2026-10-08T15:06:35.2796961Z   ...
2026-10-08T15:06:35.2798277Z # Subtest: successful and refused reads leave caller state untouched and return deeply immutable independent copies
2026-10-08T15:06:35.2800130Z ok 106 - successful and refused reads leave caller state untouched and return deeply immutable independent copies
2026-10-08T15:06:35.2801265Z   ---
2026-10-08T15:06:35.2801811Z   duration_ms: 2.598114
2026-10-08T15:06:35.2802464Z   ...
2026-10-08T15:06:35.2804185Z # Subtest: the JSON boundary rejects malformed, unsupported, deep and oversized files with a UTF-8 byte limit
2026-10-08T15:06:35.2806068Z ok 107 - the JSON boundary rejects malformed, unsupported, deep and oversized files with a UTF-8 byte limit
2026-10-08T15:06:35.2807210Z   ---
2026-10-08T15:06:35.2807777Z   duration_ms: 29.805484
2026-10-08T15:06:35.2808381Z   ...
2026-10-08T15:06:35.2809487Z # Subtest: save times are canonical UTC values and invalid save inputs cannot mutate a session
2026-10-08T15:06:35.2811018Z ok 108 - save times are canonical UTC values and invalid save inputs cannot mutate a session
2026-10-08T15:06:35.2811997Z   ---
2026-10-08T15:06:35.2812523Z   duration_ms: 2.409719
2026-10-08T15:06:35.2813107Z   ...
2026-10-08T15:06:35.2814747Z # Subtest: ordinary course identifiers that match object prototype names survive without shared object mutation
2026-10-08T15:06:35.2816567Z ok 109 - ordinary course identifiers that match object prototype names survive without shared object mutation
2026-10-08T15:06:35.2817706Z   ---
2026-10-08T15:06:35.2818214Z   duration_ms: 1.338906
2026-10-08T15:06:35.2818778Z   ...
2026-10-08T15:06:35.3025001Z # Subtest: the original course is admitted by the existing deck contract with all four concepts covered
2026-10-08T15:06:35.3050139Z ok 110 - the original course is admitted by the existing deck contract with all four concepts covered
2026-10-08T15:06:35.3051263Z   ---
2026-10-08T15:06:35.3051745Z   duration_ms: 3.800263
2026-10-08T15:06:35.3052237Z   ...
2026-10-08T15:06:35.3053176Z # Subtest: answer positions are balanced and no correct option is uniquely the longest
2026-10-08T15:06:35.3054935Z ok 111 - answer positions are balanced and no correct option is uniquely the longest
2026-10-08T15:06:35.3055804Z   ---
2026-10-08T15:06:35.3056280Z   duration_ms: 0.499469
2026-10-08T15:06:35.3056793Z   ...
2026-10-08T15:06:35.3057851Z # Subtest: each numerical answer uses the stated correction sign, denominator or independence assumption
2026-10-08T15:06:35.3059465Z ok 112 - each numerical answer uses the stated correction sign, denominator or independence assumption
2026-10-08T15:06:35.3060429Z   ---
2026-10-08T15:06:35.3060903Z   duration_ms: 0.468971
2026-10-08T15:06:35.3061395Z   ...
2026-10-08T15:06:35.3062593Z # Subtest: standalone artifact is deterministic, preserves the exact deck bytes and contains executable classic scripts
2026-10-08T15:06:35.3065163Z ok 113 - standalone artifact is deterministic, preserves the exact deck bytes and contains executable classic scripts
2026-10-08T15:06:35.3066499Z   ---
2026-10-08T15:06:35.3067053Z   duration_ms: 5.754827
2026-10-08T15:06:35.3067483Z   ...
2026-10-08T15:06:35.3068339Z # Subtest: worked four-reading budget distinguishes raw mean, correction, sample scatter and mean uncertainty
2026-10-08T15:06:35.3069292Z ok 114 - worked four-reading budget distinguishes raw mean, correction, sample scatter and mean uncertainty
2026-10-08T15:06:35.3069902Z   ---
2026-10-08T15:06:35.3070206Z   duration_ms: 2.520067
2026-10-08T15:06:35.3070535Z   ...
2026-10-08T15:06:35.3071156Z # Subtest: a shared additive correction shifts the estimate without changing either uncertainty component
2026-10-08T15:06:35.3072051Z ok 115 - a shared additive correction shifts the estimate without changing either uncertainty component
2026-10-08T15:06:35.3072624Z   ---
2026-10-08T15:06:35.3072927Z   duration_ms: 0.361219
2026-10-08T15:06:35.3073257Z   ...
2026-10-08T15:06:35.3074470Z # Subtest: identical readings retain a nonzero shared component and are not rejected for numerical repetition
2026-10-08T15:06:35.3075420Z ok 116 - identical readings retain a nonzero shared component and are not rejected for numerical repetition
2026-10-08T15:06:35.3076011Z   ---
2026-10-08T15:06:35.3076309Z   duration_ms: 1.722057
2026-10-08T15:06:35.3076639Z   ...
2026-10-08T15:06:35.3077301Z # Subtest: future independent sample sizes hold shared calibration fixed while repeatability shrinks by square root
2026-10-08T15:06:35.3078282Z ok 117 - future independent sample sizes hold shared calibration fixed while repeatability shrinks by square root
2026-10-08T15:06:35.3078887Z   ---
2026-10-08T15:06:35.3079190Z   duration_ms: 0.613242
2026-10-08T15:06:35.3079514Z   ...
2026-10-08T15:06:35.3080092Z # Subtest: shared covariance gives the same calibration contribution for a mean of any sample size
2026-10-08T15:06:35.3080947Z ok 118 - shared covariance gives the same calibration contribution for a mean of any sample size
2026-10-08T15:06:35.3081513Z   ---
2026-10-08T15:06:35.3081821Z   duration_ms: 0.336753
2026-10-08T15:06:35.3082186Z   ...
2026-10-08T15:06:35.3082771Z # Subtest: compensated raw means preserve small residuals after large opposing readings cancel
2026-10-08T15:06:35.3111025Z ok 119 - compensated raw means preserve small residuals after large opposing readings cancel
2026-10-08T15:06:35.3111910Z   ---
2026-10-08T15:06:35.3112273Z   duration_ms: 0.330171
2026-10-08T15:06:35.3112675Z   ...
2026-10-08T15:06:35.3113777Z # Subtest: centered scatter remains meaningful for a large shared offset and at supported extremes
2026-10-08T15:06:35.3115171Z ok 120 - centered scatter remains meaningful for a large shared offset and at supported extremes
2026-10-08T15:06:35.3115984Z   ---
2026-10-08T15:06:35.3116339Z   duration_ms: 0.417335
2026-10-08T15:06:35.3116725Z   ...
2026-10-08T15:06:35.3117677Z # Subtest: reordering observations preserves the summary but does not assert statistical independence
2026-10-08T15:06:35.3119140Z ok 121 - reordering observations preserves the summary but does not assert statistical independence
2026-10-08T15:06:35.3119966Z   ---
2026-10-08T15:06:35.3120289Z   duration_ms: 1.124052
2026-10-08T15:06:35.3120651Z   ...
2026-10-08T15:06:35.3121492Z # Subtest: input parsing keeps every observation and refuses malformed or missing comma fields
2026-10-08T15:06:35.3122795Z ok 122 - input parsing keeps every observation and refuses malformed or missing comma fields
2026-10-08T15:06:35.3123876Z   ---
2026-10-08T15:06:35.3124231Z   duration_ms: 1.845108
2026-10-08T15:06:35.3124814Z   ...
2026-10-08T15:06:35.3125655Z # Subtest: supported magnitude and nonnegative half-width boundaries are explicit
2026-10-08T15:06:35.3127166Z ok 123 - supported magnitude and nonnegative half-width boundaries are explicit
2026-10-08T15:06:35.3127885Z   ---
2026-10-08T15:06:35.3128420Z   duration_ms: 0.784404
2026-10-08T15:06:35.3128808Z   ...
2026-10-08T15:06:35.3130085Z # Subtest: public calculations reject missing observations and invalid forecast counts
2026-10-08T15:06:35.3131653Z ok 124 - public calculations reject missing observations and invalid forecast counts
2026-10-08T15:06:35.3132400Z   ---
2026-10-08T15:06:35.3132913Z   duration_ms: 0.634623
2026-10-08T15:06:35.3133300Z   ...
2026-10-08T15:06:35.3134418Z # Subtest: calculation snapshots do not mutate caller arrays or change after later edits
2026-10-08T15:06:35.3135956Z ok 125 - calculation snapshots do not mutate caller arrays or change after later edits
2026-10-08T15:06:35.3137065Z   ---
2026-10-08T15:06:35.3137736Z   duration_ms: 0.356921
2026-10-08T15:06:35.3138148Z   ...
2026-10-08T15:06:35.3465504Z # Subtest: small dyadic arithmetic keeps exact operand and result values
2026-10-08T15:06:35.3467080Z ok 126 - small dyadic arithmetic keeps exact operand and result values
2026-10-08T15:06:35.3471146Z   ---
2026-10-08T15:06:35.3471824Z   duration_ms: 3.030697
2026-10-08T15:06:35.3472443Z   ...
2026-10-08T15:06:35.3474955Z # Subtest: decimal sum retains exact conversion and operation contributions
2026-10-08T15:06:35.3476418Z ok 127 - decimal sum retains exact conversion and operation contributions
2026-10-08T15:06:35.3477323Z   ---
2026-10-08T15:06:35.3484909Z   duration_ms: 0.587896
2026-10-08T15:06:35.3487035Z   ...
2026-10-08T15:06:35.3491446Z # Subtest: conversion can erase a difference while subtraction itself is exact
2026-10-08T15:06:35.3497160Z ok 128 - conversion can erase a difference while subtraction itself is exact
2026-10-08T15:06:35.3498078Z   ---
2026-10-08T15:06:35.3498628Z   duration_ms: 0.429106
2026-10-08T15:06:35.3499332Z   ...
2026-10-08T15:06:35.3500209Z # Subtest: operation rounding can lose an exact integer step
2026-10-08T15:06:35.3501362Z ok 129 - operation rounding can lose an exact integer step
2026-10-08T15:06:35.3502222Z   ---
2026-10-08T15:06:35.3502851Z   duration_ms: 0.471817
2026-10-08T15:06:35.3503772Z   ...
2026-10-08T15:06:35.3504850Z # Subtest: nonzero signed contributions can cancel at an exactly represented result
2026-10-08T15:06:35.3506390Z ok 130 - nonzero signed contributions can cancel at an exactly represented result
2026-10-08T15:06:35.3507429Z   ---
2026-10-08T15:06:35.3507998Z   duration_ms: 0.495812
2026-10-08T15:06:35.3508632Z   ...
2026-10-08T15:06:35.3509821Z # Subtest: individual exact integers outside the safe interval are kept distinct from the API guarantee
2026-10-08T15:06:35.3511626Z ok 131 - individual exact integers outside the safe interval are kept distinct from the API guarantee
2026-10-08T15:06:35.3512704Z   ---
2026-10-08T15:06:35.3513272Z   duration_ms: 1.512543
2026-10-08T15:06:35.3514262Z   ...
2026-10-08T15:06:35.3515294Z # Subtest: signs, exact raw strings and negative zero remain explicit
2026-10-08T15:06:35.3516686Z ok 132 - signs, exact raw strings and negative zero remain explicit
2026-10-08T15:06:35.3517620Z   ---
2026-10-08T15:06:35.3518235Z   duration_ms: 0.461247
2026-10-08T15:06:35.3518892Z   ...
2026-10-08T15:06:35.3519920Z # Subtest: the declared decimal input bounds admit edges and refuse other syntax
2026-10-08T15:06:35.3521330Z ok 133 - the declared decimal input bounds admit edges and refuse other syntax
2026-10-08T15:06:35.3522270Z   ---
2026-10-08T15:06:35.3522830Z   duration_ms: 2.063268
2026-10-08T15:06:35.3523818Z   ...
2026-10-08T15:06:35.3524804Z # Subtest: worked records are complete, deterministic and deeply immutable
2026-10-08T15:06:35.3526096Z ok 134 - worked records are complete, deterministic and deeply immutable
2026-10-08T15:06:35.3527006Z   ---
2026-10-08T15:06:35.3527571Z   duration_ms: 3.462919
2026-10-08T15:06:35.3528264Z   ...
2026-10-08T15:06:35.3529475Z # Subtest: the original lesson passes the unchanged native deck contract with exact export parity
2026-10-08T15:06:35.3531140Z ok 135 - the original lesson passes the unchanged native deck contract with exact export parity
2026-10-08T15:06:35.3532150Z   ---
2026-10-08T15:06:35.3532747Z   duration_ms: 16.905985
2026-10-08T15:06:35.3533668Z   ...
2026-10-08T15:06:35.3535410Z # Subtest: language-specific worked examples agree with actual native Number and BigInt operations
2026-10-08T15:06:35.3537104Z ok 136 - language-specific worked examples agree with actual native Number and BigInt operations
2026-10-08T15:06:35.3538251Z   ---
2026-10-08T15:06:35.3538864Z   duration_ms: 0.390464
2026-10-08T15:06:35.3539527Z   ...
2026-10-08T15:06:35.3540525Z # Subtest: the directly openable explorer is an exact build of its native inputs
2026-10-08T15:06:35.3541895Z ok 137 - the directly openable explorer is an exact build of its native inputs
2026-10-08T15:06:35.3542973Z   ---
2026-10-08T15:06:35.3543874Z   duration_ms: 60.945487
2026-10-08T15:06:35.3544517Z   ...
2026-10-08T15:06:35.3638537Z # Subtest: embedded lesson download preserves exact source bytes
2026-10-08T15:06:35.3640286Z ok 138 - embedded lesson download preserves exact source bytes
2026-10-08T15:06:35.3641636Z   ---
2026-10-08T15:06:35.3642506Z   duration_ms: 20.09826
2026-10-08T15:06:35.3643312Z   ...
2026-10-08T15:06:35.3755313Z # Subtest: question identity survives reordered review, edits and clearing without changing earlier notes
2026-10-08T15:06:35.3763968Z ok 139 - question identity survives reordered review, edits and clearing without changing earlier notes
2026-10-08T15:06:35.3784928Z   ---
2026-10-08T15:06:35.3810478Z   duration_ms: 4.922864
2026-10-08T15:06:35.3827885Z   ...
2026-10-08T15:06:35.3831652Z # Subtest: application writing is separate and a fresh session starts with every field empty
2026-10-08T15:06:35.3864733Z ok 140 - application writing is separate and a fresh session starts with every field empty
2026-10-08T15:06:35.3884274Z   ---
2026-10-08T15:06:35.3914519Z   duration_ms: 2.839687
2026-10-08T15:06:35.3924315Z   ...
2026-10-08T15:06:35.3925330Z # Subtest: unknown or duplicate question identities and non-text edits are refused
2026-10-08T15:06:35.3926884Z ok 141 - unknown or duplicate question identities and non-text edits are refused
2026-10-08T15:06:35.3927957Z   ---
2026-10-08T15:06:35.3928642Z   duration_ms: 0.490652
2026-10-08T15:06:35.3929351Z   ...
2026-10-08T15:06:35.3930734Z # Subtest: actual study notes bind writing to questions while retaining native review, estimates and a paused retry
2026-10-08T15:06:35.3932757Z ok 142 - actual study notes bind writing to questions while retaining native review, estimates and a paused retry
2026-10-08T15:06:35.3934327Z   ---
2026-10-08T15:06:35.3934920Z   duration_ms: 5.306825
2026-10-08T15:06:35.3935587Z   ...
2026-10-08T15:06:35.3936744Z # Subtest: actual export uses the most recent edit and represents cleared fields as unwritten
2026-10-08T15:06:35.3938429Z ok 143 - actual export uses the most recent edit and represents cleared fields as unwritten
2026-10-08T15:06:35.3939537Z   ---
2026-10-08T15:06:35.3940146Z   duration_ms: 1.791277
2026-10-08T15:06:35.3940894Z   ...
2026-10-08T15:06:35.3942251Z # Subtest: export refuses missing, duplicate or foreign notebook identities instead of attaching notes by position
2026-10-08T15:06:35.3944678Z ok 144 - export refuses missing, duplicate or foreign notebook identities instead of attaching notes by position
2026-10-08T15:06:35.3945954Z   ---
2026-10-08T15:06:35.3946594Z   duration_ms: 0.908037
2026-10-08T15:06:35.3947357Z   ...
2026-10-08T15:06:35.3948792Z # Subtest: study notes retain the displayed imported-course application prompt without changing notebook or first-session data
2026-10-08T15:06:35.3951033Z ok 145 - study notes retain the displayed imported-course application prompt without changing notebook or first-session data
2026-10-08T15:06:35.3952419Z   ---
2026-10-08T15:06:35.3953084Z   duration_ms: 0.947521
2026-10-08T15:06:35.3954037Z   ...
2026-10-08T15:06:35.3955142Z # Subtest: a notebook export refuses a missing or non-text displayed application prompt
2026-10-08T15:06:35.3956730Z ok 146 - a notebook export refuses a missing or non-text displayed application prompt
2026-10-08T15:06:35.3957805Z   ---
2026-10-08T15:06:35.3958440Z   duration_ms: 0.603324
2026-10-08T15:06:35.3959466Z   ...
2026-10-08T15:06:35.3960467Z # Subtest: review preserves session order and the actual chosen answer
2026-10-08T15:06:35.3961819Z ok 147 - review preserves session order and the actual chosen answer
2026-10-08T15:06:35.3962780Z   ---
2026-10-08T15:06:35.3963707Z   duration_ms: 2.78194
2026-10-08T15:06:35.3964411Z   ...
2026-10-08T15:06:35.3965465Z # Subtest: review is an immutable snapshot independent of mutable input arrays
2026-10-08T15:06:35.3966942Z ok 148 - review is an immutable snapshot independent of mutable input arrays
2026-10-08T15:06:35.3967964Z   ---
2026-10-08T15:06:35.3968618Z   duration_ms: 0.770999
2026-10-08T15:06:35.3969225Z   ...
2026-10-08T15:06:35.3970163Z # Subtest: a review rejects unknown, duplicate, or invalid first answers
2026-10-08T15:06:35.3971498Z ok 149 - a review rejects unknown, duplicate, or invalid first answers
2026-10-08T15:06:35.3972430Z   ---
2026-10-08T15:06:35.3973044Z   duration_ms: 0.60066
2026-10-08T15:06:35.3973960Z   ...
2026-10-08T15:06:35.3975339Z # Subtest: practice includes only initially missed questions in first-attempt order
2026-10-08T15:06:35.3976946Z ok 150 - practice includes only initially missed questions in first-attempt order
2026-10-08T15:06:35.3978020Z   ---
2026-10-08T15:06:35.3978631Z   duration_ms: 0.514416
2026-10-08T15:06:35.3979271Z   ...
2026-10-08T15:06:35.3980501Z # Subtest: correct and incorrect retries remain separate from the immutable original trace
2026-10-08T15:06:35.3982154Z ok 151 - correct and incorrect retries remain separate from the immutable original trace
2026-10-08T15:06:35.3983264Z   ---
2026-10-08T15:06:35.3984300Z   duration_ms: 0.561756
2026-10-08T15:06:35.3985021Z   ...
2026-10-08T15:06:35.3986307Z # Subtest: practice resumes at the next unanswered question and refuses duplicate or out-of-order writes
2026-10-08T15:06:35.3988170Z ok 152 - practice resumes at the next unanswered question and refuses duplicate or out-of-order writes
2026-10-08T15:06:35.3989417Z   ---
2026-10-08T15:06:35.3990091Z   duration_ms: 0.47869
2026-10-08T15:06:35.3990734Z   ...
2026-10-08T15:06:35.3991604Z # Subtest: an all-correct or empty review has no practice question
2026-10-08T15:06:35.3992824Z ok 153 - an all-correct or empty review has no practice question
2026-10-08T15:06:35.3993981Z   ---
2026-10-08T15:06:35.3994590Z   duration_ms: 0.321865
2026-10-08T15:06:35.3995241Z   ...
2026-10-08T15:06:35.4355321Z # Subtest: the original course survives native validation and serialization with complete connected content
2026-10-08T15:06:35.4389691Z ok 154 - the original course survives native validation and serialization with complete connected content
2026-10-08T15:06:35.4406763Z   ---
2026-10-08T15:06:35.4425341Z   duration_ms: 4.624332
2026-10-08T15:06:35.4447596Z   ...
2026-10-08T15:06:35.4448646Z # Subtest: native item selection reaches all twelve questions and can prioritize the weak sample clock
2026-10-08T15:06:35.4450226Z ok 155 - native item selection reaches all twelve questions and can prioritize the weak sample clock
2026-10-08T15:06:35.4451151Z   ---
2026-10-08T15:06:35.4451547Z   duration_ms: 17.584042
2026-10-08T15:06:35.4451978Z   ...
2026-10-08T15:06:35.4452961Z # Subtest: answer text matches independently stated calculations and explicit sampling assumptions
2026-10-08T15:06:35.4454823Z ok 156 - answer text matches independently stated calculations and explicit sampling assumptions
2026-10-08T15:06:35.4455674Z   ---
2026-10-08T15:06:35.4456040Z   duration_ms: 0.473851
2026-10-08T15:06:35.4456444Z   ...
2026-10-08T15:06:35.4565374Z # Subtest: each supported sample clock uses inclusive endpoints and an actually different matching cosine
2026-10-08T15:06:35.4595258Z ok 157 - each supported sample clock uses inclusive endpoints and an actually different matching cosine
2026-10-08T15:06:35.4604546Z   ---
2026-10-08T15:06:35.4605438Z   duration_ms: 24.040027
2026-10-08T15:06:35.4606248Z   ...
2026-10-08T15:06:35.4607622Z # Subtest: DC, reflected aliases, the half-rate and input limits preserve their distinct meaning
2026-10-08T15:06:35.4609818Z ok 158 - DC, reflected aliases, the half-rate and input limits preserve their distinct meaning
2026-10-08T15:06:35.4610999Z   ---
2026-10-08T15:06:35.4611636Z   duration_ms: 0.493588
2026-10-08T15:06:35.4612356Z   ...
2026-10-08T15:06:35.4613821Z # Subtest: invalid numerical input is refused and snapshots cannot be changed after observation
2026-10-08T15:06:35.4615646Z ok 159 - invalid numerical input is refused and snapshots cannot be changed after observation
2026-10-08T15:06:35.4616803Z   ---
2026-10-08T15:06:35.4617424Z   duration_ms: 4.183183
2026-10-08T15:06:35.4618091Z   ...
2026-10-08T15:06:35.4619394Z # Subtest: CSV carries full precision and current parameter identity, ignoring supplied forged sample rows
2026-10-08T15:06:35.4621307Z ok 160 - CSV carries full precision and current parameter identity, ignoring supplied forged sample rows
2026-10-08T15:06:35.4622545Z   ---
2026-10-08T15:06:35.4623203Z   duration_ms: 1.678986
2026-10-08T15:06:35.4624200Z   ...
2026-10-08T15:06:35.4852143Z # Subtest: notes retain the actual first choices, session order, corrections, transfers, and attribution
2026-10-08T15:06:35.4855138Z ok 161 - notes retain the actual first choices, session order, corrections, transfers, and attribution
2026-10-08T15:06:35.4856498Z   ---
2026-10-08T15:06:35.4857186Z   duration_ms: 3.762191
2026-10-08T15:06:35.4857761Z   ...
2026-10-08T15:06:35.4858853Z # Subtest: paused and completed retries cannot replace the first answers or alter the model
2026-10-08T15:06:35.4860432Z ok 162 - paused and completed retries cannot replace the first answers or alter the model
2026-10-08T15:06:35.4861466Z   ---
2026-10-08T15:06:35.4862061Z   duration_ms: 1.199775
2026-10-08T15:06:35.4862721Z   ...
2026-10-08T15:06:35.4864176Z # Subtest: unstarted, zero-answer paused, and all-correct sessions have honest practice labels
2026-10-08T15:06:35.4865875Z ok 163 - unstarted, zero-answer paused, and all-correct sessions have honest practice labels
2026-10-08T15:06:35.4866954Z   ---
2026-10-08T15:06:35.4867568Z   duration_ms: 2.275557
2026-10-08T15:06:35.4868206Z   ...
2026-10-08T15:06:35.4869478Z # Subtest: incomplete, duplicate, legacy choice-less or malformed traces are refused rather than fabricated
2026-10-08T15:06:35.4871378Z ok 164 - incomplete, duplicate, legacy choice-less or malformed traces are refused rather than fabricated
2026-10-08T15:06:35.4872562Z   ---
2026-10-08T15:06:35.4873171Z   duration_ms: 1.486715
2026-10-08T15:06:35.4874215Z   ...
2026-10-08T15:06:35.4875438Z # Subtest: plain-text output preserves Unicode and literal markup without creating executable content
2026-10-08T15:06:35.4877247Z ok 165 - plain-text output preserves Unicode and literal markup without creating executable content
2026-10-08T15:06:35.4878385Z   ---
2026-10-08T15:06:35.4878931Z   duration_ms: 2.579017
2026-10-08T15:06:35.4879493Z   ...
2026-10-08T15:06:35.6659850Z # Subtest: the original five-vertex example has the hand-calculated settling order and cost-7 route
2026-10-08T15:06:35.6661821Z ok 166 - the original five-vertex example has the hand-calculated settling order and cost-7 route
2026-10-08T15:06:35.6662966Z   ---
2026-10-08T15:06:35.6663851Z   duration_ms: 5.556525
2026-10-08T15:06:35.6664519Z   ...
2026-10-08T15:06:35.6677115Z # Subtest: target discovery remains tentative; the cheaper route is final only on target settlement
2026-10-08T15:06:35.6688204Z ok 167 - target discovery remains tentative; the cheaper route is final only on target settlement
2026-10-08T15:06:35.6689365Z   ---
2026-10-08T15:06:35.6689980Z   duration_ms: 2.188123
2026-10-08T15:06:35.6690589Z   ...
2026-10-08T15:06:35.6691717Z # Subtest: zero weights and equal routes preserve the stated alphabetical and first-predecessor policies
2026-10-08T15:06:35.6693799Z ok 168 - zero weights and equal routes preserve the stated alphabetical and first-predecessor policies
2026-10-08T15:06:35.6694874Z   ---
2026-10-08T15:06:35.6695396Z   duration_ms: 1.410902
2026-10-08T15:06:35.6695976Z   ...
2026-10-08T15:06:35.6697254Z # Subtest: all preset source/target pairs agree with exhaustive simple paths, including reverse direction
2026-10-08T15:06:35.6699934Z ok 169 - all preset source/target pairs agree with exhaustive simple paths, including reverse direction
2026-10-08T15:06:35.6701253Z   ---
2026-10-08T15:06:35.6701910Z   duration_ms: 6.153898
2026-10-08T15:06:35.6702567Z   ...
2026-10-08T15:06:35.6703953Z # Subtest: 80 deterministic bounded graphs agree with a simple-path oracle for every source
2026-10-08T15:06:35.6705748Z ok 170 - 80 deterministic bounded graphs agree with a simple-path oracle for every source
2026-10-08T15:06:35.6706845Z   ---
2026-10-08T15:06:35.6707442Z   duration_ms: 103.430595
2026-10-08T15:06:35.6708113Z   ...
2026-10-08T15:06:35.6709045Z # Subtest: invalid graphs are refused before a runnable state exists
2026-10-08T15:06:35.6710385Z ok 171 - invalid graphs are refused before a runnable state exists
2026-10-08T15:06:35.6711317Z   ---
2026-10-08T15:06:35.6711915Z   duration_ms: 0.930379
2026-10-08T15:06:35.6712557Z   ...
2026-10-08T15:06:35.6714133Z # Subtest: run, graph, presets and trace snapshots cannot be changed by later edits
2026-10-08T15:06:35.6715666Z ok 172 - run, graph, presets and trace snapshots cannot be changed by later edits
2026-10-08T15:06:35.6716711Z   ---
2026-10-08T15:06:35.6717317Z   duration_ms: 0.604166
2026-10-08T15:06:35.6717964Z   ...
2026-10-08T15:06:35.6719225Z # Subtest: the original twelve-question course is valid, canonical and has balanced answer positions
2026-10-08T15:06:35.6721022Z ok 173 - the original twelve-question course is valid, canonical and has balanced answer positions
2026-10-08T15:06:35.6722191Z   ---
2026-10-08T15:06:35.6722801Z   duration_ms: 0.729762
2026-10-08T15:06:35.6723935Z   ...
2026-10-08T15:06:35.6725284Z # Subtest: existing knowledge, review, practice and notes contracts accept the new deck without changing the app
2026-10-08T15:06:35.6727180Z ok 174 - existing knowledge, review, practice and notes contracts accept the new deck without changing the app
2026-10-08T15:06:35.6728384Z   ---
2026-10-08T15:06:35.6728923Z   duration_ms: 17.888033
2026-10-08T15:06:35.6729487Z   ...
2026-10-08T15:06:36.0905518Z # Subtest: the original twelve-item SQL course uses the published import contract without changing its native meaning
2026-10-08T15:06:36.0907407Z ok 175 - the original twelve-item SQL course uses the published import contract without changing its native meaning
2026-10-08T15:06:36.0908381Z   ---
2026-10-08T15:06:36.0908736Z   duration_ms: 4.476454
2026-10-08T15:06:36.0909122Z   ...
2026-10-08T15:06:36.0910121Z # Subtest: actual SQLite regenerates all twenty-two saved queries and their exact course/default bindings
2026-10-08T15:06:36.0911646Z ok 176 - actual SQLite regenerates all twenty-two saved queries and their exact course/default bindings
2026-10-08T15:06:36.0912505Z   ---
2026-10-08T15:06:36.0912849Z   duration_ms: 64.489286
2026-10-08T15:06:36.0913203Z   ...
2026-10-08T15:06:36.0914493Z # Subtest: native adaptive selection, shuffled choices, review, practice and notes preserve all twelve SQL questions
2026-10-08T15:06:36.0916232Z ok 177 - native adaptive selection, shuffled choices, review, practice and notes preserve all twelve SQL questions
2026-10-08T15:06:36.0917267Z   ---
2026-10-08T15:06:36.0917493Z   duration_ms: 17.664984
2026-10-08T15:06:36.0917745Z   ...
2026-10-08T15:06:36.0918251Z # Subtest: a changed answer or invalid query refuses the build and preserves both saved artifacts
2026-10-08T15:06:36.0919008Z ok 178 - a changed answer or invalid query refuses the build and preserves both saved artifacts
2026-10-08T15:06:36.0919463Z   ---
2026-10-08T15:06:36.0919679Z   duration_ms: 445.122721
2026-10-08T15:06:36.0919917Z   ...
2026-10-08T15:06:36.1360840Z # Subtest: a stale generated explorer fails --check without silently replacing the changed file
2026-10-08T15:06:36.1362362Z ok 179 - a stale generated explorer fails --check without silently replacing the changed file
2026-10-08T15:06:36.1363267Z   ---
2026-10-08T15:06:36.1364001Z   duration_ms: 46.941281
2026-10-08T15:06:36.1364795Z   ...
2026-10-08T15:06:36.1440118Z # Subtest: original course fits the existing deck contract with all four concepts represented
2026-10-08T15:06:36.1441823Z ok 180 - original course fits the existing deck contract with all four concepts represented
2026-10-08T15:06:36.1442888Z   ---
2026-10-08T15:06:36.1444574Z   duration_ms: 4.214742
2026-10-08T15:06:36.1445214Z   ...
2026-10-08T15:06:36.1446422Z # Subtest: authored answer keys retain the independently worked quantities and conceptual distinctions
2026-10-08T15:06:36.1448186Z ok 181 - authored answer keys retain the independently worked quantities and conceptual distinctions
2026-10-08T15:06:36.1449287Z   ---
2026-10-08T15:06:36.1449843Z   duration_ms: 0.415681
2026-10-08T15:06:36.1450435Z   ...
2026-10-08T15:06:36.1451535Z # Subtest: course completes native selection, correct first answers, review, retry and study notes
2026-10-08T15:06:36.1453156Z ok 182 - course completes native selection, correct first answers, review, retry and study notes
2026-10-08T15:06:36.1454486Z   ---
2026-10-08T15:06:36.1455379Z   duration_ms: 19.345453
2026-10-08T15:06:36.1456041Z   ...
2026-10-08T15:06:36.1457174Z # Subtest: course completes native selection, mixed first answers, review, retry and study notes
2026-10-08T15:06:36.1458766Z ok 183 - course completes native selection, mixed first answers, review, retry and study notes
2026-10-08T15:06:36.1459778Z   ---
2026-10-08T15:06:36.1460336Z   duration_ms: 3.520678
2026-10-08T15:06:36.1460974Z   ...
2026-10-08T15:06:36.1462127Z # Subtest: course completes native selection, missed first answers, review, retry and study notes
2026-10-08T15:06:36.1464041Z ok 184 - course completes native selection, missed first answers, review, retry and study notes
2026-10-08T15:06:36.1465293Z   ---
2026-10-08T15:06:36.1465845Z   duration_ms: 3.001322
2026-10-08T15:06:36.1466453Z   ...
2026-10-08T15:06:36.1467556Z # Subtest: generated direct-open artifact has exact build parity and embeds the qualified course
2026-10-08T15:06:36.1469022Z ok 185 - generated direct-open artifact has exact build parity and embeds the qualified course
2026-10-08T15:06:36.1469929Z   ---
2026-10-08T15:06:36.1470307Z   duration_ms: 72.251929
2026-10-08T15:06:36.1470720Z   ...
2026-10-08T15:06:36.1471617Z # Subtest: standalone rendering keeps embedded source and course text inside their script elements
2026-10-08T15:06:36.1472974Z ok 186 - standalone rendering keeps embedded source and course text inside their script elements
2026-10-08T15:06:36.1474064Z   ---
2026-10-08T15:06:36.1474429Z   duration_ms: 0.83528
2026-10-08T15:06:36.1474820Z   ...
2026-10-08T15:06:36.1475553Z # Subtest: water: 6 / 2 mol → second
2026-10-08T15:06:36.1476191Z ok 187 - water: 6 / 2 mol → second
2026-10-08T15:06:36.1476633Z   ---
2026-10-08T15:06:36.1476987Z   duration_ms: 2.617039
2026-10-08T15:06:36.1477384Z   ...
2026-10-08T15:06:36.1477877Z # Subtest: water: 2 / 2 mol → first
2026-10-08T15:06:36.1478319Z ok 188 - water: 2 / 2 mol → first
2026-10-08T15:06:36.1478663Z   ---
2026-10-08T15:06:36.1478973Z   duration_ms: 0.277211
2026-10-08T15:06:36.1479289Z   ...
2026-10-08T15:06:36.1479681Z # Subtest: water: 4 / 2 mol → matched
2026-10-08T15:06:36.1480133Z ok 189 - water: 4 / 2 mol → matched
2026-10-08T15:06:36.1480481Z   ---
2026-10-08T15:06:36.1480779Z   duration_ms: 0.299002
2026-10-08T15:06:36.1481101Z   ...
2026-10-08T15:06:36.1481479Z # Subtest: water: 0 / 5 mol → no-product
2026-10-08T15:06:36.1481935Z ok 190 - water: 0 / 5 mol → no-product
2026-10-08T15:06:36.1482288Z   ---
2026-10-08T15:06:36.1482586Z   duration_ms: 0.262654
2026-10-08T15:06:36.1482893Z   ...
2026-10-08T15:06:36.1483281Z # Subtest: water: 5 / 0 mol → no-product
2026-10-08T15:06:36.1484073Z ok 191 - water: 5 / 0 mol → no-product
2026-10-08T15:06:36.1484433Z   ---
2026-10-08T15:06:36.1484728Z   duration_ms: 0.349267
2026-10-08T15:06:36.1485043Z   ...
2026-10-08T15:06:36.1485431Z # Subtest: water: 0 / 0 mol → no-product
2026-10-08T15:06:36.1485894Z ok 192 - water: 0 / 0 mol → no-product
2026-10-08T15:06:36.1486517Z   ---
2026-10-08T15:06:36.1486817Z   duration_ms: 0.235272
2026-10-08T15:06:36.1487130Z   ...
2026-10-08T15:06:36.1487515Z # Subtest: ammonia: 2 / 3 mol → second
2026-10-08T15:06:36.1487956Z ok 193 - ammonia: 2 / 3 mol → second
2026-10-08T15:06:36.1488301Z   ---
2026-10-08T15:06:36.1488585Z   duration_ms: 0.289174
2026-10-08T15:06:36.1488891Z   ...
2026-10-08T15:06:36.1489281Z # Subtest: ammonia: 1 / 2.4 mol → second
2026-10-08T15:06:36.1489749Z ok 194 - ammonia: 1 / 2.4 mol → second
2026-10-08T15:06:36.1490098Z   ---
2026-10-08T15:06:36.1490390Z   duration_ms: 0.300735
2026-10-08T15:06:36.1490707Z   ...
2026-10-08T15:06:36.1491090Z # Subtest: ammonia: 2 / 4.8 mol → second
2026-10-08T15:06:36.1491544Z ok 195 - ammonia: 2 / 4.8 mol → second
2026-10-08T15:06:36.1491895Z   ---
2026-10-08T15:06:36.1492191Z   duration_ms: 0.502484
2026-10-08T15:06:36.1492501Z   ...
2026-10-08T15:06:36.1492900Z # Subtest: ammonia: 0.1 / 0.3 mol → matched
2026-10-08T15:06:36.1493600Z ok 196 - ammonia: 0.1 / 0.3 mol → matched
2026-10-08T15:06:36.1494002Z   ---
2026-10-08T15:06:36.1494455Z   duration_ms: 0.398489
2026-10-08T15:06:36.1494787Z   ...
2026-10-08T15:06:36.1495212Z # Subtest: ammonia: 0.001 / 0.001 mol → second
2026-10-08T15:06:36.1495704Z ok 197 - ammonia: 0.001 / 0.001 mol → second
2026-10-08T15:06:36.1496078Z   ---
2026-10-08T15:06:36.1496371Z   duration_ms: 0.328627
2026-10-08T15:06:36.1496685Z   ...
2026-10-08T15:06:36.1497100Z # Subtest: ammonia: 0.001 / 0.003 mol → matched
2026-10-08T15:06:36.1497601Z ok 198 - ammonia: 0.001 / 0.003 mol → matched
2026-10-08T15:06:36.1497972Z   ---
2026-10-08T15:06:36.1498258Z   duration_ms: 0.244279
2026-10-08T15:06:36.1498572Z   ...
2026-10-08T15:06:36.1498975Z # Subtest: ammonia: 0.001 / 0.004 mol → first
2026-10-08T15:06:36.1499450Z ok 199 - ammonia: 0.001 / 0.004 mol → first
2026-10-08T15:06:36.1499818Z   ---
2026-10-08T15:06:36.1500111Z   duration_ms: 0.321724
2026-10-08T15:06:36.1500425Z   ...
2026-10-08T15:06:36.1500814Z # Subtest: magnesium: 1.5 / 1 mol → first
2026-10-08T15:06:36.1501292Z ok 200 - magnesium: 1.5 / 1 mol → first
2026-10-08T15:06:36.1501645Z   ---
2026-10-08T15:06:36.1501946Z   duration_ms: 0.320703
2026-10-08T15:06:36.1502256Z   ...
2026-10-08T15:06:36.1502656Z # Subtest: magnesium: 1 / 0.499 mol → second
2026-10-08T15:06:36.1503151Z ok 201 - magnesium: 1 / 0.499 mol → second
2026-10-08T15:06:36.1503743Z   ---
2026-10-08T15:06:36.1504129Z   duration_ms: 0.23426
2026-10-08T15:06:36.1504500Z   ...
2026-10-08T15:06:36.1505042Z # Subtest: magnesium: 1 / 0.5 mol → matched
2026-10-08T15:06:36.1505530Z ok 202 - magnesium: 1 / 0.5 mol → matched
2026-10-08T15:06:36.1505900Z   ---
2026-10-08T15:06:36.1506196Z   duration_ms: 0.34046
2026-10-08T15:06:36.1506512Z   ...
2026-10-08T15:06:36.1506906Z # Subtest: magnesium: 1 / 0.501 mol → first
2026-10-08T15:06:36.1507380Z ok 203 - magnesium: 1 / 0.501 mol → first
2026-10-08T15:06:36.1507732Z   ---
2026-10-08T15:06:36.1508030Z   duration_ms: 0.231875
2026-10-08T15:06:36.1508382Z   ...
2026-10-08T15:06:36.1508796Z # Subtest: water: 1000 / 1000 mol → first
2026-10-08T15:06:36.1509273Z ok 204 - water: 1000 / 1000 mol → first
2026-10-08T15:06:36.1509657Z   ---
2026-10-08T15:06:36.1509967Z   duration_ms: 0.371088
2026-10-08T15:06:36.1510311Z   ...
2026-10-08T15:06:36.1510844Z # Subtest: authored equations use the declared species and conserve each element
2026-10-08T15:06:36.1511571Z ok 205 - authored equations use the declared species and conserve each element
2026-10-08T15:06:36.1512088Z   ---
2026-10-08T15:06:36.1512391Z   duration_ms: 1.397607
2026-10-08T15:06:36.1512745Z   ...
2026-10-08T15:06:36.1513220Z # Subtest: all admitted decimal spellings resolve to exact millimoles
2026-10-08T15:06:36.1514153Z ok 206 - all admitted decimal spellings resolve to exact millimoles
2026-10-08T15:06:36.1514565Z   ---
2026-10-08T15:06:36.1514880Z   duration_ms: 0.346441
2026-10-08T15:06:36.1515232Z   ...
2026-10-08T15:06:36.1515789Z # Subtest: invalid or ambiguous amount inputs are refused without numeric coercion
2026-10-08T15:06:36.1516534Z ok 207 - invalid or ambiguous amount inputs are refused without numeric coercion
2026-10-08T15:06:36.1517455Z   ---
2026-10-08T15:06:36.1517786Z   duration_ms: 1.17029
2026-10-08T15:06:36.1518148Z   ...
2026-10-08T15:06:36.1518812Z # Subtest: positive amounts straddling an exact ratio are never classified using a floating tolerance
2026-10-08T15:06:36.1519797Z ok 208 - positive amounts straddling an exact ratio are never classified using a floating tolerance
2026-10-08T15:06:36.1520535Z   ---
2026-10-08T15:06:36.1520913Z   duration_ms: 0.27709
2026-10-08T15:06:36.1521261Z   ...
2026-10-08T15:06:36.1521868Z # Subtest: start = used + left and atom inventory is conserved across a changed-input grid
2026-10-08T15:06:36.1522717Z ok 209 - start = used + left and atom inventory is conserved across a changed-input grid
2026-10-08T15:06:36.1523301Z   ---
2026-10-08T15:06:36.1523935Z   duration_ms: 10.46443
2026-10-08T15:06:36.1524357Z   ...
2026-10-08T15:06:36.1525363Z # Subtest: doubling both supplies doubles theoretical product and excess without changing the limiting identity
2026-10-08T15:06:36.1526423Z ok 210 - doubling both supplies doubles theoretical product and excess without changing the limiting identity
2026-10-08T15:06:36.1527055Z   ---
2026-10-08T15:06:36.1527430Z   duration_ms: 1.015509
2026-10-08T15:06:36.1527919Z   ...
2026-10-08T15:06:36.1528864Z # Subtest: reaction definitions and solved records are deeply immutable without changing caller inputs
2026-10-08T15:06:36.1529818Z ok 211 - reaction definitions and solved records are deeply immutable without changing caller inputs
2026-10-08T15:06:36.1530420Z   ---
2026-10-08T15:06:36.1530724Z   duration_ms: 0.418416
2026-10-08T15:06:36.1531036Z   ...
2026-10-08T15:06:36.1531644Z # Subtest: worked record carries this prediction, mole accounting and the explicit theoretical model
2026-10-08T15:06:36.1532622Z ok 212 - worked record carries this prediction, mole accounting and the explicit theoretical model
2026-10-08T15:06:36.1533257Z   ---
2026-10-08T15:06:36.1534198Z   duration_ms: 1.023073
2026-10-08T15:06:36.1534628Z   ...
2026-10-08T15:06:36.1535342Z # Subtest: completed first answers restore in their original adaptive order with exact, unrounded estimates
2026-10-08T15:06:36.1536479Z ok 213 - completed first answers restore in their original adaptive order with exact, unrounded estimates
2026-10-08T15:06:36.1537147Z   ---
2026-10-08T15:06:36.1537633Z   duration_ms: 12.820427
2026-10-08T15:06:36.1538057Z   ...
2026-10-08T15:06:36.1538729Z # Subtest: unstarted, zero-answer, paused and complete practice remain distinct and can resume once
2026-10-08T15:06:36.1539822Z ok 214 - unstarted, zero-answer, paused and complete practice remain distinct and can resume once
2026-10-08T15:06:36.1592300Z   ---
2026-10-08T15:06:36.1592793Z   duration_ms: 4.138098
2026-10-08T15:06:36.1593184Z   ...
2026-10-08T15:06:36.1594221Z # Subtest: all-correct and all-missed completed traces use canonical answer indices
2026-10-08T15:06:36.1595425Z ok 215 - all-correct and all-missed completed traces use canonical answer indices
2026-10-08T15:06:36.1596137Z   ---
2026-10-08T15:06:36.1596507Z   duration_ms: 2.535526
2026-10-08T15:06:36.1596912Z   ...
2026-10-08T15:06:36.1597715Z # Subtest: incomplete, duplicate, unknown and out-of-range first answers are refused
2026-10-08T15:06:36.1598921Z ok 216 - incomplete, duplicate, unknown and out-of-range first answers are refused
2026-10-08T15:06:36.1599631Z   ---
2026-10-08T15:06:36.1600011Z   duration_ms: 8.632216
2026-10-08T15:06:36.1600419Z   ...
2026-10-08T15:06:36.1601372Z # Subtest: a different course revision cannot replace the current deck; property order is immaterial
2026-10-08T15:06:36.1602825Z ok 217 - a different course revision cannot replace the current deck; property order is immaterial
2026-10-08T15:06:36.1603978Z   ---
2026-10-08T15:06:36.1604333Z   duration_ms: 3.773513
2026-10-08T15:06:36.1604745Z   ...
2026-10-08T15:06:36.1605583Z # Subtest: changed model parameters, rounded estimates and incompatible versions are refused
2026-10-08T15:06:36.1607218Z ok 218 - changed model parameters, rounded estimates and incompatible versions are refused
2026-10-08T15:06:36.1608087Z   ---
2026-10-08T15:06:36.1608487Z   duration_ms: 7.666878
2026-10-08T15:06:36.1608923Z   ...
2026-10-08T15:06:36.1609802Z # Subtest: practice replay refuses duplicate, reordered, correct-first and extra answers
2026-10-08T15:06:36.1611129Z ok 219 - practice replay refuses duplicate, reordered, correct-first and extra answers
2026-10-08T15:06:36.1611944Z   ---
2026-10-08T15:06:36.1612331Z   duration_ms: 5.530816
2026-10-08T15:06:36.1612755Z   ...
2026-10-08T15:06:36.1613972Z # Subtest: bounded parsing refuses invalid JSON and oversized UTF-8 before exposing state
2026-10-08T15:06:36.1615332Z ok 220 - bounded parsing refuses invalid JSON and oversized UTF-8 before exposing state
2026-10-08T15:06:36.1616175Z   ---
2026-10-08T15:06:36.1616574Z   duration_ms: 4.49543
2026-10-08T15:06:36.1616994Z   ...
2026-10-08T15:06:36.1617935Z # Subtest: the downloadable course is the exact admitted course, without external dependencies
2026-10-08T15:06:36.1619210Z ok 221 - the downloadable course is the exact admitted course, without external dependencies
2026-10-08T15:06:36.1619765Z   ---
2026-10-08T15:06:36.1620076Z   duration_ms: 1.81406
2026-10-08T15:06:36.1620395Z   ...
2026-10-08T15:06:36.1620928Z # Subtest: rebuilding the embedded course preserves already current standalone bytes
2026-10-08T15:06:36.1621657Z ok 222 - rebuilding the embedded course preserves already current standalone bytes
2026-10-08T15:06:36.1622156Z   ---
2026-10-08T15:06:36.1622463Z   duration_ms: 51.871796
2026-10-08T15:06:36.1622792Z   ...
2026-10-08T15:06:36.1623320Z # Subtest: the course example retains a component and reconstructs the exact original
2026-10-08T15:06:36.1624430Z ok 223 - the course example retains a component and reconstructs the exact original
2026-10-08T15:06:36.1624934Z   ---
2026-10-08T15:06:36.1625236Z   duration_ms: 0.95245
2026-10-08T15:06:36.1625548Z   ...
2026-10-08T15:06:36.1626095Z # Subtest: the geometric line is unchanged by a positive or negative direction rescaling
2026-10-08T15:06:36.1626865Z ok 224 - the geometric line is unchanged by a positive or negative direction rescaling
2026-10-08T15:06:36.1627361Z   ---
2026-10-08T15:06:36.1627653Z   duration_ms: 0.345339
2026-10-08T15:06:36.1627962Z   ...
2026-10-08T15:06:36.1628503Z # Subtest: perpendicular, parallel, axis-aligned and zero-original cases remain defined
2026-10-08T15:06:36.1629270Z ok 225 - perpendicular, parallel, axis-aligned and zero-original cases remain defined
2026-10-08T15:06:36.1629791Z   ---
2026-10-08T15:06:36.1630129Z   duration_ms: 0.47373
2026-10-08T15:06:36.1630443Z   ...
2026-10-08T15:06:36.1630953Z # Subtest: malformed, missing, out-of-domain and zero direction values are refused
2026-10-08T15:06:36.1631701Z ok 226 - malformed, missing, out-of-domain and zero direction values are refused
2026-10-08T15:06:36.1632187Z   ---
2026-10-08T15:06:36.1632480Z   duration_ms: 1.54298
2026-10-08T15:06:36.1632787Z   ...
2026-10-08T15:06:36.1633246Z # Subtest: calculation does not mutate or alias its input coordinates
2026-10-08T15:06:36.1634144Z ok 227 - calculation does not mutate or alias its input coordinates
2026-10-08T15:06:36.1634595Z   ---
2026-10-08T15:06:36.1634898Z   duration_ms: 0.273163
2026-10-08T15:06:36.1635205Z   ...
2026-10-08T15:06:36.1635816Z # Subtest: 2,000 independently checked geometries satisfy the projection characterization and plot bounds
2026-10-08T15:06:36.1636697Z ok 228 - 2,000 independently checked geometries satisfy the projection characterization and plot bounds
2026-10-08T15:06:36.1637261Z   ---
2026-10-08T15:06:36.1637569Z   duration_ms: 24.337426
2026-10-08T15:06:36.1637880Z   ...
2026-10-08T15:06:36.1638455Z # Subtest: course has twelve original items, two per concept, with a balanced canonical answer key
2026-10-08T15:06:36.1639270Z ok 229 - course has twelve original items, two per concept, with a balanced canonical answer key
2026-10-08T15:06:36.1639794Z   ---
2026-10-08T15:06:36.1640090Z   duration_ms: 2.005069
2026-10-08T15:06:36.1640554Z   ...
2026-10-08T15:06:36.1641082Z # Subtest: displacement subtracts the starting point, including its negative component
2026-10-08T15:06:36.1641834Z ok 230 - displacement subtracts the starting point, including its negative component
2026-10-08T15:06:36.1642339Z   ---
2026-10-08T15:06:36.1642630Z   duration_ms: 0.709363
2026-10-08T15:06:36.1642930Z   ...
2026-10-08T15:06:36.1643727Z # Subtest: sequential displacements combine componentwise and retain the same final point
2026-10-08T15:06:36.1644512Z ok 231 - sequential displacements combine componentwise and retain the same final point
2026-10-08T15:06:36.1645030Z   ---
2026-10-08T15:06:36.1645326Z   duration_ms: 0.301366
2026-10-08T15:06:36.1645633Z   ...
2026-10-08T15:06:36.1646146Z # Subtest: Euclidean length is the square root of the sum of squared components
2026-10-08T15:06:36.1646833Z ok 232 - Euclidean length is the square root of the sum of squared components
2026-10-08T15:06:36.1647299Z   ---
2026-10-08T15:06:36.1647720Z   duration_ms: 0.311715
2026-10-08T15:06:36.1648044Z   ...
2026-10-08T15:06:36.1648531Z # Subtest: the unit direction has length one and preserves the original orientation
2026-10-08T15:06:36.1649231Z ok 233 - the unit direction has length one and preserves the original orientation
2026-10-08T15:06:36.1649693Z   ---
2026-10-08T15:06:36.1649973Z   duration_ms: 0.340149
2026-10-08T15:06:36.1650283Z   ...
2026-10-08T15:06:36.1650741Z # Subtest: the two nonzero perpendicular vectors have zero dot product
2026-10-08T15:06:36.1651338Z ok 234 - the two nonzero perpendicular vectors have zero dot product
2026-10-08T15:06:36.1651786Z   ---
2026-10-08T15:06:36.1652082Z   duration_ms: 0.19634
2026-10-08T15:06:36.1652396Z   ...
2026-10-08T15:06:36.1652878Z # Subtest: a unit-axis component retains the sign of the projected displacement
2026-10-08T15:06:36.1653821Z ok 235 - a unit-axis component retains the sign of the projected displacement
2026-10-08T15:06:36.1654308Z   ---
2026-10-08T15:06:36.1654626Z   duration_ms: 0.250621
2026-10-08T15:06:36.1654941Z   ...
2026-10-08T15:06:36.1655494Z # Subtest: the projection lies on the nonunit direction line and leaves an orthogonal residual
2026-10-08T15:06:36.1656267Z ok 236 - the projection lies on the nonunit direction line and leaves an orthogonal residual
2026-10-08T15:06:36.1656781Z   ---
2026-10-08T15:06:36.1657068Z   duration_ms: 0.323028
2026-10-08T15:06:36.1657383Z   ...
2026-10-08T15:06:36.1657883Z # Subtest: the requested residual reconstructs b as well as being perpendicular
2026-10-08T15:06:36.1658562Z ok 237 - the requested residual reconstructs b as well as being perpendicular
2026-10-08T15:06:36.1659044Z   ---
2026-10-08T15:06:36.1659332Z   duration_ms: 0.328377
2026-10-08T15:06:36.1659638Z   ...
2026-10-08T15:06:36.1660136Z # Subtest: row dot products implement the stated column-vector matrix convention
2026-10-08T15:06:36.1660818Z ok 238 - row dot products implement the stated column-vector matrix convention
2026-10-08T15:06:36.1661288Z   ---
2026-10-08T15:06:36.1661541Z   duration_ms: 0.330671
2026-10-08T15:06:36.1661851Z   ...
2026-10-08T15:06:36.1662330Z # Subtest: basis images retain the coefficients of the input linear combination
2026-10-08T15:06:36.1663017Z ok 239 - basis images retain the coefficients of the input linear combination
2026-10-08T15:06:36.1663696Z   ---
2026-10-08T15:06:36.1663995Z   duration_ms: 0.230784
2026-10-08T15:06:36.1664312Z   ...
2026-10-08T15:06:36.1664791Z # Subtest: rotation before horizontal stretch differs from the reverse order
2026-10-08T15:06:36.1665448Z ok 240 - rotation before horizontal stretch differs from the reverse order
2026-10-08T15:06:36.1665901Z   ---
2026-10-08T15:06:36.1666195Z   duration_ms: 0.325702
2026-10-08T15:06:36.1666507Z   ...
2026-10-08T15:06:36.1666969Z # Subtest: the stated distinct inputs collide under the flattening map
2026-10-08T15:06:36.1667576Z ok 241 - the stated distinct inputs collide under the flattening map
2026-10-08T15:06:36.1668019Z   ---
2026-10-08T15:06:36.1668461Z   duration_ms: 0.253577
2026-10-08T15:06:36.1668779Z   ...
2026-10-08T15:06:36.1669062Z 1..241
2026-10-08T15:06:36.1669351Z # tests 253
2026-10-08T15:06:36.1669645Z # suites 0
2026-10-08T15:06:36.1669942Z # pass 253
2026-10-08T15:06:36.1670217Z # fail 0
2026-10-08T15:06:36.1670517Z # cancelled 0
2026-10-08T15:06:36.1670815Z # skipped 0
2026-10-08T15:06:36.1671105Z # todo 0
2026-10-08T15:06:36.1671415Z # duration_ms 1831.009696
2026-10-08T15:06:36.1706787Z ##[group]Run cp demo.html /tmp/demo-before.html
2026-10-08T15:06:36.1707184Z [36;1mcp demo.html /tmp/demo-before.html[0m
2026-10-08T15:06:36.1707496Z [36;1mpython3 tools/make_demo.py[0m
2026-10-08T15:06:36.1708092Z [36;1mcmp /tmp/demo-before.html demo.html || { echo "demo.html is stale: run 'python3 tools/make_demo.py' and commit the result"; exit 1; }[0m
2026-10-08T15:06:36.1774483Z shell: /usr/bin/bash -e {0}
2026-10-08T15:06:36.1774742Z ##[endgroup]
2026-10-08T15:06:36.2120434Z Built /home/runner/work/RecallWeave/RecallWeave/demo.html (97565 bytes)
2026-10-08T15:06:36.2276927Z Post job cleanup.
2026-10-08T15:06:36.3553995Z (node:2743) [DEP0040] DeprecationWarning: The `punycode` module is deprecated. Please use a userland alternative instead.
2026-10-08T15:06:36.3554986Z (Use `node --trace-deprecation ...` to show where the warning was created)
2026-10-08T15:06:36.3782001Z Post job cleanup.
2026-10-08T15:06:36.4712301Z [command]/usr/bin/git version
2026-10-08T15:06:36.4756842Z git version 2.55.0
2026-10-08T15:06:36.4804673Z Temporarily overriding HOME='/home/runner/work/_temp/bd741b8c-de91-4958-88fc-85458c09e5ce' before making global git config changes
2026-10-08T15:06:36.4806233Z Adding repository directory to the temporary git global config as a safe directory
2026-10-08T15:06:36.4811058Z [command]/usr/bin/git config --global --add safe.directory /home/runner/work/RecallWeave/RecallWeave
2026-10-08T15:06:36.4855152Z [command]/usr/bin/git config --local --name-only --get-regexp core\.sshCommand
2026-10-08T15:06:36.4892777Z [command]/usr/bin/git submodule foreach --recursive sh -c "git config --local --name-only --get-regexp 'core\.sshCommand' && git config --local --unset-all 'core.sshCommand' || :"
2026-10-08T15:06:36.5152298Z [command]/usr/bin/git config --local --name-only --get-regexp http\.https\:\/\/github\.com\/\.extraheader
2026-10-08T15:06:36.5187405Z http.https://github.com/.extraheader
2026-10-08T15:06:36.5199022Z [command]/usr/bin/git config --local --unset-all http.https://github.com/.extraheader
2026-10-08T15:06:36.5235784Z [command]/usr/bin/git submodule foreach --recursive sh -c "git config --local --name-only --get-regexp 'http\.https\:\/\/github\.com\/\.extraheader' && git config --local --unset-all 'http.https://github.com/.extraheader' || :"
2026-10-08T15:06:36.5511501Z [command]/usr/bin/git config --local --name-only --get-regexp ^includeIf\.gitdir:
2026-10-08T15:06:36.5554275Z [command]/usr/bin/git submodule foreach --recursive git config --local --show-origin --name-only --get-regexp remote.origin.url
2026-10-08T15:06:36.5981089Z Cleaning up orphan processes
2026-10-08T15:06:36.6285872Z ##[warning]Node.js 20 is deprecated. The following actions target Node.js 20 but are being forced to run on Node.js 24: actions/checkout@11d5960a326750d5838078e36cf38b85af677262, actions/setup-node@49933ea5288caeca8642d1e84afbd3f7d6820020. For more information see: https://github.blog/changelog/2025-09-19-deprecation-of-node-20-on-github-actions-runners/
